2026-02-14 15:42:31.170 [main] INFO  com.mouse.bet.window.Bet9ja - 🚀 🎯 Initializing Bet9ja with Playwright...
2026-02-14 15:42:46.589 [main] INFO  com.mouse.bet.window.Bet9ja - ✅ 🚀 Playwright initialized successfully
2026-02-14 15:42:46.594 [main] INFO  com.mouse.bet.window.Bet9ja - Registering Bet9ja Window for Bet placing
2026-02-14 15:44:55.343 [BettingWindow-3] INFO  com.mouse.bet.window.Bet9ja - 🚀 🎯 Starting Bet9ja attempt 1/3
2026-02-14 15:44:55.343 [BettingWindow-3] INFO  com.mouse.bet.window.Bet9ja - ▶️ 🚀 Starting window entry process...
2026-02-14 15:44:55.583 [BettingWindow-3] INFO  com.mouse.bet.window.Bet9ja - Loading existing browser context from: .\playwright-context\bet9ja-context.json
2026-02-14 15:45:54.407 [BettingWindow-3] INFO  com.mouse.bet.window.Bet9ja - Existing context loaded successfully
2026-02-14 15:45:57.996 [BettingWindow-3] INFO  com.mouse.bet.window.Bet9ja - ✅ 🚀 New page created successfully
2026-02-14 15:46:15.015 [BettingWindow-3] INFO  com.mouse.bet.window.Bet9ja - ✅ 🧭 Navigation to bookmaker completed
2026-02-14 15:46:23.841 [BettingWindow-3] INFO  com.mouse.bet.window.Bet9ja - ℹ️ 🔐 User not logged in, attempting login...
2026-02-14 15:47:43.536 [BettingWindow-3] INFO  com.mouse.bet.window.Bet9ja - ✅ 🔐 Login successful
2026-02-14 15:48:56.658 [BettingWindow-3] DEBUG com.mouse.bet.window.Bet9ja - ℹ️ 🔍 Determining configured sport from settings...
2026-02-14 15:49:00.469 [BettingWindow-3] INFO  com.mouse.bet.window.Bet9ja - ✅ 🎯 Navigation to Football page completed
2026-02-14 15:49:00.469 [BettingWindow-3] INFO  com.mouse.bet.window.Bet9ja - ✅ 🚀 Window is now up and running - entering betting loop
2026-02-14 15:49:01.505 [BettingWindow-3] DEBUG com.mouse.bet.window.Bet9ja - 📊 🔍 Polling for BetLegTask from queue...
2026-02-14 15:49:05.594 [BettingWindow-3] DEBUG com.mouse.bet.window.Bet9ja - 📊 🔍 Polling for BetLegTask from queue...
2026-02-14 15:49:09.406 [BettingWindow-3] DEBUG com.mouse.bet.window.Bet9ja - 📊 🔍 Polling for BetLegTask from queue...
2026-02-14 15:49:12.831 [BettingWindow-3] DEBUG com.mouse.bet.window.Bet9ja - 📊 🔍 Polling for BetLegTask from queue...
2026-02-14 15:49:16.278 [BettingWindow-3] DEBUG com.mouse.bet.window.Bet9ja - 📊 🔍 Polling for BetLegTask from queue...
2026-02-14 15:49:19.792 [BettingWindow-3] DEBUG com.mouse.bet.window.Bet9ja - 📊 🔍 Polling for BetLegTask from queue...
2026-02-14 15:49:23.271 [BettingWindow-3] DEBUG com.mouse.bet.window.Bet9ja - 📊 🔍 Polling for BetLegTask from queue...
2026-02-14 15:49:27.281 [BettingWindow-3] DEBUG com.mouse.bet.window.Bet9ja - 📊 🔍 Polling for BetLegTask from queue...
2026-02-14 15:49:31.012 [BettingWindow-3] DEBUG com.mouse.bet.window.Bet9ja - 📊 🔍 Polling for BetLegTask from queue...
2026-02-14 15:49:34.500 [BettingWindow-3] DEBUG com.mouse.bet.window.Bet9ja - 📊 🔍 Polling for BetLegTask from queue...
2026-02-14 15:49:37.759 [BettingWindow-3] DEBUG com.mouse.bet.window.Bet9ja - 📊 🔍 Polling for BetLegTask from queue...
2026-02-14 15:49:41.260 [BettingWindow-3] DEBUG com.mouse.bet.window.Bet9ja - 📊 🔍 Polling for BetLegTask from queue...
2026-02-14 15:49:45.591 [BettingWindow-3] DEBUG com.mouse.bet.window.Bet9ja - 📊 🔍 Polling for BetLegTask from queue...
2026-02-14 15:49:49.887 [BettingWindow-3] DEBUG com.mouse.bet.window.Bet9ja - 📊 🔍 Polling for BetLegTask from queue...
2026-02-14 15:49:54.039 [BettingWindow-3] DEBUG com.mouse.bet.window.Bet9ja - 📊 🔍 Polling for BetLegTask from queue...
2026-02-14 15:49:57.366 [BettingWindow-3] DEBUG com.mouse.bet.window.Bet9ja - 📊 🔍 Polling for BetLegTask from queue...
2026-02-14 15:50:00.650 [BettingWindow-3] DEBUG com.mouse.bet.window.Bet9ja - 📊 🔍 Polling for BetLegTask from queue...
2026-02-14 15:50:05.088 [BettingWindow-3] DEBUG com.mouse.bet.window.Bet9ja - 📊 🔍 Polling for BetLegTask from queue...
2026-02-14 15:50:08.476 [BettingWindow-3] DEBUG com.mouse.bet.window.Bet9ja - 📊 🔍 Polling for BetLegTask from queue...
2026-02-14 15:50:11.685 [BettingWindow-3] DEBUG com.mouse.bet.window.Bet9ja - 📊 🔍 Polling for BetLegTask from queue...
2026-02-14 15:50:15.988 [BettingWindow-3] DEBUG com.mouse.bet.window.Bet9ja - 📊 🔍 Polling for BetLegTask from queue...
2026-02-14 15:50:19.482 [BettingWindow-3] DEBUG com.mouse.bet.window.Bet9ja - 📊 🔍 Polling for BetLegTask from queue...
2026-02-14 15:50:23.206 [BettingWindow-3] DEBUG com.mouse.bet.window.Bet9ja - 📊 🔍 Polling for BetLegTask from queue...
2026-02-14 15:50:27.326 [BettingWindow-3] DEBUG com.mouse.bet.window.Bet9ja - 📊 🔍 Polling for BetLegTask from queue...
2026-02-14 15:50:30.610 [BettingWindow-3] DEBUG com.mouse.bet.window.Bet9ja - 📊 🔍 Polling for BetLegTask from queue...
2026-02-14 15:50:34.366 [BettingWindow-3] DEBUG com.mouse.bet.window.Bet9ja - 📊 🔍 Polling for BetLegTask from queue...
2026-02-14 15:50:37.385 [BettingWindow-3] DEBUG com.mouse.bet.window.Bet9ja - 📊 🔍 Polling for BetLegTask from queue...
2026-02-14 15:50:41.923 [BettingWindow-3] DEBUG com.mouse.bet.window.Bet9ja - 📊 🔍 Polling for BetLegTask from queue...
2026-02-14 15:50:46.361 [BettingWindow-3] DEBUG com.mouse.bet.window.Bet9ja - 📊 🔍 Polling for BetLegTask from queue...
2026-02-14 15:50:49.524 [BettingWindow-3] DEBUG com.mouse.bet.window.Bet9ja - 📊 🔍 Polling for BetLegTask from queue...
2026-02-14 15:50:53.669 [BettingWindow-3] DEBUG com.mouse.bet.window.Bet9ja - 📊 🔍 Polling for BetLegTask from queue...
2026-02-14 15:50:56.823 [BettingWindow-3] DEBUG com.mouse.bet.window.Bet9ja - 📊 🔍 Polling for BetLegTask from queue...
2026-02-14 15:51:00.650 [BettingWindow-3] DEBUG com.mouse.bet.window.Bet9ja - 📊 🔍 Polling for BetLegTask from queue...
2026-02-14 15:51:03.782 [BettingWindow-3] DEBUG com.mouse.bet.window.Bet9ja - 📊 🔍 Polling for BetLegTask from queue...
2026-02-14 15:51:07.032 [BettingWindow-3] DEBUG com.mouse.bet.window.Bet9ja - 📊 🔍 Polling for BetLegTask from queue...
2026-02-14 15:51:10.748 [BettingWindow-3] DEBUG com.mouse.bet.window.Bet9ja - 📊 🔍 Polling for BetLegTask from queue...
2026-02-14 15:51:14.694 [BettingWindow-3] DEBUG com.mouse.bet.window.Bet9ja - 📊 🔍 Polling for BetLegTask from queue...
2026-02-14 15:51:18.148 [BettingWindow-3] DEBUG com.mouse.bet.window.Bet9ja - 📊 🔍 Polling for BetLegTask from queue...
2026-02-14 15:51:21.368 [BettingWindow-3] DEBUG com.mouse.bet.window.Bet9ja - 📊 🔍 Polling for BetLegTask from queue...
2026-02-14 15:51:25.426 [BettingWindow-3] DEBUG com.mouse.bet.window.Bet9ja - 📊 🔍 Polling for BetLegTask from queue...
2026-02-14 15:51:29.474 [BettingWindow-3] DEBUG com.mouse.bet.window.Bet9ja - 📊 🔍 Polling for BetLegTask from queue...
2026-02-14 15:51:32.849 [BettingWindow-3] DEBUG com.mouse.bet.window.Bet9ja - 📊 🔍 Polling for BetLegTask from queue...
2026-02-14 15:51:37.068 [BettingWindow-3] DEBUG com.mouse.bet.window.Bet9ja - 📊 🔍 Polling for BetLegTask from queue...
2026-02-14 15:51:40.548 [BettingWindow-3] DEBUG com.mouse.bet.window.Bet9ja - 📊 🔍 Polling for BetLegTask from queue...
2026-02-14 15:51:45.404 [BettingWindow-3] DEBUG com.mouse.bet.window.Bet9ja - 📊 🔍 Polling for BetLegTask from queue...
2026-02-14 15:51:49.451 [BettingWindow-3] DEBUG com.mouse.bet.window.Bet9ja - 📊 🔍 Polling for BetLegTask from queue...
2026-02-14 15:51:54.139 [BettingWindow-3] DEBUG com.mouse.bet.window.Bet9ja - 📊 🔍 Polling for BetLegTask from queue...
2026-02-14 15:51:57.845 [BettingWindow-3] DEBUG com.mouse.bet.window.Bet9ja - 📊 🔍 Polling for BetLegTask from queue...
2026-02-14 15:52:03.187 [BettingWindow-3] DEBUG com.mouse.bet.window.Bet9ja - 📊 🔍 Polling for BetLegTask from queue...
2026-02-14 15:52:07.046 [BettingWindow-3] DEBUG com.mouse.bet.window.Bet9ja - 📊 🔍 Polling for BetLegTask from queue...
2026-02-14 15:52:10.622 [BettingWindow-3] DEBUG com.mouse.bet.window.Bet9ja - 📊 🔍 Polling for BetLegTask from queue...
2026-02-14 15:52:14.603 [BettingWindow-3] DEBUG com.mouse.bet.window.Bet9ja - 📊 🔍 Polling for BetLegTask from queue...
2026-02-14 15:52:19.573 [BettingWindow-3] DEBUG com.mouse.bet.window.Bet9ja - 📊 🔍 Polling for BetLegTask from queue...
2026-02-14 15:52:23.176 [BettingWindow-3] DEBUG com.mouse.bet.window.Bet9ja - 📊 🔍 Polling for BetLegTask from queue...
2026-02-14 15:52:27.533 [BettingWindow-3] DEBUG com.mouse.bet.window.Bet9ja - 📊 🔍 Polling for BetLegTask from queue...
2026-02-14 15:52:31.673 [BettingWindow-3] DEBUG com.mouse.bet.window.Bet9ja - 📊 🔍 Polling for BetLegTask from queue...
2026-02-14 15:52:34.878 [BettingWindow-3] DEBUG com.mouse.bet.window.Bet9ja - 📊 🔍 Polling for BetLegTask from queue...
2026-02-14 15:52:39.302 [BettingWindow-3] DEBUG com.mouse.bet.window.Bet9ja - 📊 🔍 Polling for BetLegTask from queue...
2026-02-14 15:52:42.949 [BettingWindow-3] DEBUG com.mouse.bet.window.Bet9ja - 📊 🔍 Polling for BetLegTask from queue...
2026-02-14 15:52:46.156 [BettingWindow-3] DEBUG com.mouse.bet.window.Bet9ja - 📊 🔍 Polling for BetLegTask from queue...
2026-02-14 15:52:49.895 [BettingWindow-3] DEBUG com.mouse.bet.window.Bet9ja - 📊 🔍 Polling for BetLegTask from queue...
2026-02-14 15:52:53.734 [BettingWindow-3] DEBUG com.mouse.bet.window.Bet9ja - 📊 🔍 Polling for BetLegTask from queue...
2026-02-14 15:52:58.112 [BettingWindow-3] DEBUG com.mouse.bet.window.Bet9ja - 📊 🔍 Polling for BetLegTask from queue...
2026-02-14 15:53:02.398 [BettingWindow-3] DEBUG com.mouse.bet.window.Bet9ja - 📊 🔍 Polling for BetLegTask from queue...
2026-02-14 15:53:05.870 [BettingWindow-3] DEBUG com.mouse.bet.window.Bet9ja - 📊 🔍 Polling for BetLegTask from queue...
2026-02-14 15:53:09.886 [BettingWindow-3] DEBUG com.mouse.bet.window.Bet9ja - 📊 🔍 Polling for BetLegTask from queue...
2026-02-14 15:53:14.281 [BettingWindow-3] DEBUG com.mouse.bet.window.Bet9ja - 📊 🔍 Polling for BetLegTask from queue...
2026-02-14 15:53:17.695 [BettingWindow-3] DEBUG com.mouse.bet.window.Bet9ja - 📊 🔍 Polling for BetLegTask from queue...
2026-02-14 15:53:20.751 [BettingWindow-3] DEBUG com.mouse.bet.window.Bet9ja - 📊 🔍 Polling for BetLegTask from queue...
2026-02-14 15:53:24.005 [BettingWindow-3] DEBUG com.mouse.bet.window.Bet9ja - 📊 🔍 Polling for BetLegTask from queue...
2026-02-14 15:53:28.155 [BettingWindow-3] DEBUG com.mouse.bet.window.Bet9ja - 📊 🔍 Polling for BetLegTask from queue...
2026-02-14 15:53:32.113 [BettingWindow-3] DEBUG com.mouse.bet.window.Bet9ja - 📊 🔍 Polling for BetLegTask from queue...
2026-02-14 15:53:36.384 [BettingWindow-3] DEBUG com.mouse.bet.window.Bet9ja - 📊 🔍 Polling for BetLegTask from queue...
2026-02-14 15:53:39.529 [BettingWindow-3] DEBUG com.mouse.bet.window.Bet9ja - 📊 🔍 Polling for BetLegTask from queue...
2026-02-14 15:53:42.846 [BettingWindow-3] DEBUG com.mouse.bet.window.Bet9ja - 📊 🔍 Polling for BetLegTask from queue...
2026-02-14 15:53:45.903 [BettingWindow-3] DEBUG com.mouse.bet.window.Bet9ja - 📊 🔍 Polling for BetLegTask from queue...
2026-02-14 15:53:49.897 [BettingWindow-3] DEBUG com.mouse.bet.window.Bet9ja - 📊 🔍 Polling for BetLegTask from queue...
2026-02-14 15:53:53.510 [BettingWindow-3] DEBUG com.mouse.bet.window.Bet9ja - 📊 🔍 Polling for BetLegTask from queue...
2026-02-14 15:53:57.974 [BettingWindow-3] DEBUG com.mouse.bet.window.Bet9ja - 📊 🔍 Polling for BetLegTask from queue...
2026-02-14 15:54:02.187 [BettingWindow-3] DEBUG com.mouse.bet.window.Bet9ja - 📊 🔍 Polling for BetLegTask from queue...
2026-02-14 15:54:09.810 [BettingWindow-3] DEBUG com.mouse.bet.window.Bet9ja - 📊 🔍 Polling for BetLegTask from queue...
2026-02-14 15:54:22.288 [BettingWindow-3] DEBUG com.mouse.bet.window.Bet9ja - 📊 🔍 Polling for BetLegTask from queue...
2026-02-14 15:54:26.713 [BettingWindow-3] DEBUG com.mouse.bet.window.Bet9ja - 📊 🔍 Polling for BetLegTask from queue...
2026-02-14 15:54:31.971 [BettingWindow-3] DEBUG com.mouse.bet.window.Bet9ja - 📊 🔍 Polling for BetLegTask from queue...
2026-02-14 15:54:35.354 [BettingWindow-3] DEBUG com.mouse.bet.window.Bet9ja - 📊 🔍 Polling for BetLegTask from queue...
2026-02-14 15:54:39.536 [BettingWindow-3] DEBUG com.mouse.bet.window.Bet9ja - 📊 🔍 Polling for BetLegTask from queue...
2026-02-14 15:54:43.796 [BettingWindow-3] DEBUG com.mouse.bet.window.Bet9ja - 📊 🔍 Polling for BetLegTask from queue...
2026-02-14 15:54:47.137 [BettingWindow-3] DEBUG com.mouse.bet.window.Bet9ja - 📊 🔍 Polling for BetLegTask from queue...
2026-02-14 15:54:51.652 [BettingWindow-3] DEBUG com.mouse.bet.window.Bet9ja - 📊 🔍 Polling for BetLegTask from queue...
2026-02-14 15:54:55.363 [BettingWindow-3] DEBUG com.mouse.bet.window.Bet9ja - 📊 🔍 Polling for BetLegTask from queue...
2026-02-14 15:54:58.782 [BettingWindow-3] DEBUG com.mouse.bet.window.Bet9ja - 📊 🔍 Polling for BetLegTask from queue...
2026-02-14 15:55:03.013 [BettingWindow-3] DEBUG com.mouse.bet.window.Bet9ja - 📊 🔍 Polling for BetLegTask from queue...
2026-02-14 15:55:07.203 [BettingWindow-3] DEBUG com.mouse.bet.window.Bet9ja - 📊 🔍 Polling for BetLegTask from queue...
2026-02-14 15:55:10.466 [BettingWindow-3] DEBUG com.mouse.bet.window.Bet9ja - 📊 🔍 Polling for BetLegTask from queue...
2026-02-14 15:55:15.012 [BettingWindow-3] DEBUG com.mouse.bet.window.Bet9ja - 📊 🔍 Polling for BetLegTask from queue...
2026-02-14 15:55:19.223 [BettingWindow-3] DEBUG com.mouse.bet.window.Bet9ja - 📊 🔍 Polling for BetLegTask from queue...
2026-02-14 15:55:22.926 [BettingWindow-3] DEBUG com.mouse.bet.window.Bet9ja - 📊 🔍 Polling for BetLegTask from queue...
2026-02-14 15:55:27.432 [BettingWindow-3] DEBUG com.mouse.bet.window.Bet9ja - 📊 🔍 Polling for BetLegTask from queue...
2026-02-14 15:55:31.089 [BettingWindow-3] DEBUG com.mouse.bet.window.Bet9ja - 📊 🔍 Polling for BetLegTask from queue...
2026-02-14 15:55:34.112 [BettingWindow-3] DEBUG com.mouse.bet.window.Bet9ja - 📊 🔍 Polling for BetLegTask from queue...
2026-02-14 15:55:38.559 [BettingWindow-3] DEBUG com.mouse.bet.window.Bet9ja - 📊 🔍 Polling for BetLegTask from queue...
2026-02-14 15:55:42.041 [BettingWindow-3] DEBUG com.mouse.bet.window.Bet9ja - 📊 🔍 Polling for BetLegTask from queue...
2026-02-14 15:55:46.127 [BettingWindow-3] DEBUG com.mouse.bet.window.Bet9ja - 📊 🔍 Polling for BetLegTask from queue...
2026-02-14 15:55:50.052 [BettingWindow-3] DEBUG com.mouse.bet.window.Bet9ja - 📊 🔍 Polling for BetLegTask from queue...
2026-02-14 15:55:53.739 [BettingWindow-3] DEBUG com.mouse.bet.window.Bet9ja - 📊 🔍 Polling for BetLegTask from queue...
2026-02-14 15:55:58.130 [BettingWindow-3] DEBUG com.mouse.bet.window.Bet9ja - 📊 🔍 Polling for BetLegTask from queue...
2026-02-14 15:56:01.186 [BettingWindow-3] DEBUG com.mouse.bet.window.Bet9ja - 📊 🔍 Polling for BetLegTask from queue...
2026-02-14 15:56:04.349 [BettingWindow-3] DEBUG com.mouse.bet.window.Bet9ja - 📊 🔍 Polling for BetLegTask from queue...
2026-02-14 15:56:08.096 [BettingWindow-3] DEBUG com.mouse.bet.window.Bet9ja - 📊 🔍 Polling for BetLegTask from queue...
2026-02-14 15:56:12.724 [BettingWindow-3] DEBUG com.mouse.bet.window.Bet9ja - 📊 🔍 Polling for BetLegTask from queue...
2026-02-14 15:56:16.547 [BettingWindow-3] DEBUG com.mouse.bet.window.Bet9ja - 📊 🔍 Polling for BetLegTask from queue...
2026-02-14 15:56:20.541 [BettingWindow-3] DEBUG com.mouse.bet.window.Bet9ja - 📊 🔍 Polling for BetLegTask from queue...
2026-02-14 15:56:24.024 [BettingWindow-3] DEBUG com.mouse.bet.window.Bet9ja - 📊 🔍 Polling for BetLegTask from queue...
2026-02-14 15:56:28.372 [BettingWindow-3] DEBUG com.mouse.bet.window.Bet9ja - 📊 🔍 Polling for BetLegTask from queue...
2026-02-14 15:56:31.877 [BettingWindow-3] DEBUG com.mouse.bet.window.Bet9ja - 📊 🔍 Polling for BetLegTask from queue...
2026-02-14 15:56:35.388 [BettingWindow-3] DEBUG com.mouse.bet.window.Bet9ja - 📊 🔍 Polling for BetLegTask from queue...
2026-02-14 15:56:39.676 [BettingWindow-3] DEBUG com.mouse.bet.window.Bet9ja - 📊 🔍 Polling for BetLegTask from queue...
2026-02-14 15:56:43.946 [BettingWindow-3] DEBUG com.mouse.bet.window.Bet9ja - 📊 🔍 Polling for BetLegTask from queue...
2026-02-14 15:56:47.721 [BettingWindow-3] DEBUG com.mouse.bet.window.Bet9ja - 📊 🔍 Polling for BetLegTask from queue...
2026-02-14 15:56:51.687 [BettingWindow-3] DEBUG com.mouse.bet.window.Bet9ja - 📊 🔍 Polling for BetLegTask from queue...
2026-02-14 15:56:55.750 [BettingWindow-3] DEBUG com.mouse.bet.window.Bet9ja - 📊 🔍 Polling for BetLegTask from queue...
2026-02-14 15:57:00.047 [BettingWindow-3] DEBUG com.mouse.bet.window.Bet9ja - 📊 🔍 Polling for BetLegTask from queue...
2026-02-14 15:57:04.443 [BettingWindow-3] DEBUG com.mouse.bet.window.Bet9ja - 📊 🔍 Polling for BetLegTask from queue...
2026-02-14 15:57:07.796 [BettingWindow-3] DEBUG com.mouse.bet.window.Bet9ja - 📊 🔍 Polling for BetLegTask from queue...
2026-02-14 15:57:11.751 [BettingWindow-3] DEBUG com.mouse.bet.window.Bet9ja - 📊 🔍 Polling for BetLegTask from queue...
2026-02-14 15:57:15.900 [BettingWindow-3] DEBUG com.mouse.bet.window.Bet9ja - 📊 🔍 Polling for BetLegTask from queue...
2026-02-14 15:57:19.855 [BettingWindow-3] DEBUG com.mouse.bet.window.Bet9ja - 📊 🔍 Polling for BetLegTask from queue...
2026-02-14 15:57:24.137 [BettingWindow-3] DEBUG com.mouse.bet.window.Bet9ja - 📊 🔍 Polling for BetLegTask from queue...
2026-02-14 15:57:27.247 [BettingWindow-3] DEBUG com.mouse.bet.window.Bet9ja - 📊 🔍 Polling for BetLegTask from queue...
2026-02-14 15:57:30.753 [BettingWindow-3] DEBUG com.mouse.bet.window.Bet9ja - 📊 🔍 Polling for BetLegTask from queue...
2026-02-14 15:57:33.811 [BettingWindow-3] DEBUG com.mouse.bet.window.Bet9ja - 📊 🔍 Polling for BetLegTask from queue...
2026-02-14 15:57:36.941 [BettingWindow-3] DEBUG com.mouse.bet.window.Bet9ja - 📊 🔍 Polling for BetLegTask from queue...
2026-02-14 15:57:40.991 [BettingWindow-3] DEBUG com.mouse.bet.window.Bet9ja - 📊 🔍 Polling for BetLegTask from queue...
2026-02-14 15:57:45.280 [BettingWindow-3] DEBUG com.mouse.bet.window.Bet9ja - 📊 🔍 Polling for BetLegTask from queue...
2026-02-14 15:57:48.527 [BettingWindow-3] DEBUG com.mouse.bet.window.Bet9ja - 📊 🔍 Polling for BetLegTask from queue...
2026-02-14 15:57:52.058 [BettingWindow-3] DEBUG com.mouse.bet.window.Bet9ja - 📊 🔍 Polling for BetLegTask from queue...
2026-02-14 15:57:55.817 [BettingWindow-3] DEBUG com.mouse.bet.window.Bet9ja - 📊 🔍 Polling for BetLegTask from queue...
2026-02-14 15:58:00.180 [BettingWindow-3] DEBUG com.mouse.bet.window.Bet9ja - 📊 🔍 Polling for BetLegTask from queue...
2026-02-14 15:58:03.585 [BettingWindow-3] DEBUG com.mouse.bet.window.Bet9ja - 📊 🔍 Polling for BetLegTask from queue...
2026-02-14 15:58:07.305 [BettingWindow-3] DEBUG com.mouse.bet.window.Bet9ja - 📊 🔍 Polling for BetLegTask from queue...
2026-02-14 15:58:11.328 [BettingWindow-3] DEBUG com.mouse.bet.window.Bet9ja - 📊 🔍 Polling for BetLegTask from queue...
2026-02-14 15:58:14.921 [BettingWindow-3] DEBUG com.mouse.bet.window.Bet9ja - 📊 🔍 Polling for BetLegTask from queue...
2026-02-14 15:58:18.983 [BettingWindow-3] DEBUG com.mouse.bet.window.Bet9ja - 📊 🔍 Polling for BetLegTask from queue...
2026-02-14 15:58:22.802 [BettingWindow-3] DEBUG com.mouse.bet.window.Bet9ja - 📊 🔍 Polling for BetLegTask from queue...
2026-02-14 15:58:26.676 [BettingWindow-3] DEBUG com.mouse.bet.window.Bet9ja - 📊 🔍 Polling for BetLegTask from queue...
2026-02-14 15:58:30.689 [BettingWindow-3] DEBUG com.mouse.bet.window.Bet9ja - 📊 🔍 Polling for BetLegTask from queue...
2026-02-14 15:58:34.372 [BettingWindow-3] DEBUG com.mouse.bet.window.Bet9ja - 📊 🔍 Polling for BetLegTask from queue...
2026-02-14 15:58:37.750 [BettingWindow-3] DEBUG com.mouse.bet.window.Bet9ja - 📊 🔍 Polling for BetLegTask from queue...
2026-02-14 15:58:40.993 [BettingWindow-3] DEBUG com.mouse.bet.window.Bet9ja - 📊 🔍 Polling for BetLegTask from queue...
2026-02-14 15:58:45.209 [BettingWindow-3] DEBUG com.mouse.bet.window.Bet9ja - 📊 🔍 Polling for BetLegTask from queue...
2026-02-14 15:58:50.590 [BettingWindow-3] DEBUG com.mouse.bet.window.Bet9ja - 📊 🔍 Polling for BetLegTask from queue...
2026-02-14 15:58:54.115 [BettingWindow-3] DEBUG com.mouse.bet.window.Bet9ja - 📊 🔍 Polling for BetLegTask from queue...
2026-02-14 15:59:00.795 [BettingWindow-3] DEBUG com.mouse.bet.window.Bet9ja - 📊 🔍 Polling for BetLegTask from queue...
2026-02-14 15:59:06.151 [BettingWindow-3] DEBUG com.mouse.bet.window.Bet9ja - 📊 🔍 Polling for BetLegTask from queue...
2026-02-14 15:59:09.421 [BettingWindow-3] DEBUG com.mouse.bet.window.Bet9ja - 📊 🔍 Polling for BetLegTask from queue...
2026-02-14 15:59:16.956 [BettingWindow-3] DEBUG com.mouse.bet.window.Bet9ja - 📊 🔍 Polling for BetLegTask from queue...
2026-02-14 15:59:22.849 [BettingWindow-3] DEBUG com.mouse.bet.window.Bet9ja - 📊 🔍 Polling for BetLegTask from queue...
2026-02-14 15:59:26.934 [BettingWindow-3] DEBUG com.mouse.bet.window.Bet9ja - 📊 🔍 Polling for BetLegTask from queue...
2026-02-14 15:59:30.386 [BettingWindow-3] DEBUG com.mouse.bet.window.Bet9ja - 📊 🔍 Polling for BetLegTask from queue...
2026-02-14 15:59:34.358 [BettingWindow-3] DEBUG com.mouse.bet.window.Bet9ja - 📊 🔍 Polling for BetLegTask from queue...
2026-02-14 15:59:38.237 [BettingWindow-3] DEBUG com.mouse.bet.window.Bet9ja - 📊 🔍 Polling for BetLegTask from queue...
2026-02-14 15:59:41.512 [BettingWindow-3] DEBUG com.mouse.bet.window.Bet9ja - 📊 🔍 Polling for BetLegTask from queue...
2026-02-14 15:59:44.664 [BettingWindow-3] DEBUG com.mouse.bet.window.Bet9ja - 📊 🔍 Polling for BetLegTask from queue...
2026-02-14 15:59:48.900 [BettingWindow-3] DEBUG com.mouse.bet.window.Bet9ja - 📊 🔍 Polling for BetLegTask from queue...
2026-02-14 15:59:52.773 [BettingWindow-3] DEBUG com.mouse.bet.window.Bet9ja - 📊 🔍 Polling for BetLegTask from queue...
2026-02-14 15:59:57.283 [BettingWindow-3] DEBUG com.mouse.bet.window.Bet9ja - 📊 🔍 Polling for BetLegTask from queue...
2026-02-14 16:00:01.158 [BettingWindow-3] DEBUG com.mouse.bet.window.Bet9ja - 📊 🔍 Polling for BetLegTask from queue...
2026-02-14 16:00:05.750 [BettingWindow-3] DEBUG com.mouse.bet.window.Bet9ja - 📊 🔍 Polling for BetLegTask from queue...
2026-02-14 16:00:10.170 [BettingWindow-3] DEBUG com.mouse.bet.window.Bet9ja - 📊 🔍 Polling for BetLegTask from queue...
2026-02-14 16:00:15.527 [BettingWindow-3] DEBUG com.mouse.bet.window.Bet9ja - 📊 🔍 Polling for BetLegTask from queue...
2026-02-14 16:00:19.694 [BettingWindow-3] DEBUG com.mouse.bet.window.Bet9ja - 📊 🔍 Polling for BetLegTask from queue...
2026-02-14 16:00:23.417 [BettingWindow-3] DEBUG com.mouse.bet.window.Bet9ja - 📊 🔍 Polling for BetLegTask from queue...
2026-02-14 16:00:26.559 [BettingWindow-3] DEBUG com.mouse.bet.window.Bet9ja - 📊 🔍 Polling for BetLegTask from queue...
2026-02-14 16:00:30.520 [BettingWindow-3] DEBUG com.mouse.bet.window.Bet9ja - 📊 🔍 Polling for BetLegTask from queue...
2026-02-14 16:00:34.982 [BettingWindow-3] DEBUG com.mouse.bet.window.Bet9ja - 📊 🔍 Polling for BetLegTask from queue...
2026-02-14 16:00:39.009 [BettingWindow-3] DEBUG com.mouse.bet.window.Bet9ja - 📊 🔍 Polling for BetLegTask from queue...
2026-02-14 16:00:43.161 [BettingWindow-3] DEBUG com.mouse.bet.window.Bet9ja - 📊 🔍 Polling for BetLegTask from queue...
2026-02-14 16:00:46.686 [BettingWindow-3] DEBUG com.mouse.bet.window.Bet9ja - 📊 🔍 Polling for BetLegTask from queue...
2026-02-14 16:00:50.340 [BettingWindow-3] DEBUG com.mouse.bet.window.Bet9ja - 📊 🔍 Polling for BetLegTask from queue...
2026-02-14 16:00:53.723 [BettingWindow-3] DEBUG com.mouse.bet.window.Bet9ja - 📊 🔍 Polling for BetLegTask from queue...
2026-02-14 16:00:56.811 [BettingWindow-3] DEBUG com.mouse.bet.window.Bet9ja - 📊 🔍 Polling for BetLegTask from queue...
2026-02-14 16:01:00.607 [BettingWindow-3] DEBUG com.mouse.bet.window.Bet9ja - 📊 🔍 Polling for BetLegTask from queue...
2026-02-14 16:01:04.643 [BettingWindow-3] DEBUG com.mouse.bet.window.Bet9ja - 📊 🔍 Polling for BetLegTask from queue...
2026-02-14 16:01:09.009 [BettingWindow-3] DEBUG com.mouse.bet.window.Bet9ja - 📊 🔍 Polling for BetLegTask from queue...
2026-02-14 16:01:13.389 [BettingWindow-3] DEBUG com.mouse.bet.window.Bet9ja - 📊 🔍 Polling for BetLegTask from queue...
2026-02-14 16:01:19.539 [BettingWindow-3] DEBUG com.mouse.bet.window.Bet9ja - 📊 🔍 Polling for BetLegTask from queue...
2026-02-14 16:01:24.055 [BettingWindow-3] DEBUG com.mouse.bet.window.Bet9ja - 📊 🔍 Polling for BetLegTask from queue...
2026-02-14 16:01:28.131 [BettingWindow-3] DEBUG com.mouse.bet.window.Bet9ja - 📊 🔍 Polling for BetLegTask from queue...
2026-02-14 16:01:32.093 [BettingWindow-3] DEBUG com.mouse.bet.window.Bet9ja - 📊 🔍 Polling for BetLegTask from queue...
2026-02-14 16:01:35.756 [BettingWindow-3] DEBUG com.mouse.bet.window.Bet9ja - 📊 🔍 Polling for BetLegTask from queue...
2026-02-14 16:01:39.817 [BettingWindow-3] DEBUG com.mouse.bet.window.Bet9ja - 📊 🔍 Polling for BetLegTask from queue...
2026-02-14 16:01:43.317 [BettingWindow-3] DEBUG com.mouse.bet.window.Bet9ja - 📊 🔍 Polling for BetLegTask from queue...
2026-02-14 16:01:47.598 [BettingWindow-3] DEBUG com.mouse.bet.window.Bet9ja - 📊 🔍 Polling for BetLegTask from queue...
2026-02-14 16:01:51.097 [BettingWindow-3] DEBUG com.mouse.bet.window.Bet9ja - 📊 🔍 Polling for BetLegTask from queue...
2026-02-14 16:01:55.529 [BettingWindow-3] DEBUG com.mouse.bet.window.Bet9ja - 📊 🔍 Polling for BetLegTask from queue...
2026-02-14 16:01:58.719 [BettingWindow-3] DEBUG com.mouse.bet.window.Bet9ja - 📊 🔍 Polling for BetLegTask from queue...
2026-02-14 16:02:02.193 [BettingWindow-3] DEBUG com.mouse.bet.window.Bet9ja - 📊 🔍 Polling for BetLegTask from queue...
2026-02-14 16:02:05.692 [BettingWindow-3] DEBUG com.mouse.bet.window.Bet9ja - 📊 🔍 Polling for BetLegTask from queue...
2026-02-14 16:02:10.045 [BettingWindow-3] DEBUG com.mouse.bet.window.Bet9ja - 📊 🔍 Polling for BetLegTask from queue...
2026-02-14 16:02:14.504 [BettingWindow-3] DEBUG com.mouse.bet.window.Bet9ja - 📊 🔍 Polling for BetLegTask from queue...
2026-02-14 16:02:18.927 [BettingWindow-3] DEBUG com.mouse.bet.window.Bet9ja - 📊 🔍 Polling for BetLegTask from queue...
2026-02-14 16:02:23.474 [BettingWindow-3] DEBUG com.mouse.bet.window.Bet9ja - 📊 🔍 Polling for BetLegTask from queue...
2026-02-14 16:02:26.520 [BettingWindow-3] DEBUG com.mouse.bet.window.Bet9ja - 📊 🔍 Polling for BetLegTask from queue...
2026-02-14 16:02:30.592 [BettingWindow-3] DEBUG com.mouse.bet.window.Bet9ja - 📊 🔍 Polling for BetLegTask from queue...
2026-02-14 16:02:33.892 [BettingWindow-3] DEBUG com.mouse.bet.window.Bet9ja - 📊 🔍 Polling for BetLegTask from queue...
2026-02-14 16:02:37.477 [BettingWindow-3] DEBUG com.mouse.bet.window.Bet9ja - 📊 🔍 Polling for BetLegTask from queue...
2026-02-14 16:02:41.507 [BettingWindow-3] DEBUG com.mouse.bet.window.Bet9ja - 📊 🔍 Polling for BetLegTask from queue...
2026-02-14 16:02:44.677 [BettingWindow-3] DEBUG com.mouse.bet.window.Bet9ja - 📊 🔍 Polling for BetLegTask from queue...
2026-02-14 16:02:48.851 [BettingWindow-3] DEBUG com.mouse.bet.window.Bet9ja - 📊 🔍 Polling for BetLegTask from queue...
2026-02-14 16:02:53.289 [BettingWindow-3] DEBUG com.mouse.bet.window.Bet9ja - 📊 🔍 Polling for BetLegTask from queue...
2026-02-14 16:02:57.150 [BettingWindow-3] DEBUG com.mouse.bet.window.Bet9ja - 📊 🔍 Polling for BetLegTask from queue...
2026-02-14 16:03:00.546 [BettingWindow-3] DEBUG com.mouse.bet.window.Bet9ja - 📊 🔍 Polling for BetLegTask from queue...
2026-02-14 16:03:05.036 [BettingWindow-3] DEBUG com.mouse.bet.window.Bet9ja - 📊 🔍 Polling for BetLegTask from queue...
2026-02-14 16:03:08.542 [BettingWindow-3] DEBUG com.mouse.bet.window.Bet9ja - 📊 🔍 Polling for BetLegTask from queue...
2026-02-14 16:03:12.115 [BettingWindow-3] DEBUG com.mouse.bet.window.Bet9ja - 📊 🔍 Polling for BetLegTask from queue...
2026-02-14 16:03:16.012 [BettingWindow-3] DEBUG com.mouse.bet.window.Bet9ja - 📊 🔍 Polling for BetLegTask from queue...
2026-02-14 16:03:20.376 [BettingWindow-3] DEBUG com.mouse.bet.window.Bet9ja - 📊 🔍 Polling for BetLegTask from queue...
2026-02-14 16:03:24.090 [BettingWindow-3] DEBUG com.mouse.bet.window.Bet9ja - 📊 🔍 Polling for BetLegTask from queue...
2026-02-14 16:03:28.600 [BettingWindow-3] DEBUG com.mouse.bet.window.Bet9ja - 📊 🔍 Polling for BetLegTask from queue...
2026-02-14 16:03:32.710 [BettingWindow-3] DEBUG com.mouse.bet.window.Bet9ja - 📊 🔍 Polling for BetLegTask from queue...
2026-02-14 16:03:36.837 [BettingWindow-3] DEBUG com.mouse.bet.window.Bet9ja - 📊 🔍 Polling for BetLegTask from queue...
2026-02-14 16:03:40.798 [BettingWindow-3] DEBUG com.mouse.bet.window.Bet9ja - 📊 🔍 Polling for BetLegTask from queue...
2026-02-14 16:03:43.841 [BettingWindow-3] DEBUG com.mouse.bet.window.Bet9ja - 📊 🔍 Polling for BetLegTask from queue...
2026-02-14 16:03:47.626 [BettingWindow-3] DEBUG com.mouse.bet.window.Bet9ja - 📊 🔍 Polling for BetLegTask from queue...
2026-02-14 16:03:51.547 [BettingWindow-3] DEBUG com.mouse.bet.window.Bet9ja - 📊 🔍 Polling for BetLegTask from queue...
2026-02-14 16:03:55.376 [BettingWindow-3] DEBUG com.mouse.bet.window.Bet9ja - 📊 🔍 Polling for BetLegTask from queue...
2026-02-14 16:03:59.554 [BettingWindow-3] DEBUG com.mouse.bet.window.Bet9ja - 📊 🔍 Polling for BetLegTask from queue...
2026-02-14 16:04:02.630 [BettingWindow-3] DEBUG com.mouse.bet.window.Bet9ja - 📊 🔍 Polling for BetLegTask from queue...
2026-02-14 16:04:05.715 [BettingWindow-3] DEBUG com.mouse.bet.window.Bet9ja - 📊 🔍 Polling for BetLegTask from queue...
2026-02-14 16:04:09.439 [BettingWindow-3] DEBUG com.mouse.bet.window.Bet9ja - 📊 🔍 Polling for BetLegTask from queue...
2026-02-14 16:04:13.587 [BettingWindow-3] DEBUG com.mouse.bet.window.Bet9ja - 📊 🔍 Polling for BetLegTask from queue...
2026-02-14 16:04:17.009 [BettingWindow-3] DEBUG com.mouse.bet.window.Bet9ja - 📊 🔍 Polling for BetLegTask from queue...
2026-02-14 16:04:21.425 [BettingWindow-3] DEBUG com.mouse.bet.window.Bet9ja - 📊 🔍 Polling for BetLegTask from queue...
2026-02-14 16:04:25.787 [BettingWindow-3] DEBUG com.mouse.bet.window.Bet9ja - 📊 🔍 Polling for BetLegTask from queue...
2026-02-14 16:04:29.187 [BettingWindow-3] DEBUG com.mouse.bet.window.Bet9ja - 📊 🔍 Polling for BetLegTask from queue...
2026-02-14 16:04:33.247 [BettingWindow-3] DEBUG com.mouse.bet.window.Bet9ja - 📊 🔍 Polling for BetLegTask from queue...
2026-02-14 16:04:36.985 [BettingWindow-3] DEBUG com.mouse.bet.window.Bet9ja - 📊 🔍 Polling for BetLegTask from queue...
2026-02-14 16:04:40.159 [BettingWindow-3] DEBUG com.mouse.bet.window.Bet9ja - 📊 🔍 Polling for BetLegTask from queue...
2026-02-14 16:04:44.612 [BettingWindow-3] DEBUG com.mouse.bet.window.Bet9ja - 📊 🔍 Polling for BetLegTask from queue...
2026-02-14 16:04:48.802 [BettingWindow-3] DEBUG com.mouse.bet.window.Bet9ja - 📊 🔍 Polling for BetLegTask from queue...
2026-02-14 16:04:51.885 [BettingWindow-3] DEBUG com.mouse.bet.window.Bet9ja - 📊 🔍 Polling for BetLegTask from queue...
2026-02-14 16:04:55.772 [BettingWindow-3] DEBUG com.mouse.bet.window.Bet9ja - 📊 🔍 Polling for BetLegTask from queue...
2026-02-14 16:04:59.336 [BettingWindow-3] DEBUG com.mouse.bet.window.Bet9ja - 📊 🔍 Polling for BetLegTask from queue...
2026-02-14 16:05:02.413 [BettingWindow-3] DEBUG com.mouse.bet.window.Bet9ja - 📊 🔍 Polling for BetLegTask from queue...
2026-02-14 16:05:06.130 [BettingWindow-3] DEBUG com.mouse.bet.window.Bet9ja - 📊 🔍 Polling for BetLegTask from queue...
2026-02-14 16:05:09.774 [BettingWindow-3] DEBUG com.mouse.bet.window.Bet9ja - 📊 🔍 Polling for BetLegTask from queue...
2026-02-14 16:05:13.196 [BettingWindow-3] DEBUG com.mouse.bet.window.Bet9ja - 📊 🔍 Polling for BetLegTask from queue...
2026-02-14 16:05:16.845 [BettingWindow-3] DEBUG com.mouse.bet.window.Bet9ja - 📊 🔍 Polling for BetLegTask from queue...
2026-02-14 16:05:20.890 [BettingWindow-3] DEBUG com.mouse.bet.window.Bet9ja - 📊 🔍 Polling for BetLegTask from queue...
2026-02-14 16:05:24.597 [BettingWindow-3] DEBUG com.mouse.bet.window.Bet9ja - 📊 🔍 Polling for BetLegTask from queue...
2026-02-14 16:05:29.483 [BettingWindow-3] DEBUG com.mouse.bet.window.Bet9ja - 📊 🔍 Polling for BetLegTask from queue...
2026-02-14 16:05:33.414 [BettingWindow-3] DEBUG com.mouse.bet.window.Bet9ja - 📊 🔍 Polling for BetLegTask from queue...
2026-02-14 16:05:37.897 [BettingWindow-3] DEBUG com.mouse.bet.window.Bet9ja - 📊 🔍 Polling for BetLegTask from queue...
2026-02-14 16:05:41.116 [BettingWindow-3] DEBUG com.mouse.bet.window.Bet9ja - 📊 🔍 Polling for BetLegTask from queue...
2026-02-14 16:05:45.739 [BettingWindow-3] DEBUG com.mouse.bet.window.Bet9ja - 📊 🔍 Polling for BetLegTask from queue...
2026-02-14 16:05:49.467 [BettingWindow-3] DEBUG com.mouse.bet.window.Bet9ja - 📊 🔍 Polling for BetLegTask from queue...
2026-02-14 16:05:52.612 [BettingWindow-3] DEBUG com.mouse.bet.window.Bet9ja - 📊 🔍 Polling for BetLegTask from queue...
2026-02-14 16:05:56.382 [BettingWindow-3] DEBUG com.mouse.bet.window.Bet9ja - 📊 🔍 Polling for BetLegTask from queue...
2026-02-14 16:06:00.058 [BettingWindow-3] DEBUG com.mouse.bet.window.Bet9ja - 📊 🔍 Polling for BetLegTask from queue...
2026-02-14 16:06:03.686 [BettingWindow-3] DEBUG com.mouse.bet.window.Bet9ja - 📊 🔍 Polling for BetLegTask from queue...
2026-02-14 16:06:08.130 [BettingWindow-3] DEBUG com.mouse.bet.window.Bet9ja - 📊 🔍 Polling for BetLegTask from queue...
2026-02-14 16:06:12.971 [BettingWindow-3] DEBUG com.mouse.bet.window.Bet9ja - 📊 🔍 Polling for BetLegTask from queue...
2026-02-14 16:06:17.409 [BettingWindow-3] DEBUG com.mouse.bet.window.Bet9ja - 📊 🔍 Polling for BetLegTask from queue...
2026-02-14 16:06:20.566 [BettingWindow-3] DEBUG com.mouse.bet.window.Bet9ja - 📊 🔍 Polling for BetLegTask from queue...
2026-02-14 16:06:24.316 [BettingWindow-3] DEBUG com.mouse.bet.window.Bet9ja - 📊 🔍 Polling for BetLegTask from queue...
2026-02-14 16:06:27.784 [BettingWindow-3] DEBUG com.mouse.bet.window.Bet9ja - 📊 🔍 Polling for BetLegTask from queue...
2026-02-14 16:06:31.424 [BettingWindow-3] DEBUG com.mouse.bet.window.Bet9ja - 📊 🔍 Polling for BetLegTask from queue...
2026-02-14 16:06:35.309 [BettingWindow-3] DEBUG com.mouse.bet.window.Bet9ja - 📊 🔍 Polling for BetLegTask from queue...
2026-02-14 16:06:38.625 [BettingWindow-3] DEBUG com.mouse.bet.window.Bet9ja - 📊 🔍 Polling for BetLegTask from queue...
2026-02-14 16:06:43.648 [BettingWindow-3] DEBUG com.mouse.bet.window.Bet9ja - 📊 🔍 Polling for BetLegTask from queue...
2026-02-14 16:06:47.283 [BettingWindow-3] DEBUG com.mouse.bet.window.Bet9ja - 📊 🔍 Polling for BetLegTask from queue...
2026-02-14 16:06:51.191 [BettingWindow-3] DEBUG com.mouse.bet.window.Bet9ja - 📊 🔍 Polling for BetLegTask from queue...
2026-02-14 16:06:55.091 [BettingWindow-3] DEBUG com.mouse.bet.window.Bet9ja - 📊 🔍 Polling for BetLegTask from queue...
2026-02-14 16:07:01.343 [BettingWindow-3] DEBUG com.mouse.bet.window.Bet9ja - 📊 🔍 Polling for BetLegTask from queue...
2026-02-14 16:07:05.045 [BettingWindow-3] DEBUG com.mouse.bet.window.Bet9ja - 📊 🔍 Polling for BetLegTask from queue...
2026-02-14 16:07:09.047 [BettingWindow-3] DEBUG com.mouse.bet.window.Bet9ja - 📊 🔍 Polling for BetLegTask from queue...
2026-02-14 16:07:13.043 [BettingWindow-3] DEBUG com.mouse.bet.window.Bet9ja - 📊 🔍 Polling for BetLegTask from queue...
2026-02-14 16:07:17.045 [BettingWindow-3] DEBUG com.mouse.bet.window.Bet9ja - 📊 🔍 Polling for BetLegTask from queue...
2026-02-14 16:07:21.047 [BettingWindow-3] DEBUG com.mouse.bet.window.Bet9ja - 📊 🔍 Polling for BetLegTask from queue...
2026-02-14 16:07:25.119 [BettingWindow-3] DEBUG com.mouse.bet.window.Bet9ja - 📊 🔍 Polling for BetLegTask from queue...
2026-02-14 16:07:29.184 [BettingWindow-3] DEBUG com.mouse.bet.window.Bet9ja - 📊 🔍 Polling for BetLegTask from queue...
2026-02-14 16:07:32.328 [BettingWindow-3] DEBUG com.mouse.bet.window.Bet9ja - 📊 🔍 Polling for BetLegTask from queue...
2026-02-14 16:07:36.798 [BettingWindow-3] DEBUG com.mouse.bet.window.Bet9ja - 📊 🔍 Polling for BetLegTask from queue...
2026-02-14 16:07:39.947 [BettingWindow-3] DEBUG com.mouse.bet.window.Bet9ja - 📊 🔍 Polling for BetLegTask from queue...
2026-02-14 16:07:44.483 [BettingWindow-3] DEBUG com.mouse.bet.window.Bet9ja - 📊 🔍 Polling for BetLegTask from queue...
2026-02-14 16:07:48.863 [BettingWindow-3] DEBUG com.mouse.bet.window.Bet9ja - 📊 🔍 Polling for BetLegTask from queue...
2026-02-14 16:07:53.324 [BettingWindow-3] DEBUG com.mouse.bet.window.Bet9ja - 📊 🔍 Polling for BetLegTask from queue...
2026-02-14 16:07:56.832 [BettingWindow-3] DEBUG com.mouse.bet.window.Bet9ja - 📊 🔍 Polling for BetLegTask from queue...
2026-02-14 16:08:00.208 [BettingWindow-3] DEBUG com.mouse.bet.window.Bet9ja - 📊 🔍 Polling for BetLegTask from queue...
2026-02-14 16:08:04.165 [BettingWindow-3] DEBUG com.mouse.bet.window.Bet9ja - 📊 🔍 Polling for BetLegTask from queue...
2026-02-14 16:08:08.485 [BettingWindow-3] DEBUG com.mouse.bet.window.Bet9ja - 📊 🔍 Polling for BetLegTask from queue...
2026-02-14 16:08:11.853 [BettingWindow-3] DEBUG com.mouse.bet.window.Bet9ja - 📊 🔍 Polling for BetLegTask from queue...
2026-02-14 16:08:15.323 [BettingWindow-3] DEBUG com.mouse.bet.window.Bet9ja - 📊 🔍 Polling for BetLegTask from queue...
2026-02-14 16:08:19.541 [BettingWindow-3] DEBUG com.mouse.bet.window.Bet9ja - 📊 🔍 Polling for BetLegTask from queue...
2026-02-14 16:08:22.902 [BettingWindow-3] DEBUG com.mouse.bet.window.Bet9ja - 📊 🔍 Polling for BetLegTask from queue...
2026-02-14 16:08:26.588 [BettingWindow-3] DEBUG com.mouse.bet.window.Bet9ja - 📊 🔍 Polling for BetLegTask from queue...
2026-02-14 16:08:31.092 [BettingWindow-3] DEBUG com.mouse.bet.window.Bet9ja - 📊 🔍 Polling for BetLegTask from queue...
2026-02-14 16:08:34.347 [BettingWindow-3] DEBUG com.mouse.bet.window.Bet9ja - 📊 🔍 Polling for BetLegTask from queue...
2026-02-14 16:08:37.798 [BettingWindow-3] DEBUG com.mouse.bet.window.Bet9ja - 📊 🔍 Polling for BetLegTask from queue...
2026-02-14 16:08:41.126 [BettingWindow-3] DEBUG com.mouse.bet.window.Bet9ja - 📊 🔍 Polling for BetLegTask from queue...
2026-02-14 16:08:45.499 [BettingWindow-3] DEBUG com.mouse.bet.window.Bet9ja - 📊 🔍 Polling for BetLegTask from queue...
2026-02-14 16:08:49.234 [BettingWindow-3] DEBUG com.mouse.bet.window.Bet9ja - 📊 🔍 Polling for BetLegTask from queue...
2026-02-14 16:08:52.495 [BettingWindow-3] DEBUG com.mouse.bet.window.Bet9ja - 📊 🔍 Polling for BetLegTask from queue...
2026-02-14 16:08:56.352 [BettingWindow-3] DEBUG com.mouse.bet.window.Bet9ja - 📊 🔍 Polling for BetLegTask from queue...
2026-02-14 16:08:59.727 [BettingWindow-3] DEBUG com.mouse.bet.window.Bet9ja - 📊 🔍 Polling for BetLegTask from queue...
2026-02-14 16:09:04.148 [BettingWindow-3] DEBUG com.mouse.bet.window.Bet9ja - 📊 🔍 Polling for BetLegTask from queue...
2026-02-14 16:09:07.318 [BettingWindow-3] DEBUG com.mouse.bet.window.Bet9ja - 📊 🔍 Polling for BetLegTask from queue...
2026-02-14 16:09:10.617 [BettingWindow-3] DEBUG com.mouse.bet.window.Bet9ja - 📊 🔍 Polling for BetLegTask from queue...
2026-02-14 16:09:14.346 [BettingWindow-3] DEBUG com.mouse.bet.window.Bet9ja - 📊 🔍 Polling for BetLegTask from queue...
2026-02-14 16:09:18.684 [BettingWindow-3] DEBUG com.mouse.bet.window.Bet9ja - 📊 🔍 Polling for BetLegTask from queue...
2026-02-14 16:09:21.962 [BettingWindow-3] DEBUG com.mouse.bet.window.Bet9ja - 📊 🔍 Polling for BetLegTask from queue...
2026-02-14 16:09:26.458 [BettingWindow-3] DEBUG com.mouse.bet.window.Bet9ja - 📊 🔍 Polling for BetLegTask from queue...
2026-02-14 16:09:29.822 [BettingWindow-3] DEBUG com.mouse.bet.window.Bet9ja - 📊 🔍 Polling for BetLegTask from queue...
2026-02-14 16:09:33.918 [BettingWindow-3] DEBUG com.mouse.bet.window.Bet9ja - 📊 🔍 Polling for BetLegTask from queue...
2026-02-14 16:09:38.401 [BettingWindow-3] DEBUG com.mouse.bet.window.Bet9ja - 📊 🔍 Polling for BetLegTask from queue...
2026-02-14 16:09:42.742 [BettingWindow-3] DEBUG com.mouse.bet.window.Bet9ja - 📊 🔍 Polling for BetLegTask from queue...
2026-02-14 16:09:46.906 [BettingWindow-3] DEBUG com.mouse.bet.window.Bet9ja - 📊 🔍 Polling for BetLegTask from queue...
2026-02-14 16:09:50.518 [BettingWindow-3] DEBUG com.mouse.bet.window.Bet9ja - 📊 🔍 Polling for BetLegTask from queue...
2026-02-14 16:09:54.807 [BettingWindow-3] DEBUG com.mouse.bet.window.Bet9ja - 📊 🔍 Polling for BetLegTask from queue...
2026-02-14 16:09:58.857 [BettingWindow-3] DEBUG com.mouse.bet.window.Bet9ja - 📊 🔍 Polling for BetLegTask from queue...
2026-02-14 16:10:02.979 [BettingWindow-3] DEBUG com.mouse.bet.window.Bet9ja - 📊 🔍 Polling for BetLegTask from queue...
2026-02-14 16:10:07.412 [BettingWindow-3] DEBUG com.mouse.bet.window.Bet9ja - 📊 🔍 Polling for BetLegTask from queue...
2026-02-14 16:10:10.653 [BettingWindow-3] DEBUG com.mouse.bet.window.Bet9ja - 📊 🔍 Polling for BetLegTask from queue...
2026-02-14 16:10:13.964 [BettingWindow-3] DEBUG com.mouse.bet.window.Bet9ja - 📊 🔍 Polling for BetLegTask from queue...
2026-02-14 16:10:17.210 [BettingWindow-3] DEBUG com.mouse.bet.window.Bet9ja - 📊 🔍 Polling for BetLegTask from queue...
2026-02-14 16:10:21.392 [BettingWindow-3] DEBUG com.mouse.bet.window.Bet9ja - 📊 🔍 Polling for BetLegTask from queue...
2026-02-14 16:10:24.940 [BettingWindow-3] DEBUG com.mouse.bet.window.Bet9ja - 📊 🔍 Polling for BetLegTask from queue...
2026-02-14 16:10:28.458 [BettingWindow-3] DEBUG com.mouse.bet.window.Bet9ja - 📊 🔍 Polling for BetLegTask from queue...
2026-02-14 16:10:31.846 [BettingWindow-3] DEBUG com.mouse.bet.window.Bet9ja - 📊 🔍 Polling for BetLegTask from queue...
2026-02-14 16:10:39.276 [BettingWindow-3] DEBUG com.mouse.bet.window.Bet9ja - 📊 🔍 Polling for BetLegTask from queue...
2026-02-14 16:10:44.265 [BettingWindow-3] DEBUG com.mouse.bet.window.Bet9ja - 📊 🔍 Polling for BetLegTask from queue...
2026-02-14 16:10:48.572 [BettingWindow-3] DEBUG com.mouse.bet.window.Bet9ja - 📊 🔍 Polling for BetLegTask from queue...
2026-02-14 16:10:52.537 [BettingWindow-3] DEBUG com.mouse.bet.window.Bet9ja - 📊 🔍 Polling for BetLegTask from queue...
2026-02-14 16:10:55.894 [BettingWindow-3] DEBUG com.mouse.bet.window.Bet9ja - 📊 🔍 Polling for BetLegTask from queue...
2026-02-14 16:11:00.071 [BettingWindow-3] DEBUG com.mouse.bet.window.Bet9ja - 📊 🔍 Polling for BetLegTask from queue...
2026-02-14 16:11:04.303 [BettingWindow-3] DEBUG com.mouse.bet.window.Bet9ja - 📊 🔍 Polling for BetLegTask from queue...
2026-02-14 16:11:08.232 [BettingWindow-3] DEBUG com.mouse.bet.window.Bet9ja - 📊 🔍 Polling for BetLegTask from queue...
2026-02-14 16:11:13.271 [BettingWindow-3] DEBUG com.mouse.bet.window.Bet9ja - 📊 🔍 Polling for BetLegTask from queue...
2026-02-14 16:11:17.511 [BettingWindow-3] DEBUG com.mouse.bet.window.Bet9ja - 📊 🔍 Polling for BetLegTask from queue...
2026-02-14 16:11:21.672 [BettingWindow-3] DEBUG com.mouse.bet.window.Bet9ja - 📊 🔍 Polling for BetLegTask from queue...
2026-02-14 16:11:24.848 [BettingWindow-3] DEBUG com.mouse.bet.window.Bet9ja - 📊 🔍 Polling for BetLegTask from queue...
2026-02-14 16:11:28.431 [BettingWindow-3] DEBUG com.mouse.bet.window.Bet9ja - 📊 🔍 Polling for BetLegTask from queue...
2026-02-14 16:11:32.951 [BettingWindow-3] DEBUG com.mouse.bet.window.Bet9ja - 📊 🔍 Polling for BetLegTask from queue...
2026-02-14 16:11:36.814 [BettingWindow-3] DEBUG com.mouse.bet.window.Bet9ja - 📊 🔍 Polling for BetLegTask from queue...
2026-02-14 16:11:40.948 [BettingWindow-3] DEBUG com.mouse.bet.window.Bet9ja - 📊 🔍 Polling for BetLegTask from queue...
2026-02-14 16:11:44.858 [BettingWindow-3] DEBUG com.mouse.bet.window.Bet9ja - 📊 🔍 Polling for BetLegTask from queue...
2026-02-14 16:11:49.584 [BettingWindow-3] DEBUG com.mouse.bet.window.Bet9ja - 📊 🔍 Polling for BetLegTask from queue...
2026-02-14 16:11:53.148 [BettingWindow-3] DEBUG com.mouse.bet.window.Bet9ja - 📊 🔍 Polling for BetLegTask from queue...
2026-02-14 16:11:56.440 [BettingWindow-3] DEBUG com.mouse.bet.window.Bet9ja - 📊 🔍 Polling for BetLegTask from queue...
2026-02-14 16:12:00.310 [BettingWindow-3] DEBUG com.mouse.bet.window.Bet9ja - 📊 🔍 Polling for BetLegTask from queue...
2026-02-14 16:12:03.928 [BettingWindow-3] DEBUG com.mouse.bet.window.Bet9ja - 📊 🔍 Polling for BetLegTask from queue...
2026-02-14 16:12:07.333 [BettingWindow-3] DEBUG com.mouse.bet.window.Bet9ja - 📊 🔍 Polling for BetLegTask from queue...
2026-02-14 16:12:11.030 [BettingWindow-3] DEBUG com.mouse.bet.window.Bet9ja - 📊 🔍 Polling for BetLegTask from queue...
2026-02-14 16:12:15.003 [BettingWindow-3] DEBUG com.mouse.bet.window.Bet9ja - 📊 🔍 Polling for BetLegTask from queue...
2026-02-14 16:12:18.820 [BettingWindow-3] DEBUG com.mouse.bet.window.Bet9ja - 📊 🔍 Polling for BetLegTask from queue...
2026-02-14 16:12:22.241 [BettingWindow-3] DEBUG com.mouse.bet.window.Bet9ja - 📊 🔍 Polling for BetLegTask from queue...
2026-02-14 16:12:26.975 [BettingWindow-3] DEBUG com.mouse.bet.window.Bet9ja - 📊 🔍 Polling for BetLegTask from queue...
2026-02-14 16:12:30.752 [BettingWindow-3] DEBUG com.mouse.bet.window.Bet9ja - 📊 🔍 Polling for BetLegTask from queue...
2026-02-14 16:12:34.800 [BettingWindow-3] DEBUG com.mouse.bet.window.Bet9ja - 📊 🔍 Polling for BetLegTask from queue...
2026-02-14 16:12:39.494 [BettingWindow-3] DEBUG com.mouse.bet.window.Bet9ja - 📊 🔍 Polling for BetLegTask from queue...
2026-02-14 16:12:43.179 [BettingWindow-3] DEBUG com.mouse.bet.window.Bet9ja - 📊 🔍 Polling for BetLegTask from queue...
2026-02-14 16:12:47.760 [BettingWindow-3] DEBUG com.mouse.bet.window.Bet9ja - 📊 🔍 Polling for BetLegTask from queue...
2026-02-14 16:12:52.161 [BettingWindow-3] DEBUG com.mouse.bet.window.Bet9ja - 📊 🔍 Polling for BetLegTask from queue...
2026-02-14 16:12:56.672 [BettingWindow-3] DEBUG com.mouse.bet.window.Bet9ja - 📊 🔍 Polling for BetLegTask from queue...
2026-02-14 16:12:59.974 [BettingWindow-3] DEBUG com.mouse.bet.window.Bet9ja - 📊 🔍 Polling for BetLegTask from queue...
2026-02-14 16:13:04.175 [BettingWindow-3] DEBUG com.mouse.bet.window.Bet9ja - 📊 🔍 Polling for BetLegTask from queue...
2026-02-14 16:13:08.080 [BettingWindow-3] DEBUG com.mouse.bet.window.Bet9ja - 📊 🔍 Polling for BetLegTask from queue...
2026-02-14 16:13:12.244 [BettingWindow-3] DEBUG com.mouse.bet.window.Bet9ja - 📊 🔍 Polling for BetLegTask from queue...
2026-02-14 16:13:16.256 [BettingWindow-3] DEBUG com.mouse.bet.window.Bet9ja - 📊 🔍 Polling for BetLegTask from queue...
2026-02-14 16:13:20.627 [BettingWindow-3] DEBUG com.mouse.bet.window.Bet9ja - 📊 🔍 Polling for BetLegTask from queue...
2026-02-14 16:13:24.010 [BettingWindow-3] DEBUG com.mouse.bet.window.Bet9ja - 📊 🔍 Polling for BetLegTask from queue...
2026-02-14 16:13:27.906 [BettingWindow-3] DEBUG com.mouse.bet.window.Bet9ja - 📊 🔍 Polling for BetLegTask from queue...
2026-02-14 16:13:31.773 [BettingWindow-3] DEBUG com.mouse.bet.window.Bet9ja - 📊 🔍 Polling for BetLegTask from queue...
2026-02-14 16:13:35.078 [BettingWindow-3] DEBUG com.mouse.bet.window.Bet9ja - 📊 🔍 Polling for BetLegTask from queue...
2026-02-14 16:13:39.241 [BettingWindow-3] DEBUG com.mouse.bet.window.Bet9ja - 📊 🔍 Polling for BetLegTask from queue...
2026-02-14 16:13:42.630 [BettingWindow-3] DEBUG com.mouse.bet.window.Bet9ja - 📊 🔍 Polling for BetLegTask from queue...
2026-02-14 16:13:46.559 [BettingWindow-3] DEBUG com.mouse.bet.window.Bet9ja - 📊 🔍 Polling for BetLegTask from queue...
2026-02-14 16:13:50.114 [BettingWindow-3] DEBUG com.mouse.bet.window.Bet9ja - 📊 🔍 Polling for BetLegTask from queue...
2026-02-14 16:13:54.127 [BettingWindow-3] DEBUG com.mouse.bet.window.Bet9ja - 📊 🔍 Polling for BetLegTask from queue...
2026-02-14 16:13:57.778 [BettingWindow-3] DEBUG com.mouse.bet.window.Bet9ja - 📊 🔍 Polling for BetLegTask from queue...
2026-02-14 16:14:01.259 [BettingWindow-3] DEBUG com.mouse.bet.window.Bet9ja - 📊 🔍 Polling for BetLegTask from queue...
2026-02-14 16:14:05.669 [BettingWindow-3] DEBUG com.mouse.bet.window.Bet9ja - 📊 🔍 Polling for BetLegTask from queue...
2026-02-14 16:14:09.535 [BettingWindow-3] DEBUG com.mouse.bet.window.Bet9ja - 📊 🔍 Polling for BetLegTask from queue...
2026-02-14 16:14:13.062 [BettingWindow-3] DEBUG com.mouse.bet.window.Bet9ja - 📊 🔍 Polling for BetLegTask from queue...
2026-02-14 16:14:17.167 [BettingWindow-3] DEBUG com.mouse.bet.window.Bet9ja - 📊 🔍 Polling for BetLegTask from queue...
2026-02-14 16:14:20.528 [BettingWindow-3] DEBUG com.mouse.bet.window.Bet9ja - 📊 🔍 Polling for BetLegTask from queue...
2026-02-14 16:14:24.392 [BettingWindow-3] DEBUG com.mouse.bet.window.Bet9ja - 📊 🔍 Polling for BetLegTask from queue...
2026-02-14 16:14:27.504 [BettingWindow-3] DEBUG com.mouse.bet.window.Bet9ja - 📊 🔍 Polling for BetLegTask from queue...
2026-02-14 16:14:30.558 [BettingWindow-3] DEBUG com.mouse.bet.window.Bet9ja - 📊 🔍 Polling for BetLegTask from queue...
2026-02-14 16:14:34.404 [BettingWindow-3] DEBUG com.mouse.bet.window.Bet9ja - 📊 🔍 Polling for BetLegTask from queue...
2026-02-14 16:14:37.503 [BettingWindow-3] DEBUG com.mouse.bet.window.Bet9ja - 📊 🔍 Polling for BetLegTask from queue...
2026-02-14 16:14:41.688 [BettingWindow-3] DEBUG com.mouse.bet.window.Bet9ja - 📊 🔍 Polling for BetLegTask from queue...
2026-02-14 16:14:45.285 [BettingWindow-3] DEBUG com.mouse.bet.window.Bet9ja - 📊 🔍 Polling for BetLegTask from queue...
2026-02-14 16:14:48.664 [BettingWindow-3] DEBUG com.mouse.bet.window.Bet9ja - 📊 🔍 Polling for BetLegTask from queue...
2026-02-14 16:14:52.051 [BettingWindow-3] DEBUG com.mouse.bet.window.Bet9ja - 📊 🔍 Polling for BetLegTask from queue...
2026-02-14 16:14:56.238 [BettingWindow-3] DEBUG com.mouse.bet.window.Bet9ja - 📊 🔍 Polling for BetLegTask from queue...
2026-02-14 16:14:59.430 [BettingWindow-3] DEBUG com.mouse.bet.window.Bet9ja - 📊 🔍 Polling for BetLegTask from queue...
2026-02-14 16:15:03.859 [BettingWindow-3] DEBUG com.mouse.bet.window.Bet9ja - 📊 🔍 Polling for BetLegTask from queue...
2026-02-14 16:15:08.326 [BettingWindow-3] DEBUG com.mouse.bet.window.Bet9ja - 📊 🔍 Polling for BetLegTask from queue...
2026-02-14 16:15:12.120 [BettingWindow-3] DEBUG com.mouse.bet.window.Bet9ja - 📊 🔍 Polling for BetLegTask from queue...
2026-02-14 16:15:15.357 [BettingWindow-3] DEBUG com.mouse.bet.window.Bet9ja - 📊 🔍 Polling for BetLegTask from queue...
2026-02-14 16:15:19.150 [BettingWindow-3] DEBUG com.mouse.bet.window.Bet9ja - 📊 🔍 Polling for BetLegTask from queue...
2026-02-14 16:15:22.688 [BettingWindow-3] DEBUG com.mouse.bet.window.Bet9ja - 📊 🔍 Polling for BetLegTask from queue...
2026-02-14 16:15:27.191 [BettingWindow-3] DEBUG com.mouse.bet.window.Bet9ja - 📊 🔍 Polling for BetLegTask from queue...
2026-02-14 16:15:31.464 [BettingWindow-3] DEBUG com.mouse.bet.window.Bet9ja - 📊 🔍 Polling for BetLegTask from queue...
2026-02-14 16:15:34.980 [BettingWindow-3] DEBUG com.mouse.bet.window.Bet9ja - 📊 🔍 Polling for BetLegTask from queue...
2026-02-14 16:15:38.576 [BettingWindow-3] DEBUG com.mouse.bet.window.Bet9ja - 📊 🔍 Polling for BetLegTask from queue...
2026-02-14 16:15:42.302 [BettingWindow-3] DEBUG com.mouse.bet.window.Bet9ja - 📊 🔍 Polling for BetLegTask from queue...
2026-02-14 16:15:46.543 [BettingWindow-3] DEBUG com.mouse.bet.window.Bet9ja - 📊 🔍 Polling for BetLegTask from queue...
2026-02-14 16:15:50.522 [BettingWindow-3] DEBUG com.mouse.bet.window.Bet9ja - 📊 🔍 Polling for BetLegTask from queue...
2026-02-14 16:15:54.758 [BettingWindow-3] DEBUG com.mouse.bet.window.Bet9ja - 📊 🔍 Polling for BetLegTask from queue...
2026-02-14 16:15:59.210 [BettingWindow-3] DEBUG com.mouse.bet.window.Bet9ja - 📊 🔍 Polling for BetLegTask from queue...
2026-02-14 16:16:03.671 [BettingWindow-3] DEBUG com.mouse.bet.window.Bet9ja - 📊 🔍 Polling for BetLegTask from queue...
2026-02-14 16:16:07.875 [BettingWindow-3] DEBUG com.mouse.bet.window.Bet9ja - 📊 🔍 Polling for BetLegTask from queue...
2026-02-14 16:16:11.652 [BettingWindow-3] DEBUG com.mouse.bet.window.Bet9ja - 📊 🔍 Polling for BetLegTask from queue...
2026-02-14 16:16:15.847 [BettingWindow-3] DEBUG com.mouse.bet.window.Bet9ja - 📊 🔍 Polling for BetLegTask from queue...
2026-02-14 16:16:19.750 [BettingWindow-3] DEBUG com.mouse.bet.window.Bet9ja - 📊 🔍 Polling for BetLegTask from queue...
2026-02-14 16:16:23.864 [BettingWindow-3] DEBUG com.mouse.bet.window.Bet9ja - 📊 🔍 Polling for BetLegTask from queue...
2026-02-14 16:16:27.225 [BettingWindow-3] DEBUG com.mouse.bet.window.Bet9ja - 📊 🔍 Polling for BetLegTask from queue...
2026-02-14 16:16:31.683 [BettingWindow-3] DEBUG com.mouse.bet.window.Bet9ja - 📊 🔍 Polling for BetLegTask from queue...
2026-02-14 16:16:34.755 [BettingWindow-3] DEBUG com.mouse.bet.window.Bet9ja - 📊 🔍 Polling for BetLegTask from queue...
2026-02-14 16:16:38.703 [BettingWindow-3] DEBUG com.mouse.bet.window.Bet9ja - 📊 🔍 Polling for BetLegTask from queue...
2026-02-14 16:16:42.289 [BettingWindow-3] DEBUG com.mouse.bet.window.Bet9ja - 📊 🔍 Polling for BetLegTask from queue...
2026-02-14 16:16:46.772 [BettingWindow-3] DEBUG com.mouse.bet.window.Bet9ja - 📊 🔍 Polling for BetLegTask from queue...
2026-02-14 16:16:50.099 [BettingWindow-3] DEBUG com.mouse.bet.window.Bet9ja - 📊 🔍 Polling for BetLegTask from queue...
2026-02-14 16:16:53.806 [BettingWindow-3] DEBUG com.mouse.bet.window.Bet9ja - 📊 🔍 Polling for BetLegTask from queue...
2026-02-14 16:16:57.037 [BettingWindow-3] DEBUG com.mouse.bet.window.Bet9ja - 📊 🔍 Polling for BetLegTask from queue...
2026-02-14 16:17:00.958 [BettingWindow-3] DEBUG com.mouse.bet.window.Bet9ja - 📊 🔍 Polling for BetLegTask from queue...
2026-02-14 16:17:04.566 [BettingWindow-3] DEBUG com.mouse.bet.window.Bet9ja - 📊 🔍 Polling for BetLegTask from queue...
2026-02-14 16:17:07.902 [BettingWindow-3] DEBUG com.mouse.bet.window.Bet9ja - 📊 🔍 Polling for BetLegTask from queue...
2026-02-14 16:17:11.670 [BettingWindow-3] DEBUG com.mouse.bet.window.Bet9ja - 📊 🔍 Polling for BetLegTask from queue...
2026-02-14 16:17:15.697 [BettingWindow-3] DEBUG com.mouse.bet.window.Bet9ja - 📊 🔍 Polling for BetLegTask from queue...
2026-02-14 16:17:19.967 [BettingWindow-3] DEBUG com.mouse.bet.window.Bet9ja - 📊 🔍 Polling for BetLegTask from queue...
2026-02-14 16:17:23.570 [BettingWindow-3] DEBUG com.mouse.bet.window.Bet9ja - 📊 🔍 Polling for BetLegTask from queue...
2026-02-14 16:17:27.872 [BettingWindow-3] DEBUG com.mouse.bet.window.Bet9ja - 📊 🔍 Polling for BetLegTask from queue...
2026-02-14 16:17:32.357 [BettingWindow-3] DEBUG com.mouse.bet.window.Bet9ja - 📊 🔍 Polling for BetLegTask from queue...
2026-02-14 16:17:36.089 [BettingWindow-3] DEBUG com.mouse.bet.window.Bet9ja - 📊 🔍 Polling for BetLegTask from queue...
2026-02-14 16:17:40.156 [BettingWindow-3] DEBUG com.mouse.bet.window.Bet9ja - 📊 🔍 Polling for BetLegTask from queue...
2026-02-14 16:17:43.353 [BettingWindow-3] DEBUG com.mouse.bet.window.Bet9ja - 📊 🔍 Polling for BetLegTask from queue...
2026-02-14 16:17:46.767 [BettingWindow-3] DEBUG com.mouse.bet.window.Bet9ja - 📊 🔍 Polling for BetLegTask from queue...
2026-02-14 16:17:51.187 [BettingWindow-3] DEBUG com.mouse.bet.window.Bet9ja - 📊 🔍 Polling for BetLegTask from queue...
2026-02-14 16:17:54.333 [BettingWindow-3] DEBUG com.mouse.bet.window.Bet9ja - 📊 🔍 Polling for BetLegTask from queue...
2026-02-14 16:17:58.754 [BettingWindow-3] DEBUG com.mouse.bet.window.Bet9ja - 📊 🔍 Polling for BetLegTask from queue...
2026-02-14 16:18:02.941 [BettingWindow-3] DEBUG com.mouse.bet.window.Bet9ja - 📊 🔍 Polling for BetLegTask from queue...
2026-02-14 16:18:06.971 [BettingWindow-3] DEBUG com.mouse.bet.window.Bet9ja - 📊 🔍 Polling for BetLegTask from queue...
2026-02-14 16:18:10.513 [BettingWindow-3] DEBUG com.mouse.bet.window.Bet9ja - 📊 🔍 Polling for BetLegTask from queue...
2026-02-14 16:18:13.781 [BettingWindow-3] DEBUG com.mouse.bet.window.Bet9ja - 📊 🔍 Polling for BetLegTask from queue...
2026-02-14 16:18:17.700 [BettingWindow-3] DEBUG com.mouse.bet.window.Bet9ja - 📊 🔍 Polling for BetLegTask from queue...
2026-02-14 16:18:21.369 [BettingWindow-3] DEBUG com.mouse.bet.window.Bet9ja - 📊 🔍 Polling for BetLegTask from queue...
2026-02-14 16:18:25.255 [BettingWindow-3] DEBUG com.mouse.bet.window.Bet9ja - 📊 🔍 Polling for BetLegTask from queue...
2026-02-14 16:18:28.558 [BettingWindow-3] DEBUG com.mouse.bet.window.Bet9ja - 📊 🔍 Polling for BetLegTask from queue...
2026-02-14 16:18:31.948 [BettingWindow-3] DEBUG com.mouse.bet.window.Bet9ja - 📊 🔍 Polling for BetLegTask from queue...
2026-02-14 16:18:35.496 [BettingWindow-3] DEBUG com.mouse.bet.window.Bet9ja - 📊 🔍 Polling for BetLegTask from queue...
2026-02-14 16:18:39.070 [BettingWindow-3] DEBUG com.mouse.bet.window.Bet9ja - 📊 🔍 Polling for BetLegTask from queue...
2026-02-14 16:18:42.936 [BettingWindow-3] DEBUG com.mouse.bet.window.Bet9ja - 📊 🔍 Polling for BetLegTask from queue...
2026-02-14 16:18:47.412 [BettingWindow-3] DEBUG com.mouse.bet.window.Bet9ja - 📊 🔍 Polling for BetLegTask from queue...
2026-02-14 16:18:50.480 [BettingWindow-3] DEBUG com.mouse.bet.window.Bet9ja - 📊 🔍 Polling for BetLegTask from queue...
2026-02-14 16:18:53.839 [BettingWindow-3] DEBUG com.mouse.bet.window.Bet9ja - 📊 🔍 Polling for BetLegTask from queue...
2026-02-14 16:18:57.500 [BettingWindow-3] DEBUG com.mouse.bet.window.Bet9ja - 📊 🔍 Polling for BetLegTask from queue...
2026-02-14 16:19:01.909 [BettingWindow-3] DEBUG com.mouse.bet.window.Bet9ja - 📊 🔍 Polling for BetLegTask from queue...
2026-02-14 16:19:05.262 [BettingWindow-3] DEBUG com.mouse.bet.window.Bet9ja - 📊 🔍 Polling for BetLegTask from queue...
2026-02-14 16:19:08.722 [BettingWindow-3] DEBUG com.mouse.bet.window.Bet9ja - 📊 🔍 Polling for BetLegTask from queue...
2026-02-14 16:19:13.070 [BettingWindow-3] DEBUG com.mouse.bet.window.Bet9ja - 📊 🔍 Polling for BetLegTask from queue...
2026-02-14 16:19:16.243 [BettingWindow-3] DEBUG com.mouse.bet.window.Bet9ja - 📊 🔍 Polling for BetLegTask from queue...
2026-02-14 16:19:20.369 [BettingWindow-3] DEBUG com.mouse.bet.window.Bet9ja - 📊 🔍 Polling for BetLegTask from queue...
2026-02-14 16:19:24.358 [BettingWindow-3] DEBUG com.mouse.bet.window.Bet9ja - 📊 🔍 Polling for BetLegTask from queue...
2026-02-14 16:19:27.822 [BettingWindow-3] DEBUG com.mouse.bet.window.Bet9ja - 📊 🔍 Polling for BetLegTask from queue...
2026-02-14 16:19:31.052 [BettingWindow-3] DEBUG com.mouse.bet.window.Bet9ja - 📊 🔍 Polling for BetLegTask from queue...
2026-02-14 16:19:35.517 [BettingWindow-3] DEBUG com.mouse.bet.window.Bet9ja - 📊 🔍 Polling for BetLegTask from queue...
2026-02-14 16:19:39.655 [BettingWindow-3] DEBUG com.mouse.bet.window.Bet9ja - 📊 🔍 Polling for BetLegTask from queue...
2026-02-14 16:19:42.892 [BettingWindow-3] DEBUG com.mouse.bet.window.Bet9ja - 📊 🔍 Polling for BetLegTask from queue...
2026-02-14 16:19:46.354 [BettingWindow-3] DEBUG com.mouse.bet.window.Bet9ja - 📊 🔍 Polling for BetLegTask from queue...
2026-02-14 16:19:50.181 [BettingWindow-3] DEBUG com.mouse.bet.window.Bet9ja - 📊 🔍 Polling for BetLegTask from queue...
2026-02-14 16:19:53.969 [BettingWindow-3] DEBUG com.mouse.bet.window.Bet9ja - 📊 🔍 Polling for BetLegTask from queue...
2026-02-14 16:19:58.193 [BettingWindow-3] DEBUG com.mouse.bet.window.Bet9ja - 📊 🔍 Polling for BetLegTask from queue...
2026-02-14 16:20:01.675 [BettingWindow-3] DEBUG com.mouse.bet.window.Bet9ja - 📊 🔍 Polling for BetLegTask from queue...
2026-02-14 16:20:05.989 [BettingWindow-3] DEBUG com.mouse.bet.window.Bet9ja - 📊 🔍 Polling for BetLegTask from queue...
2026-02-14 16:20:10.266 [BettingWindow-3] DEBUG com.mouse.bet.window.Bet9ja - 📊 🔍 Polling for BetLegTask from queue...
2026-02-14 16:20:13.879 [BettingWindow-3] DEBUG com.mouse.bet.window.Bet9ja - 📊 🔍 Polling for BetLegTask from queue...
2026-02-14 16:20:18.193 [BettingWindow-3] DEBUG com.mouse.bet.window.Bet9ja - 📊 🔍 Polling for BetLegTask from queue...
2026-02-14 16:20:22.001 [BettingWindow-3] DEBUG com.mouse.bet.window.Bet9ja - 📊 🔍 Polling for BetLegTask from queue...
2026-02-14 16:20:26.143 [BettingWindow-3] DEBUG com.mouse.bet.window.Bet9ja - 📊 🔍 Polling for BetLegTask from queue...
2026-02-14 16:20:29.585 [BettingWindow-3] DEBUG com.mouse.bet.window.Bet9ja - 📊 🔍 Polling for BetLegTask from queue...
2026-02-14 16:20:33.185 [BettingWindow-3] DEBUG com.mouse.bet.window.Bet9ja - 📊 🔍 Polling for BetLegTask from queue...
2026-02-14 16:20:37.435 [BettingWindow-3] DEBUG com.mouse.bet.window.Bet9ja - 📊 🔍 Polling for BetLegTask from queue...
2026-02-14 16:20:41.455 [BettingWindow-3] DEBUG com.mouse.bet.window.Bet9ja - 📊 🔍 Polling for BetLegTask from queue...
2026-02-14 16:20:44.930 [BettingWindow-3] DEBUG com.mouse.bet.window.Bet9ja - 📊 🔍 Polling for BetLegTask from queue...
2026-02-14 16:20:48.196 [BettingWindow-3] DEBUG com.mouse.bet.window.Bet9ja - 📊 🔍 Polling for BetLegTask from queue...
2026-02-14 16:20:53.009 [BettingWindow-3] DEBUG com.mouse.bet.window.Bet9ja - 📊 🔍 Polling for BetLegTask from queue...
2026-02-14 16:20:56.426 [BettingWindow-3] DEBUG com.mouse.bet.window.Bet9ja - 📊 🔍 Polling for BetLegTask from queue...
2026-02-14 16:21:00.723 [BettingWindow-3] DEBUG com.mouse.bet.window.Bet9ja - 📊 🔍 Polling for BetLegTask from queue...
2026-02-14 16:21:04.198 [BettingWindow-3] DEBUG com.mouse.bet.window.Bet9ja - 📊 🔍 Polling for BetLegTask from queue...
2026-02-14 16:21:09.816 [BettingWindow-3] DEBUG com.mouse.bet.window.Bet9ja - 📊 🔍 Polling for BetLegTask from queue...
2026-02-14 16:21:13.088 [BettingWindow-3] DEBUG com.mouse.bet.window.Bet9ja - 📊 🔍 Polling for BetLegTask from queue...
2026-02-14 16:21:16.986 [BettingWindow-3] DEBUG com.mouse.bet.window.Bet9ja - 📊 🔍 Polling for BetLegTask from queue...
2026-02-14 16:21:20.132 [BettingWindow-3] DEBUG com.mouse.bet.window.Bet9ja - 📊 🔍 Polling for BetLegTask from queue...
2026-02-14 16:21:24.633 [BettingWindow-3] DEBUG com.mouse.bet.window.Bet9ja - 📊 🔍 Polling for BetLegTask from queue...
2026-02-14 16:21:28.971 [BettingWindow-3] DEBUG com.mouse.bet.window.Bet9ja - 📊 🔍 Polling for BetLegTask from queue...
2026-02-14 16:21:32.177 [BettingWindow-3] DEBUG com.mouse.bet.window.Bet9ja - 📊 🔍 Polling for BetLegTask from queue...
2026-02-14 16:21:36.162 [BettingWindow-3] DEBUG com.mouse.bet.window.Bet9ja - 📊 🔍 Polling for BetLegTask from queue...
2026-02-14 16:21:39.791 [BettingWindow-3] DEBUG com.mouse.bet.window.Bet9ja - 📊 🔍 Polling for BetLegTask from queue...
2026-02-14 16:21:44.181 [BettingWindow-3] DEBUG com.mouse.bet.window.Bet9ja - 📊 🔍 Polling for BetLegTask from queue...
2026-02-14 16:21:48.141 [BettingWindow-3] DEBUG com.mouse.bet.window.Bet9ja - 📊 🔍 Polling for BetLegTask from queue...
2026-02-14 16:21:52.581 [BettingWindow-3] DEBUG com.mouse.bet.window.Bet9ja - 📊 🔍 Polling for BetLegTask from queue...
2026-02-14 16:21:55.676 [BettingWindow-3] DEBUG com.mouse.bet.window.Bet9ja - 📊 🔍 Polling for BetLegTask from queue...
2026-02-14 16:21:59.798 [BettingWindow-3] DEBUG com.mouse.bet.window.Bet9ja - 📊 🔍 Polling for BetLegTask from queue...
2026-02-14 16:22:03.489 [BettingWindow-3] DEBUG com.mouse.bet.window.Bet9ja - 📊 🔍 Polling for BetLegTask from queue...
2026-02-14 16:22:06.620 [BettingWindow-3] DEBUG com.mouse.bet.window.Bet9ja - 📊 🔍 Polling for BetLegTask from queue...
2026-02-14 16:22:10.250 [BettingWindow-3] DEBUG com.mouse.bet.window.Bet9ja - 📊 🔍 Polling for BetLegTask from queue...
2026-02-14 16:22:13.451 [BettingWindow-3] DEBUG com.mouse.bet.window.Bet9ja - 📊 🔍 Polling for BetLegTask from queue...
2026-02-14 16:22:17.556 [BettingWindow-3] DEBUG com.mouse.bet.window.Bet9ja - 📊 🔍 Polling for BetLegTask from queue...
2026-02-14 16:22:21.944 [BettingWindow-3] DEBUG com.mouse.bet.window.Bet9ja - 📊 🔍 Polling for BetLegTask from queue...
2026-02-14 16:22:25.512 [BettingWindow-3] DEBUG com.mouse.bet.window.Bet9ja - 📊 🔍 Polling for BetLegTask from queue...
2026-02-14 16:22:28.761 [BettingWindow-3] DEBUG com.mouse.bet.window.Bet9ja - 📊 🔍 Polling for BetLegTask from queue...
2026-02-14 16:22:33.208 [BettingWindow-3] DEBUG com.mouse.bet.window.Bet9ja - 📊 🔍 Polling for BetLegTask from queue...
2026-02-14 16:22:37.256 [BettingWindow-3] DEBUG com.mouse.bet.window.Bet9ja - 📊 🔍 Polling for BetLegTask from queue...
2026-02-14 16:22:40.681 [BettingWindow-3] DEBUG com.mouse.bet.window.Bet9ja - 📊 🔍 Polling for BetLegTask from queue...
2026-02-14 16:22:45.643 [BettingWindow-3] DEBUG com.mouse.bet.window.Bet9ja - 📊 🔍 Polling for BetLegTask from queue...
2026-02-14 16:22:49.969 [BettingWindow-3] DEBUG com.mouse.bet.window.Bet9ja - 📊 🔍 Polling for BetLegTask from queue...
2026-02-14 16:22:53.453 [BettingWindow-3] DEBUG com.mouse.bet.window.Bet9ja - 📊 🔍 Polling for BetLegTask from queue...
2026-02-14 16:22:56.812 [BettingWindow-3] DEBUG com.mouse.bet.window.Bet9ja - 📊 🔍 Polling for BetLegTask from queue...
2026-02-14 16:23:00.772 [BettingWindow-3] DEBUG com.mouse.bet.window.Bet9ja - 📊 🔍 Polling for BetLegTask from queue...
2026-02-14 16:23:04.404 [BettingWindow-3] DEBUG com.mouse.bet.window.Bet9ja - 📊 🔍 Polling for BetLegTask from queue...
2026-02-14 16:23:08.048 [BettingWindow-3] DEBUG com.mouse.bet.window.Bet9ja - 📊 🔍 Polling for BetLegTask from queue...
2026-02-14 16:23:11.662 [BettingWindow-3] DEBUG com.mouse.bet.window.Bet9ja - 📊 🔍 Polling for BetLegTask from queue...
2026-02-14 16:23:15.585 [BettingWindow-3] DEBUG com.mouse.bet.window.Bet9ja - 📊 🔍 Polling for BetLegTask from queue...
2026-02-14 16:23:19.951 [BettingWindow-3] DEBUG com.mouse.bet.window.Bet9ja - 📊 🔍 Polling for BetLegTask from queue...
2026-02-14 16:23:23.158 [BettingWindow-3] DEBUG com.mouse.bet.window.Bet9ja - 📊 🔍 Polling for BetLegTask from queue...
2026-02-14 16:23:26.644 [BettingWindow-3] DEBUG com.mouse.bet.window.Bet9ja - 📊 🔍 Polling for BetLegTask from queue...
2026-02-14 16:23:31.026 [BettingWindow-3] DEBUG com.mouse.bet.window.Bet9ja - 📊 🔍 Polling for BetLegTask from queue...
2026-02-14 16:23:35.524 [BettingWindow-3] DEBUG com.mouse.bet.window.Bet9ja - 📊 🔍 Polling for BetLegTask from queue...
2026-02-14 16:23:38.952 [BettingWindow-3] DEBUG com.mouse.bet.window.Bet9ja - 📊 🔍 Polling for BetLegTask from queue...
2026-02-14 16:23:42.730 [BettingWindow-3] DEBUG com.mouse.bet.window.Bet9ja - 📊 🔍 Polling for BetLegTask from queue...
2026-02-14 16:23:46.043 [BettingWindow-3] DEBUG com.mouse.bet.window.Bet9ja - 📊 🔍 Polling for BetLegTask from queue...
2026-02-14 16:23:50.081 [BettingWindow-3] DEBUG com.mouse.bet.window.Bet9ja - 📊 🔍 Polling for BetLegTask from queue...
2026-02-14 16:23:54.413 [BettingWindow-3] DEBUG com.mouse.bet.window.Bet9ja - 📊 🔍 Polling for BetLegTask from queue...
2026-02-14 16:23:58.078 [BettingWindow-3] DEBUG com.mouse.bet.window.Bet9ja - 📊 🔍 Polling for BetLegTask from queue...
2026-02-14 16:24:01.212 [BettingWindow-3] DEBUG com.mouse.bet.window.Bet9ja - 📊 🔍 Polling for BetLegTask from queue...
2026-02-14 16:24:05.015 [BettingWindow-3] DEBUG com.mouse.bet.window.Bet9ja - 📊 🔍 Polling for BetLegTask from queue...
2026-02-14 16:24:08.098 [BettingWindow-3] DEBUG com.mouse.bet.window.Bet9ja - 📊 🔍 Polling for BetLegTask from queue...
2026-02-14 16:24:11.629 [BettingWindow-3] DEBUG com.mouse.bet.window.Bet9ja - 📊 🔍 Polling for BetLegTask from queue...
2026-02-14 16:24:15.945 [BettingWindow-3] DEBUG com.mouse.bet.window.Bet9ja - 📊 🔍 Polling for BetLegTask from queue...
2026-02-14 16:24:19.273 [BettingWindow-3] DEBUG com.mouse.bet.window.Bet9ja - 📊 🔍 Polling for BetLegTask from queue...
2026-02-14 16:24:22.618 [BettingWindow-3] DEBUG com.mouse.bet.window.Bet9ja - 📊 🔍 Polling for BetLegTask from queue...
2026-02-14 16:24:26.238 [BettingWindow-3] DEBUG com.mouse.bet.window.Bet9ja - 📊 🔍 Polling for BetLegTask from queue...
2026-02-14 16:24:30.104 [BettingWindow-3] DEBUG com.mouse.bet.window.Bet9ja - 📊 🔍 Polling for BetLegTask from queue...
2026-02-14 16:24:34.181 [BettingWindow-3] DEBUG com.mouse.bet.window.Bet9ja - 📊 🔍 Polling for BetLegTask from queue...
2026-02-14 16:24:38.543 [BettingWindow-3] DEBUG com.mouse.bet.window.Bet9ja - 📊 🔍 Polling for BetLegTask from queue...
2026-02-14 16:24:42.484 [BettingWindow-3] DEBUG com.mouse.bet.window.Bet9ja - 📊 🔍 Polling for BetLegTask from queue...
2026-02-14 16:24:46.617 [BettingWindow-3] DEBUG com.mouse.bet.window.Bet9ja - 📊 🔍 Polling for BetLegTask from queue...
2026-02-14 16:24:49.875 [BettingWindow-3] DEBUG com.mouse.bet.window.Bet9ja - 📊 🔍 Polling for BetLegTask from queue...
2026-02-14 16:24:53.082 [BettingWindow-3] DEBUG com.mouse.bet.window.Bet9ja - 📊 🔍 Polling for BetLegTask from queue...
2026-02-14 16:24:56.708 [BettingWindow-3] DEBUG com.mouse.bet.window.Bet9ja - 📊 🔍 Polling for BetLegTask from queue...
2026-02-14 16:24:59.754 [BettingWindow-3] DEBUG com.mouse.bet.window.Bet9ja - 📊 🔍 Polling for BetLegTask from queue...
2026-02-14 16:25:02.833 [BettingWindow-3] DEBUG com.mouse.bet.window.Bet9ja - 📊 🔍 Polling for BetLegTask from queue...
2026-02-14 16:25:06.469 [BettingWindow-3] DEBUG com.mouse.bet.window.Bet9ja - 📊 🔍 Polling for BetLegTask from queue...
2026-02-14 16:25:10.035 [BettingWindow-3] DEBUG com.mouse.bet.window.Bet9ja - 📊 🔍 Polling for BetLegTask from queue...
2026-02-14 16:25:13.622 [BettingWindow-3] DEBUG com.mouse.bet.window.Bet9ja - 📊 🔍 Polling for BetLegTask from queue...
2026-02-14 16:25:16.683 [BettingWindow-3] DEBUG com.mouse.bet.window.Bet9ja - 📊 🔍 Polling for BetLegTask from queue...
2026-02-14 16:25:19.961 [BettingWindow-3] DEBUG com.mouse.bet.window.Bet9ja - 📊 🔍 Polling for BetLegTask from queue...
2026-02-14 16:25:24.356 [BettingWindow-3] DEBUG com.mouse.bet.window.Bet9ja - 📊 🔍 Polling for BetLegTask from queue...
2026-02-14 16:25:28.529 [BettingWindow-3] DEBUG com.mouse.bet.window.Bet9ja - 📊 🔍 Polling for BetLegTask from queue...
2026-02-14 16:25:32.002 [BettingWindow-3] DEBUG com.mouse.bet.window.Bet9ja - 📊 🔍 Polling for BetLegTask from queue...
2026-02-14 16:25:36.117 [BettingWindow-3] DEBUG com.mouse.bet.window.Bet9ja - 📊 🔍 Polling for BetLegTask from queue...
2026-02-14 16:25:39.762 [BettingWindow-3] DEBUG com.mouse.bet.window.Bet9ja - 📊 🔍 Polling for BetLegTask from queue...
2026-02-14 16:25:44.240 [BettingWindow-3] DEBUG com.mouse.bet.window.Bet9ja - 📊 🔍 Polling for BetLegTask from queue...
2026-02-14 16:25:47.988 [BettingWindow-3] DEBUG com.mouse.bet.window.Bet9ja - 📊 🔍 Polling for BetLegTask from queue...
2026-02-14 16:25:51.636 [BettingWindow-3] DEBUG com.mouse.bet.window.Bet9ja - 📊 🔍 Polling for BetLegTask from queue...
2026-02-14 16:25:55.113 [BettingWindow-3] DEBUG com.mouse.bet.window.Bet9ja - 📊 🔍 Polling for BetLegTask from queue...
2026-02-14 16:25:59.295 [BettingWindow-3] DEBUG com.mouse.bet.window.Bet9ja - 📊 🔍 Polling for BetLegTask from queue...
2026-02-14 16:26:02.486 [BettingWindow-3] DEBUG com.mouse.bet.window.Bet9ja - 📊 🔍 Polling for BetLegTask from queue...
2026-02-14 16:26:06.189 [BettingWindow-3] DEBUG com.mouse.bet.window.Bet9ja - 📊 🔍 Polling for BetLegTask from queue...
2026-02-14 16:26:09.574 [BettingWindow-3] DEBUG com.mouse.bet.window.Bet9ja - 📊 🔍 Polling for BetLegTask from queue...
2026-02-14 16:26:13.992 [BettingWindow-3] DEBUG com.mouse.bet.window.Bet9ja - 📊 🔍 Polling for BetLegTask from queue...
2026-02-14 16:26:17.650 [BettingWindow-3] DEBUG com.mouse.bet.window.Bet9ja - 📊 🔍 Polling for BetLegTask from queue...
2026-02-14 16:26:21.849 [BettingWindow-3] DEBUG com.mouse.bet.window.Bet9ja - 📊 🔍 Polling for BetLegTask from queue...
2026-02-14 16:26:25.745 [BettingWindow-3] DEBUG com.mouse.bet.window.Bet9ja - 📊 🔍 Polling for BetLegTask from queue...
2026-02-14 16:26:29.801 [BettingWindow-3] DEBUG com.mouse.bet.window.Bet9ja - 📊 🔍 Polling for BetLegTask from queue...
2026-02-14 16:26:33.325 [BettingWindow-3] DEBUG com.mouse.bet.window.Bet9ja - 📊 🔍 Polling for BetLegTask from queue...
2026-02-14 16:26:37.361 [BettingWindow-3] DEBUG com.mouse.bet.window.Bet9ja - 📊 🔍 Polling for BetLegTask from queue...
2026-02-14 16:26:41.600 [BettingWindow-3] DEBUG com.mouse.bet.window.Bet9ja - 📊 🔍 Polling for BetLegTask from queue...
2026-02-14 16:26:44.720 [BettingWindow-3] DEBUG com.mouse.bet.window.Bet9ja - 📊 🔍 Polling for BetLegTask from queue...
2026-02-14 16:26:47.826 [BettingWindow-3] DEBUG com.mouse.bet.window.Bet9ja - 📊 🔍 Polling for BetLegTask from queue...
2026-02-14 16:26:51.024 [BettingWindow-3] DEBUG com.mouse.bet.window.Bet9ja - 📊 🔍 Polling for BetLegTask from queue...
2026-02-14 16:26:55.310 [BettingWindow-3] DEBUG com.mouse.bet.window.Bet9ja - 📊 🔍 Polling for BetLegTask from queue...
2026-02-14 16:26:58.742 [BettingWindow-3] DEBUG com.mouse.bet.window.Bet9ja - 📊 🔍 Polling for BetLegTask from queue...
2026-02-14 16:27:03.237 [BettingWindow-3] DEBUG com.mouse.bet.window.Bet9ja - 📊 🔍 Polling for BetLegTask from queue...
2026-02-14 16:27:07.580 [BettingWindow-3] DEBUG com.mouse.bet.window.Bet9ja - 📊 🔍 Polling for BetLegTask from queue...
2026-02-14 16:27:10.919 [BettingWindow-3] DEBUG com.mouse.bet.window.Bet9ja - 📊 🔍 Polling for BetLegTask from queue...
2026-02-14 16:27:14.602 [BettingWindow-3] DEBUG com.mouse.bet.window.Bet9ja - 📊 🔍 Polling for BetLegTask from queue...
2026-02-14 16:27:18.768 [BettingWindow-3] DEBUG com.mouse.bet.window.Bet9ja - 📊 🔍 Polling for BetLegTask from queue...
2026-02-14 16:27:22.149 [BettingWindow-3] DEBUG com.mouse.bet.window.Bet9ja - 📊 🔍 Polling for BetLegTask from queue...
2026-02-14 16:27:26.257 [BettingWindow-3] DEBUG com.mouse.bet.window.Bet9ja - 📊 🔍 Polling for BetLegTask from queue...
2026-02-14 16:27:29.729 [BettingWindow-3] DEBUG com.mouse.bet.window.Bet9ja - 📊 🔍 Polling for BetLegTask from queue...
2026-02-14 16:27:32.883 [BettingWindow-3] DEBUG com.mouse.bet.window.Bet9ja - 📊 🔍 Polling for BetLegTask from queue...
2026-02-14 16:27:36.320 [BettingWindow-3] DEBUG com.mouse.bet.window.Bet9ja - 📊 🔍 Polling for BetLegTask from queue...
2026-02-14 16:27:39.815 [BettingWindow-3] DEBUG com.mouse.bet.window.Bet9ja - 📊 🔍 Polling for BetLegTask from queue...
2026-02-14 16:27:44.320 [BettingWindow-3] DEBUG com.mouse.bet.window.Bet9ja - 📊 🔍 Polling for BetLegTask from queue...
2026-02-14 16:27:47.358 [BettingWindow-3] DEBUG com.mouse.bet.window.Bet9ja - 📊 🔍 Polling for BetLegTask from queue...
2026-02-14 16:27:50.919 [BettingWindow-3] DEBUG com.mouse.bet.window.Bet9ja - 📊 🔍 Polling for BetLegTask from queue...
2026-02-14 16:27:54.104 [BettingWindow-3] DEBUG com.mouse.bet.window.Bet9ja - 📊 🔍 Polling for BetLegTask from queue...
2026-02-14 16:27:57.805 [BettingWindow-3] DEBUG com.mouse.bet.window.Bet9ja - 📊 🔍 Polling for BetLegTask from queue...
2026-02-14 16:28:01.804 [BettingWindow-3] DEBUG com.mouse.bet.window.Bet9ja - 📊 🔍 Polling for BetLegTask from queue...
2026-02-14 16:28:05.757 [BettingWindow-3] DEBUG com.mouse.bet.window.Bet9ja - 📊 🔍 Polling for BetLegTask from queue...
2026-02-14 16:28:09.557 [BettingWindow-3] DEBUG com.mouse.bet.window.Bet9ja - 📊 🔍 Polling for BetLegTask from queue...
2026-02-14 16:28:13.748 [BettingWindow-3] DEBUG com.mouse.bet.window.Bet9ja - 📊 🔍 Polling for BetLegTask from queue...
2026-02-14 16:28:18.279 [BettingWindow-3] DEBUG com.mouse.bet.window.Bet9ja - 📊 🔍 Polling for BetLegTask from queue...
2026-02-14 16:28:21.873 [BettingWindow-3] DEBUG com.mouse.bet.window.Bet9ja - 📊 🔍 Polling for BetLegTask from queue...
2026-02-14 16:28:25.002 [BettingWindow-3] DEBUG com.mouse.bet.window.Bet9ja - 📊 🔍 Polling for BetLegTask from queue...
2026-02-14 16:28:28.790 [BettingWindow-3] DEBUG com.mouse.bet.window.Bet9ja - 📊 🔍 Polling for BetLegTask from queue...
2026-02-14 16:28:33.268 [BettingWindow-3] DEBUG com.mouse.bet.window.Bet9ja - 📊 🔍 Polling for BetLegTask from queue...
2026-02-14 16:28:36.421 [BettingWindow-3] DEBUG com.mouse.bet.window.Bet9ja - 📊 🔍 Polling for BetLegTask from queue...
2026-02-14 16:28:40.735 [BettingWindow-3] DEBUG com.mouse.bet.window.Bet9ja - 📊 🔍 Polling for BetLegTask from queue...
2026-02-14 16:28:45.064 [BettingWindow-3] DEBUG com.mouse.bet.window.Bet9ja - 📊 🔍 Polling for BetLegTask from queue...
2026-02-14 16:28:48.322 [BettingWindow-3] DEBUG com.mouse.bet.window.Bet9ja - 📊 🔍 Polling for BetLegTask from queue...
2026-02-14 16:28:51.732 [BettingWindow-3] DEBUG com.mouse.bet.window.Bet9ja - 📊 🔍 Polling for BetLegTask from queue...
2026-02-14 16:28:56.199 [BettingWindow-3] DEBUG com.mouse.bet.window.Bet9ja - 📊 🔍 Polling for BetLegTask from queue...
2026-02-14 16:28:59.257 [BettingWindow-3] DEBUG com.mouse.bet.window.Bet9ja - 📊 🔍 Polling for BetLegTask from queue...
2026-02-14 16:29:03.752 [BettingWindow-3] DEBUG com.mouse.bet.window.Bet9ja - 📊 🔍 Polling for BetLegTask from queue...
2026-02-14 16:29:07.655 [BettingWindow-3] DEBUG com.mouse.bet.window.Bet9ja - 📊 🔍 Polling for BetLegTask from queue...
2026-02-14 16:29:10.821 [BettingWindow-3] DEBUG com.mouse.bet.window.Bet9ja - 📊 🔍 Polling for BetLegTask from queue...
2026-02-14 16:29:14.823 [BettingWindow-3] DEBUG com.mouse.bet.window.Bet9ja - 📊 🔍 Polling for BetLegTask from queue...
2026-02-14 16:29:18.013 [BettingWindow-3] DEBUG com.mouse.bet.window.Bet9ja - 📊 🔍 Polling for BetLegTask from queue...
2026-02-14 16:29:21.792 [BettingWindow-3] DEBUG com.mouse.bet.window.Bet9ja - 📊 🔍 Polling for BetLegTask from queue...
2026-02-14 16:29:26.051 [BettingWindow-3] DEBUG com.mouse.bet.window.Bet9ja - 📊 🔍 Polling for BetLegTask from queue...
2026-02-14 16:29:29.295 [BettingWindow-3] DEBUG com.mouse.bet.window.Bet9ja - 📊 🔍 Polling for BetLegTask from queue...
2026-02-14 16:29:33.130 [BettingWindow-3] DEBUG com.mouse.bet.window.Bet9ja - 📊 🔍 Polling for BetLegTask from queue...
2026-02-14 16:29:37.308 [BettingWindow-3] DEBUG com.mouse.bet.window.Bet9ja - 📊 🔍 Polling for BetLegTask from queue...
2026-02-14 16:29:41.357 [BettingWindow-3] DEBUG com.mouse.bet.window.Bet9ja - 📊 🔍 Polling for BetLegTask from queue...
2026-02-14 16:29:45.152 [BettingWindow-3] DEBUG com.mouse.bet.window.Bet9ja - 📊 🔍 Polling for BetLegTask from queue...
2026-02-14 16:29:49.352 [BettingWindow-3] DEBUG com.mouse.bet.window.Bet9ja - 📊 🔍 Polling for BetLegTask from queue...
2026-02-14 16:29:53.837 [BettingWindow-3] DEBUG com.mouse.bet.window.Bet9ja - 📊 🔍 Polling for BetLegTask from queue...
2026-02-14 16:29:57.643 [BettingWindow-3] DEBUG com.mouse.bet.window.Bet9ja - 📊 🔍 Polling for BetLegTask from queue...
2026-02-14 16:30:01.498 [BettingWindow-3] DEBUG com.mouse.bet.window.Bet9ja - 📊 🔍 Polling for BetLegTask from queue...
2026-02-14 16:30:04.855 [BettingWindow-3] DEBUG com.mouse.bet.window.Bet9ja - 📊 🔍 Polling for BetLegTask from queue...
2026-02-14 16:30:08.897 [BettingWindow-3] DEBUG com.mouse.bet.window.Bet9ja - 📊 🔍 Polling for BetLegTask from queue...
2026-02-14 16:30:13.114 [BettingWindow-3] DEBUG com.mouse.bet.window.Bet9ja - 📊 🔍 Polling for BetLegTask from queue...
2026-02-14 16:30:17.391 [BettingWindow-3] DEBUG com.mouse.bet.window.Bet9ja - 📊 🔍 Polling for BetLegTask from queue...
2026-02-14 16:30:21.032 [BettingWindow-3] DEBUG com.mouse.bet.window.Bet9ja - 📊 🔍 Polling for BetLegTask from queue...
2026-02-14 16:30:25.003 [BettingWindow-3] DEBUG com.mouse.bet.window.Bet9ja - 📊 🔍 Polling for BetLegTask from queue...
2026-02-14 16:30:28.068 [BettingWindow-3] DEBUG com.mouse.bet.window.Bet9ja - 📊 🔍 Polling for BetLegTask from queue...
2026-02-14 16:30:31.530 [BettingWindow-3] DEBUG com.mouse.bet.window.Bet9ja - 📊 🔍 Polling for BetLegTask from queue...
2026-02-14 16:30:35.130 [BettingWindow-3] DEBUG com.mouse.bet.window.Bet9ja - 📊 🔍 Polling for BetLegTask from queue...
2026-02-14 16:30:39.869 [BettingWindow-3] DEBUG com.mouse.bet.window.Bet9ja - 📊 🔍 Polling for BetLegTask from queue...
2026-02-14 16:30:44.110 [BettingWindow-3] DEBUG com.mouse.bet.window.Bet9ja - 📊 🔍 Polling for BetLegTask from queue...
2026-02-14 16:30:47.815 [BettingWindow-3] DEBUG com.mouse.bet.window.Bet9ja - 📊 🔍 Polling for BetLegTask from queue...
2026-02-14 16:30:50.917 [BettingWindow-3] DEBUG com.mouse.bet.window.Bet9ja - 📊 🔍 Polling for BetLegTask from queue...
2026-02-14 16:30:55.136 [BettingWindow-3] DEBUG com.mouse.bet.window.Bet9ja - 📊 🔍 Polling for BetLegTask from queue...
2026-02-14 16:30:59.079 [BettingWindow-3] DEBUG com.mouse.bet.window.Bet9ja - 📊 🔍 Polling for BetLegTask from queue...
2026-02-14 16:31:03.071 [BettingWindow-3] DEBUG com.mouse.bet.window.Bet9ja - 📊 🔍 Polling for BetLegTask from queue...
2026-02-14 16:31:07.430 [BettingWindow-3] DEBUG com.mouse.bet.window.Bet9ja - 📊 🔍 Polling for BetLegTask from queue...
2026-02-14 16:31:10.529 [BettingWindow-3] DEBUG com.mouse.bet.window.Bet9ja - 📊 🔍 Polling for BetLegTask from queue...
2026-02-14 16:31:13.960 [BettingWindow-3] DEBUG com.mouse.bet.window.Bet9ja - 📊 🔍 Polling for BetLegTask from queue...
2026-02-14 16:31:17.701 [BettingWindow-3] DEBUG com.mouse.bet.window.Bet9ja - 📊 🔍 Polling for BetLegTask from queue...
2026-02-14 16:31:21.322 [BettingWindow-3] DEBUG com.mouse.bet.window.Bet9ja - 📊 🔍 Polling for BetLegTask from queue...
2026-02-14 16:31:25.430 [BettingWindow-3] DEBUG com.mouse.bet.window.Bet9ja - 📊 🔍 Polling for BetLegTask from queue...
2026-02-14 16:31:29.651 [BettingWindow-3] DEBUG com.mouse.bet.window.Bet9ja - 📊 🔍 Polling for BetLegTask from queue...
2026-02-14 16:31:33.569 [BettingWindow-3] DEBUG com.mouse.bet.window.Bet9ja - 📊 🔍 Polling for BetLegTask from queue...
2026-02-14 16:31:37.362 [BettingWindow-3] DEBUG com.mouse.bet.window.Bet9ja - 📊 🔍 Polling for BetLegTask from queue...
2026-02-14 16:31:41.171 [BettingWindow-3] DEBUG com.mouse.bet.window.Bet9ja - 📊 🔍 Polling for BetLegTask from queue...
2026-02-14 16:31:45.368 [BettingWindow-3] DEBUG com.mouse.bet.window.Bet9ja - 📊 🔍 Polling for BetLegTask from queue...
2026-02-14 16:31:49.601 [BettingWindow-3] DEBUG com.mouse.bet.window.Bet9ja - 📊 🔍 Polling for BetLegTask from queue...
2026-02-14 16:31:52.718 [BettingWindow-3] DEBUG com.mouse.bet.window.Bet9ja - 📊 🔍 Polling for BetLegTask from queue...
2026-02-14 16:31:55.839 [BettingWindow-3] DEBUG com.mouse.bet.window.Bet9ja - 📊 🔍 Polling for BetLegTask from queue...
2026-02-14 16:32:00.309 [BettingWindow-3] DEBUG com.mouse.bet.window.Bet9ja - 📊 🔍 Polling for BetLegTask from queue...
2026-02-14 16:32:03.657 [BettingWindow-3] DEBUG com.mouse.bet.window.Bet9ja - 📊 🔍 Polling for BetLegTask from queue...
2026-02-14 16:32:08.035 [BettingWindow-3] DEBUG com.mouse.bet.window.Bet9ja - 📊 🔍 Polling for BetLegTask from queue...
2026-02-14 16:32:11.529 [BettingWindow-3] DEBUG com.mouse.bet.window.Bet9ja - 📊 🔍 Polling for BetLegTask from queue...
2026-02-14 16:32:15.551 [BettingWindow-3] DEBUG com.mouse.bet.window.Bet9ja - 📊 🔍 Polling for BetLegTask from queue...
2026-02-14 16:32:19.294 [BettingWindow-3] DEBUG com.mouse.bet.window.Bet9ja - 📊 🔍 Polling for BetLegTask from queue...
2026-02-14 16:32:23.573 [BettingWindow-3] DEBUG com.mouse.bet.window.Bet9ja - 📊 🔍 Polling for BetLegTask from queue...
2026-02-14 16:32:27.202 [BettingWindow-3] DEBUG com.mouse.bet.window.Bet9ja - 📊 🔍 Polling for BetLegTask from queue...
2026-02-14 16:32:30.996 [BettingWindow-3] DEBUG com.mouse.bet.window.Bet9ja - 📊 🔍 Polling for BetLegTask from queue...
2026-02-14 16:32:34.345 [BettingWindow-3] DEBUG com.mouse.bet.window.Bet9ja - 📊 🔍 Polling for BetLegTask from queue...
2026-02-14 16:32:37.544 [BettingWindow-3] DEBUG com.mouse.bet.window.Bet9ja - 📊 🔍 Polling for BetLegTask from queue...
2026-02-14 16:32:40.640 [BettingWindow-3] DEBUG com.mouse.bet.window.Bet9ja - 📊 🔍 Polling for BetLegTask from queue...
2026-02-14 16:32:43.967 [BettingWindow-3] DEBUG com.mouse.bet.window.Bet9ja - 📊 🔍 Polling for BetLegTask from queue...
2026-02-14 16:32:47.415 [BettingWindow-3] DEBUG com.mouse.bet.window.Bet9ja - 📊 🔍 Polling for BetLegTask from queue...
2026-02-14 16:32:50.573 [BettingWindow-3] DEBUG com.mouse.bet.window.Bet9ja - 📊 🔍 Polling for BetLegTask from queue...
2026-02-14 16:32:54.437 [BettingWindow-3] DEBUG com.mouse.bet.window.Bet9ja - 📊 🔍 Polling for BetLegTask from queue...
2026-02-14 16:32:57.624 [BettingWindow-3] DEBUG com.mouse.bet.window.Bet9ja - 📊 🔍 Polling for BetLegTask from queue...
2026-02-14 16:33:01.397 [BettingWindow-3] DEBUG com.mouse.bet.window.Bet9ja - 📊 🔍 Polling for BetLegTask from queue...
2026-02-14 16:33:04.897 [BettingWindow-3] DEBUG com.mouse.bet.window.Bet9ja - 📊 🔍 Polling for BetLegTask from queue...
2026-02-14 16:33:08.247 [BettingWindow-3] DEBUG com.mouse.bet.window.Bet9ja - 📊 🔍 Polling for BetLegTask from queue...
2026-02-14 16:33:12.325 [BettingWindow-3] DEBUG com.mouse.bet.window.Bet9ja - 📊 🔍 Polling for BetLegTask from queue...
2026-02-14 16:33:16.806 [BettingWindow-3] DEBUG com.mouse.bet.window.Bet9ja - 📊 🔍 Polling for BetLegTask from queue...
2026-02-14 16:33:21.234 [BettingWindow-3] DEBUG com.mouse.bet.window.Bet9ja - 📊 🔍 Polling for BetLegTask from queue...
2026-02-14 16:33:25.715 [BettingWindow-3] DEBUG com.mouse.bet.window.Bet9ja - 📊 🔍 Polling for BetLegTask from queue...
2026-02-14 16:33:29.133 [BettingWindow-3] DEBUG com.mouse.bet.window.Bet9ja - 📊 🔍 Polling for BetLegTask from queue...
2026-02-14 16:33:32.578 [BettingWindow-3] DEBUG com.mouse.bet.window.Bet9ja - 📊 🔍 Polling for BetLegTask from queue...
2026-02-14 16:33:35.752 [BettingWindow-3] DEBUG com.mouse.bet.window.Bet9ja - 📊 🔍 Polling for BetLegTask from queue...
2026-02-14 16:33:39.304 [BettingWindow-3] DEBUG com.mouse.bet.window.Bet9ja - 📊 🔍 Polling for BetLegTask from queue...
2026-02-14 16:33:43.034 [BettingWindow-3] DEBUG com.mouse.bet.window.Bet9ja - 📊 🔍 Polling for BetLegTask from queue...
2026-02-14 16:33:46.719 [BettingWindow-3] DEBUG com.mouse.bet.window.Bet9ja - 📊 🔍 Polling for BetLegTask from queue...
2026-02-14 16:33:50.105 [BettingWindow-3] DEBUG com.mouse.bet.window.Bet9ja - 📊 🔍 Polling for BetLegTask from queue...
2026-02-14 16:33:53.325 [BettingWindow-3] DEBUG com.mouse.bet.window.Bet9ja - 📊 🔍 Polling for BetLegTask from queue...
2026-02-14 16:33:57.534 [BettingWindow-3] DEBUG com.mouse.bet.window.Bet9ja - 📊 🔍 Polling for BetLegTask from queue...
2026-02-14 16:34:01.258 [BettingWindow-3] DEBUG com.mouse.bet.window.Bet9ja - 📊 🔍 Polling for BetLegTask from queue...
2026-02-14 16:34:04.808 [BettingWindow-3] DEBUG com.mouse.bet.window.Bet9ja - 📊 🔍 Polling for BetLegTask from queue...
2026-02-14 16:34:08.488 [BettingWindow-3] DEBUG com.mouse.bet.window.Bet9ja - 📊 🔍 Polling for BetLegTask from queue...
2026-02-14 16:34:12.086 [BettingWindow-3] DEBUG com.mouse.bet.window.Bet9ja - 📊 🔍 Polling for BetLegTask from queue...
2026-02-14 16:34:16.438 [BettingWindow-3] DEBUG com.mouse.bet.window.Bet9ja - 📊 🔍 Polling for BetLegTask from queue...
2026-02-14 16:34:20.147 [BettingWindow-3] DEBUG com.mouse.bet.window.Bet9ja - 📊 🔍 Polling for BetLegTask from queue...
2026-02-14 16:34:24.528 [BettingWindow-3] DEBUG com.mouse.bet.window.Bet9ja - 📊 🔍 Polling for BetLegTask from queue...
2026-02-14 16:34:28.242 [BettingWindow-3] DEBUG com.mouse.bet.window.Bet9ja - 📊 🔍 Polling for BetLegTask from queue...
2026-02-14 16:34:31.317 [BettingWindow-3] DEBUG com.mouse.bet.window.Bet9ja - 📊 🔍 Polling for BetLegTask from queue...
2026-02-14 16:34:34.575 [BettingWindow-3] DEBUG com.mouse.bet.window.Bet9ja - 📊 🔍 Polling for BetLegTask from queue...
2026-02-14 16:34:38.513 [BettingWindow-3] DEBUG com.mouse.bet.window.Bet9ja - 📊 🔍 Polling for BetLegTask from queue...
2026-02-14 16:34:43.236 [BettingWindow-3] DEBUG com.mouse.bet.window.Bet9ja - 📊 🔍 Polling for BetLegTask from queue...
2026-02-14 16:34:47.374 [BettingWindow-3] DEBUG com.mouse.bet.window.Bet9ja - 📊 🔍 Polling for BetLegTask from queue...
2026-02-14 16:34:51.253 [BettingWindow-3] DEBUG com.mouse.bet.window.Bet9ja - 📊 🔍 Polling for BetLegTask from queue...
2026-02-14 16:34:54.655 [BettingWindow-3] DEBUG com.mouse.bet.window.Bet9ja - 📊 🔍 Polling for BetLegTask from queue...
2026-02-14 16:34:58.504 [BettingWindow-3] DEBUG com.mouse.bet.window.Bet9ja - 📊 🔍 Polling for BetLegTask from queue...
2026-02-14 16:35:02.349 [BettingWindow-3] DEBUG com.mouse.bet.window.Bet9ja - 📊 🔍 Polling for BetLegTask from queue...
2026-02-14 16:35:05.946 [BettingWindow-3] DEBUG com.mouse.bet.window.Bet9ja - 📊 🔍 Polling for BetLegTask from queue...
2026-02-14 16:35:10.325 [BettingWindow-3] DEBUG com.mouse.bet.window.Bet9ja - 📊 🔍 Polling for BetLegTask from queue...
2026-02-14 16:35:14.679 [BettingWindow-3] DEBUG com.mouse.bet.window.Bet9ja - 📊 🔍 Polling for BetLegTask from queue...
2026-02-14 16:35:17.988 [BettingWindow-3] DEBUG com.mouse.bet.window.Bet9ja - 📊 🔍 Polling for BetLegTask from queue...
2026-02-14 16:35:21.147 [BettingWindow-3] DEBUG com.mouse.bet.window.Bet9ja - 📊 🔍 Polling for BetLegTask from queue...
2026-02-14 16:35:25.627 [BettingWindow-3] DEBUG com.mouse.bet.window.Bet9ja - 📊 🔍 Polling for BetLegTask from queue...
2026-02-14 16:35:28.694 [BettingWindow-3] DEBUG com.mouse.bet.window.Bet9ja - 📊 🔍 Polling for BetLegTask from queue...
2026-02-14 16:35:32.862 [BettingWindow-3] DEBUG com.mouse.bet.window.Bet9ja - 📊 🔍 Polling for BetLegTask from queue...
2026-02-14 16:35:36.877 [BettingWindow-3] DEBUG com.mouse.bet.window.Bet9ja - 📊 🔍 Polling for BetLegTask from queue...
2026-02-14 16:35:40.426 [BettingWindow-3] DEBUG com.mouse.bet.window.Bet9ja - 📊 🔍 Polling for BetLegTask from queue...
2026-02-14 16:35:44.092 [BettingWindow-3] DEBUG com.mouse.bet.window.Bet9ja - 📊 🔍 Polling for BetLegTask from queue...
2026-02-14 16:35:48.277 [BettingWindow-3] DEBUG com.mouse.bet.window.Bet9ja - 📊 🔍 Polling for BetLegTask from queue...
2026-02-14 16:35:51.813 [BettingWindow-3] DEBUG com.mouse.bet.window.Bet9ja - 📊 🔍 Polling for BetLegTask from queue...
2026-02-14 16:35:55.761 [BettingWindow-3] DEBUG com.mouse.bet.window.Bet9ja - 📊 🔍 Polling for BetLegTask from queue...
2026-02-14 16:35:58.852 [BettingWindow-3] DEBUG com.mouse.bet.window.Bet9ja - 📊 🔍 Polling for BetLegTask from queue...
2026-02-14 16:36:02.302 [BettingWindow-3] DEBUG com.mouse.bet.window.Bet9ja - 📊 🔍 Polling for BetLegTask from queue...
2026-02-14 16:36:06.360 [BettingWindow-3] DEBUG com.mouse.bet.window.Bet9ja - 📊 🔍 Polling for BetLegTask from queue...
2026-02-14 16:36:10.589 [BettingWindow-3] DEBUG com.mouse.bet.window.Bet9ja - 📊 🔍 Polling for BetLegTask from queue...
2026-02-14 16:36:14.743 [BettingWindow-3] DEBUG com.mouse.bet.window.Bet9ja - 📊 🔍 Polling for BetLegTask from queue...
2026-02-14 16:36:18.075 [BettingWindow-3] DEBUG com.mouse.bet.window.Bet9ja - 📊 🔍 Polling for BetLegTask from queue...
2026-02-14 16:36:22.487 [BettingWindow-3] DEBUG com.mouse.bet.window.Bet9ja - 📊 🔍 Polling for BetLegTask from queue...
2026-02-14 16:36:25.533 [BettingWindow-3] DEBUG com.mouse.bet.window.Bet9ja - 📊 🔍 Polling for BetLegTask from queue...
2026-02-14 16:36:28.910 [BettingWindow-3] DEBUG com.mouse.bet.window.Bet9ja - 📊 🔍 Polling for BetLegTask from queue...
2026-02-14 16:36:33.036 [BettingWindow-3] DEBUG com.mouse.bet.window.Bet9ja - 📊 🔍 Polling for BetLegTask from queue...
2026-02-14 16:36:36.292 [BettingWindow-3] DEBUG com.mouse.bet.window.Bet9ja - 📊 🔍 Polling for BetLegTask from queue...
2026-02-14 16:36:39.701 [BettingWindow-3] DEBUG com.mouse.bet.window.Bet9ja - 📊 🔍 Polling for BetLegTask from queue...
2026-02-14 16:36:43.080 [BettingWindow-3] DEBUG com.mouse.bet.window.Bet9ja - 📊 🔍 Polling for BetLegTask from queue...
2026-02-14 16:36:47.095 [BettingWindow-3] DEBUG com.mouse.bet.window.Bet9ja - 📊 🔍 Polling for BetLegTask from queue...
2026-02-14 16:36:50.194 [BettingWindow-3] DEBUG com.mouse.bet.window.Bet9ja - 📊 🔍 Polling for BetLegTask from queue...
2026-02-14 16:36:53.826 [BettingWindow-3] DEBUG com.mouse.bet.window.Bet9ja - 📊 🔍 Polling for BetLegTask from queue...
2026-02-14 16:36:57.078 [BettingWindow-3] DEBUG com.mouse.bet.window.Bet9ja - 📊 🔍 Polling for BetLegTask from queue...
2026-02-14 16:37:00.633 [BettingWindow-3] DEBUG com.mouse.bet.window.Bet9ja - 📊 🔍 Polling for BetLegTask from queue...
2026-02-14 16:37:04.481 [BettingWindow-3] DEBUG com.mouse.bet.window.Bet9ja - 📊 🔍 Polling for BetLegTask from queue...
2026-02-14 16:37:07.659 [BettingWindow-3] DEBUG com.mouse.bet.window.Bet9ja - 📊 🔍 Polling for BetLegTask from queue...
2026-02-14 16:37:10.990 [BettingWindow-3] DEBUG com.mouse.bet.window.Bet9ja - 📊 🔍 Polling for BetLegTask from queue...
2026-02-14 16:37:14.726 [BettingWindow-3] DEBUG com.mouse.bet.window.Bet9ja - 📊 🔍 Polling for BetLegTask from queue...
2026-02-14 16:37:18.978 [BettingWindow-3] DEBUG com.mouse.bet.window.Bet9ja - 📊 🔍 Polling for BetLegTask from queue...
2026-02-14 16:37:22.979 [BettingWindow-3] DEBUG com.mouse.bet.window.Bet9ja - 📊 🔍 Polling for BetLegTask from queue...
2026-02-14 16:37:26.344 [BettingWindow-3] DEBUG com.mouse.bet.window.Bet9ja - 📊 🔍 Polling for BetLegTask from queue...
2026-02-14 16:37:30.773 [BettingWindow-3] DEBUG com.mouse.bet.window.Bet9ja - 📊 🔍 Polling for BetLegTask from queue...
2026-02-14 16:37:34.766 [BettingWindow-3] DEBUG com.mouse.bet.window.Bet9ja - 📊 🔍 Polling for BetLegTask from queue...
2026-02-14 16:37:38.778 [BettingWindow-3] DEBUG com.mouse.bet.window.Bet9ja - 📊 🔍 Polling for BetLegTask from queue...
2026-02-14 16:37:42.839 [BettingWindow-3] DEBUG com.mouse.bet.window.Bet9ja - 📊 🔍 Polling for BetLegTask from queue...
2026-02-14 16:37:47.010 [BettingWindow-3] DEBUG com.mouse.bet.window.Bet9ja - 📊 🔍 Polling for BetLegTask from queue...
2026-02-14 16:37:51.406 [BettingWindow-3] DEBUG com.mouse.bet.window.Bet9ja - 📊 🔍 Polling for BetLegTask from queue...
2026-02-14 16:37:55.269 [BettingWindow-3] DEBUG com.mouse.bet.window.Bet9ja - 📊 🔍 Polling for BetLegTask from queue...
2026-02-14 16:37:59.066 [BettingWindow-3] DEBUG com.mouse.bet.window.Bet9ja - 📊 🔍 Polling for BetLegTask from queue...
2026-02-14 16:38:02.266 [BettingWindow-3] DEBUG com.mouse.bet.window.Bet9ja - 📊 🔍 Polling for BetLegTask from queue...
2026-02-14 16:38:06.293 [BettingWindow-3] DEBUG com.mouse.bet.window.Bet9ja - 📊 🔍 Polling for BetLegTask from queue...
2026-02-14 16:38:09.378 [BettingWindow-3] DEBUG com.mouse.bet.window.Bet9ja - 📊 🔍 Polling for BetLegTask from queue...
2026-02-14 16:38:12.444 [BettingWindow-3] DEBUG com.mouse.bet.window.Bet9ja - 📊 🔍 Polling for BetLegTask from queue...
2026-02-14 16:38:15.879 [BettingWindow-3] DEBUG com.mouse.bet.window.Bet9ja - 📊 🔍 Polling for BetLegTask from queue...
2026-02-14 16:38:20.263 [BettingWindow-3] DEBUG com.mouse.bet.window.Bet9ja - 📊 🔍 Polling for BetLegTask from queue...
2026-02-14 16:38:24.473 [BettingWindow-3] DEBUG com.mouse.bet.window.Bet9ja - 📊 🔍 Polling for BetLegTask from queue...
2026-02-14 16:38:27.890 [BettingWindow-3] DEBUG com.mouse.bet.window.Bet9ja - 📊 🔍 Polling for BetLegTask from queue...
2026-02-14 16:38:31.718 [BettingWindow-3] DEBUG com.mouse.bet.window.Bet9ja - 📊 🔍 Polling for BetLegTask from queue...
2026-02-14 16:38:34.727 [BettingWindow-3] DEBUG com.mouse.bet.window.Bet9ja - 📊 🔍 Polling for BetLegTask from queue...
2026-02-14 16:38:38.696 [BettingWindow-3] DEBUG com.mouse.bet.window.Bet9ja - 📊 🔍 Polling for BetLegTask from queue...
2026-02-14 16:38:42.815 [BettingWindow-3] DEBUG com.mouse.bet.window.Bet9ja - 📊 🔍 Polling for BetLegTask from queue...
2026-02-14 16:38:46.922 [BettingWindow-3] DEBUG com.mouse.bet.window.Bet9ja - 📊 🔍 Polling for BetLegTask from queue...
2026-02-14 16:38:50.325 [BettingWindow-3] DEBUG com.mouse.bet.window.Bet9ja - 📊 🔍 Polling for BetLegTask from queue...
2026-02-14 16:38:54.555 [BettingWindow-3] DEBUG com.mouse.bet.window.Bet9ja - 📊 🔍 Polling for BetLegTask from queue...
2026-02-14 16:38:58.153 [BettingWindow-3] DEBUG com.mouse.bet.window.Bet9ja - 📊 🔍 Polling for BetLegTask from queue...
2026-02-14 16:39:01.889 [BettingWindow-3] DEBUG com.mouse.bet.window.Bet9ja - 📊 🔍 Polling for BetLegTask from queue...
2026-02-14 16:39:05.474 [BettingWindow-3] DEBUG com.mouse.bet.window.Bet9ja - 📊 🔍 Polling for BetLegTask from queue...
2026-02-14 16:39:09.316 [BettingWindow-3] DEBUG com.mouse.bet.window.Bet9ja - 📊 🔍 Polling for BetLegTask from queue...
2026-02-14 16:39:13.639 [BettingWindow-3] DEBUG com.mouse.bet.window.Bet9ja - 📊 🔍 Polling for BetLegTask from queue...
2026-02-14 16:39:17.658 [BettingWindow-3] DEBUG com.mouse.bet.window.Bet9ja - 📊 🔍 Polling for BetLegTask from queue...
2026-02-14 16:39:21.346 [BettingWindow-3] DEBUG com.mouse.bet.window.Bet9ja - 📊 🔍 Polling for BetLegTask from queue...
2026-02-14 16:39:24.923 [BettingWindow-3] DEBUG com.mouse.bet.window.Bet9ja - 📊 🔍 Polling for BetLegTask from queue...
2026-02-14 16:39:28.922 [BettingWindow-3] DEBUG com.mouse.bet.window.Bet9ja - 📊 🔍 Polling for BetLegTask from queue...
2026-02-14 16:39:32.067 [BettingWindow-3] DEBUG com.mouse.bet.window.Bet9ja - 📊 🔍 Polling for BetLegTask from queue...
2026-02-14 16:39:36.212 [BettingWindow-3] DEBUG com.mouse.bet.window.Bet9ja - 📊 🔍 Polling for BetLegTask from queue...
2026-02-14 16:39:40.506 [BettingWindow-3] DEBUG com.mouse.bet.window.Bet9ja - 📊 🔍 Polling for BetLegTask from queue...
2026-02-14 16:39:43.570 [BettingWindow-3] DEBUG com.mouse.bet.window.Bet9ja - 📊 🔍 Polling for BetLegTask from queue...
2026-02-14 16:39:47.685 [BettingWindow-3] DEBUG com.mouse.bet.window.Bet9ja - 📊 🔍 Polling for BetLegTask from queue...
2026-02-14 16:39:51.127 [BettingWindow-3] DEBUG com.mouse.bet.window.Bet9ja - 📊 🔍 Polling for BetLegTask from queue...
2026-02-14 16:39:55.500 [BettingWindow-3] DEBUG com.mouse.bet.window.Bet9ja - 📊 🔍 Polling for BetLegTask from queue...
2026-02-14 16:39:59.223 [BettingWindow-3] DEBUG com.mouse.bet.window.Bet9ja - 📊 🔍 Polling for BetLegTask from queue...
2026-02-14 16:40:03.013 [BettingWindow-3] DEBUG com.mouse.bet.window.Bet9ja - 📊 🔍 Polling for BetLegTask from queue...
2026-02-14 16:40:07.531 [BettingWindow-3] DEBUG com.mouse.bet.window.Bet9ja - 📊 🔍 Polling for BetLegTask from queue...
2026-02-14 16:40:11.708 [BettingWindow-3] DEBUG com.mouse.bet.window.Bet9ja - 📊 🔍 Polling for BetLegTask from queue...
2026-02-14 16:40:16.173 [BettingWindow-3] DEBUG com.mouse.bet.window.Bet9ja - 📊 🔍 Polling for BetLegTask from queue...
2026-02-14 16:40:20.615 [BettingWindow-3] DEBUG com.mouse.bet.window.Bet9ja - 📊 🔍 Polling for BetLegTask from queue...
2026-02-14 16:40:24.443 [BettingWindow-3] DEBUG com.mouse.bet.window.Bet9ja - 📊 🔍 Polling for BetLegTask from queue...
2026-02-14 16:40:28.227 [BettingWindow-3] DEBUG com.mouse.bet.window.Bet9ja - 📊 🔍 Polling for BetLegTask from queue...
2026-02-14 16:40:32.577 [BettingWindow-3] DEBUG com.mouse.bet.window.Bet9ja - 📊 🔍 Polling for BetLegTask from queue...
2026-02-14 16:40:36.633 [BettingWindow-3] DEBUG com.mouse.bet.window.Bet9ja - 📊 🔍 Polling for BetLegTask from queue...
2026-02-14 16:40:42.093 [BettingWindow-3] DEBUG com.mouse.bet.window.Bet9ja - 📊 🔍 Polling for BetLegTask from queue...
2026-02-14 16:40:46.534 [BettingWindow-3] DEBUG com.mouse.bet.window.Bet9ja - 📊 🔍 Polling for BetLegTask from queue...
2026-02-14 16:40:49.959 [BettingWindow-3] DEBUG com.mouse.bet.window.Bet9ja - 📊 🔍 Polling for BetLegTask from queue...
2026-02-14 16:40:53.585 [BettingWindow-3] DEBUG com.mouse.bet.window.Bet9ja - 📊 🔍 Polling for BetLegTask from queue...
2026-02-14 16:40:56.637 [BettingWindow-3] DEBUG com.mouse.bet.window.Bet9ja - 📊 🔍 Polling for BetLegTask from queue...
2026-02-14 16:41:00.484 [BettingWindow-3] DEBUG com.mouse.bet.window.Bet9ja - 📊 🔍 Polling for BetLegTask from queue...
2026-02-14 16:41:03.801 [BettingWindow-3] DEBUG com.mouse.bet.window.Bet9ja - 📊 🔍 Polling for BetLegTask from queue...
2026-02-14 16:41:07.811 [BettingWindow-3] DEBUG com.mouse.bet.window.Bet9ja - 📊 🔍 Polling for BetLegTask from queue...
2026-02-14 16:41:11.307 [BettingWindow-3] DEBUG com.mouse.bet.window.Bet9ja - 📊 🔍 Polling for BetLegTask from queue...
2026-02-14 16:41:15.610 [BettingWindow-3] DEBUG com.mouse.bet.window.Bet9ja - 📊 🔍 Polling for BetLegTask from queue...
2026-02-14 16:41:19.037 [BettingWindow-3] DEBUG com.mouse.bet.window.Bet9ja - 📊 🔍 Polling for BetLegTask from queue...
2026-02-14 16:41:22.314 [BettingWindow-3] DEBUG com.mouse.bet.window.Bet9ja - 📊 🔍 Polling for BetLegTask from queue...
2026-02-14 16:41:26.270 [BettingWindow-3] DEBUG com.mouse.bet.window.Bet9ja - 📊 🔍 Polling for BetLegTask from queue...
2026-02-14 16:41:30.063 [BettingWindow-3] DEBUG com.mouse.bet.window.Bet9ja - 📊 🔍 Polling for BetLegTask from queue...
2026-02-14 16:41:34.012 [BettingWindow-3] DEBUG com.mouse.bet.window.Bet9ja - 📊 🔍 Polling for BetLegTask from queue...
2026-02-14 16:41:38.411 [BettingWindow-3] DEBUG com.mouse.bet.window.Bet9ja - 📊 🔍 Polling for BetLegTask from queue...
2026-02-14 16:41:42.387 [BettingWindow-3] DEBUG com.mouse.bet.window.Bet9ja - 📊 🔍 Polling for BetLegTask from queue...
2026-02-14 16:41:45.875 [BettingWindow-3] DEBUG com.mouse.bet.window.Bet9ja - 📊 🔍 Polling for BetLegTask from queue...
2026-02-14 16:41:49.973 [BettingWindow-3] DEBUG com.mouse.bet.window.Bet9ja - 📊 🔍 Polling for BetLegTask from queue...
2026-02-14 16:41:53.591 [BettingWindow-3] DEBUG com.mouse.bet.window.Bet9ja - 📊 🔍 Polling for BetLegTask from queue...
2026-02-14 16:41:56.658 [BettingWindow-3] DEBUG com.mouse.bet.window.Bet9ja - 📊 🔍 Polling for BetLegTask from queue...
2026-02-14 16:42:01.114 [BettingWindow-3] DEBUG com.mouse.bet.window.Bet9ja - 📊 🔍 Polling for BetLegTask from queue...
2026-02-14 16:42:05.559 [BettingWindow-3] DEBUG com.mouse.bet.window.Bet9ja - 📊 🔍 Polling for BetLegTask from queue...
2026-02-14 16:42:08.813 [BettingWindow-3] DEBUG com.mouse.bet.window.Bet9ja - 📊 🔍 Polling for BetLegTask from queue...
2026-02-14 16:42:13.204 [BettingWindow-3] DEBUG com.mouse.bet.window.Bet9ja - 📊 🔍 Polling for BetLegTask from queue...
2026-02-14 16:42:17.216 [BettingWindow-3] DEBUG com.mouse.bet.window.Bet9ja - 📊 🔍 Polling for BetLegTask from queue...
2026-02-14 16:42:20.293 [BettingWindow-3] DEBUG com.mouse.bet.window.Bet9ja - 📊 🔍 Polling for BetLegTask from queue...
2026-02-14 16:42:23.360 [BettingWindow-3] DEBUG com.mouse.bet.window.Bet9ja - 📊 🔍 Polling for BetLegTask from queue...
2026-02-14 16:43:04.345 [BettingWindow-3] DEBUG com.mouse.bet.window.Bet9ja - 📊 🔍 Polling for BetLegTask from queue...
2026-02-14 16:43:08.092 [BettingWindow-3] DEBUG com.mouse.bet.window.Bet9ja - 📊 🔍 Polling for BetLegTask from queue...
2026-02-14 16:43:11.602 [BettingWindow-3] DEBUG com.mouse.bet.window.Bet9ja - 📊 🔍 Polling for BetLegTask from queue...
2026-02-14 16:43:15.846 [BettingWindow-3] DEBUG com.mouse.bet.window.Bet9ja - 📊 🔍 Polling for BetLegTask from queue...
2026-02-14 16:43:19.852 [BettingWindow-3] DEBUG com.mouse.bet.window.Bet9ja - 📊 🔍 Polling for BetLegTask from queue...
2026-02-14 16:43:23.042 [BettingWindow-3] DEBUG com.mouse.bet.window.Bet9ja - 📊 🔍 Polling for BetLegTask from queue...
2026-02-14 16:43:26.652 [BettingWindow-3] DEBUG com.mouse.bet.window.Bet9ja - 📊 🔍 Polling for BetLegTask from queue...
2026-02-14 16:43:35.000 [BettingWindow-3] DEBUG com.mouse.bet.window.Bet9ja - 📊 🔍 Polling for BetLegTask from queue...
2026-02-14 16:43:38.459 [BettingWindow-3] DEBUG com.mouse.bet.window.Bet9ja - 📊 🔍 Polling for BetLegTask from queue...
2026-02-14 16:43:42.240 [BettingWindow-3] DEBUG com.mouse.bet.window.Bet9ja - 📊 🔍 Polling for BetLegTask from queue...
2026-02-14 16:43:46.042 [BettingWindow-3] DEBUG com.mouse.bet.window.Bet9ja - 📊 🔍 Polling for BetLegTask from queue...
2026-02-14 16:43:50.222 [BettingWindow-3] DEBUG com.mouse.bet.window.Bet9ja - 📊 🔍 Polling for BetLegTask from queue...
2026-02-14 16:43:53.510 [BettingWindow-3] DEBUG com.mouse.bet.window.Bet9ja - 📊 🔍 Polling for BetLegTask from queue...
2026-02-14 16:43:56.695 [BettingWindow-3] DEBUG com.mouse.bet.window.Bet9ja - 📊 🔍 Polling for BetLegTask from queue...
2026-02-14 16:44:01.115 [BettingWindow-3] DEBUG com.mouse.bet.window.Bet9ja - 📊 🔍 Polling for BetLegTask from queue...
2026-02-14 16:44:04.660 [BettingWindow-3] DEBUG com.mouse.bet.window.Bet9ja - 📊 🔍 Polling for BetLegTask from queue...
2026-02-14 16:44:08.913 [BettingWindow-3] DEBUG com.mouse.bet.window.Bet9ja - 📊 🔍 Polling for BetLegTask from queue...
2026-02-14 16:44:12.808 [BettingWindow-3] DEBUG com.mouse.bet.window.Bet9ja - 📊 🔍 Polling for BetLegTask from queue...
2026-02-14 16:44:16.956 [BettingWindow-3] DEBUG com.mouse.bet.window.Bet9ja - 📊 🔍 Polling for BetLegTask from queue...
2026-02-14 16:44:20.843 [BettingWindow-3] DEBUG com.mouse.bet.window.Bet9ja - 📊 🔍 Polling for BetLegTask from queue...
2026-02-14 16:44:24.567 [BettingWindow-3] DEBUG com.mouse.bet.window.Bet9ja - 📊 🔍 Polling for BetLegTask from queue...
2026-02-14 16:44:38.698 [BettingWindow-3] DEBUG com.mouse.bet.window.Bet9ja - 📊 🔍 Polling for BetLegTask from queue...
2026-02-14 16:44:42.934 [BettingWindow-3] DEBUG com.mouse.bet.window.Bet9ja - 📊 🔍 Polling for BetLegTask from queue...
2026-02-14 16:44:46.295 [BettingWindow-3] DEBUG com.mouse.bet.window.Bet9ja - 📊 🔍 Polling for BetLegTask from queue...
2026-02-14 16:44:50.366 [BettingWindow-3] DEBUG com.mouse.bet.window.Bet9ja - 📊 🔍 Polling for BetLegTask from queue...
2026-02-14 16:44:54.169 [BettingWindow-3] DEBUG com.mouse.bet.window.Bet9ja - 📊 🔍 Polling for BetLegTask from queue...
2026-02-14 16:44:58.462 [BettingWindow-3] DEBUG com.mouse.bet.window.Bet9ja - 📊 🔍 Polling for BetLegTask from queue...
2026-02-14 16:45:02.371 [BettingWindow-3] DEBUG com.mouse.bet.window.Bet9ja - 📊 🔍 Polling for BetLegTask from queue...
2026-02-14 16:45:05.902 [BettingWindow-3] DEBUG com.mouse.bet.window.Bet9ja - 📊 🔍 Polling for BetLegTask from queue...
2026-02-14 16:45:09.457 [BettingWindow-3] DEBUG com.mouse.bet.window.Bet9ja - 📊 🔍 Polling for BetLegTask from queue...
2026-02-14 16:45:13.607 [BettingWindow-3] DEBUG com.mouse.bet.window.Bet9ja - 📊 🔍 Polling for BetLegTask from queue...
2026-02-14 16:45:17.255 [BettingWindow-3] DEBUG com.mouse.bet.window.Bet9ja - 📊 🔍 Polling for BetLegTask from queue...
2026-02-14 16:45:20.696 [BettingWindow-3] DEBUG com.mouse.bet.window.Bet9ja - 📊 🔍 Polling for BetLegTask from queue...
2026-02-14 16:45:24.541 [BettingWindow-3] DEBUG com.mouse.bet.window.Bet9ja - 📊 🔍 Polling for BetLegTask from queue...
2026-02-14 16:45:28.774 [BettingWindow-3] DEBUG com.mouse.bet.window.Bet9ja - 📊 🔍 Polling for BetLegTask from queue...
2026-02-14 16:45:32.683 [BettingWindow-3] DEBUG com.mouse.bet.window.Bet9ja - 📊 🔍 Polling for BetLegTask from queue...
2026-02-14 16:45:36.650 [BettingWindow-3] DEBUG com.mouse.bet.window.Bet9ja - 📊 🔍 Polling for BetLegTask from queue...
2026-02-14 16:45:41.030 [BettingWindow-3] DEBUG com.mouse.bet.window.Bet9ja - 📊 🔍 Polling for BetLegTask from queue...
2026-02-14 16:45:45.268 [BettingWindow-3] DEBUG com.mouse.bet.window.Bet9ja - 📊 🔍 Polling for BetLegTask from queue...
2026-02-14 16:45:49.715 [BettingWindow-3] DEBUG com.mouse.bet.window.Bet9ja - 📊 🔍 Polling for BetLegTask from queue...
2026-02-14 16:45:53.984 [BettingWindow-3] DEBUG com.mouse.bet.window.Bet9ja - 📊 🔍 Polling for BetLegTask from queue...
2026-02-14 16:45:57.711 [BettingWindow-3] DEBUG com.mouse.bet.window.Bet9ja - 📊 🔍 Polling for BetLegTask from queue...
2026-02-14 16:46:01.417 [BettingWindow-3] DEBUG com.mouse.bet.window.Bet9ja - 📊 🔍 Polling for BetLegTask from queue...
2026-02-14 16:46:04.635 [BettingWindow-3] DEBUG com.mouse.bet.window.Bet9ja - 📊 🔍 Polling for BetLegTask from queue...
2026-02-14 16:46:07.665 [BettingWindow-3] DEBUG com.mouse.bet.window.Bet9ja - 📊 🔍 Polling for BetLegTask from queue...
2026-02-14 16:46:12.151 [BettingWindow-3] DEBUG com.mouse.bet.window.Bet9ja - 📊 🔍 Polling for BetLegTask from queue...
2026-02-14 16:46:15.458 [BettingWindow-3] DEBUG com.mouse.bet.window.Bet9ja - 📊 🔍 Polling for BetLegTask from queue...
2026-02-14 16:46:19.392 [BettingWindow-3] DEBUG com.mouse.bet.window.Bet9ja - 📊 🔍 Polling for BetLegTask from queue...
2026-02-14 16:46:23.320 [BettingWindow-3] DEBUG com.mouse.bet.window.Bet9ja - 📊 🔍 Polling for BetLegTask from queue...
2026-02-14 16:46:26.640 [BettingWindow-3] DEBUG com.mouse.bet.window.Bet9ja - 📊 🔍 Polling for BetLegTask from queue...
2026-02-14 16:46:30.922 [BettingWindow-3] DEBUG com.mouse.bet.window.Bet9ja - 📊 🔍 Polling for BetLegTask from queue...
2026-02-14 16:46:35.269 [BettingWindow-3] DEBUG com.mouse.bet.window.Bet9ja - 📊 🔍 Polling for BetLegTask from queue...
2026-02-14 16:46:39.387 [BettingWindow-3] DEBUG com.mouse.bet.window.Bet9ja - 📊 🔍 Polling for BetLegTask from queue...
2026-02-14 16:46:43.364 [BettingWindow-3] DEBUG com.mouse.bet.window.Bet9ja - 📊 🔍 Polling for BetLegTask from queue...
2026-02-14 16:46:47.274 [BettingWindow-3] DEBUG com.mouse.bet.window.Bet9ja - 📊 🔍 Polling for BetLegTask from queue...
2026-02-14 16:46:51.256 [BettingWindow-3] DEBUG com.mouse.bet.window.Bet9ja - 📊 🔍 Polling for BetLegTask from queue...
2026-02-14 16:46:54.338 [BettingWindow-3] DEBUG com.mouse.bet.window.Bet9ja - 📊 🔍 Polling for BetLegTask from queue...
2026-02-14 16:46:58.154 [BettingWindow-3] DEBUG com.mouse.bet.window.Bet9ja - 📊 🔍 Polling for BetLegTask from queue...
2026-02-14 16:47:01.473 [BettingWindow-3] DEBUG com.mouse.bet.window.Bet9ja - 📊 🔍 Polling for BetLegTask from queue...
2026-02-14 16:47:05.441 [BettingWindow-3] DEBUG com.mouse.bet.window.Bet9ja - 📊 🔍 Polling for BetLegTask from queue...
2026-02-14 16:47:08.909 [BettingWindow-3] DEBUG com.mouse.bet.window.Bet9ja - 📊 🔍 Polling for BetLegTask from queue...
2026-02-14 16:47:13.028 [BettingWindow-3] DEBUG com.mouse.bet.window.Bet9ja - 📊 🔍 Polling for BetLegTask from queue...
2026-02-14 16:47:16.069 [BettingWindow-3] DEBUG com.mouse.bet.window.Bet9ja - 📊 🔍 Polling for BetLegTask from queue...
2026-02-14 16:47:19.523 [BettingWindow-3] DEBUG com.mouse.bet.window.Bet9ja - 📊 🔍 Polling for BetLegTask from queue...
2026-02-14 16:47:22.543 [BettingWindow-3] DEBUG com.mouse.bet.window.Bet9ja - 📊 🔍 Polling for BetLegTask from queue...
2026-02-14 16:47:26.945 [BettingWindow-3] DEBUG com.mouse.bet.window.Bet9ja - 📊 🔍 Polling for BetLegTask from queue...
2026-02-14 16:47:31.099 [BettingWindow-3] DEBUG com.mouse.bet.window.Bet9ja - 📊 🔍 Polling for BetLegTask from queue...
2026-02-14 16:47:35.083 [BettingWindow-3] DEBUG com.mouse.bet.window.Bet9ja - 📊 🔍 Polling for BetLegTask from queue...
2026-02-14 16:47:38.462 [BettingWindow-3] DEBUG com.mouse.bet.window.Bet9ja - 📊 🔍 Polling for BetLegTask from queue...
2026-02-14 16:47:42.545 [BettingWindow-3] DEBUG com.mouse.bet.window.Bet9ja - 📊 🔍 Polling for BetLegTask from queue...
2026-02-14 16:47:46.020 [BettingWindow-3] DEBUG com.mouse.bet.window.Bet9ja - 📊 🔍 Polling for BetLegTask from queue...
2026-02-14 16:47:50.013 [BettingWindow-3] DEBUG com.mouse.bet.window.Bet9ja - 📊 🔍 Polling for BetLegTask from queue...
2026-02-14 16:47:54.135 [BettingWindow-3] DEBUG com.mouse.bet.window.Bet9ja - 📊 🔍 Polling for BetLegTask from queue...
2026-02-14 16:47:57.856 [BettingWindow-3] DEBUG com.mouse.bet.window.Bet9ja - 📊 🔍 Polling for BetLegTask from queue...
2026-02-14 16:48:01.574 [BettingWindow-3] DEBUG com.mouse.bet.window.Bet9ja - 📊 🔍 Polling for BetLegTask from queue...
2026-02-14 16:48:05.523 [BettingWindow-3] DEBUG com.mouse.bet.window.Bet9ja - 📊 🔍 Polling for BetLegTask from queue...
2026-02-14 16:48:08.747 [BettingWindow-3] DEBUG com.mouse.bet.window.Bet9ja - 📊 🔍 Polling for BetLegTask from queue...
2026-02-14 16:48:13.039 [BettingWindow-3] DEBUG com.mouse.bet.window.Bet9ja - 📊 🔍 Polling for BetLegTask from queue...
2026-02-14 16:48:16.905 [BettingWindow-3] DEBUG com.mouse.bet.window.Bet9ja - 📊 🔍 Polling for BetLegTask from queue...
2026-02-14 16:48:20.794 [BettingWindow-3] DEBUG com.mouse.bet.window.Bet9ja - 📊 🔍 Polling for BetLegTask from queue...
2026-02-14 16:48:24.553 [BettingWindow-3] DEBUG com.mouse.bet.window.Bet9ja - 📊 🔍 Polling for BetLegTask from queue...
2026-02-14 16:48:27.942 [BettingWindow-3] DEBUG com.mouse.bet.window.Bet9ja - 📊 🔍 Polling for BetLegTask from queue...
2026-02-14 16:48:31.176 [BettingWindow-3] DEBUG com.mouse.bet.window.Bet9ja - 📊 🔍 Polling for BetLegTask from queue...
2026-02-14 16:48:34.343 [BettingWindow-3] DEBUG com.mouse.bet.window.Bet9ja - 📊 🔍 Polling for BetLegTask from queue...
2026-02-14 16:48:37.506 [BettingWindow-3] DEBUG com.mouse.bet.window.Bet9ja - 📊 🔍 Polling for BetLegTask from queue...
2026-02-14 16:48:42.011 [BettingWindow-3] DEBUG com.mouse.bet.window.Bet9ja - 📊 🔍 Polling for BetLegTask from queue...
2026-02-14 16:52:36.648 [BettingWindow-3] DEBUG com.mouse.bet.window.Bet9ja - 📊 🔍 Polling for BetLegTask from queue...
2026-02-14 16:52:41.103 [BettingWindow-3] DEBUG com.mouse.bet.window.Bet9ja - 📊 🔍 Polling for BetLegTask from queue...
2026-02-14 16:52:45.573 [BettingWindow-3] DEBUG com.mouse.bet.window.Bet9ja - 📊 🔍 Polling for BetLegTask from queue...
2026-02-14 16:52:49.725 [BettingWindow-3] DEBUG com.mouse.bet.window.Bet9ja - 📊 🔍 Polling for BetLegTask from queue...
2026-02-14 16:52:53.845 [BettingWindow-3] DEBUG com.mouse.bet.window.Bet9ja - 📊 🔍 Polling for BetLegTask from queue...
2026-02-14 16:52:58.289 [BettingWindow-3] DEBUG com.mouse.bet.window.Bet9ja - 📊 🔍 Polling for BetLegTask from queue...
2026-02-14 16:53:01.790 [BettingWindow-3] DEBUG com.mouse.bet.window.Bet9ja - 📊 🔍 Polling for BetLegTask from queue...
2026-02-14 16:53:06.331 [BettingWindow-3] DEBUG com.mouse.bet.window.Bet9ja - 📊 🔍 Polling for BetLegTask from queue...
2026-02-14 16:53:10.061 [BettingWindow-3] DEBUG com.mouse.bet.window.Bet9ja - 📊 🔍 Polling for BetLegTask from queue...
2026-02-14 16:53:13.673 [BettingWindow-3] DEBUG com.mouse.bet.window.Bet9ja - 📊 🔍 Polling for BetLegTask from queue...
2026-02-14 16:53:18.114 [BettingWindow-3] DEBUG com.mouse.bet.window.Bet9ja - 📊 🔍 Polling for BetLegTask from queue...
2026-02-14 16:53:21.334 [BettingWindow-3] DEBUG com.mouse.bet.window.Bet9ja - 📊 🔍 Polling for BetLegTask from queue...
2026-02-14 16:53:24.831 [BettingWindow-3] DEBUG com.mouse.bet.window.Bet9ja - 📊 🔍 Polling for BetLegTask from queue...
2026-02-14 16:53:29.243 [BettingWindow-3] DEBUG com.mouse.bet.window.Bet9ja - 📊 🔍 Polling for BetLegTask from queue...
2026-02-14 16:53:32.444 [BettingWindow-3] DEBUG com.mouse.bet.window.Bet9ja - 📊 🔍 Polling for BetLegTask from queue...
2026-02-14 16:53:35.728 [BettingWindow-3] DEBUG com.mouse.bet.window.Bet9ja - 📊 🔍 Polling for BetLegTask from queue...
2026-02-14 16:53:39.133 [BettingWindow-3] DEBUG com.mouse.bet.window.Bet9ja - 📊 🔍 Polling for BetLegTask from queue...
2026-02-14 16:53:42.943 [BettingWindow-3] DEBUG com.mouse.bet.window.Bet9ja - 📊 🔍 Polling for BetLegTask from queue...
2026-02-14 16:53:48.221 [BettingWindow-3] DEBUG com.mouse.bet.window.Bet9ja - 📊 🔍 Polling for BetLegTask from queue...
2026-02-14 16:53:52.207 [BettingWindow-3] DEBUG com.mouse.bet.window.Bet9ja - 📊 🔍 Polling for BetLegTask from queue...
2026-02-14 16:53:56.199 [BettingWindow-3] DEBUG com.mouse.bet.window.Bet9ja - 📊 🔍 Polling for BetLegTask from queue...
2026-02-14 16:54:00.555 [BettingWindow-3] DEBUG com.mouse.bet.window.Bet9ja - 📊 🔍 Polling for BetLegTask from queue...
2026-02-14 16:54:04.996 [BettingWindow-3] DEBUG com.mouse.bet.window.Bet9ja - 📊 🔍 Polling for BetLegTask from queue...
2026-02-14 16:54:08.105 [BettingWindow-3] DEBUG com.mouse.bet.window.Bet9ja - 📊 🔍 Polling for BetLegTask from queue...
2026-02-14 16:54:12.295 [BettingWindow-3] DEBUG com.mouse.bet.window.Bet9ja - 📊 🔍 Polling for BetLegTask from queue...
2026-02-14 16:54:15.724 [BettingWindow-3] DEBUG com.mouse.bet.window.Bet9ja - 📊 🔍 Polling for BetLegTask from queue...
2026-02-14 16:54:19.321 [BettingWindow-3] DEBUG com.mouse.bet.window.Bet9ja - 📊 🔍 Polling for BetLegTask from queue...
2026-02-14 16:54:23.098 [BettingWindow-3] DEBUG com.mouse.bet.window.Bet9ja - 📊 🔍 Polling for BetLegTask from queue...
2026-02-14 16:54:27.586 [BettingWindow-3] DEBUG com.mouse.bet.window.Bet9ja - 📊 🔍 Polling for BetLegTask from queue...
2026-02-14 16:54:30.906 [BettingWindow-3] DEBUG com.mouse.bet.window.Bet9ja - 📊 🔍 Polling for BetLegTask from queue...
2026-02-14 16:54:34.977 [BettingWindow-3] DEBUG com.mouse.bet.window.Bet9ja - 📊 🔍 Polling for BetLegTask from queue...
2026-02-14 16:54:38.528 [BettingWindow-3] DEBUG com.mouse.bet.window.Bet9ja - 📊 🔍 Polling for BetLegTask from queue...
2026-02-14 16:54:41.554 [BettingWindow-3] DEBUG com.mouse.bet.window.Bet9ja - 📊 🔍 Polling for BetLegTask from queue...
2026-02-14 16:54:45.516 [BettingWindow-3] DEBUG com.mouse.bet.window.Bet9ja - 📊 🔍 Polling for BetLegTask from queue...
2026-02-14 16:54:49.448 [BettingWindow-3] DEBUG com.mouse.bet.window.Bet9ja - 📊 🔍 Polling for BetLegTask from queue...
2026-02-14 16:54:52.578 [BettingWindow-3] DEBUG com.mouse.bet.window.Bet9ja - 📊 🔍 Polling for BetLegTask from queue...
2026-02-14 16:54:55.674 [BettingWindow-3] DEBUG com.mouse.bet.window.Bet9ja - 📊 🔍 Polling for BetLegTask from queue...
2026-02-14 16:54:59.392 [BettingWindow-3] DEBUG com.mouse.bet.window.Bet9ja - 📊 🔍 Polling for BetLegTask from queue...
2026-02-14 16:55:02.584 [BettingWindow-3] DEBUG com.mouse.bet.window.Bet9ja - 📊 🔍 Polling for BetLegTask from queue...
2026-02-14 16:55:06.985 [BettingWindow-3] DEBUG com.mouse.bet.window.Bet9ja - 📊 🔍 Polling for BetLegTask from queue...
2026-02-14 16:55:10.667 [BettingWindow-3] DEBUG com.mouse.bet.window.Bet9ja - 📊 🔍 Polling for BetLegTask from queue...
2026-02-14 16:55:14.577 [BettingWindow-3] DEBUG com.mouse.bet.window.Bet9ja - 📊 🔍 Polling for BetLegTask from queue...
2026-02-14 16:55:18.264 [BettingWindow-3] DEBUG com.mouse.bet.window.Bet9ja - 📊 🔍 Polling for BetLegTask from queue...
2026-02-14 16:55:21.916 [BettingWindow-3] DEBUG com.mouse.bet.window.Bet9ja - 📊 🔍 Polling for BetLegTask from queue...
2026-02-14 16:55:25.696 [BettingWindow-3] DEBUG com.mouse.bet.window.Bet9ja - 📊 🔍 Polling for BetLegTask from queue...
2026-02-14 16:55:29.718 [BettingWindow-3] DEBUG com.mouse.bet.window.Bet9ja - 📊 🔍 Polling for BetLegTask from queue...
2026-02-14 16:55:33.156 [BettingWindow-3] DEBUG com.mouse.bet.window.Bet9ja - 📊 🔍 Polling for BetLegTask from queue...
2026-02-14 16:55:36.521 [BettingWindow-3] DEBUG com.mouse.bet.window.Bet9ja - 📊 🔍 Polling for BetLegTask from queue...
2026-02-14 16:55:40.653 [BettingWindow-3] DEBUG com.mouse.bet.window.Bet9ja - 📊 🔍 Polling for BetLegTask from queue...
2026-02-14 16:55:43.772 [BettingWindow-3] DEBUG com.mouse.bet.window.Bet9ja - 📊 🔍 Polling for BetLegTask from queue...
2026-02-14 16:55:47.446 [BettingWindow-3] DEBUG com.mouse.bet.window.Bet9ja - 📊 🔍 Polling for BetLegTask from queue...
2026-02-14 16:55:50.880 [BettingWindow-3] DEBUG com.mouse.bet.window.Bet9ja - 📊 🔍 Polling for BetLegTask from queue...
2026-02-14 16:55:53.955 [BettingWindow-3] DEBUG com.mouse.bet.window.Bet9ja - 📊 🔍 Polling for BetLegTask from queue...
2026-02-14 16:55:58.397 [BettingWindow-3] DEBUG com.mouse.bet.window.Bet9ja - 📊 🔍 Polling for BetLegTask from queue...
2026-02-14 16:56:02.465 [BettingWindow-3] DEBUG com.mouse.bet.window.Bet9ja - 📊 🔍 Polling for BetLegTask from queue...
2026-02-14 16:56:06.420 [BettingWindow-3] DEBUG com.mouse.bet.window.Bet9ja - 📊 🔍 Polling for BetLegTask from queue...
2026-02-14 16:56:09.477 [BettingWindow-3] DEBUG com.mouse.bet.window.Bet9ja - 📊 🔍 Polling for BetLegTask from queue...
2026-02-14 16:56:13.141 [BettingWindow-3] DEBUG com.mouse.bet.window.Bet9ja - 📊 🔍 Polling for BetLegTask from queue...
2026-02-14 16:56:16.402 [BettingWindow-3] DEBUG com.mouse.bet.window.Bet9ja - 📊 🔍 Polling for BetLegTask from queue...
2026-02-14 16:56:20.035 [BettingWindow-3] DEBUG com.mouse.bet.window.Bet9ja - 📊 🔍 Polling for BetLegTask from queue...
2026-02-14 16:56:23.651 [BettingWindow-3] DEBUG com.mouse.bet.window.Bet9ja - 📊 🔍 Polling for BetLegTask from queue...
2026-02-14 16:56:26.987 [BettingWindow-3] DEBUG com.mouse.bet.window.Bet9ja - 📊 🔍 Polling for BetLegTask from queue...
2026-02-14 16:56:31.433 [BettingWindow-3] DEBUG com.mouse.bet.window.Bet9ja - 📊 🔍 Polling for BetLegTask from queue...
2026-02-14 16:56:34.631 [BettingWindow-3] DEBUG com.mouse.bet.window.Bet9ja - 📊 🔍 Polling for BetLegTask from queue...
2026-02-14 16:56:38.346 [BettingWindow-3] DEBUG com.mouse.bet.window.Bet9ja - 📊 🔍 Polling for BetLegTask from queue...
2026-02-14 16:56:42.329 [BettingWindow-3] DEBUG com.mouse.bet.window.Bet9ja - 📊 🔍 Polling for BetLegTask from queue...
2026-02-14 16:56:46.566 [BettingWindow-3] DEBUG com.mouse.bet.window.Bet9ja - 📊 🔍 Polling for BetLegTask from queue...
2026-02-14 16:56:50.873 [BettingWindow-3] DEBUG com.mouse.bet.window.Bet9ja - 📊 🔍 Polling for BetLegTask from queue...
2026-02-14 16:56:54.170 [BettingWindow-3] DEBUG com.mouse.bet.window.Bet9ja - 📊 🔍 Polling for BetLegTask from queue...
2026-02-14 16:56:58.094 [BettingWindow-3] DEBUG com.mouse.bet.window.Bet9ja - 📊 🔍 Polling for BetLegTask from queue...
2026-02-14 16:57:01.535 [BettingWindow-3] DEBUG com.mouse.bet.window.Bet9ja - 📊 🔍 Polling for BetLegTask from queue...
2026-02-14 16:57:04.956 [BettingWindow-3] DEBUG com.mouse.bet.window.Bet9ja - 📊 🔍 Polling for BetLegTask from queue...
2026-02-14 16:57:09.255 [BettingWindow-3] DEBUG com.mouse.bet.window.Bet9ja - 📊 🔍 Polling for BetLegTask from queue...
2026-02-14 16:57:13.597 [BettingWindow-3] DEBUG com.mouse.bet.window.Bet9ja - 📊 🔍 Polling for BetLegTask from queue...
2026-02-14 16:57:17.843 [BettingWindow-3] DEBUG com.mouse.bet.window.Bet9ja - 📊 🔍 Polling for BetLegTask from queue...
2026-02-14 16:57:21.706 [BettingWindow-3] DEBUG com.mouse.bet.window.Bet9ja - 📊 🔍 Polling for BetLegTask from queue...
2026-02-14 16:57:25.103 [BettingWindow-3] DEBUG com.mouse.bet.window.Bet9ja - 📊 🔍 Polling for BetLegTask from queue...
2026-02-14 16:57:28.875 [BettingWindow-3] DEBUG com.mouse.bet.window.Bet9ja - 📊 🔍 Polling for BetLegTask from queue...
2026-02-14 16:57:32.330 [BettingWindow-3] DEBUG com.mouse.bet.window.Bet9ja - 📊 🔍 Polling for BetLegTask from queue...
2026-02-14 16:57:36.278 [BettingWindow-3] DEBUG com.mouse.bet.window.Bet9ja - 📊 🔍 Polling for BetLegTask from queue...
2026-02-14 16:57:39.978 [BettingWindow-3] DEBUG com.mouse.bet.window.Bet9ja - 📊 🔍 Polling for BetLegTask from queue...
2026-02-14 16:57:43.774 [BettingWindow-3] DEBUG com.mouse.bet.window.Bet9ja - 📊 🔍 Polling for BetLegTask from queue...
2026-02-14 16:57:47.938 [BettingWindow-3] DEBUG com.mouse.bet.window.Bet9ja - 📊 🔍 Polling for BetLegTask from queue...
2026-02-14 16:57:51.175 [BettingWindow-3] DEBUG com.mouse.bet.window.Bet9ja - 📊 🔍 Polling for BetLegTask from queue...
2026-02-14 16:57:55.518 [BettingWindow-3] DEBUG com.mouse.bet.window.Bet9ja - 📊 🔍 Polling for BetLegTask from queue...
2026-02-14 16:58:00.016 [BettingWindow-3] DEBUG com.mouse.bet.window.Bet9ja - 📊 🔍 Polling for BetLegTask from queue...
2026-02-14 16:58:04.270 [BettingWindow-3] DEBUG com.mouse.bet.window.Bet9ja - 📊 🔍 Polling for BetLegTask from queue...
2026-02-14 16:58:07.686 [BettingWindow-3] DEBUG com.mouse.bet.window.Bet9ja - 📊 🔍 Polling for BetLegTask from queue...
2026-02-14 16:58:10.833 [BettingWindow-3] DEBUG com.mouse.bet.window.Bet9ja - 📊 🔍 Polling for BetLegTask from queue...
2026-02-14 16:58:14.756 [BettingWindow-3] DEBUG com.mouse.bet.window.Bet9ja - 📊 🔍 Polling for BetLegTask from queue...
2026-02-14 16:58:17.806 [BettingWindow-3] DEBUG com.mouse.bet.window.Bet9ja - 📊 🔍 Polling for BetLegTask from queue...
2026-02-14 16:58:21.399 [BettingWindow-3] DEBUG com.mouse.bet.window.Bet9ja - 📊 🔍 Polling for BetLegTask from queue...
2026-02-14 16:58:24.547 [BettingWindow-3] DEBUG com.mouse.bet.window.Bet9ja - 📊 🔍 Polling for BetLegTask from queue...
2026-02-14 16:58:28.628 [BettingWindow-3] DEBUG com.mouse.bet.window.Bet9ja - 📊 🔍 Polling for BetLegTask from queue...
2026-02-14 16:58:31.776 [BettingWindow-3] DEBUG com.mouse.bet.window.Bet9ja - 📊 🔍 Polling for BetLegTask from queue...
2026-02-14 16:58:34.918 [BettingWindow-3] DEBUG com.mouse.bet.window.Bet9ja - 📊 🔍 Polling for BetLegTask from queue...
2026-02-14 16:58:38.603 [BettingWindow-3] DEBUG com.mouse.bet.window.Bet9ja - 📊 🔍 Polling for BetLegTask from queue...
2026-02-14 16:58:41.678 [BettingWindow-3] DEBUG com.mouse.bet.window.Bet9ja - 📊 🔍 Polling for BetLegTask from queue...
2026-02-14 16:58:44.975 [BettingWindow-3] DEBUG com.mouse.bet.window.Bet9ja - 📊 🔍 Polling for BetLegTask from queue...
2026-02-14 16:58:48.864 [BettingWindow-3] DEBUG com.mouse.bet.window.Bet9ja - 📊 🔍 Polling for BetLegTask from queue...
2026-02-14 16:58:52.494 [BettingWindow-3] DEBUG com.mouse.bet.window.Bet9ja - 📊 🔍 Polling for BetLegTask from queue...
2026-02-14 16:58:56.715 [BettingWindow-3] DEBUG com.mouse.bet.window.Bet9ja - 📊 🔍 Polling for BetLegTask from queue...
2026-02-14 16:59:00.250 [BettingWindow-3] DEBUG com.mouse.bet.window.Bet9ja - 📊 🔍 Polling for BetLegTask from queue...
2026-02-14 16:59:03.959 [BettingWindow-3] DEBUG com.mouse.bet.window.Bet9ja - 📊 🔍 Polling for BetLegTask from queue...
2026-02-14 16:59:08.146 [BettingWindow-3] DEBUG com.mouse.bet.window.Bet9ja - 📊 🔍 Polling for BetLegTask from queue...
2026-02-14 16:59:12.611 [BettingWindow-3] DEBUG com.mouse.bet.window.Bet9ja - 📊 🔍 Polling for BetLegTask from queue...
2026-02-14 16:59:15.789 [BettingWindow-3] DEBUG com.mouse.bet.window.Bet9ja - 📊 🔍 Polling for BetLegTask from queue...
2026-02-14 16:59:18.985 [BettingWindow-3] DEBUG com.mouse.bet.window.Bet9ja - 📊 🔍 Polling for BetLegTask from queue...
2026-02-14 16:59:22.375 [BettingWindow-3] DEBUG com.mouse.bet.window.Bet9ja - 📊 🔍 Polling for BetLegTask from queue...
2026-02-14 16:59:26.820 [BettingWindow-3] DEBUG com.mouse.bet.window.Bet9ja - 📊 🔍 Polling for BetLegTask from queue...
2026-02-14 16:59:30.244 [BettingWindow-3] DEBUG com.mouse.bet.window.Bet9ja - 📊 🔍 Polling for BetLegTask from queue...
2026-02-14 16:59:33.397 [BettingWindow-3] DEBUG com.mouse.bet.window.Bet9ja - 📊 🔍 Polling for BetLegTask from queue...
2026-02-14 16:59:37.026 [BettingWindow-3] DEBUG com.mouse.bet.window.Bet9ja - 📊 🔍 Polling for BetLegTask from queue...
2026-02-14 16:59:41.322 [BettingWindow-3] DEBUG com.mouse.bet.window.Bet9ja - 📊 🔍 Polling for BetLegTask from queue...
2026-02-14 16:59:44.363 [BettingWindow-3] DEBUG com.mouse.bet.window.Bet9ja - 📊 🔍 Polling for BetLegTask from queue...
2026-02-14 16:59:48.220 [BettingWindow-3] DEBUG com.mouse.bet.window.Bet9ja - 📊 🔍 Polling for BetLegTask from queue...
2026-02-14 16:59:52.652 [BettingWindow-3] DEBUG com.mouse.bet.window.Bet9ja - 📊 🔍 Polling for BetLegTask from queue...
2026-02-14 16:59:56.850 [BettingWindow-3] DEBUG com.mouse.bet.window.Bet9ja - 📊 🔍 Polling for BetLegTask from queue...
2026-02-14 16:59:59.947 [BettingWindow-3] DEBUG com.mouse.bet.window.Bet9ja - 📊 🔍 Polling for BetLegTask from queue...
2026-02-14 17:00:03.341 [BettingWindow-3] DEBUG com.mouse.bet.window.Bet9ja - 📊 🔍 Polling for BetLegTask from queue...
2026-02-14 17:00:07.398 [BettingWindow-3] DEBUG com.mouse.bet.window.Bet9ja - 📊 🔍 Polling for BetLegTask from queue...
2026-02-14 17:00:11.509 [BettingWindow-3] DEBUG com.mouse.bet.window.Bet9ja - 📊 🔍 Polling for BetLegTask from queue...
2026-02-14 17:00:14.775 [BettingWindow-3] DEBUG com.mouse.bet.window.Bet9ja - 📊 🔍 Polling for BetLegTask from queue...
2026-02-14 17:00:19.244 [BettingWindow-3] DEBUG com.mouse.bet.window.Bet9ja - 📊 🔍 Polling for BetLegTask from queue...
2026-02-14 17:00:22.380 [BettingWindow-3] DEBUG com.mouse.bet.window.Bet9ja - 📊 🔍 Polling for BetLegTask from queue...
2026-02-14 17:00:25.403 [BettingWindow-3] DEBUG com.mouse.bet.window.Bet9ja - 📊 🔍 Polling for BetLegTask from queue...
2026-02-14 17:00:28.496 [BettingWindow-3] DEBUG com.mouse.bet.window.Bet9ja - 📊 🔍 Polling for BetLegTask from queue...
2026-02-14 17:00:32.655 [BettingWindow-3] DEBUG com.mouse.bet.window.Bet9ja - 📊 🔍 Polling for BetLegTask from queue...
2026-02-14 17:00:35.876 [BettingWindow-3] DEBUG com.mouse.bet.window.Bet9ja - 📊 🔍 Polling for BetLegTask from queue...
2026-02-14 17:00:39.181 [BettingWindow-3] DEBUG com.mouse.bet.window.Bet9ja - 📊 🔍 Polling for BetLegTask from queue...
2026-02-14 17:00:42.546 [BettingWindow-3] DEBUG com.mouse.bet.window.Bet9ja - 📊 🔍 Polling for BetLegTask from queue...
2026-02-14 17:00:45.704 [BettingWindow-3] DEBUG com.mouse.bet.window.Bet9ja - 📊 🔍 Polling for BetLegTask from queue...
2026-02-14 17:00:49.957 [BettingWindow-3] DEBUG com.mouse.bet.window.Bet9ja - 📊 🔍 Polling for BetLegTask from queue...
2026-02-14 17:00:53.333 [BettingWindow-3] DEBUG com.mouse.bet.window.Bet9ja - 📊 🔍 Polling for BetLegTask from queue...
2026-02-14 17:00:57.082 [BettingWindow-3] DEBUG com.mouse.bet.window.Bet9ja - 📊 🔍 Polling for BetLegTask from queue...
2026-02-14 17:01:01.536 [BettingWindow-3] DEBUG com.mouse.bet.window.Bet9ja - 📊 🔍 Polling for BetLegTask from queue...
2026-02-14 17:01:05.889 [BettingWindow-3] DEBUG com.mouse.bet.window.Bet9ja - 📊 🔍 Polling for BetLegTask from queue...
2026-02-14 17:01:09.897 [BettingWindow-3] DEBUG com.mouse.bet.window.Bet9ja - 📊 🔍 Polling for BetLegTask from queue...
2026-02-14 17:01:14.225 [BettingWindow-3] DEBUG com.mouse.bet.window.Bet9ja - 📊 🔍 Polling for BetLegTask from queue...
2026-02-14 17:01:17.899 [BettingWindow-3] DEBUG com.mouse.bet.window.Bet9ja - 📊 🔍 Polling for BetLegTask from queue...
2026-02-14 17:01:21.765 [BettingWindow-3] DEBUG com.mouse.bet.window.Bet9ja - 📊 🔍 Polling for BetLegTask from queue...
2026-02-14 17:01:25.987 [BettingWindow-3] DEBUG com.mouse.bet.window.Bet9ja - 📊 🔍 Polling for BetLegTask from queue...
2026-02-14 17:01:29.720 [BettingWindow-3] DEBUG com.mouse.bet.window.Bet9ja - 📊 🔍 Polling for BetLegTask from queue...
2026-02-14 17:01:33.358 [BettingWindow-3] DEBUG com.mouse.bet.window.Bet9ja - 📊 🔍 Polling for BetLegTask from queue...
2026-02-14 17:01:37.739 [BettingWindow-3] DEBUG com.mouse.bet.window.Bet9ja - 📊 🔍 Polling for BetLegTask from queue...
2026-02-14 17:01:41.564 [BettingWindow-3] DEBUG com.mouse.bet.window.Bet9ja - 📊 🔍 Polling for BetLegTask from queue...
2026-02-14 17:01:44.776 [BettingWindow-3] DEBUG com.mouse.bet.window.Bet9ja - 📊 🔍 Polling for BetLegTask from queue...
2026-02-14 17:01:48.923 [BettingWindow-3] DEBUG com.mouse.bet.window.Bet9ja - 📊 🔍 Polling for BetLegTask from queue...
2026-02-14 17:01:52.111 [BettingWindow-3] DEBUG com.mouse.bet.window.Bet9ja - 📊 🔍 Polling for BetLegTask from queue...
2026-02-14 17:01:56.494 [BettingWindow-3] DEBUG com.mouse.bet.window.Bet9ja - 📊 🔍 Polling for BetLegTask from queue...
2026-02-14 17:02:00.222 [BettingWindow-3] DEBUG com.mouse.bet.window.Bet9ja - 📊 🔍 Polling for BetLegTask from queue...
2026-02-14 17:02:03.788 [BettingWindow-3] DEBUG com.mouse.bet.window.Bet9ja - 📊 🔍 Polling for BetLegTask from queue...
2026-02-14 17:02:08.228 [BettingWindow-3] DEBUG com.mouse.bet.window.Bet9ja - 📊 🔍 Polling for BetLegTask from queue...
2026-02-14 17:02:12.535 [BettingWindow-3] DEBUG com.mouse.bet.window.Bet9ja - 📊 🔍 Polling for BetLegTask from queue...
2026-02-14 17:02:16.266 [BettingWindow-3] DEBUG com.mouse.bet.window.Bet9ja - 📊 🔍 Polling for BetLegTask from queue...
2026-02-14 17:02:20.544 [BettingWindow-3] DEBUG com.mouse.bet.window.Bet9ja - 📊 🔍 Polling for BetLegTask from queue...
2026-02-14 17:02:23.720 [BettingWindow-3] DEBUG com.mouse.bet.window.Bet9ja - 📊 🔍 Polling for BetLegTask from queue...
2026-02-14 17:02:27.279 [BettingWindow-3] DEBUG com.mouse.bet.window.Bet9ja - 📊 🔍 Polling for BetLegTask from queue...
2026-02-14 17:02:30.394 [BettingWindow-3] DEBUG com.mouse.bet.window.Bet9ja - 📊 🔍 Polling for BetLegTask from queue...
2026-02-14 17:02:34.090 [BettingWindow-3] DEBUG com.mouse.bet.window.Bet9ja - 📊 🔍 Polling for BetLegTask from queue...
2026-02-14 17:02:42.004 [BettingWindow-3] DEBUG com.mouse.bet.window.Bet9ja - 📊 🔍 Polling for BetLegTask from queue...
2026-02-14 17:02:45.137 [BettingWindow-3] DEBUG com.mouse.bet.window.Bet9ja - 📊 🔍 Polling for BetLegTask from queue...
2026-02-14 17:02:48.795 [BettingWindow-3] DEBUG com.mouse.bet.window.Bet9ja - 📊 🔍 Polling for BetLegTask from queue...
2026-02-14 17:02:52.047 [BettingWindow-3] DEBUG com.mouse.bet.window.Bet9ja - 📊 🔍 Polling for BetLegTask from queue...
2026-02-14 17:02:55.192 [BettingWindow-3] DEBUG com.mouse.bet.window.Bet9ja - 📊 🔍 Polling for BetLegTask from queue...
2026-02-14 17:02:59.687 [BettingWindow-3] DEBUG com.mouse.bet.window.Bet9ja - 📊 🔍 Polling for BetLegTask from queue...
2026-02-14 17:03:02.754 [BettingWindow-3] DEBUG com.mouse.bet.window.Bet9ja - 📊 🔍 Polling for BetLegTask from queue...
2026-02-14 17:03:07.319 [BettingWindow-3] DEBUG com.mouse.bet.window.Bet9ja - 📊 🔍 Polling for BetLegTask from queue...
2026-02-14 17:03:10.578 [BettingWindow-3] DEBUG com.mouse.bet.window.Bet9ja - 📊 🔍 Polling for BetLegTask from queue...
2026-02-14 17:03:13.854 [BettingWindow-3] DEBUG com.mouse.bet.window.Bet9ja - 📊 🔍 Polling for BetLegTask from queue...
2026-02-14 17:03:18.096 [BettingWindow-3] DEBUG com.mouse.bet.window.Bet9ja - 📊 🔍 Polling for BetLegTask from queue...
2026-02-14 17:03:21.249 [BettingWindow-3] DEBUG com.mouse.bet.window.Bet9ja - 📊 🔍 Polling for BetLegTask from queue...
2026-02-14 17:03:25.365 [BettingWindow-3] DEBUG com.mouse.bet.window.Bet9ja - 📊 🔍 Polling for BetLegTask from queue...
2026-02-14 17:03:29.180 [BettingWindow-3] DEBUG com.mouse.bet.window.Bet9ja - 📊 🔍 Polling for BetLegTask from queue...
2026-02-14 17:03:32.874 [BettingWindow-3] DEBUG com.mouse.bet.window.Bet9ja - 📊 🔍 Polling for BetLegTask from queue...
2026-02-14 17:03:36.617 [BettingWindow-3] DEBUG com.mouse.bet.window.Bet9ja - 📊 🔍 Polling for BetLegTask from queue...
2026-02-14 17:03:40.527 [BettingWindow-3] DEBUG com.mouse.bet.window.Bet9ja - 📊 🔍 Polling for BetLegTask from queue...
2026-02-14 17:03:44.837 [BettingWindow-3] DEBUG com.mouse.bet.window.Bet9ja - 📊 🔍 Polling for BetLegTask from queue...
2026-02-14 17:03:49.176 [BettingWindow-3] DEBUG com.mouse.bet.window.Bet9ja - 📊 🔍 Polling for BetLegTask from queue...
2026-02-14 17:03:52.602 [BettingWindow-3] DEBUG com.mouse.bet.window.Bet9ja - 📊 🔍 Polling for BetLegTask from queue...
2026-02-14 17:03:55.792 [BettingWindow-3] DEBUG com.mouse.bet.window.Bet9ja - 📊 🔍 Polling for BetLegTask from queue...
2026-02-14 17:03:59.478 [BettingWindow-3] DEBUG com.mouse.bet.window.Bet9ja - 📊 🔍 Polling for BetLegTask from queue...
2026-02-14 17:04:03.956 [BettingWindow-3] DEBUG com.mouse.bet.window.Bet9ja - 📊 🔍 Polling for BetLegTask from queue...
2026-02-14 17:04:07.778 [BettingWindow-3] DEBUG com.mouse.bet.window.Bet9ja - 📊 🔍 Polling for BetLegTask from queue...
2026-02-14 17:04:11.625 [BettingWindow-3] DEBUG com.mouse.bet.window.Bet9ja - 📊 🔍 Polling for BetLegTask from queue...
2026-02-14 17:04:15.757 [BettingWindow-3] DEBUG com.mouse.bet.window.Bet9ja - 📊 🔍 Polling for BetLegTask from queue...
2026-02-14 17:04:19.878 [BettingWindow-3] DEBUG com.mouse.bet.window.Bet9ja - 📊 🔍 Polling for BetLegTask from queue...
2026-02-14 17:04:23.920 [BettingWindow-3] DEBUG com.mouse.bet.window.Bet9ja - 📊 🔍 Polling for BetLegTask from queue...
2026-02-14 17:04:27.102 [BettingWindow-3] DEBUG com.mouse.bet.window.Bet9ja - 📊 🔍 Polling for BetLegTask from queue...
2026-02-14 17:04:31.560 [BettingWindow-3] DEBUG com.mouse.bet.window.Bet9ja - 📊 🔍 Polling for BetLegTask from queue...
2026-02-14 17:04:35.731 [BettingWindow-3] DEBUG com.mouse.bet.window.Bet9ja - 📊 🔍 Polling for BetLegTask from queue...
2026-02-14 17:04:39.161 [BettingWindow-3] DEBUG com.mouse.bet.window.Bet9ja - 📊 🔍 Polling for BetLegTask from queue...
2026-02-14 17:04:43.528 [BettingWindow-3] DEBUG com.mouse.bet.window.Bet9ja - 📊 🔍 Polling for BetLegTask from queue...
2026-02-14 17:04:46.889 [BettingWindow-3] DEBUG com.mouse.bet.window.Bet9ja - 📊 🔍 Polling for BetLegTask from queue...
2026-02-14 17:04:50.873 [BettingWindow-3] DEBUG com.mouse.bet.window.Bet9ja - 📊 🔍 Polling for BetLegTask from queue...
2026-02-14 17:04:55.192 [BettingWindow-3] DEBUG com.mouse.bet.window.Bet9ja - 📊 🔍 Polling for BetLegTask from queue...
2026-02-14 17:04:59.687 [BettingWindow-3] DEBUG com.mouse.bet.window.Bet9ja - 📊 🔍 Polling for BetLegTask from queue...
2026-02-14 17:05:03.462 [BettingWindow-3] DEBUG com.mouse.bet.window.Bet9ja - 📊 🔍 Polling for BetLegTask from queue...
2026-02-14 17:05:07.548 [BettingWindow-3] DEBUG com.mouse.bet.window.Bet9ja - 📊 🔍 Polling for BetLegTask from queue...
2026-02-14 17:05:11.974 [BettingWindow-3] DEBUG com.mouse.bet.window.Bet9ja - 📊 🔍 Polling for BetLegTask from queue...
2026-02-14 17:05:15.743 [BettingWindow-3] DEBUG com.mouse.bet.window.Bet9ja - 📊 🔍 Polling for BetLegTask from queue...
2026-02-14 17:05:20.217 [BettingWindow-3] DEBUG com.mouse.bet.window.Bet9ja - 📊 🔍 Polling for BetLegTask from queue...
2026-02-14 17:05:24.673 [BettingWindow-3] DEBUG com.mouse.bet.window.Bet9ja - 📊 🔍 Polling for BetLegTask from queue...
2026-02-14 17:05:27.812 [BettingWindow-3] DEBUG com.mouse.bet.window.Bet9ja - 📊 🔍 Polling for BetLegTask from queue...
2026-02-14 17:05:31.568 [BettingWindow-3] DEBUG com.mouse.bet.window.Bet9ja - 📊 🔍 Polling for BetLegTask from queue...
2026-02-14 17:05:35.301 [BettingWindow-3] DEBUG com.mouse.bet.window.Bet9ja - 📊 🔍 Polling for BetLegTask from queue...
2026-02-14 17:05:39.295 [BettingWindow-3] DEBUG com.mouse.bet.window.Bet9ja - 📊 🔍 Polling for BetLegTask from queue...
2026-02-14 17:05:43.579 [BettingWindow-3] DEBUG com.mouse.bet.window.Bet9ja - 📊 🔍 Polling for BetLegTask from queue...
2026-02-14 17:05:46.821 [BettingWindow-3] DEBUG com.mouse.bet.window.Bet9ja - 📊 🔍 Polling for BetLegTask from queue...
2026-02-14 17:05:51.246 [BettingWindow-3] DEBUG com.mouse.bet.window.Bet9ja - 📊 🔍 Polling for BetLegTask from queue...
2026-02-14 17:05:55.676 [BettingWindow-3] DEBUG com.mouse.bet.window.Bet9ja - 📊 🔍 Polling for BetLegTask from queue...
2026-02-14 17:05:59.994 [BettingWindow-3] DEBUG com.mouse.bet.window.Bet9ja - 📊 🔍 Polling for BetLegTask from queue...
2026-02-14 17:06:04.154 [BettingWindow-3] DEBUG com.mouse.bet.window.Bet9ja - 📊 🔍 Polling for BetLegTask from queue...
2026-02-14 17:06:08.544 [BettingWindow-3] DEBUG com.mouse.bet.window.Bet9ja - 📊 🔍 Polling for BetLegTask from queue...
2026-02-14 17:06:12.654 [BettingWindow-3] DEBUG com.mouse.bet.window.Bet9ja - 📊 🔍 Polling for BetLegTask from queue...
2026-02-14 17:06:15.868 [BettingWindow-3] DEBUG com.mouse.bet.window.Bet9ja - 📊 🔍 Polling for BetLegTask from queue...
2026-02-14 17:06:19.820 [BettingWindow-3] DEBUG com.mouse.bet.window.Bet9ja - 📊 🔍 Polling for BetLegTask from queue...
2026-02-14 17:06:23.128 [BettingWindow-3] DEBUG com.mouse.bet.window.Bet9ja - 📊 🔍 Polling for BetLegTask from queue...
2026-02-14 17:06:27.381 [BettingWindow-3] DEBUG com.mouse.bet.window.Bet9ja - 📊 🔍 Polling for BetLegTask from queue...
2026-02-14 17:06:30.611 [BettingWindow-3] DEBUG com.mouse.bet.window.Bet9ja - 📊 🔍 Polling for BetLegTask from queue...
2026-02-14 17:06:34.566 [BettingWindow-3] DEBUG com.mouse.bet.window.Bet9ja - 📊 🔍 Polling for BetLegTask from queue...
2026-02-14 17:06:37.894 [BettingWindow-3] DEBUG com.mouse.bet.window.Bet9ja - 📊 🔍 Polling for BetLegTask from queue...
2026-02-14 17:06:42.230 [BettingWindow-3] DEBUG com.mouse.bet.window.Bet9ja - 📊 🔍 Polling for BetLegTask from queue...
2026-02-14 17:06:46.437 [BettingWindow-3] DEBUG com.mouse.bet.window.Bet9ja - 📊 🔍 Polling for BetLegTask from queue...
2026-02-14 17:06:49.931 [BettingWindow-3] DEBUG com.mouse.bet.window.Bet9ja - 📊 🔍 Polling for BetLegTask from queue...
2026-02-14 17:06:53.679 [BettingWindow-3] DEBUG com.mouse.bet.window.Bet9ja - 📊 🔍 Polling for BetLegTask from queue...
2026-02-14 17:06:57.911 [BettingWindow-3] DEBUG com.mouse.bet.window.Bet9ja - 📊 🔍 Polling for BetLegTask from queue...
2026-02-14 17:07:01.566 [BettingWindow-3] DEBUG com.mouse.bet.window.Bet9ja - 📊 🔍 Polling for BetLegTask from queue...
2026-02-14 17:07:05.023 [BettingWindow-3] DEBUG com.mouse.bet.window.Bet9ja - 📊 🔍 Polling for BetLegTask from queue...
2026-02-14 17:07:09.054 [BettingWindow-3] DEBUG com.mouse.bet.window.Bet9ja - 📊 🔍 Polling for BetLegTask from queue...
2026-02-14 17:07:13.113 [BettingWindow-3] DEBUG com.mouse.bet.window.Bet9ja - 📊 🔍 Polling for BetLegTask from queue...
2026-02-14 17:07:16.156 [BettingWindow-3] DEBUG com.mouse.bet.window.Bet9ja - 📊 🔍 Polling for BetLegTask from queue...
2026-02-14 17:07:20.599 [BettingWindow-3] DEBUG com.mouse.bet.window.Bet9ja - 📊 🔍 Polling for BetLegTask from queue...
2026-02-14 17:07:24.837 [BettingWindow-3] DEBUG com.mouse.bet.window.Bet9ja - 📊 🔍 Polling for BetLegTask from queue...
2026-02-14 17:07:28.951 [BettingWindow-3] DEBUG com.mouse.bet.window.Bet9ja - 📊 🔍 Polling for BetLegTask from queue...
2026-02-14 17:07:32.643 [BettingWindow-3] DEBUG com.mouse.bet.window.Bet9ja - 📊 🔍 Polling for BetLegTask from queue...
2026-02-14 17:07:35.852 [BettingWindow-3] DEBUG com.mouse.bet.window.Bet9ja - 📊 🔍 Polling for BetLegTask from queue...
2026-02-14 17:07:39.909 [BettingWindow-3] DEBUG com.mouse.bet.window.Bet9ja - 📊 🔍 Polling for BetLegTask from queue...
2026-02-14 17:07:42.957 [BettingWindow-3] DEBUG com.mouse.bet.window.Bet9ja - 📊 🔍 Polling for BetLegTask from queue...
2026-02-14 17:07:46.934 [BettingWindow-3] DEBUG com.mouse.bet.window.Bet9ja - 📊 🔍 Polling for BetLegTask from queue...
2026-02-14 17:07:50.010 [BettingWindow-3] DEBUG com.mouse.bet.window.Bet9ja - 📊 🔍 Polling for BetLegTask from queue...
2026-02-14 17:07:54.083 [BettingWindow-3] DEBUG com.mouse.bet.window.Bet9ja - 📊 🔍 Polling for BetLegTask from queue...
2026-02-14 17:07:57.414 [BettingWindow-3] DEBUG com.mouse.bet.window.Bet9ja - 📊 🔍 Polling for BetLegTask from queue...
2026-02-14 17:08:01.834 [BettingWindow-3] DEBUG com.mouse.bet.window.Bet9ja - 📊 🔍 Polling for BetLegTask from queue...
2026-02-14 17:08:05.734 [BettingWindow-3] DEBUG com.mouse.bet.window.Bet9ja - 📊 🔍 Polling for BetLegTask from queue...
2026-02-14 17:08:11.376 [BettingWindow-3] DEBUG com.mouse.bet.window.Bet9ja - 📊 🔍 Polling for BetLegTask from queue...
2026-02-14 17:08:15.160 [BettingWindow-3] DEBUG com.mouse.bet.window.Bet9ja - 📊 🔍 Polling for BetLegTask from queue...
2026-02-14 17:08:18.554 [BettingWindow-3] DEBUG com.mouse.bet.window.Bet9ja - 📊 🔍 Polling for BetLegTask from queue...
2026-02-14 17:08:22.437 [BettingWindow-3] DEBUG com.mouse.bet.window.Bet9ja - 📊 🔍 Polling for BetLegTask from queue...
2026-02-14 17:08:26.895 [BettingWindow-3] DEBUG com.mouse.bet.window.Bet9ja - 📊 🔍 Polling for BetLegTask from queue...
2026-02-14 17:08:31.071 [BettingWindow-3] DEBUG com.mouse.bet.window.Bet9ja - 📊 🔍 Polling for BetLegTask from queue...
2026-02-14 17:08:34.879 [BettingWindow-3] DEBUG com.mouse.bet.window.Bet9ja - 📊 🔍 Polling for BetLegTask from queue...
2026-02-14 17:08:39.238 [BettingWindow-3] DEBUG com.mouse.bet.window.Bet9ja - 📊 🔍 Polling for BetLegTask from queue...
2026-02-14 17:08:42.783 [BettingWindow-3] DEBUG com.mouse.bet.window.Bet9ja - 📊 🔍 Polling for BetLegTask from queue...
2026-02-14 17:08:46.504 [BettingWindow-3] DEBUG com.mouse.bet.window.Bet9ja - 📊 🔍 Polling for BetLegTask from queue...
2026-02-14 17:08:50.472 [BettingWindow-3] DEBUG com.mouse.bet.window.Bet9ja - 📊 🔍 Polling for BetLegTask from queue...
2026-02-14 17:08:53.686 [BettingWindow-3] DEBUG com.mouse.bet.window.Bet9ja - 📊 🔍 Polling for BetLegTask from queue...
2026-02-14 17:08:59.778 [BettingWindow-3] DEBUG com.mouse.bet.window.Bet9ja - 📊 🔍 Polling for BetLegTask from queue...
2026-02-14 17:09:02.936 [BettingWindow-3] DEBUG com.mouse.bet.window.Bet9ja - 📊 🔍 Polling for BetLegTask from queue...
2026-02-14 17:09:06.222 [BettingWindow-3] DEBUG com.mouse.bet.window.Bet9ja - 📊 🔍 Polling for BetLegTask from queue...
2026-02-14 17:09:10.612 [BettingWindow-3] DEBUG com.mouse.bet.window.Bet9ja - 📊 🔍 Polling for BetLegTask from queue...
2026-02-14 17:09:14.786 [BettingWindow-3] DEBUG com.mouse.bet.window.Bet9ja - 📊 🔍 Polling for BetLegTask from queue...
2026-02-14 17:09:18.783 [BettingWindow-3] DEBUG com.mouse.bet.window.Bet9ja - 📊 🔍 Polling for BetLegTask from queue...
2026-02-14 17:09:22.407 [BettingWindow-3] DEBUG com.mouse.bet.window.Bet9ja - 📊 🔍 Polling for BetLegTask from queue...
2026-02-14 17:09:26.490 [BettingWindow-3] DEBUG com.mouse.bet.window.Bet9ja - 📊 🔍 Polling for BetLegTask from queue...
2026-02-14 17:09:29.780 [BettingWindow-3] DEBUG com.mouse.bet.window.Bet9ja - 📊 🔍 Polling for BetLegTask from queue...
2026-02-14 17:09:33.768 [BettingWindow-3] DEBUG com.mouse.bet.window.Bet9ja - 📊 🔍 Polling for BetLegTask from queue...
2026-02-14 17:09:38.760 [BettingWindow-3] DEBUG com.mouse.bet.window.Bet9ja - 📊 🔍 Polling for BetLegTask from queue...
2026-02-14 17:09:41.960 [BettingWindow-3] DEBUG com.mouse.bet.window.Bet9ja - 📊 🔍 Polling for BetLegTask from queue...
2026-02-14 17:09:46.271 [BettingWindow-3] DEBUG com.mouse.bet.window.Bet9ja - 📊 🔍 Polling for BetLegTask from queue...
2026-02-14 17:09:49.627 [BettingWindow-3] DEBUG com.mouse.bet.window.Bet9ja - 📊 🔍 Polling for BetLegTask from queue...
2026-02-14 17:09:53.959 [BettingWindow-3] DEBUG com.mouse.bet.window.Bet9ja - 📊 🔍 Polling for BetLegTask from queue...
2026-02-14 17:09:58.396 [BettingWindow-3] DEBUG com.mouse.bet.window.Bet9ja - 📊 🔍 Polling for BetLegTask from queue...
2026-02-14 17:10:01.879 [BettingWindow-3] DEBUG com.mouse.bet.window.Bet9ja - 📊 🔍 Polling for BetLegTask from queue...
2026-02-14 17:10:06.360 [BettingWindow-3] DEBUG com.mouse.bet.window.Bet9ja - 📊 🔍 Polling for BetLegTask from queue...
2026-02-14 17:10:10.718 [BettingWindow-3] DEBUG com.mouse.bet.window.Bet9ja - 📊 🔍 Polling for BetLegTask from queue...
2026-02-14 17:10:13.884 [BettingWindow-3] DEBUG com.mouse.bet.window.Bet9ja - 📊 🔍 Polling for BetLegTask from queue...
2026-02-14 17:10:17.424 [BettingWindow-3] DEBUG com.mouse.bet.window.Bet9ja - 📊 🔍 Polling for BetLegTask from queue...
2026-02-14 17:10:21.568 [BettingWindow-3] DEBUG com.mouse.bet.window.Bet9ja - 📊 🔍 Polling for BetLegTask from queue...
2026-02-14 17:10:25.108 [BettingWindow-3] DEBUG com.mouse.bet.window.Bet9ja - 📊 🔍 Polling for BetLegTask from queue...
2026-02-14 17:10:29.589 [BettingWindow-3] DEBUG com.mouse.bet.window.Bet9ja - 📊 🔍 Polling for BetLegTask from queue...
2026-02-14 17:10:43.472 [BettingWindow-3] DEBUG com.mouse.bet.window.Bet9ja - 📊 🔍 Polling for BetLegTask from queue...
2026-02-14 17:10:47.096 [BettingWindow-3] DEBUG com.mouse.bet.window.Bet9ja - 📊 🔍 Polling for BetLegTask from queue...
2026-02-14 17:10:51.051 [BettingWindow-3] DEBUG com.mouse.bet.window.Bet9ja - 📊 🔍 Polling for BetLegTask from queue...
2026-02-14 17:10:54.292 [BettingWindow-3] DEBUG com.mouse.bet.window.Bet9ja - 📊 🔍 Polling for BetLegTask from queue...
2026-02-14 17:10:57.706 [BettingWindow-3] DEBUG com.mouse.bet.window.Bet9ja - 📊 🔍 Polling for BetLegTask from queue...
2026-02-14 17:11:02.154 [BettingWindow-3] DEBUG com.mouse.bet.window.Bet9ja - 📊 🔍 Polling for BetLegTask from queue...
2026-02-14 17:11:05.287 [BettingWindow-3] DEBUG com.mouse.bet.window.Bet9ja - 📊 🔍 Polling for BetLegTask from queue...
2026-02-14 17:11:09.043 [BettingWindow-3] DEBUG com.mouse.bet.window.Bet9ja - 📊 🔍 Polling for BetLegTask from queue...
2026-02-14 17:11:12.818 [BettingWindow-3] DEBUG com.mouse.bet.window.Bet9ja - 📊 🔍 Polling for BetLegTask from queue...
2026-02-14 17:11:17.284 [BettingWindow-3] DEBUG com.mouse.bet.window.Bet9ja - 📊 🔍 Polling for BetLegTask from queue...
2026-02-14 17:11:28.710 [BettingWindow-3] DEBUG com.mouse.bet.window.Bet9ja - 📊 🔍 Polling for BetLegTask from queue...
2026-02-14 17:11:33.057 [BettingWindow-3] DEBUG com.mouse.bet.window.Bet9ja - 📊 🔍 Polling for BetLegTask from queue...
2026-02-14 17:11:37.390 [BettingWindow-3] DEBUG com.mouse.bet.window.Bet9ja - 📊 🔍 Polling for BetLegTask from queue...
2026-02-14 17:11:41.717 [BettingWindow-3] DEBUG com.mouse.bet.window.Bet9ja - 📊 🔍 Polling for BetLegTask from queue...
2026-02-14 17:11:45.750 [BettingWindow-3] DEBUG com.mouse.bet.window.Bet9ja - 📊 🔍 Polling for BetLegTask from queue...
2026-02-14 17:11:49.921 [BettingWindow-3] DEBUG com.mouse.bet.window.Bet9ja - 📊 🔍 Polling for BetLegTask from queue...
2026-02-14 17:11:53.610 [BettingWindow-3] DEBUG com.mouse.bet.window.Bet9ja - 📊 🔍 Polling for BetLegTask from queue...
2026-02-14 17:11:57.138 [BettingWindow-3] DEBUG com.mouse.bet.window.Bet9ja - 📊 🔍 Polling for BetLegTask from queue...
2026-02-14 17:12:05.952 [BettingWindow-3] DEBUG com.mouse.bet.window.Bet9ja - 📊 🔍 Polling for BetLegTask from queue...
2026-02-14 17:12:09.838 [BettingWindow-3] DEBUG com.mouse.bet.window.Bet9ja - 📊 🔍 Polling for BetLegTask from queue...
2026-02-14 17:12:13.157 [BettingWindow-3] DEBUG com.mouse.bet.window.Bet9ja - 📊 🔍 Polling for BetLegTask from queue...
2026-02-14 17:12:17.166 [BettingWindow-3] DEBUG com.mouse.bet.window.Bet9ja - 📊 🔍 Polling for BetLegTask from queue...
2026-02-14 17:12:20.900 [BettingWindow-3] DEBUG com.mouse.bet.window.Bet9ja - 📊 🔍 Polling for BetLegTask from queue...
2026-02-14 17:12:24.126 [BettingWindow-3] DEBUG com.mouse.bet.window.Bet9ja - 📊 🔍 Polling for BetLegTask from queue...
2026-02-14 17:12:27.195 [BettingWindow-3] DEBUG com.mouse.bet.window.Bet9ja - 📊 🔍 Polling for BetLegTask from queue...
2026-02-14 17:12:31.650 [BettingWindow-3] DEBUG com.mouse.bet.window.Bet9ja - 📊 🔍 Polling for BetLegTask from queue...
2026-02-14 17:12:43.483 [BettingWindow-3] DEBUG com.mouse.bet.window.Bet9ja - 📊 🔍 Polling for BetLegTask from queue...
2026-02-14 17:13:03.793 [BettingWindow-3] DEBUG com.mouse.bet.window.Bet9ja - 📊 🔍 Polling for BetLegTask from queue...
2026-02-14 17:13:10.653 [BettingWindow-3] DEBUG com.mouse.bet.window.Bet9ja - 📊 🔍 Polling for BetLegTask from queue...
2026-02-14 17:13:14.036 [BettingWindow-3] DEBUG com.mouse.bet.window.Bet9ja - 📊 🔍 Polling for BetLegTask from queue...
2026-02-14 17:13:18.495 [BettingWindow-3] DEBUG com.mouse.bet.window.Bet9ja - 📊 🔍 Polling for BetLegTask from queue...
2026-02-14 17:13:22.512 [BettingWindow-3] DEBUG com.mouse.bet.window.Bet9ja - 📊 🔍 Polling for BetLegTask from queue...
2026-02-14 17:13:26.834 [BettingWindow-3] DEBUG com.mouse.bet.window.Bet9ja - 📊 🔍 Polling for BetLegTask from queue...
2026-02-14 17:13:30.997 [BettingWindow-3] DEBUG com.mouse.bet.window.Bet9ja - 📊 🔍 Polling for BetLegTask from queue...
2026-02-14 17:13:34.407 [BettingWindow-3] DEBUG com.mouse.bet.window.Bet9ja - 📊 🔍 Polling for BetLegTask from queue...
2026-02-14 17:13:38.091 [BettingWindow-3] DEBUG com.mouse.bet.window.Bet9ja - 📊 🔍 Polling for BetLegTask from queue...
2026-02-14 17:13:41.401 [BettingWindow-3] DEBUG com.mouse.bet.window.Bet9ja - 📊 🔍 Polling for BetLegTask from queue...
2026-02-14 17:13:45.648 [BettingWindow-3] DEBUG com.mouse.bet.window.Bet9ja - 📊 🔍 Polling for BetLegTask from queue...
2026-02-14 17:13:50.121 [BettingWindow-3] DEBUG com.mouse.bet.window.Bet9ja - 📊 🔍 Polling for BetLegTask from queue...
2026-02-14 17:13:53.522 [BettingWindow-3] DEBUG com.mouse.bet.window.Bet9ja - 📊 🔍 Polling for BetLegTask from queue...
2026-02-14 17:13:57.161 [BettingWindow-3] DEBUG com.mouse.bet.window.Bet9ja - 📊 🔍 Polling for BetLegTask from queue...
2026-02-14 17:14:01.187 [BettingWindow-3] DEBUG com.mouse.bet.window.Bet9ja - 📊 🔍 Polling for BetLegTask from queue...
2026-02-14 17:14:05.220 [BettingWindow-3] DEBUG com.mouse.bet.window.Bet9ja - 📊 🔍 Polling for BetLegTask from queue...
2026-02-14 17:14:08.655 [BettingWindow-3] DEBUG com.mouse.bet.window.Bet9ja - 📊 🔍 Polling for BetLegTask from queue...
2026-02-14 17:14:12.422 [BettingWindow-3] DEBUG com.mouse.bet.window.Bet9ja - 📊 🔍 Polling for BetLegTask from queue...
2026-02-14 17:14:15.686 [BettingWindow-3] DEBUG com.mouse.bet.window.Bet9ja - 📊 🔍 Polling for BetLegTask from queue...
2026-02-14 17:14:19.692 [BettingWindow-3] DEBUG com.mouse.bet.window.Bet9ja - 📊 🔍 Polling for BetLegTask from queue...
2026-02-14 17:14:24.122 [BettingWindow-3] DEBUG com.mouse.bet.window.Bet9ja - 📊 🔍 Polling for BetLegTask from queue...
2026-02-14 17:14:28.397 [BettingWindow-3] DEBUG com.mouse.bet.window.Bet9ja - 📊 🔍 Polling for BetLegTask from queue...
2026-02-14 17:14:32.526 [BettingWindow-3] DEBUG com.mouse.bet.window.Bet9ja - 📊 🔍 Polling for BetLegTask from queue...
2026-02-14 17:14:38.758 [BettingWindow-3] DEBUG com.mouse.bet.window.Bet9ja - 📊 🔍 Polling for BetLegTask from queue...
2026-02-14 17:14:42.578 [BettingWindow-3] DEBUG com.mouse.bet.window.Bet9ja - 📊 🔍 Polling for BetLegTask from queue...
2026-02-14 17:14:45.626 [BettingWindow-3] DEBUG com.mouse.bet.window.Bet9ja - 📊 🔍 Polling for BetLegTask from queue...
2026-02-14 17:14:49.950 [BettingWindow-3] DEBUG com.mouse.bet.window.Bet9ja - 📊 🔍 Polling for BetLegTask from queue...
2026-02-14 17:14:53.762 [BettingWindow-3] DEBUG com.mouse.bet.window.Bet9ja - 📊 🔍 Polling for BetLegTask from queue...
2026-02-14 17:14:57.490 [BettingWindow-3] DEBUG com.mouse.bet.window.Bet9ja - 📊 🔍 Polling for BetLegTask from queue...
2026-02-14 17:15:00.621 [BettingWindow-3] DEBUG com.mouse.bet.window.Bet9ja - 📊 🔍 Polling for BetLegTask from queue...
2026-02-14 17:15:04.143 [BettingWindow-3] DEBUG com.mouse.bet.window.Bet9ja - 📊 🔍 Polling for BetLegTask from queue...
2026-02-14 17:15:08.524 [BettingWindow-3] DEBUG com.mouse.bet.window.Bet9ja - 📊 🔍 Polling for BetLegTask from queue...
2026-02-14 17:15:13.996 [BettingWindow-3] DEBUG com.mouse.bet.window.Bet9ja - 📊 🔍 Polling for BetLegTask from queue...
2026-02-14 17:15:17.970 [BettingWindow-3] DEBUG com.mouse.bet.window.Bet9ja - 📊 🔍 Polling for BetLegTask from queue...
2026-02-14 17:15:21.454 [BettingWindow-3] DEBUG com.mouse.bet.window.Bet9ja - 📊 🔍 Polling for BetLegTask from queue...
2026-02-14 17:15:25.034 [BettingWindow-3] DEBUG com.mouse.bet.window.Bet9ja - 📊 🔍 Polling for BetLegTask from queue...
2026-02-14 17:15:28.998 [BettingWindow-3] DEBUG com.mouse.bet.window.Bet9ja - 📊 🔍 Polling for BetLegTask from queue...
2026-02-14 17:15:32.380 [BettingWindow-3] DEBUG com.mouse.bet.window.Bet9ja - 📊 🔍 Polling for BetLegTask from queue...
2026-02-14 17:15:35.612 [BettingWindow-3] DEBUG com.mouse.bet.window.Bet9ja - 📊 🔍 Polling for BetLegTask from queue...
2026-02-14 17:15:39.241 [BettingWindow-3] DEBUG com.mouse.bet.window.Bet9ja - 📊 🔍 Polling for BetLegTask from queue...
2026-02-14 17:15:43.419 [BettingWindow-3] DEBUG com.mouse.bet.window.Bet9ja - 📊 🔍 Polling for BetLegTask from queue...
2026-02-14 17:15:47.226 [BettingWindow-3] DEBUG com.mouse.bet.window.Bet9ja - 📊 🔍 Polling for BetLegTask from queue...
2026-02-14 17:15:50.762 [BettingWindow-3] DEBUG com.mouse.bet.window.Bet9ja - 📊 🔍 Polling for BetLegTask from queue...
2026-02-14 17:15:53.899 [BettingWindow-3] DEBUG com.mouse.bet.window.Bet9ja - 📊 🔍 Polling for BetLegTask from queue...
2026-02-14 17:15:57.170 [BettingWindow-3] DEBUG com.mouse.bet.window.Bet9ja - 📊 🔍 Polling for BetLegTask from queue...
2026-02-14 17:16:00.829 [BettingWindow-3] DEBUG com.mouse.bet.window.Bet9ja - 📊 🔍 Polling for BetLegTask from queue...
2026-02-14 17:16:05.216 [BettingWindow-3] DEBUG com.mouse.bet.window.Bet9ja - 📊 🔍 Polling for BetLegTask from queue...
2026-02-14 17:16:09.211 [BettingWindow-3] DEBUG com.mouse.bet.window.Bet9ja - 📊 🔍 Polling for BetLegTask from queue...
2026-02-14 17:16:12.873 [BettingWindow-3] DEBUG com.mouse.bet.window.Bet9ja - 📊 🔍 Polling for BetLegTask from queue...
2026-02-14 17:16:16.207 [BettingWindow-3] DEBUG com.mouse.bet.window.Bet9ja - 📊 🔍 Polling for BetLegTask from queue...
2026-02-14 17:16:19.813 [BettingWindow-3] DEBUG com.mouse.bet.window.Bet9ja - 📊 🔍 Polling for BetLegTask from queue...
2026-02-14 17:16:24.114 [BettingWindow-3] DEBUG com.mouse.bet.window.Bet9ja - 📊 🔍 Polling for BetLegTask from queue...
2026-02-14 17:16:28.239 [BettingWindow-3] DEBUG com.mouse.bet.window.Bet9ja - 📊 🔍 Polling for BetLegTask from queue...
2026-02-14 17:16:32.528 [BettingWindow-3] DEBUG com.mouse.bet.window.Bet9ja - 📊 🔍 Polling for BetLegTask from queue...
2026-02-14 17:16:36.750 [BettingWindow-3] DEBUG com.mouse.bet.window.Bet9ja - 📊 🔍 Polling for BetLegTask from queue...
2026-02-14 17:16:40.062 [BettingWindow-3] DEBUG com.mouse.bet.window.Bet9ja - 📊 🔍 Polling for BetLegTask from queue...
2026-02-14 17:16:43.685 [BettingWindow-3] DEBUG com.mouse.bet.window.Bet9ja - 📊 🔍 Polling for BetLegTask from queue...
2026-02-14 17:16:47.480 [BettingWindow-3] DEBUG com.mouse.bet.window.Bet9ja - 📊 🔍 Polling for BetLegTask from queue...
2026-02-14 17:16:50.807 [BettingWindow-3] DEBUG com.mouse.bet.window.Bet9ja - 📊 🔍 Polling for BetLegTask from queue...
2026-02-14 17:16:54.640 [BettingWindow-3] DEBUG com.mouse.bet.window.Bet9ja - 📊 🔍 Polling for BetLegTask from queue...
2026-02-14 17:16:58.402 [BettingWindow-3] DEBUG com.mouse.bet.window.Bet9ja - 📊 🔍 Polling for BetLegTask from queue...
2026-02-14 17:17:02.092 [BettingWindow-3] DEBUG com.mouse.bet.window.Bet9ja - 📊 🔍 Polling for BetLegTask from queue...
2026-02-14 17:17:06.097 [BettingWindow-3] DEBUG com.mouse.bet.window.Bet9ja - 📊 🔍 Polling for BetLegTask from queue...
2026-02-14 17:17:09.282 [BettingWindow-3] DEBUG com.mouse.bet.window.Bet9ja - 📊 🔍 Polling for BetLegTask from queue...
2026-02-14 17:17:12.636 [BettingWindow-3] DEBUG com.mouse.bet.window.Bet9ja - 📊 🔍 Polling for BetLegTask from queue...
2026-02-14 17:17:16.251 [BettingWindow-3] DEBUG com.mouse.bet.window.Bet9ja - 📊 🔍 Polling for BetLegTask from queue...
2026-02-14 17:17:19.895 [BettingWindow-3] DEBUG com.mouse.bet.window.Bet9ja - 📊 🔍 Polling for BetLegTask from queue...
2026-02-14 17:17:23.334 [BettingWindow-3] DEBUG com.mouse.bet.window.Bet9ja - 📊 🔍 Polling for BetLegTask from queue...
2026-02-14 17:17:26.736 [BettingWindow-3] DEBUG com.mouse.bet.window.Bet9ja - 📊 🔍 Polling for BetLegTask from queue...
2026-02-14 17:17:30.218 [BettingWindow-3] DEBUG com.mouse.bet.window.Bet9ja - 📊 🔍 Polling for BetLegTask from queue...
2026-02-14 17:17:34.372 [BettingWindow-3] DEBUG com.mouse.bet.window.Bet9ja - 📊 🔍 Polling for BetLegTask from queue...
2026-02-14 17:17:38.670 [BettingWindow-3] DEBUG com.mouse.bet.window.Bet9ja - 📊 🔍 Polling for BetLegTask from queue...
2026-02-14 17:17:42.982 [BettingWindow-3] DEBUG com.mouse.bet.window.Bet9ja - 📊 🔍 Polling for BetLegTask from queue...
2026-02-14 17:17:46.694 [BettingWindow-3] DEBUG com.mouse.bet.window.Bet9ja - 📊 🔍 Polling for BetLegTask from queue...
2026-02-14 17:17:50.226 [BettingWindow-3] DEBUG com.mouse.bet.window.Bet9ja - 📊 🔍 Polling for BetLegTask from queue...
2026-02-14 17:17:54.592 [BettingWindow-3] DEBUG com.mouse.bet.window.Bet9ja - 📊 🔍 Polling for BetLegTask from queue...
2026-02-14 17:17:58.021 [BettingWindow-3] DEBUG com.mouse.bet.window.Bet9ja - 📊 🔍 Polling for BetLegTask from queue...
2026-02-14 17:18:01.763 [BettingWindow-3] DEBUG com.mouse.bet.window.Bet9ja - 📊 🔍 Polling for BetLegTask from queue...
2026-02-14 17:18:05.107 [BettingWindow-3] DEBUG com.mouse.bet.window.Bet9ja - 📊 🔍 Polling for BetLegTask from queue...
2026-02-14 17:18:08.607 [BettingWindow-3] DEBUG com.mouse.bet.window.Bet9ja - 📊 🔍 Polling for BetLegTask from queue...
2026-02-14 17:18:12.081 [BettingWindow-3] DEBUG com.mouse.bet.window.Bet9ja - 📊 🔍 Polling for BetLegTask from queue...
2026-02-14 17:18:15.641 [BettingWindow-3] DEBUG com.mouse.bet.window.Bet9ja - 📊 🔍 Polling for BetLegTask from queue...
2026-02-14 17:18:19.527 [BettingWindow-3] DEBUG com.mouse.bet.window.Bet9ja - 📊 🔍 Polling for BetLegTask from queue...
2026-02-14 17:18:22.927 [BettingWindow-3] DEBUG com.mouse.bet.window.Bet9ja - 📊 🔍 Polling for BetLegTask from queue...
2026-02-14 17:18:27.245 [BettingWindow-3] DEBUG com.mouse.bet.window.Bet9ja - 📊 🔍 Polling for BetLegTask from queue...
2026-02-14 17:18:30.524 [BettingWindow-3] DEBUG com.mouse.bet.window.Bet9ja - 📊 🔍 Polling for BetLegTask from queue...
2026-02-14 17:18:33.887 [BettingWindow-3] DEBUG com.mouse.bet.window.Bet9ja - 📊 🔍 Polling for BetLegTask from queue...
2026-02-14 17:18:37.474 [BettingWindow-3] DEBUG com.mouse.bet.window.Bet9ja - 📊 🔍 Polling for BetLegTask from queue...
2026-02-14 17:18:41.714 [BettingWindow-3] DEBUG com.mouse.bet.window.Bet9ja - 📊 🔍 Polling for BetLegTask from queue...
2026-02-14 17:18:45.890 [BettingWindow-3] DEBUG com.mouse.bet.window.Bet9ja - 📊 🔍 Polling for BetLegTask from queue...
2026-02-14 17:18:50.185 [BettingWindow-3] DEBUG com.mouse.bet.window.Bet9ja - 📊 🔍 Polling for BetLegTask from queue...
2026-02-14 17:18:54.281 [BettingWindow-3] DEBUG com.mouse.bet.window.Bet9ja - 📊 🔍 Polling for BetLegTask from queue...
2026-02-14 17:18:57.587 [BettingWindow-3] DEBUG com.mouse.bet.window.Bet9ja - 📊 🔍 Polling for BetLegTask from queue...
2026-02-14 17:19:01.317 [BettingWindow-3] DEBUG com.mouse.bet.window.Bet9ja - 📊 🔍 Polling for BetLegTask from queue...
2026-02-14 17:19:05.387 [BettingWindow-3] DEBUG com.mouse.bet.window.Bet9ja - 📊 🔍 Polling for BetLegTask from queue...
2026-02-14 17:19:08.429 [BettingWindow-3] DEBUG com.mouse.bet.window.Bet9ja - 📊 🔍 Polling for BetLegTask from queue...
2026-02-14 17:19:11.463 [BettingWindow-3] DEBUG com.mouse.bet.window.Bet9ja - 📊 🔍 Polling for BetLegTask from queue...
2026-02-14 17:19:15.507 [BettingWindow-3] DEBUG com.mouse.bet.window.Bet9ja - 📊 🔍 Polling for BetLegTask from queue...
2026-02-14 17:19:19.215 [BettingWindow-3] DEBUG com.mouse.bet.window.Bet9ja - 📊 🔍 Polling for BetLegTask from queue...
2026-02-14 17:19:23.027 [BettingWindow-3] DEBUG com.mouse.bet.window.Bet9ja - 📊 🔍 Polling for BetLegTask from queue...
2026-02-14 17:19:27.335 [BettingWindow-3] DEBUG com.mouse.bet.window.Bet9ja - 📊 🔍 Polling for BetLegTask from queue...
2026-02-14 17:19:36.020 [BettingWindow-3] DEBUG com.mouse.bet.window.Bet9ja - 📊 🔍 Polling for BetLegTask from queue...
2026-02-14 17:19:40.211 [BettingWindow-3] DEBUG com.mouse.bet.window.Bet9ja - 📊 🔍 Polling for BetLegTask from queue...
2026-02-14 17:19:44.029 [BettingWindow-3] DEBUG com.mouse.bet.window.Bet9ja - 📊 🔍 Polling for BetLegTask from queue...
2026-02-14 17:19:48.036 [BettingWindow-3] DEBUG com.mouse.bet.window.Bet9ja - 📊 🔍 Polling for BetLegTask from queue...
2026-02-14 17:19:52.034 [BettingWindow-3] DEBUG com.mouse.bet.window.Bet9ja - 📊 🔍 Polling for BetLegTask from queue...
2026-02-14 17:19:55.048 [BettingWindow-3] DEBUG com.mouse.bet.window.Bet9ja - 📊 🔍 Polling for BetLegTask from queue...
2026-02-14 17:19:59.324 [BettingWindow-3] DEBUG com.mouse.bet.window.Bet9ja - 📊 🔍 Polling for BetLegTask from queue...
2026-02-14 17:20:03.312 [BettingWindow-3] DEBUG com.mouse.bet.window.Bet9ja - 📊 🔍 Polling for BetLegTask from queue...
2026-02-14 17:20:06.400 [BettingWindow-3] DEBUG com.mouse.bet.window.Bet9ja - 📊 🔍 Polling for BetLegTask from queue...
2026-02-14 17:20:10.125 [BettingWindow-3] DEBUG com.mouse.bet.window.Bet9ja - 📊 🔍 Polling for BetLegTask from queue...
2026-02-14 17:20:14.175 [BettingWindow-3] DEBUG com.mouse.bet.window.Bet9ja - 📊 🔍 Polling for BetLegTask from queue...
2026-02-14 17:20:18.581 [BettingWindow-3] DEBUG com.mouse.bet.window.Bet9ja - 📊 🔍 Polling for BetLegTask from queue...
2026-02-14 17:20:22.209 [BettingWindow-3] DEBUG com.mouse.bet.window.Bet9ja - 📊 🔍 Polling for BetLegTask from queue...
2026-02-14 17:20:26.199 [BettingWindow-3] DEBUG com.mouse.bet.window.Bet9ja - 📊 🔍 Polling for BetLegTask from queue...
2026-02-14 17:20:30.662 [BettingWindow-3] DEBUG com.mouse.bet.window.Bet9ja - 📊 🔍 Polling for BetLegTask from queue...
2026-02-14 17:20:34.116 [BettingWindow-3] DEBUG com.mouse.bet.window.Bet9ja - 📊 🔍 Polling for BetLegTask from queue...
2026-02-14 17:20:38.092 [BettingWindow-3] DEBUG com.mouse.bet.window.Bet9ja - 📊 🔍 Polling for BetLegTask from queue...
2026-02-14 17:20:41.256 [BettingWindow-3] DEBUG com.mouse.bet.window.Bet9ja - 📊 🔍 Polling for BetLegTask from queue...
2026-02-14 17:20:45.523 [BettingWindow-3] DEBUG com.mouse.bet.window.Bet9ja - 📊 🔍 Polling for BetLegTask from queue...
2026-02-14 17:20:48.557 [BettingWindow-3] DEBUG com.mouse.bet.window.Bet9ja - 📊 🔍 Polling for BetLegTask from queue...
2026-02-14 17:20:51.657 [BettingWindow-3] DEBUG com.mouse.bet.window.Bet9ja - 📊 🔍 Polling for BetLegTask from queue...
2026-02-14 17:20:56.082 [BettingWindow-3] DEBUG com.mouse.bet.window.Bet9ja - 📊 🔍 Polling for BetLegTask from queue...
2026-02-14 17:21:00.464 [BettingWindow-3] DEBUG com.mouse.bet.window.Bet9ja - 📊 🔍 Polling for BetLegTask from queue...
2026-02-14 17:21:03.481 [BettingWindow-3] DEBUG com.mouse.bet.window.Bet9ja - 📊 🔍 Polling for BetLegTask from queue...
2026-02-14 17:21:06.568 [BettingWindow-3] DEBUG com.mouse.bet.window.Bet9ja - 📊 🔍 Polling for BetLegTask from queue...
2026-02-14 17:21:10.534 [BettingWindow-3] DEBUG com.mouse.bet.window.Bet9ja - 📊 🔍 Polling for BetLegTask from queue...
2026-02-14 17:21:14.080 [BettingWindow-3] DEBUG com.mouse.bet.window.Bet9ja - 📊 🔍 Polling for BetLegTask from queue...
2026-02-14 17:21:17.803 [BettingWindow-3] DEBUG com.mouse.bet.window.Bet9ja - 📊 🔍 Polling for BetLegTask from queue...
2026-02-14 17:21:20.967 [BettingWindow-3] DEBUG com.mouse.bet.window.Bet9ja - 📊 🔍 Polling for BetLegTask from queue...
2026-02-14 17:21:24.800 [BettingWindow-3] DEBUG com.mouse.bet.window.Bet9ja - 📊 🔍 Polling for BetLegTask from queue...
2026-02-14 17:21:27.908 [BettingWindow-3] DEBUG com.mouse.bet.window.Bet9ja - 📊 🔍 Polling for BetLegTask from queue...
2026-02-14 17:21:31.154 [BettingWindow-3] DEBUG com.mouse.bet.window.Bet9ja - 📊 🔍 Polling for BetLegTask from queue...
2026-02-14 17:21:35.229 [BettingWindow-3] DEBUG com.mouse.bet.window.Bet9ja - 📊 🔍 Polling for BetLegTask from queue...
2026-02-14 17:21:39.527 [BettingWindow-3] DEBUG com.mouse.bet.window.Bet9ja - 📊 🔍 Polling for BetLegTask from queue...
2026-02-14 17:21:42.896 [BettingWindow-3] DEBUG com.mouse.bet.window.Bet9ja - 📊 🔍 Polling for BetLegTask from queue...
2026-02-14 17:21:47.390 [BettingWindow-3] DEBUG com.mouse.bet.window.Bet9ja - 📊 🔍 Polling for BetLegTask from queue...
2026-02-14 17:21:50.624 [BettingWindow-3] DEBUG com.mouse.bet.window.Bet9ja - 📊 🔍 Polling for BetLegTask from queue...
2026-02-14 17:21:53.860 [BettingWindow-3] DEBUG com.mouse.bet.window.Bet9ja - 📊 🔍 Polling for BetLegTask from queue...
2026-02-14 17:21:57.039 [BettingWindow-3] DEBUG com.mouse.bet.window.Bet9ja - 📊 🔍 Polling for BetLegTask from queue...
2026-02-14 17:22:01.249 [BettingWindow-3] DEBUG com.mouse.bet.window.Bet9ja - 📊 🔍 Polling for BetLegTask from queue...
2026-02-14 17:22:05.115 [BettingWindow-3] DEBUG com.mouse.bet.window.Bet9ja - 📊 🔍 Polling for BetLegTask from queue...
2026-02-14 17:22:08.727 [BettingWindow-3] DEBUG com.mouse.bet.window.Bet9ja - 📊 🔍 Polling for BetLegTask from queue...
2026-02-14 17:22:12.963 [BettingWindow-3] DEBUG com.mouse.bet.window.Bet9ja - 📊 🔍 Polling for BetLegTask from queue...
2026-02-14 17:22:17.090 [BettingWindow-3] DEBUG com.mouse.bet.window.Bet9ja - 📊 🔍 Polling for BetLegTask from queue...
2026-02-14 17:22:20.200 [BettingWindow-3] DEBUG com.mouse.bet.window.Bet9ja - 📊 🔍 Polling for BetLegTask from queue...
2026-02-14 17:22:24.093 [BettingWindow-3] DEBUG com.mouse.bet.window.Bet9ja - 📊 🔍 Polling for BetLegTask from queue...
2026-02-14 17:22:28.498 [BettingWindow-3] DEBUG com.mouse.bet.window.Bet9ja - 📊 🔍 Polling for BetLegTask from queue...
2026-02-14 17:22:32.113 [BettingWindow-3] DEBUG com.mouse.bet.window.Bet9ja - 📊 🔍 Polling for BetLegTask from queue...
2026-02-14 17:22:35.246 [BettingWindow-3] DEBUG com.mouse.bet.window.Bet9ja - 📊 🔍 Polling for BetLegTask from queue...
2026-02-14 17:22:39.592 [BettingWindow-3] DEBUG com.mouse.bet.window.Bet9ja - 📊 🔍 Polling for BetLegTask from queue...
2026-02-14 17:22:43.401 [BettingWindow-3] DEBUG com.mouse.bet.window.Bet9ja - 📊 🔍 Polling for BetLegTask from queue...
2026-02-14 17:22:46.783 [BettingWindow-3] DEBUG com.mouse.bet.window.Bet9ja - 📊 🔍 Polling for BetLegTask from queue...
2026-02-14 17:22:50.449 [BettingWindow-3] DEBUG com.mouse.bet.window.Bet9ja - 📊 🔍 Polling for BetLegTask from queue...
2026-02-14 17:22:54.549 [BettingWindow-3] DEBUG com.mouse.bet.window.Bet9ja - 📊 🔍 Polling for BetLegTask from queue...
2026-02-14 17:22:58.294 [BettingWindow-3] DEBUG com.mouse.bet.window.Bet9ja - 📊 🔍 Polling for BetLegTask from queue...
2026-02-14 17:23:02.657 [BettingWindow-3] DEBUG com.mouse.bet.window.Bet9ja - 📊 🔍 Polling for BetLegTask from queue...
2026-02-14 17:23:06.362 [BettingWindow-3] DEBUG com.mouse.bet.window.Bet9ja - 📊 🔍 Polling for BetLegTask from queue...
2026-02-14 17:23:09.485 [BettingWindow-3] DEBUG com.mouse.bet.window.Bet9ja - 📊 🔍 Polling for BetLegTask from queue...
2026-02-14 17:23:12.594 [BettingWindow-3] DEBUG com.mouse.bet.window.Bet9ja - 📊 🔍 Polling for BetLegTask from queue...
2026-02-14 17:23:16.339 [BettingWindow-3] DEBUG com.mouse.bet.window.Bet9ja - 📊 🔍 Polling for BetLegTask from queue...
2026-02-14 17:23:20.430 [BettingWindow-3] DEBUG com.mouse.bet.window.Bet9ja - 📊 🔍 Polling for BetLegTask from queue...
2026-02-14 17:23:23.448 [BettingWindow-3] DEBUG com.mouse.bet.window.Bet9ja - 📊 🔍 Polling for BetLegTask from queue...
2026-02-14 17:23:27.388 [BettingWindow-3] DEBUG com.mouse.bet.window.Bet9ja - 📊 🔍 Polling for BetLegTask from queue...
2026-02-14 17:23:30.923 [BettingWindow-3] DEBUG com.mouse.bet.window.Bet9ja - 📊 🔍 Polling for BetLegTask from queue...
2026-02-14 17:23:34.606 [BettingWindow-3] DEBUG com.mouse.bet.window.Bet9ja - 📊 🔍 Polling for BetLegTask from queue...
2026-02-14 17:23:37.916 [BettingWindow-3] DEBUG com.mouse.bet.window.Bet9ja - 📊 🔍 Polling for BetLegTask from queue...
2026-02-14 17:23:41.020 [BettingWindow-3] DEBUG com.mouse.bet.window.Bet9ja - 📊 🔍 Polling for BetLegTask from queue...
2026-02-14 17:23:44.606 [BettingWindow-3] DEBUG com.mouse.bet.window.Bet9ja - 📊 🔍 Polling for BetLegTask from queue...
2026-02-14 17:23:47.747 [BettingWindow-3] DEBUG com.mouse.bet.window.Bet9ja - 📊 🔍 Polling for BetLegTask from queue...
2026-02-14 17:23:51.699 [BettingWindow-3] DEBUG com.mouse.bet.window.Bet9ja - 📊 🔍 Polling for BetLegTask from queue...
2026-02-14 17:23:56.125 [BettingWindow-3] DEBUG com.mouse.bet.window.Bet9ja - 📊 🔍 Polling for BetLegTask from queue...
2026-02-14 17:23:59.315 [BettingWindow-3] DEBUG com.mouse.bet.window.Bet9ja - 📊 🔍 Polling for BetLegTask from queue...
2026-02-14 17:24:02.625 [BettingWindow-3] DEBUG com.mouse.bet.window.Bet9ja - 📊 🔍 Polling for BetLegTask from queue...
2026-02-14 17:24:06.268 [BettingWindow-3] DEBUG com.mouse.bet.window.Bet9ja - 📊 🔍 Polling for BetLegTask from queue...
2026-02-14 17:24:09.303 [BettingWindow-3] DEBUG com.mouse.bet.window.Bet9ja - 📊 🔍 Polling for BetLegTask from queue...
2026-02-14 17:24:12.928 [BettingWindow-3] DEBUG com.mouse.bet.window.Bet9ja - 📊 🔍 Polling for BetLegTask from queue...
2026-02-14 17:24:16.185 [BettingWindow-3] DEBUG com.mouse.bet.window.Bet9ja - 📊 🔍 Polling for BetLegTask from queue...
