2026-02-03 13:31:15.894 [main] INFO  c.m.bet.ingestion.IngestionService - 🚀 ℹ️ Initializing IngestionService...
2026-02-03 13:31:15.931 [main] INFO  c.m.bet.ingestion.IngestionService - ✅ ⚡ Thread pool created with 4 threads
2026-02-03 13:31:15.932 [main] INFO  c.m.bet.ingestion.IngestionService - ✅ 🔄 Polling scheduler initialized
2026-02-03 13:34:25.182 [main] INFO  c.m.bet.ingestion.IngestionService - 🚀 ℹ️ Application ready - starting polling...
2026-02-03 13:34:25.183 [main] INFO  c.m.bet.ingestion.IngestionService - 🚀 🔄 ℹ️ Starting live arbs polling every 2 seconds...
2026-02-03 13:34:25.260 [main] INFO  c.m.bet.ingestion.IngestionService - ✅ 🔄 Polling started successfully
2026-02-03 13:34:25.261 [arb-poller] INFO  c.m.bet.ingestion.IngestionService - 🔄 📥 [Poll #1] Starting live arbs fetch...
2026-02-03 13:34:25.263 [arb-processor-56] DEBUG c.m.bet.ingestion.IngestionService - 📥 Fetching live arbs from API...
2026-02-03 13:34:27.270 [arb-poller] INFO  c.m.bet.ingestion.IngestionService - 🔄 📥 [Poll #2] Starting live arbs fetch...
2026-02-03 13:34:27.271 [arb-poller] DEBUG c.m.bet.ingestion.IngestionService - ⚠️ 🔄 [Poll #2] Previous ingestion still running, skipping
2026-02-03 13:34:29.274 [arb-poller] INFO  c.m.bet.ingestion.IngestionService - 🔄 📥 [Poll #3] Starting live arbs fetch...
2026-02-03 13:34:29.274 [arb-poller] DEBUG c.m.bet.ingestion.IngestionService - ⚠️ 🔄 [Poll #3] Previous ingestion still running, skipping
2026-02-03 13:34:31.268 [arb-poller] INFO  c.m.bet.ingestion.IngestionService - 🔄 📥 [Poll #4] Starting live arbs fetch...
2026-02-03 13:34:31.268 [arb-poller] DEBUG c.m.bet.ingestion.IngestionService - ⚠️ 🔄 [Poll #4] Previous ingestion still running, skipping
2026-02-03 13:34:33.267 [arb-poller] INFO  c.m.bet.ingestion.IngestionService - 🔄 📥 [Poll #5] Starting live arbs fetch...
2026-02-03 13:34:33.268 [arb-poller] DEBUG c.m.bet.ingestion.IngestionService - ⚠️ 🔄 [Poll #5] Previous ingestion still running, skipping
2026-02-03 13:34:35.266 [arb-poller] INFO  c.m.bet.ingestion.IngestionService - 🔄 📥 [Poll #6] Starting live arbs fetch...
2026-02-03 13:34:35.266 [arb-poller] DEBUG c.m.bet.ingestion.IngestionService - ⚠️ 🔄 [Poll #6] Previous ingestion still running, skipping
2026-02-03 13:34:37.264 [arb-poller] INFO  c.m.bet.ingestion.IngestionService - 🔄 📥 [Poll #7] Starting live arbs fetch...
2026-02-03 13:34:37.264 [arb-poller] DEBUG c.m.bet.ingestion.IngestionService - ⚠️ 🔄 [Poll #7] Previous ingestion still running, skipping
2026-02-03 13:34:39.271 [arb-poller] INFO  c.m.bet.ingestion.IngestionService - 🔄 📥 [Poll #8] Starting live arbs fetch...
2026-02-03 13:34:39.271 [arb-poller] DEBUG c.m.bet.ingestion.IngestionService - ⚠️ 🔄 [Poll #8] Previous ingestion still running, skipping
2026-02-03 13:34:41.273 [arb-poller] INFO  c.m.bet.ingestion.IngestionService - 🔄 📥 [Poll #9] Starting live arbs fetch...
2026-02-03 13:34:41.273 [arb-poller] DEBUG c.m.bet.ingestion.IngestionService - ⚠️ 🔄 [Poll #9] Previous ingestion still running, skipping
2026-02-03 13:34:43.888 [arb-poller] INFO  c.m.bet.ingestion.IngestionService - 🔄 📥 [Poll #10] Starting live arbs fetch...
2026-02-03 13:34:43.888 [arb-poller] DEBUG c.m.bet.ingestion.IngestionService - ⚠️ 🔄 [Poll #10] Previous ingestion still running, skipping
2026-02-03 13:34:45.275 [arb-poller] INFO  c.m.bet.ingestion.IngestionService - 🔄 📥 [Poll #11] Starting live arbs fetch...
2026-02-03 13:34:45.275 [arb-poller] DEBUG c.m.bet.ingestion.IngestionService - ⚠️ 🔄 [Poll #11] Previous ingestion still running, skipping
2026-02-03 13:34:47.264 [arb-poller] INFO  c.m.bet.ingestion.IngestionService - 🔄 📥 [Poll #12] Starting live arbs fetch...
2026-02-03 13:34:47.265 [arb-poller] DEBUG c.m.bet.ingestion.IngestionService - ⚠️ 🔄 [Poll #12] Previous ingestion still running, skipping
2026-02-03 13:34:49.268 [arb-poller] INFO  c.m.bet.ingestion.IngestionService - 🔄 📥 [Poll #13] Starting live arbs fetch...
2026-02-03 13:34:49.268 [arb-poller] DEBUG c.m.bet.ingestion.IngestionService - ⚠️ 🔄 [Poll #13] Previous ingestion still running, skipping
2026-02-03 13:34:51.270 [arb-poller] INFO  c.m.bet.ingestion.IngestionService - 🔄 📥 [Poll #14] Starting live arbs fetch...
2026-02-03 13:34:51.270 [arb-poller] DEBUG c.m.bet.ingestion.IngestionService - ⚠️ 🔄 [Poll #14] Previous ingestion still running, skipping
2026-02-03 13:34:53.262 [arb-poller] INFO  c.m.bet.ingestion.IngestionService - 🔄 📥 [Poll #15] Starting live arbs fetch...
2026-02-03 13:34:53.262 [arb-poller] DEBUG c.m.bet.ingestion.IngestionService - ⚠️ 🔄 [Poll #15] Previous ingestion still running, skipping
2026-02-03 13:34:55.260 [arb-poller] INFO  c.m.bet.ingestion.IngestionService - 🔄 📥 [Poll #16] Starting live arbs fetch...
2026-02-03 13:34:55.260 [arb-poller] DEBUG c.m.bet.ingestion.IngestionService - ⚠️ 🔄 [Poll #16] Previous ingestion still running, skipping
2026-02-03 13:34:57.261 [arb-poller] INFO  c.m.bet.ingestion.IngestionService - 🔄 📥 [Poll #17] Starting live arbs fetch...
2026-02-03 13:34:57.261 [arb-poller] DEBUG c.m.bet.ingestion.IngestionService - ⚠️ 🔄 [Poll #17] Previous ingestion still running, skipping
2026-02-03 13:34:59.269 [arb-poller] INFO  c.m.bet.ingestion.IngestionService - 🔄 📥 [Poll #18] Starting live arbs fetch...
2026-02-03 13:35:02.720 [arb-poller] DEBUG c.m.bet.ingestion.IngestionService - ⚠️ 🔄 [Poll #18] Previous ingestion still running, skipping
2026-02-03 13:35:02.720 [arb-poller] INFO  c.m.bet.ingestion.IngestionService - 🔄 📥 [Poll #19] Starting live arbs fetch...
2026-02-03 13:35:02.720 [arb-poller] DEBUG c.m.bet.ingestion.IngestionService - ⚠️ 🔄 [Poll #19] Previous ingestion still running, skipping
2026-02-03 13:35:03.273 [arb-poller] INFO  c.m.bet.ingestion.IngestionService - 🔄 📥 [Poll #20] Starting live arbs fetch...
2026-02-03 13:35:04.099 [arb-poller] DEBUG c.m.bet.ingestion.IngestionService - ⚠️ 🔄 [Poll #20] Previous ingestion still running, skipping
2026-02-03 13:35:05.274 [arb-poller] INFO  c.m.bet.ingestion.IngestionService - 🔄 📥 [Poll #21] Starting live arbs fetch...
2026-02-03 13:35:05.274 [arb-poller] DEBUG c.m.bet.ingestion.IngestionService - ⚠️ 🔄 [Poll #21] Previous ingestion still running, skipping
2026-02-03 13:35:07.263 [arb-poller] INFO  c.m.bet.ingestion.IngestionService - 🔄 📥 [Poll #22] Starting live arbs fetch...
2026-02-03 13:35:07.264 [arb-poller] DEBUG c.m.bet.ingestion.IngestionService - ⚠️ 🔄 [Poll #22] Previous ingestion still running, skipping
2026-02-03 13:35:09.265 [arb-poller] INFO  c.m.bet.ingestion.IngestionService - 🔄 📥 [Poll #23] Starting live arbs fetch...
2026-02-03 13:35:09.265 [arb-poller] DEBUG c.m.bet.ingestion.IngestionService - ⚠️ 🔄 [Poll #23] Previous ingestion still running, skipping
2026-02-03 13:35:11.347 [arb-poller] INFO  c.m.bet.ingestion.IngestionService - 🔄 📥 [Poll #24] Starting live arbs fetch...
2026-02-03 13:35:11.348 [arb-poller] DEBUG c.m.bet.ingestion.IngestionService - ⚠️ 🔄 [Poll #24] Previous ingestion still running, skipping
2026-02-03 13:35:13.269 [arb-poller] INFO  c.m.bet.ingestion.IngestionService - 🔄 📥 [Poll #25] Starting live arbs fetch...
2026-02-03 13:35:13.269 [arb-poller] DEBUG c.m.bet.ingestion.IngestionService - ⚠️ 🔄 [Poll #25] Previous ingestion still running, skipping
2026-02-03 13:35:15.260 [arb-poller] INFO  c.m.bet.ingestion.IngestionService - 🔄 📥 [Poll #26] Starting live arbs fetch...
2026-02-03 13:35:15.260 [arb-poller] DEBUG c.m.bet.ingestion.IngestionService - ⚠️ 🔄 [Poll #26] Previous ingestion still running, skipping
2026-02-03 13:35:17.260 [arb-poller] INFO  c.m.bet.ingestion.IngestionService - 🔄 📥 [Poll #27] Starting live arbs fetch...
2026-02-03 13:35:17.260 [arb-poller] DEBUG c.m.bet.ingestion.IngestionService - ⚠️ 🔄 [Poll #27] Previous ingestion still running, skipping
2026-02-03 13:35:19.265 [arb-poller] INFO  c.m.bet.ingestion.IngestionService - 🔄 📥 [Poll #28] Starting live arbs fetch...
2026-02-03 13:35:19.265 [arb-poller] DEBUG c.m.bet.ingestion.IngestionService - ⚠️ 🔄 [Poll #28] Previous ingestion still running, skipping
2026-02-03 13:35:21.264 [arb-poller] INFO  c.m.bet.ingestion.IngestionService - 🔄 📥 [Poll #29] Starting live arbs fetch...
2026-02-03 13:35:21.265 [arb-poller] DEBUG c.m.bet.ingestion.IngestionService - ⚠️ 🔄 [Poll #29] Previous ingestion still running, skipping
2026-02-03 13:35:23.267 [arb-poller] INFO  c.m.bet.ingestion.IngestionService - 🔄 📥 [Poll #30] Starting live arbs fetch...
2026-02-03 13:35:23.267 [arb-poller] DEBUG c.m.bet.ingestion.IngestionService - ⚠️ 🔄 [Poll #30] Previous ingestion still running, skipping
2026-02-03 13:35:25.286 [arb-poller] INFO  c.m.bet.ingestion.IngestionService - 🔄 📥 [Poll #31] Starting live arbs fetch...
2026-02-03 13:35:25.287 [arb-poller] DEBUG c.m.bet.ingestion.IngestionService - ⚠️ 🔄 [Poll #31] Previous ingestion still running, skipping
2026-02-03 13:35:27.268 [arb-poller] INFO  c.m.bet.ingestion.IngestionService - 🔄 📥 [Poll #32] Starting live arbs fetch...
2026-02-03 13:35:27.268 [arb-poller] DEBUG c.m.bet.ingestion.IngestionService - ⚠️ 🔄 [Poll #32] Previous ingestion still running, skipping
2026-02-03 13:35:30.824 [arb-poller] INFO  c.m.bet.ingestion.IngestionService - 🔄 📥 [Poll #33] Starting live arbs fetch...
2026-02-03 13:35:30.824 [arb-poller] DEBUG c.m.bet.ingestion.IngestionService - ⚠️ 🔄 [Poll #33] Previous ingestion still running, skipping
2026-02-03 13:35:31.274 [arb-poller] INFO  c.m.bet.ingestion.IngestionService - 🔄 📥 [Poll #34] Starting live arbs fetch...
2026-02-03 13:35:31.274 [arb-poller] DEBUG c.m.bet.ingestion.IngestionService - ⚠️ 🔄 [Poll #34] Previous ingestion still running, skipping
2026-02-03 13:35:33.260 [arb-poller] INFO  c.m.bet.ingestion.IngestionService - 🔄 📥 [Poll #35] Starting live arbs fetch...
2026-02-03 13:35:33.260 [arb-poller] DEBUG c.m.bet.ingestion.IngestionService - ⚠️ 🔄 [Poll #35] Previous ingestion still running, skipping
2026-02-03 13:35:35.261 [arb-poller] INFO  c.m.bet.ingestion.IngestionService - 🔄 📥 [Poll #36] Starting live arbs fetch...
2026-02-03 13:35:35.261 [arb-poller] DEBUG c.m.bet.ingestion.IngestionService - ⚠️ 🔄 [Poll #36] Previous ingestion still running, skipping
2026-02-03 13:35:37.267 [arb-poller] INFO  c.m.bet.ingestion.IngestionService - 🔄 📥 [Poll #37] Starting live arbs fetch...
2026-02-03 13:35:37.267 [arb-poller] DEBUG c.m.bet.ingestion.IngestionService - ⚠️ 🔄 [Poll #37] Previous ingestion still running, skipping
2026-02-03 13:35:39.268 [arb-poller] INFO  c.m.bet.ingestion.IngestionService - 🔄 📥 [Poll #38] Starting live arbs fetch...
2026-02-03 13:35:39.268 [arb-poller] DEBUG c.m.bet.ingestion.IngestionService - ⚠️ 🔄 [Poll #38] Previous ingestion still running, skipping
2026-02-03 13:35:41.260 [arb-poller] INFO  c.m.bet.ingestion.IngestionService - 🔄 📥 [Poll #39] Starting live arbs fetch...
2026-02-03 13:35:41.260 [arb-poller] DEBUG c.m.bet.ingestion.IngestionService - ⚠️ 🔄 [Poll #39] Previous ingestion still running, skipping
2026-02-03 13:35:43.274 [arb-poller] INFO  c.m.bet.ingestion.IngestionService - 🔄 📥 [Poll #40] Starting live arbs fetch...
2026-02-03 13:35:43.274 [arb-poller] DEBUG c.m.bet.ingestion.IngestionService - ⚠️ 🔄 [Poll #40] Previous ingestion still running, skipping
2026-02-03 13:35:45.270 [arb-poller] INFO  c.m.bet.ingestion.IngestionService - 🔄 📥 [Poll #41] Starting live arbs fetch...
2026-02-03 13:35:45.270 [arb-poller] DEBUG c.m.bet.ingestion.IngestionService - ⚠️ 🔄 [Poll #41] Previous ingestion still running, skipping
2026-02-03 13:35:47.266 [arb-poller] INFO  c.m.bet.ingestion.IngestionService - 🔄 📥 [Poll #42] Starting live arbs fetch...
2026-02-03 13:35:47.266 [arb-poller] DEBUG c.m.bet.ingestion.IngestionService - ⚠️ 🔄 [Poll #42] Previous ingestion still running, skipping
2026-02-03 13:35:49.262 [arb-poller] INFO  c.m.bet.ingestion.IngestionService - 🔄 📥 [Poll #43] Starting live arbs fetch...
2026-02-03 13:35:49.262 [arb-poller] DEBUG c.m.bet.ingestion.IngestionService - ⚠️ 🔄 [Poll #43] Previous ingestion still running, skipping
2026-02-03 13:35:51.272 [arb-poller] INFO  c.m.bet.ingestion.IngestionService - 🔄 📥 [Poll #44] Starting live arbs fetch...
2026-02-03 13:35:51.272 [arb-poller] DEBUG c.m.bet.ingestion.IngestionService - ⚠️ 🔄 [Poll #44] Previous ingestion still running, skipping
2026-02-03 13:35:53.265 [arb-poller] INFO  c.m.bet.ingestion.IngestionService - 🔄 📥 [Poll #45] Starting live arbs fetch...
2026-02-03 13:35:53.265 [arb-poller] DEBUG c.m.bet.ingestion.IngestionService - ⚠️ 🔄 [Poll #45] Previous ingestion still running, skipping
2026-02-03 13:35:55.264 [arb-poller] INFO  c.m.bet.ingestion.IngestionService - 🔄 📥 [Poll #46] Starting live arbs fetch...
2026-02-03 13:35:55.264 [arb-poller] DEBUG c.m.bet.ingestion.IngestionService - ⚠️ 🔄 [Poll #46] Previous ingestion still running, skipping
2026-02-03 13:35:55.429 [arb-processor-56] DEBUG c.m.bet.ingestion.IngestionService - ✅ 📥 API returned 0 events
2026-02-03 13:35:55.430 [arb-processor-56] DEBUG c.m.bet.ingestion.IngestionService - 🔄 ⚡ ℹ️ Processing 0 events...
2026-02-03 13:35:55.432 [arb-processor-56] ERROR c.m.bet.ingestion.IngestionService - ❌ 🔄 Response validation failed: Errors: 1, Warnings: 1, Info: 1
2026-02-03 13:35:55.432 [arb-processor-56] WARN  c.m.bet.ingestion.IngestionService - ⚠️ 🔄 No events in response
2026-02-03 13:35:55.433 [arb-processor-56] DEBUG c.m.bet.ingestion.IngestionService - 🔄 ℹ️ Transforming 0 parsed items to entities...
2026-02-03 13:35:55.438 [arb-processor-56] DEBUG c.m.bet.ingestion.IngestionService - 💾 ℹ️ Saving 0 opportunities to database...
2026-02-03 13:35:55.439 [arb-processor-56] DEBUG c.m.bet.ingestion.IngestionService - 💾 ℹ️ Processing 0 opportunities for database save...
2026-02-03 13:35:55.439 [arb-processor-56] DEBUG c.m.bet.ingestion.IngestionService - ℹ️ 💾 No opportunities to save
2026-02-03 13:35:55.439 [arb-processor-56] INFO  c.m.bet.ingestion.IngestionService - ✅ 📥 Live arbs ingestion completed: 0 opportunities saved in 90177ms
2026-02-03 13:35:57.276 [arb-poller] INFO  c.m.bet.ingestion.IngestionService - 🔄 📥 [Poll #47] Starting live arbs fetch...
2026-02-03 13:35:57.277 [arb-processor-62] DEBUG c.m.bet.ingestion.IngestionService - 📥 Fetching live arbs from API...
2026-02-03 13:35:59.273 [arb-poller] INFO  c.m.bet.ingestion.IngestionService - 🔄 📥 [Poll #48] Starting live arbs fetch...
2026-02-03 13:35:59.273 [arb-poller] DEBUG c.m.bet.ingestion.IngestionService - ⚠️ 🔄 [Poll #48] Previous ingestion still running, skipping
2026-02-03 13:36:01.261 [arb-poller] INFO  c.m.bet.ingestion.IngestionService - 🔄 📥 [Poll #49] Starting live arbs fetch...
2026-02-03 13:36:01.261 [arb-poller] DEBUG c.m.bet.ingestion.IngestionService - ⚠️ 🔄 [Poll #49] Previous ingestion still running, skipping
2026-02-03 13:36:03.262 [arb-poller] INFO  c.m.bet.ingestion.IngestionService - 🔄 📥 [Poll #50] Starting live arbs fetch...
2026-02-03 13:36:03.262 [arb-poller] DEBUG c.m.bet.ingestion.IngestionService - ⚠️ 🔄 [Poll #50] Previous ingestion still running, skipping
2026-02-03 13:36:04.244 [arb-processor-62] DEBUG c.m.bet.ingestion.IngestionService - ✅ 📥 API returned 0 events
2026-02-03 13:36:04.244 [arb-processor-62] DEBUG c.m.bet.ingestion.IngestionService - 🔄 ⚡ ℹ️ Processing 0 events...
2026-02-03 13:36:04.244 [arb-processor-62] ERROR c.m.bet.ingestion.IngestionService - ❌ 🔄 Response validation failed: Errors: 1, Warnings: 1, Info: 1
2026-02-03 13:36:04.244 [arb-processor-62] WARN  c.m.bet.ingestion.IngestionService - ⚠️ 🔄 No events in response
2026-02-03 13:36:04.244 [arb-processor-62] DEBUG c.m.bet.ingestion.IngestionService - 🔄 ℹ️ Transforming 0 parsed items to entities...
2026-02-03 13:36:04.244 [arb-processor-62] DEBUG c.m.bet.ingestion.IngestionService - 💾 ℹ️ Saving 0 opportunities to database...
2026-02-03 13:36:04.244 [arb-processor-62] DEBUG c.m.bet.ingestion.IngestionService - 💾 ℹ️ Processing 0 opportunities for database save...
2026-02-03 13:36:04.244 [arb-processor-62] DEBUG c.m.bet.ingestion.IngestionService - ℹ️ 💾 No opportunities to save
2026-02-03 13:36:04.244 [arb-processor-62] INFO  c.m.bet.ingestion.IngestionService - ✅ 📥 Live arbs ingestion completed: 0 opportunities saved in 6967ms
2026-02-03 13:36:05.262 [arb-poller] INFO  c.m.bet.ingestion.IngestionService - 🔄 📥 [Poll #51] Starting live arbs fetch...
2026-02-03 13:36:05.262 [arb-processor-66] DEBUG c.m.bet.ingestion.IngestionService - 📥 Fetching live arbs from API...
2026-02-03 13:36:05.458 [arb-processor-66] DEBUG c.m.bet.ingestion.IngestionService - ✅ 📥 API returned 0 events
2026-02-03 13:36:05.458 [arb-processor-66] DEBUG c.m.bet.ingestion.IngestionService - 🔄 ⚡ ℹ️ Processing 0 events...
2026-02-03 13:36:05.458 [arb-processor-66] ERROR c.m.bet.ingestion.IngestionService - ❌ 🔄 Response validation failed: Errors: 1, Warnings: 1, Info: 1
2026-02-03 13:36:05.458 [arb-processor-66] WARN  c.m.bet.ingestion.IngestionService - ⚠️ 🔄 No events in response
2026-02-03 13:36:05.458 [arb-processor-66] DEBUG c.m.bet.ingestion.IngestionService - 🔄 ℹ️ Transforming 0 parsed items to entities...
2026-02-03 13:36:05.458 [arb-processor-66] DEBUG c.m.bet.ingestion.IngestionService - 💾 ℹ️ Saving 0 opportunities to database...
2026-02-03 13:36:05.458 [arb-processor-66] DEBUG c.m.bet.ingestion.IngestionService - 💾 ℹ️ Processing 0 opportunities for database save...
2026-02-03 13:36:05.458 [arb-processor-66] DEBUG c.m.bet.ingestion.IngestionService - ℹ️ 💾 No opportunities to save
2026-02-03 13:36:05.458 [arb-processor-66] INFO  c.m.bet.ingestion.IngestionService - ✅ 📥 Live arbs ingestion completed: 0 opportunities saved in 196ms
2026-02-03 13:36:07.261 [arb-poller] INFO  c.m.bet.ingestion.IngestionService - 🔄 📥 [Poll #52] Starting live arbs fetch...
2026-02-03 13:36:07.261 [arb-processor-67] DEBUG c.m.bet.ingestion.IngestionService - 📥 Fetching live arbs from API...
2026-02-03 13:36:07.458 [arb-processor-67] DEBUG c.m.bet.ingestion.IngestionService - ✅ 📥 API returned 0 events
2026-02-03 13:36:07.459 [arb-processor-67] DEBUG c.m.bet.ingestion.IngestionService - 🔄 ⚡ ℹ️ Processing 0 events...
2026-02-03 13:36:07.459 [arb-processor-67] ERROR c.m.bet.ingestion.IngestionService - ❌ 🔄 Response validation failed: Errors: 1, Warnings: 1, Info: 1
2026-02-03 13:36:07.459 [arb-processor-67] WARN  c.m.bet.ingestion.IngestionService - ⚠️ 🔄 No events in response
2026-02-03 13:36:07.459 [arb-processor-67] DEBUG c.m.bet.ingestion.IngestionService - 🔄 ℹ️ Transforming 0 parsed items to entities...
2026-02-03 13:36:07.459 [arb-processor-67] DEBUG c.m.bet.ingestion.IngestionService - 💾 ℹ️ Saving 0 opportunities to database...
2026-02-03 13:36:07.459 [arb-processor-67] DEBUG c.m.bet.ingestion.IngestionService - 💾 ℹ️ Processing 0 opportunities for database save...
2026-02-03 13:36:07.459 [arb-processor-67] DEBUG c.m.bet.ingestion.IngestionService - ℹ️ 💾 No opportunities to save
2026-02-03 13:36:07.459 [arb-processor-67] INFO  c.m.bet.ingestion.IngestionService - ✅ 📥 Live arbs ingestion completed: 0 opportunities saved in 198ms
2026-02-03 13:36:09.261 [arb-poller] INFO  c.m.bet.ingestion.IngestionService - 🔄 📥 [Poll #53] Starting live arbs fetch...
2026-02-03 13:36:09.261 [arb-processor-56] DEBUG c.m.bet.ingestion.IngestionService - 📥 Fetching live arbs from API...
2026-02-03 13:36:09.461 [arb-processor-56] DEBUG c.m.bet.ingestion.IngestionService - ✅ 📥 API returned 0 events
2026-02-03 13:36:09.461 [arb-processor-56] DEBUG c.m.bet.ingestion.IngestionService - 🔄 ⚡ ℹ️ Processing 0 events...
2026-02-03 13:36:09.461 [arb-processor-56] ERROR c.m.bet.ingestion.IngestionService - ❌ 🔄 Response validation failed: Errors: 1, Warnings: 1, Info: 1
2026-02-03 13:36:09.461 [arb-processor-56] WARN  c.m.bet.ingestion.IngestionService - ⚠️ 🔄 No events in response
2026-02-03 13:36:09.461 [arb-processor-56] DEBUG c.m.bet.ingestion.IngestionService - 🔄 ℹ️ Transforming 0 parsed items to entities...
2026-02-03 13:36:09.461 [arb-processor-56] DEBUG c.m.bet.ingestion.IngestionService - 💾 ℹ️ Saving 0 opportunities to database...
2026-02-03 13:36:09.461 [arb-processor-56] DEBUG c.m.bet.ingestion.IngestionService - 💾 ℹ️ Processing 0 opportunities for database save...
2026-02-03 13:36:09.461 [arb-processor-56] DEBUG c.m.bet.ingestion.IngestionService - ℹ️ 💾 No opportunities to save
2026-02-03 13:36:09.461 [arb-processor-56] INFO  c.m.bet.ingestion.IngestionService - ✅ 📥 Live arbs ingestion completed: 0 opportunities saved in 200ms
2026-02-03 13:36:11.261 [arb-poller] INFO  c.m.bet.ingestion.IngestionService - 🔄 📥 [Poll #54] Starting live arbs fetch...
2026-02-03 13:36:11.261 [arb-processor-62] DEBUG c.m.bet.ingestion.IngestionService - 📥 Fetching live arbs from API...
2026-02-03 13:36:11.466 [arb-processor-62] DEBUG c.m.bet.ingestion.IngestionService - ✅ 📥 API returned 0 events
2026-02-03 13:36:11.468 [arb-processor-62] DEBUG c.m.bet.ingestion.IngestionService - 🔄 ⚡ ℹ️ Processing 0 events...
2026-02-03 13:36:11.471 [arb-processor-62] ERROR c.m.bet.ingestion.IngestionService - ❌ 🔄 Response validation failed: Errors: 1, Warnings: 1, Info: 1
2026-02-03 13:36:11.472 [arb-processor-62] WARN  c.m.bet.ingestion.IngestionService - ⚠️ 🔄 No events in response
2026-02-03 13:36:11.473 [arb-processor-62] DEBUG c.m.bet.ingestion.IngestionService - 🔄 ℹ️ Transforming 0 parsed items to entities...
2026-02-03 13:36:11.473 [arb-processor-62] DEBUG c.m.bet.ingestion.IngestionService - 💾 ℹ️ Saving 0 opportunities to database...
2026-02-03 13:36:11.473 [arb-processor-62] DEBUG c.m.bet.ingestion.IngestionService - 💾 ℹ️ Processing 0 opportunities for database save...
2026-02-03 13:36:11.473 [arb-processor-62] DEBUG c.m.bet.ingestion.IngestionService - ℹ️ 💾 No opportunities to save
2026-02-03 13:36:11.473 [arb-processor-62] INFO  c.m.bet.ingestion.IngestionService - ✅ 📥 Live arbs ingestion completed: 0 opportunities saved in 212ms
2026-02-03 13:36:13.260 [arb-poller] INFO  c.m.bet.ingestion.IngestionService - 🔄 📥 [Poll #55] Starting live arbs fetch...
2026-02-03 13:36:13.260 [arb-processor-66] DEBUG c.m.bet.ingestion.IngestionService - 📥 Fetching live arbs from API...
2026-02-03 13:36:13.455 [arb-processor-66] DEBUG c.m.bet.ingestion.IngestionService - ✅ 📥 API returned 0 events
2026-02-03 13:36:13.456 [arb-processor-66] DEBUG c.m.bet.ingestion.IngestionService - 🔄 ⚡ ℹ️ Processing 0 events...
2026-02-03 13:36:13.456 [arb-processor-66] ERROR c.m.bet.ingestion.IngestionService - ❌ 🔄 Response validation failed: Errors: 1, Warnings: 1, Info: 1
2026-02-03 13:36:13.456 [arb-processor-66] WARN  c.m.bet.ingestion.IngestionService - ⚠️ 🔄 No events in response
2026-02-03 13:36:13.456 [arb-processor-66] DEBUG c.m.bet.ingestion.IngestionService - 🔄 ℹ️ Transforming 0 parsed items to entities...
2026-02-03 13:36:13.456 [arb-processor-66] DEBUG c.m.bet.ingestion.IngestionService - 💾 ℹ️ Saving 0 opportunities to database...
2026-02-03 13:36:13.456 [arb-processor-66] DEBUG c.m.bet.ingestion.IngestionService - 💾 ℹ️ Processing 0 opportunities for database save...
2026-02-03 13:36:13.456 [arb-processor-66] DEBUG c.m.bet.ingestion.IngestionService - ℹ️ 💾 No opportunities to save
2026-02-03 13:36:13.456 [arb-processor-66] INFO  c.m.bet.ingestion.IngestionService - ✅ 📥 Live arbs ingestion completed: 0 opportunities saved in 196ms
2026-02-03 13:36:15.276 [arb-poller] INFO  c.m.bet.ingestion.IngestionService - 🔄 📥 [Poll #56] Starting live arbs fetch...
2026-02-03 13:36:15.277 [arb-processor-67] DEBUG c.m.bet.ingestion.IngestionService - 📥 Fetching live arbs from API...
2026-02-03 13:36:15.471 [arb-processor-67] DEBUG c.m.bet.ingestion.IngestionService - ✅ 📥 API returned 0 events
2026-02-03 13:36:15.471 [arb-processor-67] DEBUG c.m.bet.ingestion.IngestionService - 🔄 ⚡ ℹ️ Processing 0 events...
2026-02-03 13:36:15.472 [arb-processor-67] ERROR c.m.bet.ingestion.IngestionService - ❌ 🔄 Response validation failed: Errors: 1, Warnings: 1, Info: 1
2026-02-03 13:36:15.472 [arb-processor-67] WARN  c.m.bet.ingestion.IngestionService - ⚠️ 🔄 No events in response
2026-02-03 13:36:15.472 [arb-processor-67] DEBUG c.m.bet.ingestion.IngestionService - 🔄 ℹ️ Transforming 0 parsed items to entities...
2026-02-03 13:36:15.472 [arb-processor-67] DEBUG c.m.bet.ingestion.IngestionService - 💾 ℹ️ Saving 0 opportunities to database...
2026-02-03 13:36:15.472 [arb-processor-67] DEBUG c.m.bet.ingestion.IngestionService - 💾 ℹ️ Processing 0 opportunities for database save...
2026-02-03 13:36:15.472 [arb-processor-67] DEBUG c.m.bet.ingestion.IngestionService - ℹ️ 💾 No opportunities to save
2026-02-03 13:36:15.472 [arb-processor-67] INFO  c.m.bet.ingestion.IngestionService - ✅ 📥 Live arbs ingestion completed: 0 opportunities saved in 195ms
2026-02-03 13:36:17.261 [arb-poller] INFO  c.m.bet.ingestion.IngestionService - 🔄 📥 [Poll #57] Starting live arbs fetch...
2026-02-03 13:36:17.261 [arb-processor-56] DEBUG c.m.bet.ingestion.IngestionService - 📥 Fetching live arbs from API...
2026-02-03 13:36:17.449 [arb-processor-56] DEBUG c.m.bet.ingestion.IngestionService - ✅ 📥 API returned 0 events
2026-02-03 13:36:17.449 [arb-processor-56] DEBUG c.m.bet.ingestion.IngestionService - 🔄 ⚡ ℹ️ Processing 0 events...
2026-02-03 13:36:17.450 [arb-processor-56] ERROR c.m.bet.ingestion.IngestionService - ❌ 🔄 Response validation failed: Errors: 1, Warnings: 1, Info: 1
2026-02-03 13:36:17.450 [arb-processor-56] WARN  c.m.bet.ingestion.IngestionService - ⚠️ 🔄 No events in response
2026-02-03 13:36:17.450 [arb-processor-56] DEBUG c.m.bet.ingestion.IngestionService - 🔄 ℹ️ Transforming 0 parsed items to entities...
2026-02-03 13:36:17.450 [arb-processor-56] DEBUG c.m.bet.ingestion.IngestionService - 💾 ℹ️ Saving 0 opportunities to database...
2026-02-03 13:36:17.450 [arb-processor-56] DEBUG c.m.bet.ingestion.IngestionService - 💾 ℹ️ Processing 0 opportunities for database save...
2026-02-03 13:36:17.450 [arb-processor-56] DEBUG c.m.bet.ingestion.IngestionService - ℹ️ 💾 No opportunities to save
2026-02-03 13:36:17.450 [arb-processor-56] INFO  c.m.bet.ingestion.IngestionService - ✅ 📥 Live arbs ingestion completed: 0 opportunities saved in 189ms
2026-02-03 13:36:19.260 [arb-poller] INFO  c.m.bet.ingestion.IngestionService - 🔄 📥 [Poll #58] Starting live arbs fetch...
2026-02-03 13:36:19.260 [arb-processor-62] DEBUG c.m.bet.ingestion.IngestionService - 📥 Fetching live arbs from API...
2026-02-03 13:36:19.442 [arb-processor-62] DEBUG c.m.bet.ingestion.IngestionService - ✅ 📥 API returned 0 events
2026-02-03 13:36:19.443 [arb-processor-62] DEBUG c.m.bet.ingestion.IngestionService - 🔄 ⚡ ℹ️ Processing 0 events...
2026-02-03 13:36:19.443 [arb-processor-62] ERROR c.m.bet.ingestion.IngestionService - ❌ 🔄 Response validation failed: Errors: 1, Warnings: 1, Info: 1
2026-02-03 13:36:19.443 [arb-processor-62] WARN  c.m.bet.ingestion.IngestionService - ⚠️ 🔄 No events in response
2026-02-03 13:36:19.443 [arb-processor-62] DEBUG c.m.bet.ingestion.IngestionService - 🔄 ℹ️ Transforming 0 parsed items to entities...
2026-02-03 13:36:19.443 [arb-processor-62] DEBUG c.m.bet.ingestion.IngestionService - 💾 ℹ️ Saving 0 opportunities to database...
2026-02-03 13:36:19.443 [arb-processor-62] DEBUG c.m.bet.ingestion.IngestionService - 💾 ℹ️ Processing 0 opportunities for database save...
2026-02-03 13:36:19.443 [arb-processor-62] DEBUG c.m.bet.ingestion.IngestionService - ℹ️ 💾 No opportunities to save
2026-02-03 13:36:19.443 [arb-processor-62] INFO  c.m.bet.ingestion.IngestionService - ✅ 📥 Live arbs ingestion completed: 0 opportunities saved in 183ms
2026-02-03 13:36:21.262 [arb-poller] INFO  c.m.bet.ingestion.IngestionService - 🔄 📥 [Poll #59] Starting live arbs fetch...
2026-02-03 13:36:21.262 [arb-processor-66] DEBUG c.m.bet.ingestion.IngestionService - 📥 Fetching live arbs from API...
2026-02-03 13:36:21.447 [arb-processor-66] DEBUG c.m.bet.ingestion.IngestionService - ✅ 📥 API returned 0 events
2026-02-03 13:36:21.447 [arb-processor-66] DEBUG c.m.bet.ingestion.IngestionService - 🔄 ⚡ ℹ️ Processing 0 events...
2026-02-03 13:36:21.448 [arb-processor-66] ERROR c.m.bet.ingestion.IngestionService - ❌ 🔄 Response validation failed: Errors: 1, Warnings: 1, Info: 1
2026-02-03 13:36:21.448 [arb-processor-66] WARN  c.m.bet.ingestion.IngestionService - ⚠️ 🔄 No events in response
2026-02-03 13:36:21.448 [arb-processor-66] DEBUG c.m.bet.ingestion.IngestionService - 🔄 ℹ️ Transforming 0 parsed items to entities...
2026-02-03 13:36:21.448 [arb-processor-66] DEBUG c.m.bet.ingestion.IngestionService - 💾 ℹ️ Saving 0 opportunities to database...
2026-02-03 13:36:21.448 [arb-processor-66] DEBUG c.m.bet.ingestion.IngestionService - 💾 ℹ️ Processing 0 opportunities for database save...
2026-02-03 13:36:21.448 [arb-processor-66] DEBUG c.m.bet.ingestion.IngestionService - ℹ️ 💾 No opportunities to save
2026-02-03 13:36:21.448 [arb-processor-66] INFO  c.m.bet.ingestion.IngestionService - ✅ 📥 Live arbs ingestion completed: 0 opportunities saved in 186ms
2026-02-03 13:36:23.261 [arb-poller] INFO  c.m.bet.ingestion.IngestionService - 🔄 📥 [Poll #60] Starting live arbs fetch...
2026-02-03 13:36:23.261 [arb-processor-67] DEBUG c.m.bet.ingestion.IngestionService - 📥 Fetching live arbs from API...
2026-02-03 13:36:23.448 [arb-processor-67] DEBUG c.m.bet.ingestion.IngestionService - ✅ 📥 API returned 0 events
2026-02-03 13:36:23.448 [arb-processor-67] DEBUG c.m.bet.ingestion.IngestionService - 🔄 ⚡ ℹ️ Processing 0 events...
2026-02-03 13:36:23.448 [arb-processor-67] ERROR c.m.bet.ingestion.IngestionService - ❌ 🔄 Response validation failed: Errors: 1, Warnings: 1, Info: 1
2026-02-03 13:36:23.448 [arb-processor-67] WARN  c.m.bet.ingestion.IngestionService - ⚠️ 🔄 No events in response
2026-02-03 13:36:23.448 [arb-processor-67] DEBUG c.m.bet.ingestion.IngestionService - 🔄 ℹ️ Transforming 0 parsed items to entities...
2026-02-03 13:36:23.448 [arb-processor-67] DEBUG c.m.bet.ingestion.IngestionService - 💾 ℹ️ Saving 0 opportunities to database...
2026-02-03 13:36:23.448 [arb-processor-67] DEBUG c.m.bet.ingestion.IngestionService - 💾 ℹ️ Processing 0 opportunities for database save...
2026-02-03 13:36:23.448 [arb-processor-67] DEBUG c.m.bet.ingestion.IngestionService - ℹ️ 💾 No opportunities to save
2026-02-03 13:36:23.448 [arb-processor-67] INFO  c.m.bet.ingestion.IngestionService - ✅ 📥 Live arbs ingestion completed: 0 opportunities saved in 187ms
2026-02-03 13:36:25.261 [arb-poller] INFO  c.m.bet.ingestion.IngestionService - 🔄 📥 [Poll #61] Starting live arbs fetch...
2026-02-03 13:36:25.261 [arb-poller] DEBUG c.m.bet.ingestion.IngestionService - ⚠️ 🔄 [Poll #61] Previous ingestion still running, skipping
2026-02-03 13:36:26.975 [arb-processor-67] INFO  c.m.bet.ingestion.IngestionService - 📊 ℹ️ Current Statistics:
2026-02-03 13:36:26.975 [arb-processor-67] INFO  c.m.bet.ingestion.IngestionService - 📊 Total Active: 0
2026-02-03 13:36:26.975 [arb-processor-67] INFO  c.m.bet.ingestion.IngestionService - 📊 Fresh Active: 0 (0.0%)
2026-02-03 13:36:26.975 [arb-processor-67] INFO  c.m.bet.ingestion.IngestionService - 📊 Stale Active: 0 (0.0%)
2026-02-03 13:36:26.976 [arb-processor-67] INFO  c.m.bet.ingestion.IngestionService - 📊 Average Profit: N/A%
2026-02-03 13:36:27.261 [arb-poller] INFO  c.m.bet.ingestion.IngestionService - 🔄 📥 [Poll #62] Starting live arbs fetch...
2026-02-03 13:36:27.261 [arb-processor-56] DEBUG c.m.bet.ingestion.IngestionService - 📥 Fetching live arbs from API...
2026-02-03 13:36:27.573 [arb-processor-56] DEBUG c.m.bet.ingestion.IngestionService - ✅ 📥 API returned 0 events
2026-02-03 13:36:27.573 [arb-processor-56] DEBUG c.m.bet.ingestion.IngestionService - 🔄 ⚡ ℹ️ Processing 0 events...
2026-02-03 13:36:27.573 [arb-processor-56] ERROR c.m.bet.ingestion.IngestionService - ❌ 🔄 Response validation failed: Errors: 1, Warnings: 1, Info: 1
2026-02-03 13:36:27.574 [arb-processor-56] WARN  c.m.bet.ingestion.IngestionService - ⚠️ 🔄 No events in response
2026-02-03 13:36:27.574 [arb-processor-56] DEBUG c.m.bet.ingestion.IngestionService - 🔄 ℹ️ Transforming 0 parsed items to entities...
2026-02-03 13:36:27.574 [arb-processor-56] DEBUG c.m.bet.ingestion.IngestionService - 💾 ℹ️ Saving 0 opportunities to database...
2026-02-03 13:36:27.574 [arb-processor-56] DEBUG c.m.bet.ingestion.IngestionService - 💾 ℹ️ Processing 0 opportunities for database save...
2026-02-03 13:36:27.574 [arb-processor-56] DEBUG c.m.bet.ingestion.IngestionService - ℹ️ 💾 No opportunities to save
2026-02-03 13:36:27.575 [arb-processor-56] INFO  c.m.bet.ingestion.IngestionService - ✅ 📥 Live arbs ingestion completed: 0 opportunities saved in 314ms
2026-02-03 13:36:29.262 [arb-poller] INFO  c.m.bet.ingestion.IngestionService - 🔄 📥 [Poll #63] Starting live arbs fetch...
2026-02-03 13:36:29.262 [arb-processor-62] DEBUG c.m.bet.ingestion.IngestionService - 📥 Fetching live arbs from API...
2026-02-03 13:36:29.453 [arb-processor-62] DEBUG c.m.bet.ingestion.IngestionService - ✅ 📥 API returned 0 events
2026-02-03 13:36:29.453 [arb-processor-62] DEBUG c.m.bet.ingestion.IngestionService - 🔄 ⚡ ℹ️ Processing 0 events...
2026-02-03 13:36:29.453 [arb-processor-62] ERROR c.m.bet.ingestion.IngestionService - ❌ 🔄 Response validation failed: Errors: 1, Warnings: 1, Info: 1
2026-02-03 13:36:29.453 [arb-processor-62] WARN  c.m.bet.ingestion.IngestionService - ⚠️ 🔄 No events in response
2026-02-03 13:36:29.453 [arb-processor-62] DEBUG c.m.bet.ingestion.IngestionService - 🔄 ℹ️ Transforming 0 parsed items to entities...
2026-02-03 13:36:29.453 [arb-processor-62] DEBUG c.m.bet.ingestion.IngestionService - 💾 ℹ️ Saving 0 opportunities to database...
2026-02-03 13:36:29.453 [arb-processor-62] DEBUG c.m.bet.ingestion.IngestionService - 💾 ℹ️ Processing 0 opportunities for database save...
2026-02-03 13:36:29.453 [arb-processor-62] DEBUG c.m.bet.ingestion.IngestionService - ℹ️ 💾 No opportunities to save
2026-02-03 13:36:29.453 [arb-processor-62] INFO  c.m.bet.ingestion.IngestionService - ✅ 📥 Live arbs ingestion completed: 0 opportunities saved in 191ms
2026-02-03 13:36:31.260 [arb-poller] INFO  c.m.bet.ingestion.IngestionService - 🔄 📥 [Poll #64] Starting live arbs fetch...
2026-02-03 13:36:31.260 [arb-processor-66] DEBUG c.m.bet.ingestion.IngestionService - 📥 Fetching live arbs from API...
2026-02-03 13:36:31.484 [arb-processor-66] DEBUG c.m.bet.ingestion.IngestionService - ✅ 📥 API returned 0 events
2026-02-03 13:36:31.484 [arb-processor-66] DEBUG c.m.bet.ingestion.IngestionService - 🔄 ⚡ ℹ️ Processing 0 events...
2026-02-03 13:36:31.484 [arb-processor-66] ERROR c.m.bet.ingestion.IngestionService - ❌ 🔄 Response validation failed: Errors: 1, Warnings: 1, Info: 1
2026-02-03 13:36:31.484 [arb-processor-66] WARN  c.m.bet.ingestion.IngestionService - ⚠️ 🔄 No events in response
2026-02-03 13:36:31.484 [arb-processor-66] DEBUG c.m.bet.ingestion.IngestionService - 🔄 ℹ️ Transforming 0 parsed items to entities...
2026-02-03 13:36:31.484 [arb-processor-66] DEBUG c.m.bet.ingestion.IngestionService - 💾 ℹ️ Saving 0 opportunities to database...
2026-02-03 13:36:31.484 [arb-processor-66] DEBUG c.m.bet.ingestion.IngestionService - 💾 ℹ️ Processing 0 opportunities for database save...
2026-02-03 13:36:31.485 [arb-processor-66] DEBUG c.m.bet.ingestion.IngestionService - ℹ️ 💾 No opportunities to save
2026-02-03 13:36:31.485 [arb-processor-66] INFO  c.m.bet.ingestion.IngestionService - ✅ 📥 Live arbs ingestion completed: 0 opportunities saved in 225ms
2026-02-03 13:36:33.262 [arb-poller] INFO  c.m.bet.ingestion.IngestionService - 🔄 📥 [Poll #65] Starting live arbs fetch...
2026-02-03 13:36:33.262 [arb-processor-67] DEBUG c.m.bet.ingestion.IngestionService - 📥 Fetching live arbs from API...
2026-02-03 13:36:33.473 [arb-processor-67] DEBUG c.m.bet.ingestion.IngestionService - ✅ 📥 API returned 0 events
2026-02-03 13:36:33.473 [arb-processor-67] DEBUG c.m.bet.ingestion.IngestionService - 🔄 ⚡ ℹ️ Processing 0 events...
2026-02-03 13:36:33.473 [arb-processor-67] ERROR c.m.bet.ingestion.IngestionService - ❌ 🔄 Response validation failed: Errors: 1, Warnings: 1, Info: 1
2026-02-03 13:36:33.473 [arb-processor-67] WARN  c.m.bet.ingestion.IngestionService - ⚠️ 🔄 No events in response
2026-02-03 13:36:33.473 [arb-processor-67] DEBUG c.m.bet.ingestion.IngestionService - 🔄 ℹ️ Transforming 0 parsed items to entities...
2026-02-03 13:36:33.474 [arb-processor-67] DEBUG c.m.bet.ingestion.IngestionService - 💾 ℹ️ Saving 0 opportunities to database...
2026-02-03 13:36:33.474 [arb-processor-67] DEBUG c.m.bet.ingestion.IngestionService - 💾 ℹ️ Processing 0 opportunities for database save...
2026-02-03 13:36:33.474 [arb-processor-67] DEBUG c.m.bet.ingestion.IngestionService - ℹ️ 💾 No opportunities to save
2026-02-03 13:36:33.474 [arb-processor-67] INFO  c.m.bet.ingestion.IngestionService - ✅ 📥 Live arbs ingestion completed: 0 opportunities saved in 212ms
2026-02-03 13:36:35.263 [arb-poller] INFO  c.m.bet.ingestion.IngestionService - 🔄 📥 [Poll #66] Starting live arbs fetch...
2026-02-03 13:36:35.263 [arb-processor-56] DEBUG c.m.bet.ingestion.IngestionService - 📥 Fetching live arbs from API...
2026-02-03 13:36:35.493 [arb-processor-56] DEBUG c.m.bet.ingestion.IngestionService - ✅ 📥 API returned 0 events
2026-02-03 13:36:35.493 [arb-processor-56] DEBUG c.m.bet.ingestion.IngestionService - 🔄 ⚡ ℹ️ Processing 0 events...
2026-02-03 13:36:35.493 [arb-processor-56] ERROR c.m.bet.ingestion.IngestionService - ❌ 🔄 Response validation failed: Errors: 1, Warnings: 1, Info: 1
2026-02-03 13:36:35.493 [arb-processor-56] WARN  c.m.bet.ingestion.IngestionService - ⚠️ 🔄 No events in response
2026-02-03 13:36:35.493 [arb-processor-56] DEBUG c.m.bet.ingestion.IngestionService - 🔄 ℹ️ Transforming 0 parsed items to entities...
2026-02-03 13:36:35.493 [arb-processor-56] DEBUG c.m.bet.ingestion.IngestionService - 💾 ℹ️ Saving 0 opportunities to database...
2026-02-03 13:36:35.493 [arb-processor-56] DEBUG c.m.bet.ingestion.IngestionService - 💾 ℹ️ Processing 0 opportunities for database save...
2026-02-03 13:36:35.494 [arb-processor-56] DEBUG c.m.bet.ingestion.IngestionService - ℹ️ 💾 No opportunities to save
2026-02-03 13:36:35.494 [arb-processor-56] INFO  c.m.bet.ingestion.IngestionService - ✅ 📥 Live arbs ingestion completed: 0 opportunities saved in 231ms
2026-02-03 13:36:37.260 [arb-poller] INFO  c.m.bet.ingestion.IngestionService - 🔄 📥 [Poll #67] Starting live arbs fetch...
2026-02-03 13:36:37.260 [arb-processor-62] DEBUG c.m.bet.ingestion.IngestionService - 📥 Fetching live arbs from API...
2026-02-03 13:36:37.481 [arb-processor-62] DEBUG c.m.bet.ingestion.IngestionService - ✅ 📥 API returned 0 events
2026-02-03 13:36:37.481 [arb-processor-62] DEBUG c.m.bet.ingestion.IngestionService - 🔄 ⚡ ℹ️ Processing 0 events...
2026-02-03 13:36:37.482 [arb-processor-62] ERROR c.m.bet.ingestion.IngestionService - ❌ 🔄 Response validation failed: Errors: 1, Warnings: 1, Info: 1
2026-02-03 13:36:37.482 [arb-processor-62] WARN  c.m.bet.ingestion.IngestionService - ⚠️ 🔄 No events in response
2026-02-03 13:36:37.482 [arb-processor-62] DEBUG c.m.bet.ingestion.IngestionService - 🔄 ℹ️ Transforming 0 parsed items to entities...
2026-02-03 13:36:37.482 [arb-processor-62] DEBUG c.m.bet.ingestion.IngestionService - 💾 ℹ️ Saving 0 opportunities to database...
2026-02-03 13:36:37.482 [arb-processor-62] DEBUG c.m.bet.ingestion.IngestionService - 💾 ℹ️ Processing 0 opportunities for database save...
2026-02-03 13:36:37.482 [arb-processor-62] DEBUG c.m.bet.ingestion.IngestionService - ℹ️ 💾 No opportunities to save
2026-02-03 13:36:37.482 [arb-processor-62] INFO  c.m.bet.ingestion.IngestionService - ✅ 📥 Live arbs ingestion completed: 0 opportunities saved in 222ms
2026-02-03 13:36:39.260 [arb-poller] INFO  c.m.bet.ingestion.IngestionService - 🔄 📥 [Poll #68] Starting live arbs fetch...
2026-02-03 13:36:39.260 [arb-processor-66] DEBUG c.m.bet.ingestion.IngestionService - 📥 Fetching live arbs from API...
2026-02-03 13:36:39.454 [arb-processor-66] DEBUG c.m.bet.ingestion.IngestionService - ✅ 📥 API returned 0 events
2026-02-03 13:36:39.454 [arb-processor-66] DEBUG c.m.bet.ingestion.IngestionService - 🔄 ⚡ ℹ️ Processing 0 events...
2026-02-03 13:36:39.454 [arb-processor-66] ERROR c.m.bet.ingestion.IngestionService - ❌ 🔄 Response validation failed: Errors: 1, Warnings: 1, Info: 1
2026-02-03 13:36:39.454 [arb-processor-66] WARN  c.m.bet.ingestion.IngestionService - ⚠️ 🔄 No events in response
2026-02-03 13:36:39.454 [arb-processor-66] DEBUG c.m.bet.ingestion.IngestionService - 🔄 ℹ️ Transforming 0 parsed items to entities...
2026-02-03 13:36:39.454 [arb-processor-66] DEBUG c.m.bet.ingestion.IngestionService - 💾 ℹ️ Saving 0 opportunities to database...
2026-02-03 13:36:39.454 [arb-processor-66] DEBUG c.m.bet.ingestion.IngestionService - 💾 ℹ️ Processing 0 opportunities for database save...
2026-02-03 13:36:39.454 [arb-processor-66] DEBUG c.m.bet.ingestion.IngestionService - ℹ️ 💾 No opportunities to save
2026-02-03 13:36:39.454 [arb-processor-66] INFO  c.m.bet.ingestion.IngestionService - ✅ 📥 Live arbs ingestion completed: 0 opportunities saved in 194ms
2026-02-03 13:36:41.261 [arb-poller] INFO  c.m.bet.ingestion.IngestionService - 🔄 📥 [Poll #69] Starting live arbs fetch...
2026-02-03 13:36:41.261 [arb-processor-67] DEBUG c.m.bet.ingestion.IngestionService - 📥 Fetching live arbs from API...
2026-02-03 13:36:41.463 [arb-processor-67] DEBUG c.m.bet.ingestion.IngestionService - ✅ 📥 API returned 0 events
2026-02-03 13:36:41.463 [arb-processor-67] DEBUG c.m.bet.ingestion.IngestionService - 🔄 ⚡ ℹ️ Processing 0 events...
2026-02-03 13:36:41.463 [arb-processor-67] ERROR c.m.bet.ingestion.IngestionService - ❌ 🔄 Response validation failed: Errors: 1, Warnings: 1, Info: 1
2026-02-03 13:36:41.463 [arb-processor-67] WARN  c.m.bet.ingestion.IngestionService - ⚠️ 🔄 No events in response
2026-02-03 13:36:41.463 [arb-processor-67] DEBUG c.m.bet.ingestion.IngestionService - 🔄 ℹ️ Transforming 0 parsed items to entities...
2026-02-03 13:36:41.463 [arb-processor-67] DEBUG c.m.bet.ingestion.IngestionService - 💾 ℹ️ Saving 0 opportunities to database...
2026-02-03 13:36:41.463 [arb-processor-67] DEBUG c.m.bet.ingestion.IngestionService - 💾 ℹ️ Processing 0 opportunities for database save...
2026-02-03 13:36:41.463 [arb-processor-67] DEBUG c.m.bet.ingestion.IngestionService - ℹ️ 💾 No opportunities to save
2026-02-03 13:36:41.463 [arb-processor-67] INFO  c.m.bet.ingestion.IngestionService - ✅ 📥 Live arbs ingestion completed: 0 opportunities saved in 202ms
2026-02-03 13:36:43.260 [arb-poller] INFO  c.m.bet.ingestion.IngestionService - 🔄 📥 [Poll #70] Starting live arbs fetch...
2026-02-03 13:36:43.260 [arb-processor-56] DEBUG c.m.bet.ingestion.IngestionService - 📥 Fetching live arbs from API...
2026-02-03 13:36:43.462 [arb-processor-56] DEBUG c.m.bet.ingestion.IngestionService - ✅ 📥 API returned 0 events
2026-02-03 13:36:43.462 [arb-processor-56] DEBUG c.m.bet.ingestion.IngestionService - 🔄 ⚡ ℹ️ Processing 0 events...
2026-02-03 13:36:43.463 [arb-processor-56] ERROR c.m.bet.ingestion.IngestionService - ❌ 🔄 Response validation failed: Errors: 1, Warnings: 1, Info: 1
2026-02-03 13:36:43.463 [arb-processor-56] WARN  c.m.bet.ingestion.IngestionService - ⚠️ 🔄 No events in response
2026-02-03 13:36:43.463 [arb-processor-56] DEBUG c.m.bet.ingestion.IngestionService - 🔄 ℹ️ Transforming 0 parsed items to entities...
2026-02-03 13:36:43.463 [arb-processor-56] DEBUG c.m.bet.ingestion.IngestionService - 💾 ℹ️ Saving 0 opportunities to database...
2026-02-03 13:36:43.463 [arb-processor-56] DEBUG c.m.bet.ingestion.IngestionService - 💾 ℹ️ Processing 0 opportunities for database save...
2026-02-03 13:36:43.463 [arb-processor-56] DEBUG c.m.bet.ingestion.IngestionService - ℹ️ 💾 No opportunities to save
2026-02-03 13:36:43.463 [arb-processor-56] INFO  c.m.bet.ingestion.IngestionService - ✅ 📥 Live arbs ingestion completed: 0 opportunities saved in 203ms
2026-02-03 13:36:45.261 [arb-poller] INFO  c.m.bet.ingestion.IngestionService - 🔄 📥 [Poll #71] Starting live arbs fetch...
2026-02-03 13:36:45.261 [arb-processor-62] DEBUG c.m.bet.ingestion.IngestionService - 📥 Fetching live arbs from API...
2026-02-03 13:36:45.459 [arb-processor-62] DEBUG c.m.bet.ingestion.IngestionService - ✅ 📥 API returned 0 events
2026-02-03 13:36:45.461 [arb-processor-62] DEBUG c.m.bet.ingestion.IngestionService - 🔄 ⚡ ℹ️ Processing 0 events...
2026-02-03 13:36:45.462 [arb-processor-62] ERROR c.m.bet.ingestion.IngestionService - ❌ 🔄 Response validation failed: Errors: 1, Warnings: 1, Info: 1
2026-02-03 13:36:45.462 [arb-processor-62] WARN  c.m.bet.ingestion.IngestionService - ⚠️ 🔄 No events in response
2026-02-03 13:36:45.462 [arb-processor-62] DEBUG c.m.bet.ingestion.IngestionService - 🔄 ℹ️ Transforming 0 parsed items to entities...
2026-02-03 13:36:45.462 [arb-processor-62] DEBUG c.m.bet.ingestion.IngestionService - 💾 ℹ️ Saving 0 opportunities to database...
2026-02-03 13:36:45.462 [arb-processor-62] DEBUG c.m.bet.ingestion.IngestionService - 💾 ℹ️ Processing 0 opportunities for database save...
2026-02-03 13:36:45.462 [arb-processor-62] DEBUG c.m.bet.ingestion.IngestionService - ℹ️ 💾 No opportunities to save
2026-02-03 13:36:45.462 [arb-processor-62] INFO  c.m.bet.ingestion.IngestionService - ✅ 📥 Live arbs ingestion completed: 0 opportunities saved in 201ms
2026-02-03 13:36:47.262 [arb-poller] INFO  c.m.bet.ingestion.IngestionService - 🔄 📥 [Poll #72] Starting live arbs fetch...
2026-02-03 13:36:47.262 [arb-processor-66] DEBUG c.m.bet.ingestion.IngestionService - 📥 Fetching live arbs from API...
2026-02-03 13:36:47.466 [arb-processor-66] DEBUG c.m.bet.ingestion.IngestionService - ✅ 📥 API returned 0 events
2026-02-03 13:36:47.466 [arb-processor-66] DEBUG c.m.bet.ingestion.IngestionService - 🔄 ⚡ ℹ️ Processing 0 events...
2026-02-03 13:36:47.466 [arb-processor-66] ERROR c.m.bet.ingestion.IngestionService - ❌ 🔄 Response validation failed: Errors: 1, Warnings: 1, Info: 1
2026-02-03 13:36:47.466 [arb-processor-66] WARN  c.m.bet.ingestion.IngestionService - ⚠️ 🔄 No events in response
2026-02-03 13:36:47.466 [arb-processor-66] DEBUG c.m.bet.ingestion.IngestionService - 🔄 ℹ️ Transforming 0 parsed items to entities...
2026-02-03 13:36:47.466 [arb-processor-66] DEBUG c.m.bet.ingestion.IngestionService - 💾 ℹ️ Saving 0 opportunities to database...
2026-02-03 13:36:47.466 [arb-processor-66] DEBUG c.m.bet.ingestion.IngestionService - 💾 ℹ️ Processing 0 opportunities for database save...
2026-02-03 13:36:47.466 [arb-processor-66] DEBUG c.m.bet.ingestion.IngestionService - ℹ️ 💾 No opportunities to save
2026-02-03 13:36:47.466 [arb-processor-66] INFO  c.m.bet.ingestion.IngestionService - ✅ 📥 Live arbs ingestion completed: 0 opportunities saved in 204ms
2026-02-03 13:36:49.260 [arb-poller] INFO  c.m.bet.ingestion.IngestionService - 🔄 📥 [Poll #73] Starting live arbs fetch...
2026-02-03 13:36:49.260 [arb-processor-67] DEBUG c.m.bet.ingestion.IngestionService - 📥 Fetching live arbs from API...
2026-02-03 13:36:49.452 [arb-processor-67] DEBUG c.m.bet.ingestion.IngestionService - ✅ 📥 API returned 0 events
2026-02-03 13:36:49.452 [arb-processor-67] DEBUG c.m.bet.ingestion.IngestionService - 🔄 ⚡ ℹ️ Processing 0 events...
2026-02-03 13:36:49.452 [arb-processor-67] ERROR c.m.bet.ingestion.IngestionService - ❌ 🔄 Response validation failed: Errors: 1, Warnings: 1, Info: 1
2026-02-03 13:36:49.452 [arb-processor-67] WARN  c.m.bet.ingestion.IngestionService - ⚠️ 🔄 No events in response
2026-02-03 13:36:49.452 [arb-processor-67] DEBUG c.m.bet.ingestion.IngestionService - 🔄 ℹ️ Transforming 0 parsed items to entities...
2026-02-03 13:36:49.452 [arb-processor-67] DEBUG c.m.bet.ingestion.IngestionService - 💾 ℹ️ Saving 0 opportunities to database...
2026-02-03 13:36:49.453 [arb-processor-67] DEBUG c.m.bet.ingestion.IngestionService - 💾 ℹ️ Processing 0 opportunities for database save...
2026-02-03 13:36:49.453 [arb-processor-67] DEBUG c.m.bet.ingestion.IngestionService - ℹ️ 💾 No opportunities to save
2026-02-03 13:36:49.453 [arb-processor-67] INFO  c.m.bet.ingestion.IngestionService - ✅ 📥 Live arbs ingestion completed: 0 opportunities saved in 193ms
2026-02-03 13:36:51.262 [arb-poller] INFO  c.m.bet.ingestion.IngestionService - 🔄 📥 [Poll #74] Starting live arbs fetch...
2026-02-03 13:36:51.262 [arb-processor-56] DEBUG c.m.bet.ingestion.IngestionService - 📥 Fetching live arbs from API...
2026-02-03 13:36:51.450 [arb-processor-56] DEBUG c.m.bet.ingestion.IngestionService - ✅ 📥 API returned 0 events
2026-02-03 13:36:51.450 [arb-processor-56] DEBUG c.m.bet.ingestion.IngestionService - 🔄 ⚡ ℹ️ Processing 0 events...
2026-02-03 13:36:51.450 [arb-processor-56] ERROR c.m.bet.ingestion.IngestionService - ❌ 🔄 Response validation failed: Errors: 1, Warnings: 1, Info: 1
2026-02-03 13:36:51.450 [arb-processor-56] WARN  c.m.bet.ingestion.IngestionService - ⚠️ 🔄 No events in response
2026-02-03 13:36:51.450 [arb-processor-56] DEBUG c.m.bet.ingestion.IngestionService - 🔄 ℹ️ Transforming 0 parsed items to entities...
2026-02-03 13:36:51.450 [arb-processor-56] DEBUG c.m.bet.ingestion.IngestionService - 💾 ℹ️ Saving 0 opportunities to database...
2026-02-03 13:36:51.450 [arb-processor-56] DEBUG c.m.bet.ingestion.IngestionService - 💾 ℹ️ Processing 0 opportunities for database save...
2026-02-03 13:36:51.450 [arb-processor-56] DEBUG c.m.bet.ingestion.IngestionService - ℹ️ 💾 No opportunities to save
2026-02-03 13:36:51.450 [arb-processor-56] INFO  c.m.bet.ingestion.IngestionService - ✅ 📥 Live arbs ingestion completed: 0 opportunities saved in 188ms
2026-02-03 13:36:53.260 [arb-poller] INFO  c.m.bet.ingestion.IngestionService - 🔄 📥 [Poll #75] Starting live arbs fetch...
2026-02-03 13:36:53.260 [arb-processor-62] DEBUG c.m.bet.ingestion.IngestionService - 📥 Fetching live arbs from API...
2026-02-03 13:36:53.455 [arb-processor-62] DEBUG c.m.bet.ingestion.IngestionService - ✅ 📥 API returned 0 events
2026-02-03 13:36:53.455 [arb-processor-62] DEBUG c.m.bet.ingestion.IngestionService - 🔄 ⚡ ℹ️ Processing 0 events...
2026-02-03 13:36:53.455 [arb-processor-62] ERROR c.m.bet.ingestion.IngestionService - ❌ 🔄 Response validation failed: Errors: 1, Warnings: 1, Info: 1
2026-02-03 13:36:53.455 [arb-processor-62] WARN  c.m.bet.ingestion.IngestionService - ⚠️ 🔄 No events in response
2026-02-03 13:36:53.455 [arb-processor-62] DEBUG c.m.bet.ingestion.IngestionService - 🔄 ℹ️ Transforming 0 parsed items to entities...
2026-02-03 13:36:53.455 [arb-processor-62] DEBUG c.m.bet.ingestion.IngestionService - 💾 ℹ️ Saving 0 opportunities to database...
2026-02-03 13:36:53.455 [arb-processor-62] DEBUG c.m.bet.ingestion.IngestionService - 💾 ℹ️ Processing 0 opportunities for database save...
2026-02-03 13:36:53.455 [arb-processor-62] DEBUG c.m.bet.ingestion.IngestionService - ℹ️ 💾 No opportunities to save
2026-02-03 13:36:53.456 [arb-processor-62] INFO  c.m.bet.ingestion.IngestionService - ✅ 📥 Live arbs ingestion completed: 0 opportunities saved in 196ms
2026-02-03 13:36:55.261 [arb-poller] INFO  c.m.bet.ingestion.IngestionService - 🔄 📥 [Poll #76] Starting live arbs fetch...
2026-02-03 13:36:55.261 [arb-processor-66] DEBUG c.m.bet.ingestion.IngestionService - 📥 Fetching live arbs from API...
2026-02-03 13:36:55.443 [arb-processor-66] DEBUG c.m.bet.ingestion.IngestionService - ✅ 📥 API returned 0 events
2026-02-03 13:36:55.443 [arb-processor-66] DEBUG c.m.bet.ingestion.IngestionService - 🔄 ⚡ ℹ️ Processing 0 events...
2026-02-03 13:36:55.443 [arb-processor-66] ERROR c.m.bet.ingestion.IngestionService - ❌ 🔄 Response validation failed: Errors: 1, Warnings: 1, Info: 1
2026-02-03 13:36:55.443 [arb-processor-66] WARN  c.m.bet.ingestion.IngestionService - ⚠️ 🔄 No events in response
2026-02-03 13:36:55.443 [arb-processor-66] DEBUG c.m.bet.ingestion.IngestionService - 🔄 ℹ️ Transforming 0 parsed items to entities...
2026-02-03 13:36:55.443 [arb-processor-66] DEBUG c.m.bet.ingestion.IngestionService - 💾 ℹ️ Saving 0 opportunities to database...
2026-02-03 13:36:55.443 [arb-processor-66] DEBUG c.m.bet.ingestion.IngestionService - 💾 ℹ️ Processing 0 opportunities for database save...
2026-02-03 13:36:55.443 [arb-processor-66] DEBUG c.m.bet.ingestion.IngestionService - ℹ️ 💾 No opportunities to save
2026-02-03 13:36:55.444 [arb-processor-66] INFO  c.m.bet.ingestion.IngestionService - ✅ 📥 Live arbs ingestion completed: 0 opportunities saved in 183ms
2026-02-03 13:36:57.260 [arb-poller] INFO  c.m.bet.ingestion.IngestionService - 🔄 📥 [Poll #77] Starting live arbs fetch...
2026-02-03 13:36:57.260 [arb-processor-67] DEBUG c.m.bet.ingestion.IngestionService - 📥 Fetching live arbs from API...
2026-02-03 13:36:57.465 [arb-processor-67] DEBUG c.m.bet.ingestion.IngestionService - ✅ 📥 API returned 0 events
2026-02-03 13:36:57.466 [arb-processor-67] DEBUG c.m.bet.ingestion.IngestionService - 🔄 ⚡ ℹ️ Processing 0 events...
2026-02-03 13:36:57.466 [arb-processor-67] ERROR c.m.bet.ingestion.IngestionService - ❌ 🔄 Response validation failed: Errors: 1, Warnings: 1, Info: 1
2026-02-03 13:36:57.466 [arb-processor-67] WARN  c.m.bet.ingestion.IngestionService - ⚠️ 🔄 No events in response
2026-02-03 13:36:57.466 [arb-processor-67] DEBUG c.m.bet.ingestion.IngestionService - 🔄 ℹ️ Transforming 0 parsed items to entities...
2026-02-03 13:36:57.466 [arb-processor-67] DEBUG c.m.bet.ingestion.IngestionService - 💾 ℹ️ Saving 0 opportunities to database...
2026-02-03 13:36:57.466 [arb-processor-67] DEBUG c.m.bet.ingestion.IngestionService - 💾 ℹ️ Processing 0 opportunities for database save...
2026-02-03 13:36:57.466 [arb-processor-67] DEBUG c.m.bet.ingestion.IngestionService - ℹ️ 💾 No opportunities to save
2026-02-03 13:36:57.466 [arb-processor-67] INFO  c.m.bet.ingestion.IngestionService - ✅ 📥 Live arbs ingestion completed: 0 opportunities saved in 206ms
2026-02-03 13:36:59.260 [arb-poller] INFO  c.m.bet.ingestion.IngestionService - 🔄 📥 [Poll #78] Starting live arbs fetch...
2026-02-03 13:36:59.260 [arb-processor-56] DEBUG c.m.bet.ingestion.IngestionService - 📥 Fetching live arbs from API...
2026-02-03 13:36:59.453 [arb-processor-56] DEBUG c.m.bet.ingestion.IngestionService - ✅ 📥 API returned 0 events
2026-02-03 13:36:59.453 [arb-processor-56] DEBUG c.m.bet.ingestion.IngestionService - 🔄 ⚡ ℹ️ Processing 0 events...
2026-02-03 13:36:59.453 [arb-processor-56] ERROR c.m.bet.ingestion.IngestionService - ❌ 🔄 Response validation failed: Errors: 1, Warnings: 1, Info: 1
2026-02-03 13:36:59.453 [arb-processor-56] WARN  c.m.bet.ingestion.IngestionService - ⚠️ 🔄 No events in response
2026-02-03 13:36:59.453 [arb-processor-56] DEBUG c.m.bet.ingestion.IngestionService - 🔄 ℹ️ Transforming 0 parsed items to entities...
2026-02-03 13:36:59.453 [arb-processor-56] DEBUG c.m.bet.ingestion.IngestionService - 💾 ℹ️ Saving 0 opportunities to database...
2026-02-03 13:36:59.453 [arb-processor-56] DEBUG c.m.bet.ingestion.IngestionService - 💾 ℹ️ Processing 0 opportunities for database save...
2026-02-03 13:36:59.453 [arb-processor-56] DEBUG c.m.bet.ingestion.IngestionService - ℹ️ 💾 No opportunities to save
2026-02-03 13:36:59.453 [arb-processor-56] INFO  c.m.bet.ingestion.IngestionService - ✅ 📥 Live arbs ingestion completed: 0 opportunities saved in 193ms
2026-02-03 13:37:01.262 [arb-poller] INFO  c.m.bet.ingestion.IngestionService - 🔄 📥 [Poll #79] Starting live arbs fetch...
2026-02-03 13:37:01.262 [arb-processor-62] DEBUG c.m.bet.ingestion.IngestionService - 📥 Fetching live arbs from API...
2026-02-03 13:37:01.483 [arb-processor-62] DEBUG c.m.bet.ingestion.IngestionService - ✅ 📥 API returned 0 events
2026-02-03 13:37:01.484 [arb-processor-62] DEBUG c.m.bet.ingestion.IngestionService - 🔄 ⚡ ℹ️ Processing 0 events...
2026-02-03 13:37:01.484 [arb-processor-62] ERROR c.m.bet.ingestion.IngestionService - ❌ 🔄 Response validation failed: Errors: 1, Warnings: 1, Info: 1
2026-02-03 13:37:01.484 [arb-processor-62] WARN  c.m.bet.ingestion.IngestionService - ⚠️ 🔄 No events in response
2026-02-03 13:37:01.484 [arb-processor-62] DEBUG c.m.bet.ingestion.IngestionService - 🔄 ℹ️ Transforming 0 parsed items to entities...
2026-02-03 13:37:01.484 [arb-processor-62] DEBUG c.m.bet.ingestion.IngestionService - 💾 ℹ️ Saving 0 opportunities to database...
2026-02-03 13:37:01.484 [arb-processor-62] DEBUG c.m.bet.ingestion.IngestionService - 💾 ℹ️ Processing 0 opportunities for database save...
2026-02-03 13:37:01.484 [arb-processor-62] DEBUG c.m.bet.ingestion.IngestionService - ℹ️ 💾 No opportunities to save
2026-02-03 13:37:01.484 [arb-processor-62] INFO  c.m.bet.ingestion.IngestionService - ✅ 📥 Live arbs ingestion completed: 0 opportunities saved in 222ms
2026-02-03 13:37:03.261 [arb-poller] INFO  c.m.bet.ingestion.IngestionService - 🔄 📥 [Poll #80] Starting live arbs fetch...
2026-02-03 13:37:03.261 [arb-processor-66] DEBUG c.m.bet.ingestion.IngestionService - 📥 Fetching live arbs from API...
2026-02-03 13:37:03.463 [arb-processor-66] DEBUG c.m.bet.ingestion.IngestionService - ✅ 📥 API returned 0 events
2026-02-03 13:37:03.463 [arb-processor-66] DEBUG c.m.bet.ingestion.IngestionService - 🔄 ⚡ ℹ️ Processing 0 events...
2026-02-03 13:37:03.463 [arb-processor-66] ERROR c.m.bet.ingestion.IngestionService - ❌ 🔄 Response validation failed: Errors: 1, Warnings: 1, Info: 1
2026-02-03 13:37:03.463 [arb-processor-66] WARN  c.m.bet.ingestion.IngestionService - ⚠️ 🔄 No events in response
2026-02-03 13:37:03.463 [arb-processor-66] DEBUG c.m.bet.ingestion.IngestionService - 🔄 ℹ️ Transforming 0 parsed items to entities...
2026-02-03 13:37:03.463 [arb-processor-66] DEBUG c.m.bet.ingestion.IngestionService - 💾 ℹ️ Saving 0 opportunities to database...
2026-02-03 13:37:03.463 [arb-processor-66] DEBUG c.m.bet.ingestion.IngestionService - 💾 ℹ️ Processing 0 opportunities for database save...
2026-02-03 13:37:03.464 [arb-processor-66] DEBUG c.m.bet.ingestion.IngestionService - ℹ️ 💾 No opportunities to save
2026-02-03 13:37:03.464 [arb-processor-66] INFO  c.m.bet.ingestion.IngestionService - ✅ 📥 Live arbs ingestion completed: 0 opportunities saved in 203ms
2026-02-03 13:37:05.260 [arb-poller] INFO  c.m.bet.ingestion.IngestionService - 🔄 📥 [Poll #81] Starting live arbs fetch...
2026-02-03 13:37:05.260 [arb-processor-67] DEBUG c.m.bet.ingestion.IngestionService - 📥 Fetching live arbs from API...
2026-02-03 13:37:05.447 [arb-processor-67] DEBUG c.m.bet.ingestion.IngestionService - ✅ 📥 API returned 0 events
2026-02-03 13:37:05.447 [arb-processor-67] DEBUG c.m.bet.ingestion.IngestionService - 🔄 ⚡ ℹ️ Processing 0 events...
2026-02-03 13:37:05.448 [arb-processor-67] ERROR c.m.bet.ingestion.IngestionService - ❌ 🔄 Response validation failed: Errors: 1, Warnings: 1, Info: 1
2026-02-03 13:37:05.448 [arb-processor-67] WARN  c.m.bet.ingestion.IngestionService - ⚠️ 🔄 No events in response
2026-02-03 13:37:05.448 [arb-processor-67] DEBUG c.m.bet.ingestion.IngestionService - 🔄 ℹ️ Transforming 0 parsed items to entities...
2026-02-03 13:37:05.448 [arb-processor-67] DEBUG c.m.bet.ingestion.IngestionService - 💾 ℹ️ Saving 0 opportunities to database...
2026-02-03 13:37:05.448 [arb-processor-67] DEBUG c.m.bet.ingestion.IngestionService - 💾 ℹ️ Processing 0 opportunities for database save...
2026-02-03 13:37:05.448 [arb-processor-67] DEBUG c.m.bet.ingestion.IngestionService - ℹ️ 💾 No opportunities to save
2026-02-03 13:37:05.448 [arb-processor-67] INFO  c.m.bet.ingestion.IngestionService - ✅ 📥 Live arbs ingestion completed: 0 opportunities saved in 188ms
2026-02-03 13:37:07.260 [arb-poller] INFO  c.m.bet.ingestion.IngestionService - 🔄 📥 [Poll #82] Starting live arbs fetch...
2026-02-03 13:37:07.260 [arb-processor-56] DEBUG c.m.bet.ingestion.IngestionService - 📥 Fetching live arbs from API...
2026-02-03 13:37:07.461 [arb-processor-56] DEBUG c.m.bet.ingestion.IngestionService - ✅ 📥 API returned 0 events
2026-02-03 13:37:07.461 [arb-processor-56] DEBUG c.m.bet.ingestion.IngestionService - 🔄 ⚡ ℹ️ Processing 0 events...
2026-02-03 13:37:07.461 [arb-processor-56] ERROR c.m.bet.ingestion.IngestionService - ❌ 🔄 Response validation failed: Errors: 1, Warnings: 1, Info: 1
2026-02-03 13:37:07.461 [arb-processor-56] WARN  c.m.bet.ingestion.IngestionService - ⚠️ 🔄 No events in response
2026-02-03 13:37:07.461 [arb-processor-56] DEBUG c.m.bet.ingestion.IngestionService - 🔄 ℹ️ Transforming 0 parsed items to entities...
2026-02-03 13:37:07.461 [arb-processor-56] DEBUG c.m.bet.ingestion.IngestionService - 💾 ℹ️ Saving 0 opportunities to database...
2026-02-03 13:37:07.461 [arb-processor-56] DEBUG c.m.bet.ingestion.IngestionService - 💾 ℹ️ Processing 0 opportunities for database save...
2026-02-03 13:37:07.461 [arb-processor-56] DEBUG c.m.bet.ingestion.IngestionService - ℹ️ 💾 No opportunities to save
2026-02-03 13:37:07.461 [arb-processor-56] INFO  c.m.bet.ingestion.IngestionService - ✅ 📥 Live arbs ingestion completed: 0 opportunities saved in 201ms
2026-02-03 13:37:09.259 [arb-poller] INFO  c.m.bet.ingestion.IngestionService - 🔄 📥 [Poll #83] Starting live arbs fetch...
2026-02-03 13:37:09.259 [arb-processor-62] DEBUG c.m.bet.ingestion.IngestionService - 📥 Fetching live arbs from API...
2026-02-03 13:37:09.452 [arb-processor-62] DEBUG c.m.bet.ingestion.IngestionService - ✅ 📥 API returned 0 events
2026-02-03 13:37:09.452 [arb-processor-62] DEBUG c.m.bet.ingestion.IngestionService - 🔄 ⚡ ℹ️ Processing 0 events...
2026-02-03 13:37:09.452 [arb-processor-62] ERROR c.m.bet.ingestion.IngestionService - ❌ 🔄 Response validation failed: Errors: 1, Warnings: 1, Info: 1
2026-02-03 13:37:09.452 [arb-processor-62] WARN  c.m.bet.ingestion.IngestionService - ⚠️ 🔄 No events in response
2026-02-03 13:37:09.452 [arb-processor-62] DEBUG c.m.bet.ingestion.IngestionService - 🔄 ℹ️ Transforming 0 parsed items to entities...
2026-02-03 13:37:09.452 [arb-processor-62] DEBUG c.m.bet.ingestion.IngestionService - 💾 ℹ️ Saving 0 opportunities to database...
2026-02-03 13:37:09.452 [arb-processor-62] DEBUG c.m.bet.ingestion.IngestionService - 💾 ℹ️ Processing 0 opportunities for database save...
2026-02-03 13:37:09.452 [arb-processor-62] DEBUG c.m.bet.ingestion.IngestionService - ℹ️ 💾 No opportunities to save
2026-02-03 13:37:09.452 [arb-processor-62] INFO  c.m.bet.ingestion.IngestionService - ✅ 📥 Live arbs ingestion completed: 0 opportunities saved in 193ms
2026-02-03 13:37:11.260 [arb-poller] INFO  c.m.bet.ingestion.IngestionService - 🔄 📥 [Poll #84] Starting live arbs fetch...
2026-02-03 13:37:11.260 [arb-processor-66] DEBUG c.m.bet.ingestion.IngestionService - 📥 Fetching live arbs from API...
2026-02-03 13:37:11.455 [arb-processor-66] DEBUG c.m.bet.ingestion.IngestionService - ✅ 📥 API returned 0 events
2026-02-03 13:37:11.455 [arb-processor-66] DEBUG c.m.bet.ingestion.IngestionService - 🔄 ⚡ ℹ️ Processing 0 events...
2026-02-03 13:37:11.456 [arb-processor-66] ERROR c.m.bet.ingestion.IngestionService - ❌ 🔄 Response validation failed: Errors: 1, Warnings: 1, Info: 1
2026-02-03 13:37:11.456 [arb-processor-66] WARN  c.m.bet.ingestion.IngestionService - ⚠️ 🔄 No events in response
2026-02-03 13:37:11.456 [arb-processor-66] DEBUG c.m.bet.ingestion.IngestionService - 🔄 ℹ️ Transforming 0 parsed items to entities...
2026-02-03 13:37:11.456 [arb-processor-66] DEBUG c.m.bet.ingestion.IngestionService - 💾 ℹ️ Saving 0 opportunities to database...
2026-02-03 13:37:11.456 [arb-processor-66] DEBUG c.m.bet.ingestion.IngestionService - 💾 ℹ️ Processing 0 opportunities for database save...
2026-02-03 13:37:11.456 [arb-processor-66] DEBUG c.m.bet.ingestion.IngestionService - ℹ️ 💾 No opportunities to save
2026-02-03 13:37:11.456 [arb-processor-66] INFO  c.m.bet.ingestion.IngestionService - ✅ 📥 Live arbs ingestion completed: 0 opportunities saved in 196ms
2026-02-03 13:37:13.261 [arb-poller] INFO  c.m.bet.ingestion.IngestionService - 🔄 📥 [Poll #85] Starting live arbs fetch...
2026-02-03 13:37:13.261 [arb-processor-67] DEBUG c.m.bet.ingestion.IngestionService - 📥 Fetching live arbs from API...
2026-02-03 13:37:13.447 [arb-processor-67] DEBUG c.m.bet.ingestion.IngestionService - ✅ 📥 API returned 0 events
2026-02-03 13:37:13.448 [arb-processor-67] DEBUG c.m.bet.ingestion.IngestionService - 🔄 ⚡ ℹ️ Processing 0 events...
2026-02-03 13:37:13.448 [arb-processor-67] ERROR c.m.bet.ingestion.IngestionService - ❌ 🔄 Response validation failed: Errors: 1, Warnings: 1, Info: 1
2026-02-03 13:37:13.449 [arb-processor-67] WARN  c.m.bet.ingestion.IngestionService - ⚠️ 🔄 No events in response
2026-02-03 13:37:13.449 [arb-processor-67] DEBUG c.m.bet.ingestion.IngestionService - 🔄 ℹ️ Transforming 0 parsed items to entities...
2026-02-03 13:37:13.449 [arb-processor-67] DEBUG c.m.bet.ingestion.IngestionService - 💾 ℹ️ Saving 0 opportunities to database...
2026-02-03 13:37:13.449 [arb-processor-67] DEBUG c.m.bet.ingestion.IngestionService - 💾 ℹ️ Processing 0 opportunities for database save...
2026-02-03 13:37:13.449 [arb-processor-67] DEBUG c.m.bet.ingestion.IngestionService - ℹ️ 💾 No opportunities to save
2026-02-03 13:37:13.449 [arb-processor-67] INFO  c.m.bet.ingestion.IngestionService - ✅ 📥 Live arbs ingestion completed: 0 opportunities saved in 188ms
2026-02-03 13:37:15.261 [arb-poller] INFO  c.m.bet.ingestion.IngestionService - 🔄 📥 [Poll #86] Starting live arbs fetch...
2026-02-03 13:37:15.261 [arb-processor-56] DEBUG c.m.bet.ingestion.IngestionService - 📥 Fetching live arbs from API...
2026-02-03 13:37:15.455 [arb-processor-56] DEBUG c.m.bet.ingestion.IngestionService - ✅ 📥 API returned 0 events
2026-02-03 13:37:15.456 [arb-processor-56] DEBUG c.m.bet.ingestion.IngestionService - 🔄 ⚡ ℹ️ Processing 0 events...
2026-02-03 13:37:15.456 [arb-processor-56] ERROR c.m.bet.ingestion.IngestionService - ❌ 🔄 Response validation failed: Errors: 1, Warnings: 1, Info: 1
2026-02-03 13:37:15.456 [arb-processor-56] WARN  c.m.bet.ingestion.IngestionService - ⚠️ 🔄 No events in response
2026-02-03 13:37:15.456 [arb-processor-56] DEBUG c.m.bet.ingestion.IngestionService - 🔄 ℹ️ Transforming 0 parsed items to entities...
2026-02-03 13:37:15.456 [arb-processor-56] DEBUG c.m.bet.ingestion.IngestionService - 💾 ℹ️ Saving 0 opportunities to database...
2026-02-03 13:37:15.456 [arb-processor-56] DEBUG c.m.bet.ingestion.IngestionService - 💾 ℹ️ Processing 0 opportunities for database save...
2026-02-03 13:37:15.456 [arb-processor-56] DEBUG c.m.bet.ingestion.IngestionService - ℹ️ 💾 No opportunities to save
2026-02-03 13:37:15.456 [arb-processor-56] INFO  c.m.bet.ingestion.IngestionService - ✅ 📥 Live arbs ingestion completed: 0 opportunities saved in 195ms
2026-02-03 13:37:17.284 [arb-poller] INFO  c.m.bet.ingestion.IngestionService - 🔄 📥 [Poll #87] Starting live arbs fetch...
2026-02-03 13:37:17.284 [arb-processor-62] DEBUG c.m.bet.ingestion.IngestionService - 📥 Fetching live arbs from API...
2026-02-03 13:37:17.493 [arb-processor-62] DEBUG c.m.bet.ingestion.IngestionService - ✅ 📥 API returned 0 events
2026-02-03 13:37:17.493 [arb-processor-62] DEBUG c.m.bet.ingestion.IngestionService - 🔄 ⚡ ℹ️ Processing 0 events...
2026-02-03 13:37:17.493 [arb-processor-62] ERROR c.m.bet.ingestion.IngestionService - ❌ 🔄 Response validation failed: Errors: 1, Warnings: 1, Info: 1
2026-02-03 13:37:17.493 [arb-processor-62] WARN  c.m.bet.ingestion.IngestionService - ⚠️ 🔄 No events in response
2026-02-03 13:37:17.493 [arb-processor-62] DEBUG c.m.bet.ingestion.IngestionService - 🔄 ℹ️ Transforming 0 parsed items to entities...
2026-02-03 13:37:17.493 [arb-processor-62] DEBUG c.m.bet.ingestion.IngestionService - 💾 ℹ️ Saving 0 opportunities to database...
2026-02-03 13:37:17.493 [arb-processor-62] DEBUG c.m.bet.ingestion.IngestionService - 💾 ℹ️ Processing 0 opportunities for database save...
2026-02-03 13:37:17.493 [arb-processor-62] DEBUG c.m.bet.ingestion.IngestionService - ℹ️ 💾 No opportunities to save
2026-02-03 13:37:17.494 [arb-processor-62] INFO  c.m.bet.ingestion.IngestionService - ✅ 📥 Live arbs ingestion completed: 0 opportunities saved in 210ms
2026-02-03 13:37:19.261 [arb-poller] INFO  c.m.bet.ingestion.IngestionService - 🔄 📥 [Poll #88] Starting live arbs fetch...
2026-02-03 13:37:19.261 [arb-processor-66] DEBUG c.m.bet.ingestion.IngestionService - 📥 Fetching live arbs from API...
2026-02-03 13:37:19.450 [arb-processor-66] DEBUG c.m.bet.ingestion.IngestionService - ✅ 📥 API returned 0 events
2026-02-03 13:37:19.450 [arb-processor-66] DEBUG c.m.bet.ingestion.IngestionService - 🔄 ⚡ ℹ️ Processing 0 events...
2026-02-03 13:37:19.450 [arb-processor-66] ERROR c.m.bet.ingestion.IngestionService - ❌ 🔄 Response validation failed: Errors: 1, Warnings: 1, Info: 1
2026-02-03 13:37:19.450 [arb-processor-66] WARN  c.m.bet.ingestion.IngestionService - ⚠️ 🔄 No events in response
2026-02-03 13:37:19.450 [arb-processor-66] DEBUG c.m.bet.ingestion.IngestionService - 🔄 ℹ️ Transforming 0 parsed items to entities...
2026-02-03 13:37:19.450 [arb-processor-66] DEBUG c.m.bet.ingestion.IngestionService - 💾 ℹ️ Saving 0 opportunities to database...
2026-02-03 13:37:19.450 [arb-processor-66] DEBUG c.m.bet.ingestion.IngestionService - 💾 ℹ️ Processing 0 opportunities for database save...
2026-02-03 13:37:19.450 [arb-processor-66] DEBUG c.m.bet.ingestion.IngestionService - ℹ️ 💾 No opportunities to save
2026-02-03 13:37:19.450 [arb-processor-66] INFO  c.m.bet.ingestion.IngestionService - ✅ 📥 Live arbs ingestion completed: 0 opportunities saved in 189ms
2026-02-03 13:37:21.261 [arb-poller] INFO  c.m.bet.ingestion.IngestionService - 🔄 📥 [Poll #89] Starting live arbs fetch...
2026-02-03 13:37:21.261 [arb-processor-67] DEBUG c.m.bet.ingestion.IngestionService - 📥 Fetching live arbs from API...
2026-02-03 13:37:22.900 [arb-processor-67] DEBUG c.m.bet.ingestion.IngestionService - ✅ 📥 API returned 2 events
2026-02-03 13:37:22.900 [arb-processor-67] DEBUG c.m.bet.ingestion.IngestionService - 🔄 ⚡ ℹ️ Processing 2 events...
2026-02-03 13:37:23.262 [arb-poller] INFO  c.m.bet.ingestion.IngestionService - 🔄 📥 [Poll #90] Starting live arbs fetch...
2026-02-03 13:37:23.262 [arb-poller] DEBUG c.m.bet.ingestion.IngestionService - ⚠️ 🔄 [Poll #90] Previous ingestion still running, skipping
2026-02-03 13:37:25.261 [arb-poller] INFO  c.m.bet.ingestion.IngestionService - 🔄 📥 [Poll #91] Starting live arbs fetch...
2026-02-03 13:37:25.261 [arb-poller] DEBUG c.m.bet.ingestion.IngestionService - ⚠️ 🔄 [Poll #91] Previous ingestion still running, skipping
2026-02-03 13:37:26.340 [arb-processor-62] INFO  c.m.bet.ingestion.IngestionService - 🔄 ℹ️ Processing sub-event 1/2 (ID: 16193963497722541324)...
2026-02-03 13:37:26.340 [arb-processor-56] INFO  c.m.bet.ingestion.IngestionService - 🔄 ℹ️ Processing sub-event 1/2 (ID: 16193963496463261138)...
2026-02-03 13:37:26.341 [arb-processor-56] INFO  c.m.bet.ingestion.IngestionService - ℹ️ 🔄 Sub-event 16193963496463261138 bookmaker: MSport (ID: 80)
2026-02-03 13:37:26.341 [arb-processor-62] INFO  c.m.bet.ingestion.IngestionService - ℹ️ 🔄 Sub-event 16193963497722541324 bookmaker: Bet9ja (ID: 33)
2026-02-03 13:37:26.904 [arb-processor-56] INFO  c.m.bet.ingestion.IngestionService - ✅ 🍪 Saved crumbs from MSport using key='oid' (2 entries)
2026-02-03 13:37:26.904 [arb-processor-56] INFO  c.m.bet.ingestion.IngestionService - 🍪 ℹ️ Using key='oid' = '4' → selectedId='4' for bookmaker: MSport (source: MSport)
2026-02-03 13:37:26.905 [arb-processor-62] INFO  c.m.bet.ingestion.IngestionService - 🍪 ℹ️ Using key='id2' = 'LIVETT_12_1HH' → selectedId='1HH' for bookmaker: Bet9ja (source: own crumbs (post-underscore))
2026-02-03 13:37:26.905 [arb-processor-62] DEBUG c.m.bet.ingestion.IngestionService - 🎯 🍪 Getting market outcome for bookmaker: Bet9ja
2026-02-03 13:37:26.905 [arb-processor-56] DEBUG c.m.bet.ingestion.IngestionService - 🎯 🍪 Getting market outcome for bookmaker: MSport
2026-02-03 13:37:27.262 [arb-poller] INFO  c.m.bet.ingestion.IngestionService - 🔄 📥 [Poll #92] Starting live arbs fetch...
2026-02-03 13:37:27.262 [arb-poller] DEBUG c.m.bet.ingestion.IngestionService - ⚠️ 🔄 [Poll #92] Previous ingestion still running, skipping
2026-02-03 13:37:27.427 [arb-processor-62] INFO  c.m.bet.ingestion.IngestionService - ✅ 🎯 Market resolved: marketType='Match Winner', selectedId='1HH', outcome='Player 1'
2026-02-03 13:37:27.427 [arb-processor-56] INFO  c.m.bet.ingestion.IngestionService - ✅ 🎯 Market resolved: marketType='Winner', selectedId='4', outcome='Home'
2026-02-03 13:37:27.787 [arb-processor-62] DEBUG c.m.bet.ingestion.IngestionService - Built Bet9ja modern URL: https://sports.bet9ja.com/liveEvent/8671541
2026-02-03 13:37:27.787 [arb-processor-62] INFO  c.m.bet.ingestion.IngestionService - 📎 Built URL for Bet9ja: https://sports.bet9ja.com/liveEvent/8671541
2026-02-03 13:37:27.920 [arb-processor-56] INFO  c.m.bet.ingestion.IngestionService - 📎 Built URL for MSport: https://www.msport.com/ng/web/sports/Table%20Tennis/live/Czech_Republic_Czech_Liga_Pro/Havlik__Vit_vs_Sychra__Martin/sr:match:68521270
2026-02-03 13:37:29.260 [arb-poller] INFO  c.m.bet.ingestion.IngestionService - 🔄 📥 [Poll #93] Starting live arbs fetch...
2026-02-03 13:37:29.260 [arb-poller] DEBUG c.m.bet.ingestion.IngestionService - ⚠️ 🔄 [Poll #93] Previous ingestion still running, skipping
2026-02-03 13:37:31.260 [arb-poller] INFO  c.m.bet.ingestion.IngestionService - 🔄 📥 [Poll #94] Starting live arbs fetch...
2026-02-03 13:37:31.260 [arb-poller] DEBUG c.m.bet.ingestion.IngestionService - ⚠️ 🔄 [Poll #94] Previous ingestion still running, skipping
2026-02-03 13:37:31.596 [arb-processor-62] INFO  c.m.bet.ingestion.IngestionService - ✅ Built outcome - bookMaker: Bet9ja, outcome: 'Player 1', odds: 1.91, url: ✓
2026-02-03 13:37:31.596 [arb-processor-56] INFO  c.m.bet.ingestion.IngestionService - ✅ Built outcome - bookMaker: MSport, outcome: 'Home', odds: 4.5, url: ✓
2026-02-03 13:37:31.897 [arb-processor-62] INFO  c.m.bet.ingestion.IngestionService - 🔄 ℹ️ Processing sub-event 2/2 (ID: 16193963499781070453)...
2026-02-03 13:37:31.897 [arb-processor-56] INFO  c.m.bet.ingestion.IngestionService - 🔄 ℹ️ Processing sub-event 2/2 (ID: 16193963498460730705)...
2026-02-03 13:37:31.897 [arb-processor-62] INFO  c.m.bet.ingestion.IngestionService - ℹ️ 🔄 Sub-event 16193963499781070453 bookmaker: Betway (ID: 36)
2026-02-03 13:37:31.897 [arb-processor-56] INFO  c.m.bet.ingestion.IngestionService - ℹ️ 🔄 Sub-event 16193963498460730705 bookmaker: Bet9ja (ID: 33)
2026-02-03 13:37:31.898 [arb-processor-62] INFO  c.m.bet.ingestion.IngestionService - ✅ 🍪 Saved crumbs from Betway using key='oid' (1 entries)
2026-02-03 13:37:31.898 [arb-processor-62] WARN  c.m.bet.ingestion.IngestionService - ⚠️ 🍪 Missing key 'oid' in crumbs for Betway (available keys: [id])
2026-02-03 13:37:31.898 [arb-processor-56] INFO  c.m.bet.ingestion.IngestionService - 🍪 ℹ️ Using key='id2' = 'LIVETT_12_2HH' → selectedId='2HH' for bookmaker: Bet9ja (source: own crumbs (post-underscore))
2026-02-03 13:37:31.898 [arb-processor-56] DEBUG c.m.bet.ingestion.IngestionService - 🎯 🍪 Getting market outcome for bookmaker: Bet9ja
2026-02-03 13:37:31.898 [arb-processor-62] DEBUG c.m.bet.ingestion.IngestionService - URL building not implemented for bookmaker: Betway
2026-02-03 13:37:31.898 [arb-processor-56] INFO  c.m.bet.ingestion.IngestionService - ✅ 🎯 Market resolved: marketType='Match Winner', selectedId='2HH', outcome='Player 2'
2026-02-03 13:37:31.898 [arb-processor-62] DEBUG c.m.bet.ingestion.IngestionService - No URL built for bookmaker: Betway
2026-02-03 13:37:31.898 [arb-processor-56] DEBUG c.m.bet.ingestion.IngestionService - Built Bet9ja modern URL: https://sports.bet9ja.com/liveEvent/8671455
2026-02-03 13:37:31.898 [arb-processor-56] INFO  c.m.bet.ingestion.IngestionService - 📎 Built URL for Bet9ja: https://sports.bet9ja.com/liveEvent/8671455
2026-02-03 13:37:31.898 [arb-processor-56] INFO  c.m.bet.ingestion.IngestionService - ✅ Built outcome - bookMaker: Bet9ja, outcome: 'Player 2', odds: 1.38, url: ✓
2026-02-03 13:37:31.898 [arb-processor-62] INFO  c.m.bet.ingestion.IngestionService - ✅ Built outcome - bookMaker: Betway, outcome: '', odds: 2.25, url: ✗
2026-02-03 13:37:33.261 [arb-poller] INFO  c.m.bet.ingestion.IngestionService - 🔄 📥 [Poll #95] Starting live arbs fetch...
2026-02-03 13:37:33.261 [arb-poller] DEBUG c.m.bet.ingestion.IngestionService - ⚠️ 🔄 [Poll #95] Previous ingestion still running, skipping
2026-02-03 13:37:34.378 [arb-processor-62] DEBUG c.m.bet.ingestion.IngestionService - ✅ 🔄 🎯 Converted event 16193963578347959809 to arb: Bet9ja (1.91) vs Betway (2.25) | 3.31% profit | marketType='' | outcome=''
2026-02-03 13:37:34.379 [arb-processor-56] DEBUG c.m.bet.ingestion.IngestionService - ✅ 🔄 🎯 Converted event 16193963701169116171 to arb: MSport (4.5) vs Bet9ja (1.38) | 5.61% profit | marketType='Match Winner' | outcome='Player 2'
2026-02-03 13:37:34.381 [arb-processor-67] DEBUG c.m.bet.ingestion.IngestionService - ✅ ⚡ 🔄 Successfully converted 2 events to arbitrages
2026-02-03 13:37:34.381 [arb-processor-67] DEBUG c.m.bet.ingestion.IngestionService - 🔄 ℹ️ Transforming 2 parsed items to entities...
2026-02-03 13:37:34.382 [arb-processor-67] DEBUG c.m.bet.ingestion.IngestionService - 💾 ℹ️ Saving 2 opportunities to database...
2026-02-03 13:37:34.382 [arb-processor-67] DEBUG c.m.bet.ingestion.IngestionService - 💾 ℹ️ Processing 2 opportunities for database save...
2026-02-03 13:37:35.260 [arb-poller] INFO  c.m.bet.ingestion.IngestionService - 🔄 📥 [Poll #96] Starting live arbs fetch...
2026-02-03 13:37:35.260 [arb-poller] DEBUG c.m.bet.ingestion.IngestionService - ⚠️ 🔄 [Poll #96] Previous ingestion still running, skipping
2026-02-03 13:37:37.260 [arb-poller] INFO  c.m.bet.ingestion.IngestionService - 🔄 📥 [Poll #97] Starting live arbs fetch...
2026-02-03 13:37:37.260 [arb-poller] DEBUG c.m.bet.ingestion.IngestionService - ⚠️ 🔄 [Poll #97] Previous ingestion still running, skipping
2026-02-03 13:37:39.261 [arb-poller] INFO  c.m.bet.ingestion.IngestionService - 🔄 📥 [Poll #98] Starting live arbs fetch...
2026-02-03 13:37:39.261 [arb-poller] DEBUG c.m.bet.ingestion.IngestionService - ⚠️ 🔄 [Poll #98] Previous ingestion still running, skipping
2026-02-03 13:37:41.262 [arb-poller] INFO  c.m.bet.ingestion.IngestionService - 🔄 📥 [Poll #99] Starting live arbs fetch...
2026-02-03 13:37:41.265 [arb-poller] DEBUG c.m.bet.ingestion.IngestionService - ⚠️ 🔄 [Poll #99] Previous ingestion still running, skipping
2026-02-03 13:37:43.260 [arb-poller] INFO  c.m.bet.ingestion.IngestionService - 🔄 📥 [Poll #100] Starting live arbs fetch...
2026-02-03 13:37:43.260 [arb-poller] DEBUG c.m.bet.ingestion.IngestionService - ⚠️ 🔄 [Poll #100] Previous ingestion still running, skipping
2026-02-03 13:37:43.940 [arb-processor-67] INFO  c.m.bet.ingestion.IngestionService - ✅ 💾 Database save completed: 2 new, 0 updated, 0 skipped
2026-02-03 13:37:43.940 [arb-processor-67] INFO  c.m.bet.ingestion.IngestionService - ✅ 📥 Live arbs ingestion completed: 2 opportunities saved in 22679ms
2026-02-03 13:37:45.261 [arb-poller] INFO  c.m.bet.ingestion.IngestionService - 🔄 📥 [Poll #101] Starting live arbs fetch...
2026-02-03 13:37:45.261 [arb-processor-66] DEBUG c.m.bet.ingestion.IngestionService - 📥 Fetching live arbs from API...
2026-02-03 13:37:45.484 [arb-processor-66] DEBUG c.m.bet.ingestion.IngestionService - ✅ 📥 API returned 0 events
2026-02-03 13:37:45.484 [arb-processor-66] DEBUG c.m.bet.ingestion.IngestionService - 🔄 ⚡ ℹ️ Processing 0 events...
2026-02-03 13:37:45.484 [arb-processor-66] ERROR c.m.bet.ingestion.IngestionService - ❌ 🔄 Response validation failed: Errors: 1, Warnings: 1, Info: 1
2026-02-03 13:37:45.484 [arb-processor-66] WARN  c.m.bet.ingestion.IngestionService - ⚠️ 🔄 No events in response
2026-02-03 13:37:45.484 [arb-processor-66] DEBUG c.m.bet.ingestion.IngestionService - 🔄 ℹ️ Transforming 0 parsed items to entities...
2026-02-03 13:37:45.484 [arb-processor-66] DEBUG c.m.bet.ingestion.IngestionService - 💾 ℹ️ Saving 0 opportunities to database...
2026-02-03 13:37:45.484 [arb-processor-66] DEBUG c.m.bet.ingestion.IngestionService - 💾 ℹ️ Processing 0 opportunities for database save...
2026-02-03 13:37:45.484 [arb-processor-66] DEBUG c.m.bet.ingestion.IngestionService - ℹ️ 💾 No opportunities to save
2026-02-03 13:37:45.484 [arb-processor-66] INFO  c.m.bet.ingestion.IngestionService - ✅ 📥 Live arbs ingestion completed: 0 opportunities saved in 223ms
2026-02-03 13:37:47.261 [arb-poller] INFO  c.m.bet.ingestion.IngestionService - 🔄 📥 [Poll #102] Starting live arbs fetch...
2026-02-03 13:37:47.261 [arb-processor-62] DEBUG c.m.bet.ingestion.IngestionService - 📥 Fetching live arbs from API...
2026-02-03 13:37:47.484 [arb-processor-62] DEBUG c.m.bet.ingestion.IngestionService - ✅ 📥 API returned 0 events
2026-02-03 13:37:47.484 [arb-processor-62] DEBUG c.m.bet.ingestion.IngestionService - 🔄 ⚡ ℹ️ Processing 0 events...
2026-02-03 13:37:47.484 [arb-processor-62] ERROR c.m.bet.ingestion.IngestionService - ❌ 🔄 Response validation failed: Errors: 1, Warnings: 1, Info: 1
2026-02-03 13:37:47.484 [arb-processor-62] WARN  c.m.bet.ingestion.IngestionService - ⚠️ 🔄 No events in response
2026-02-03 13:37:47.484 [arb-processor-62] DEBUG c.m.bet.ingestion.IngestionService - 🔄 ℹ️ Transforming 0 parsed items to entities...
2026-02-03 13:37:47.484 [arb-processor-62] DEBUG c.m.bet.ingestion.IngestionService - 💾 ℹ️ Saving 0 opportunities to database...
2026-02-03 13:37:47.484 [arb-processor-62] DEBUG c.m.bet.ingestion.IngestionService - 💾 ℹ️ Processing 0 opportunities for database save...
2026-02-03 13:37:47.485 [arb-processor-62] DEBUG c.m.bet.ingestion.IngestionService - ℹ️ 💾 No opportunities to save
2026-02-03 13:37:47.485 [arb-processor-62] INFO  c.m.bet.ingestion.IngestionService - ✅ 📥 Live arbs ingestion completed: 0 opportunities saved in 224ms
2026-02-03 13:37:49.261 [arb-poller] INFO  c.m.bet.ingestion.IngestionService - 🔄 📥 [Poll #103] Starting live arbs fetch...
2026-02-03 13:37:49.261 [arb-processor-56] DEBUG c.m.bet.ingestion.IngestionService - 📥 Fetching live arbs from API...
2026-02-03 13:37:49.485 [arb-processor-56] DEBUG c.m.bet.ingestion.IngestionService - ✅ 📥 API returned 0 events
2026-02-03 13:37:49.485 [arb-processor-56] DEBUG c.m.bet.ingestion.IngestionService - 🔄 ⚡ ℹ️ Processing 0 events...
2026-02-03 13:37:49.485 [arb-processor-56] ERROR c.m.bet.ingestion.IngestionService - ❌ 🔄 Response validation failed: Errors: 1, Warnings: 1, Info: 1
2026-02-03 13:37:49.485 [arb-processor-56] WARN  c.m.bet.ingestion.IngestionService - ⚠️ 🔄 No events in response
2026-02-03 13:37:49.485 [arb-processor-56] DEBUG c.m.bet.ingestion.IngestionService - 🔄 ℹ️ Transforming 0 parsed items to entities...
2026-02-03 13:37:49.485 [arb-processor-56] DEBUG c.m.bet.ingestion.IngestionService - 💾 ℹ️ Saving 0 opportunities to database...
2026-02-03 13:37:49.485 [arb-processor-56] DEBUG c.m.bet.ingestion.IngestionService - 💾 ℹ️ Processing 0 opportunities for database save...
2026-02-03 13:37:49.486 [arb-processor-56] DEBUG c.m.bet.ingestion.IngestionService - ℹ️ 💾 No opportunities to save
2026-02-03 13:37:49.486 [arb-processor-56] INFO  c.m.bet.ingestion.IngestionService - ✅ 📥 Live arbs ingestion completed: 0 opportunities saved in 225ms
2026-02-03 13:37:51.260 [arb-poller] INFO  c.m.bet.ingestion.IngestionService - 🔄 📥 [Poll #104] Starting live arbs fetch...
2026-02-03 13:37:51.260 [arb-processor-67] DEBUG c.m.bet.ingestion.IngestionService - 📥 Fetching live arbs from API...
2026-02-03 13:37:51.483 [arb-processor-67] DEBUG c.m.bet.ingestion.IngestionService - ✅ 📥 API returned 0 events
2026-02-03 13:37:51.483 [arb-processor-67] DEBUG c.m.bet.ingestion.IngestionService - 🔄 ⚡ ℹ️ Processing 0 events...
2026-02-03 13:37:51.483 [arb-processor-67] ERROR c.m.bet.ingestion.IngestionService - ❌ 🔄 Response validation failed: Errors: 1, Warnings: 1, Info: 1
2026-02-03 13:37:51.483 [arb-processor-67] WARN  c.m.bet.ingestion.IngestionService - ⚠️ 🔄 No events in response
2026-02-03 13:37:51.483 [arb-processor-67] DEBUG c.m.bet.ingestion.IngestionService - 🔄 ℹ️ Transforming 0 parsed items to entities...
2026-02-03 13:37:51.483 [arb-processor-67] DEBUG c.m.bet.ingestion.IngestionService - 💾 ℹ️ Saving 0 opportunities to database...
2026-02-03 13:37:51.483 [arb-processor-67] DEBUG c.m.bet.ingestion.IngestionService - 💾 ℹ️ Processing 0 opportunities for database save...
2026-02-03 13:37:51.483 [arb-processor-67] DEBUG c.m.bet.ingestion.IngestionService - ℹ️ 💾 No opportunities to save
2026-02-03 13:37:51.483 [arb-processor-67] INFO  c.m.bet.ingestion.IngestionService - ✅ 📥 Live arbs ingestion completed: 0 opportunities saved in 223ms
2026-02-03 13:37:53.262 [arb-poller] INFO  c.m.bet.ingestion.IngestionService - 🔄 📥 [Poll #105] Starting live arbs fetch...
2026-02-03 13:37:53.262 [arb-processor-66] DEBUG c.m.bet.ingestion.IngestionService - 📥 Fetching live arbs from API...
2026-02-03 13:37:53.484 [arb-processor-66] DEBUG c.m.bet.ingestion.IngestionService - ✅ 📥 API returned 0 events
2026-02-03 13:37:53.484 [arb-processor-66] DEBUG c.m.bet.ingestion.IngestionService - 🔄 ⚡ ℹ️ Processing 0 events...
2026-02-03 13:37:53.485 [arb-processor-66] ERROR c.m.bet.ingestion.IngestionService - ❌ 🔄 Response validation failed: Errors: 1, Warnings: 1, Info: 1
2026-02-03 13:37:53.485 [arb-processor-66] WARN  c.m.bet.ingestion.IngestionService - ⚠️ 🔄 No events in response
2026-02-03 13:37:53.485 [arb-processor-66] DEBUG c.m.bet.ingestion.IngestionService - 🔄 ℹ️ Transforming 0 parsed items to entities...
2026-02-03 13:37:53.485 [arb-processor-66] DEBUG c.m.bet.ingestion.IngestionService - 💾 ℹ️ Saving 0 opportunities to database...
2026-02-03 13:37:53.485 [arb-processor-66] DEBUG c.m.bet.ingestion.IngestionService - 💾 ℹ️ Processing 0 opportunities for database save...
2026-02-03 13:37:53.485 [arb-processor-66] DEBUG c.m.bet.ingestion.IngestionService - ℹ️ 💾 No opportunities to save
2026-02-03 13:37:53.485 [arb-processor-66] INFO  c.m.bet.ingestion.IngestionService - ✅ 📥 Live arbs ingestion completed: 0 opportunities saved in 223ms
2026-02-03 13:37:55.260 [arb-poller] INFO  c.m.bet.ingestion.IngestionService - 🔄 📥 [Poll #106] Starting live arbs fetch...
2026-02-03 13:37:55.260 [arb-processor-62] DEBUG c.m.bet.ingestion.IngestionService - 📥 Fetching live arbs from API...
2026-02-03 13:37:55.482 [arb-processor-62] DEBUG c.m.bet.ingestion.IngestionService - ✅ 📥 API returned 0 events
2026-02-03 13:37:55.482 [arb-processor-62] DEBUG c.m.bet.ingestion.IngestionService - 🔄 ⚡ ℹ️ Processing 0 events...
2026-02-03 13:37:55.482 [arb-processor-62] ERROR c.m.bet.ingestion.IngestionService - ❌ 🔄 Response validation failed: Errors: 1, Warnings: 1, Info: 1
2026-02-03 13:37:55.482 [arb-processor-62] WARN  c.m.bet.ingestion.IngestionService - ⚠️ 🔄 No events in response
2026-02-03 13:37:55.482 [arb-processor-62] DEBUG c.m.bet.ingestion.IngestionService - 🔄 ℹ️ Transforming 0 parsed items to entities...
2026-02-03 13:37:55.482 [arb-processor-62] DEBUG c.m.bet.ingestion.IngestionService - 💾 ℹ️ Saving 0 opportunities to database...
2026-02-03 13:37:55.482 [arb-processor-62] DEBUG c.m.bet.ingestion.IngestionService - 💾 ℹ️ Processing 0 opportunities for database save...
2026-02-03 13:37:55.482 [arb-processor-62] DEBUG c.m.bet.ingestion.IngestionService - ℹ️ 💾 No opportunities to save
2026-02-03 13:37:55.482 [arb-processor-62] INFO  c.m.bet.ingestion.IngestionService - ✅ 📥 Live arbs ingestion completed: 0 opportunities saved in 222ms
2026-02-03 13:37:57.260 [arb-poller] INFO  c.m.bet.ingestion.IngestionService - 🔄 📥 [Poll #107] Starting live arbs fetch...
2026-02-03 13:37:57.260 [arb-processor-56] DEBUG c.m.bet.ingestion.IngestionService - 📥 Fetching live arbs from API...
2026-02-03 13:37:57.484 [arb-processor-56] DEBUG c.m.bet.ingestion.IngestionService - ✅ 📥 API returned 0 events
2026-02-03 13:37:57.484 [arb-processor-56] DEBUG c.m.bet.ingestion.IngestionService - 🔄 ⚡ ℹ️ Processing 0 events...
2026-02-03 13:37:57.484 [arb-processor-56] ERROR c.m.bet.ingestion.IngestionService - ❌ 🔄 Response validation failed: Errors: 1, Warnings: 1, Info: 1
2026-02-03 13:37:57.484 [arb-processor-56] WARN  c.m.bet.ingestion.IngestionService - ⚠️ 🔄 No events in response
2026-02-03 13:37:57.484 [arb-processor-56] DEBUG c.m.bet.ingestion.IngestionService - 🔄 ℹ️ Transforming 0 parsed items to entities...
2026-02-03 13:37:57.484 [arb-processor-56] DEBUG c.m.bet.ingestion.IngestionService - 💾 ℹ️ Saving 0 opportunities to database...
2026-02-03 13:37:57.484 [arb-processor-56] DEBUG c.m.bet.ingestion.IngestionService - 💾 ℹ️ Processing 0 opportunities for database save...
2026-02-03 13:37:57.484 [arb-processor-56] DEBUG c.m.bet.ingestion.IngestionService - ℹ️ 💾 No opportunities to save
2026-02-03 13:37:57.484 [arb-processor-56] INFO  c.m.bet.ingestion.IngestionService - ✅ 📥 Live arbs ingestion completed: 0 opportunities saved in 224ms
2026-02-03 13:37:59.261 [arb-poller] INFO  c.m.bet.ingestion.IngestionService - 🔄 📥 [Poll #108] Starting live arbs fetch...
2026-02-03 13:37:59.261 [arb-processor-67] DEBUG c.m.bet.ingestion.IngestionService - 📥 Fetching live arbs from API...
2026-02-03 13:37:59.488 [arb-processor-67] DEBUG c.m.bet.ingestion.IngestionService - ✅ 📥 API returned 0 events
2026-02-03 13:37:59.488 [arb-processor-67] DEBUG c.m.bet.ingestion.IngestionService - 🔄 ⚡ ℹ️ Processing 0 events...
2026-02-03 13:37:59.488 [arb-processor-67] ERROR c.m.bet.ingestion.IngestionService - ❌ 🔄 Response validation failed: Errors: 1, Warnings: 1, Info: 1
2026-02-03 13:37:59.488 [arb-processor-67] WARN  c.m.bet.ingestion.IngestionService - ⚠️ 🔄 No events in response
2026-02-03 13:37:59.488 [arb-processor-67] DEBUG c.m.bet.ingestion.IngestionService - 🔄 ℹ️ Transforming 0 parsed items to entities...
2026-02-03 13:37:59.488 [arb-processor-67] DEBUG c.m.bet.ingestion.IngestionService - 💾 ℹ️ Saving 0 opportunities to database...
2026-02-03 13:37:59.488 [arb-processor-67] DEBUG c.m.bet.ingestion.IngestionService - 💾 ℹ️ Processing 0 opportunities for database save...
2026-02-03 13:37:59.488 [arb-processor-67] DEBUG c.m.bet.ingestion.IngestionService - ℹ️ 💾 No opportunities to save
2026-02-03 13:37:59.488 [arb-processor-67] INFO  c.m.bet.ingestion.IngestionService - ✅ 📥 Live arbs ingestion completed: 0 opportunities saved in 227ms
2026-02-03 13:38:01.260 [arb-poller] INFO  c.m.bet.ingestion.IngestionService - 🔄 📥 [Poll #109] Starting live arbs fetch...
2026-02-03 13:38:01.260 [arb-processor-66] DEBUG c.m.bet.ingestion.IngestionService - 📥 Fetching live arbs from API...
2026-02-03 13:38:01.492 [arb-processor-66] DEBUG c.m.bet.ingestion.IngestionService - ✅ 📥 API returned 0 events
2026-02-03 13:38:01.492 [arb-processor-66] DEBUG c.m.bet.ingestion.IngestionService - 🔄 ⚡ ℹ️ Processing 0 events...
2026-02-03 13:38:01.492 [arb-processor-66] ERROR c.m.bet.ingestion.IngestionService - ❌ 🔄 Response validation failed: Errors: 1, Warnings: 1, Info: 1
2026-02-03 13:38:01.492 [arb-processor-66] WARN  c.m.bet.ingestion.IngestionService - ⚠️ 🔄 No events in response
2026-02-03 13:38:01.492 [arb-processor-66] DEBUG c.m.bet.ingestion.IngestionService - 🔄 ℹ️ Transforming 0 parsed items to entities...
2026-02-03 13:38:01.492 [arb-processor-66] DEBUG c.m.bet.ingestion.IngestionService - 💾 ℹ️ Saving 0 opportunities to database...
2026-02-03 13:38:01.492 [arb-processor-66] DEBUG c.m.bet.ingestion.IngestionService - 💾 ℹ️ Processing 0 opportunities for database save...
2026-02-03 13:38:01.492 [arb-processor-66] DEBUG c.m.bet.ingestion.IngestionService - ℹ️ 💾 No opportunities to save
2026-02-03 13:38:01.492 [arb-processor-66] INFO  c.m.bet.ingestion.IngestionService - ✅ 📥 Live arbs ingestion completed: 0 opportunities saved in 232ms
2026-02-03 13:38:03.260 [arb-poller] INFO  c.m.bet.ingestion.IngestionService - 🔄 📥 [Poll #110] Starting live arbs fetch...
2026-02-03 13:38:03.260 [arb-processor-62] DEBUG c.m.bet.ingestion.IngestionService - 📥 Fetching live arbs from API...
2026-02-03 13:38:03.488 [arb-processor-62] DEBUG c.m.bet.ingestion.IngestionService - ✅ 📥 API returned 0 events
2026-02-03 13:38:03.488 [arb-processor-62] DEBUG c.m.bet.ingestion.IngestionService - 🔄 ⚡ ℹ️ Processing 0 events...
2026-02-03 13:38:03.488 [arb-processor-62] ERROR c.m.bet.ingestion.IngestionService - ❌ 🔄 Response validation failed: Errors: 1, Warnings: 1, Info: 1
2026-02-03 13:38:03.488 [arb-processor-62] WARN  c.m.bet.ingestion.IngestionService - ⚠️ 🔄 No events in response
2026-02-03 13:38:03.488 [arb-processor-62] DEBUG c.m.bet.ingestion.IngestionService - 🔄 ℹ️ Transforming 0 parsed items to entities...
2026-02-03 13:38:03.488 [arb-processor-62] DEBUG c.m.bet.ingestion.IngestionService - 💾 ℹ️ Saving 0 opportunities to database...
2026-02-03 13:38:03.488 [arb-processor-62] DEBUG c.m.bet.ingestion.IngestionService - 💾 ℹ️ Processing 0 opportunities for database save...
2026-02-03 13:38:03.488 [arb-processor-62] DEBUG c.m.bet.ingestion.IngestionService - ℹ️ 💾 No opportunities to save
2026-02-03 13:38:03.488 [arb-processor-62] INFO  c.m.bet.ingestion.IngestionService - ✅ 📥 Live arbs ingestion completed: 0 opportunities saved in 228ms
2026-02-03 13:38:05.261 [arb-poller] INFO  c.m.bet.ingestion.IngestionService - 🔄 📥 [Poll #111] Starting live arbs fetch...
2026-02-03 13:38:05.261 [arb-processor-56] DEBUG c.m.bet.ingestion.IngestionService - 📥 Fetching live arbs from API...
2026-02-03 13:38:05.503 [arb-processor-56] DEBUG c.m.bet.ingestion.IngestionService - ✅ 📥 API returned 1 events
2026-02-03 13:38:05.503 [arb-processor-56] DEBUG c.m.bet.ingestion.IngestionService - 🔄 ⚡ ℹ️ Processing 1 events...
2026-02-03 13:38:05.504 [arb-processor-67] INFO  c.m.bet.ingestion.IngestionService - 🔄 ℹ️ Processing sub-event 1/2 (ID: 16193959101122542030)...
2026-02-03 13:38:05.504 [arb-processor-67] INFO  c.m.bet.ingestion.IngestionService - ℹ️ 🔄 Sub-event 16193959101122542030 bookmaker: MSport (ID: 80)
2026-02-03 13:38:05.504 [arb-processor-67] INFO  c.m.bet.ingestion.IngestionService - ✅ 🍪 Saved crumbs from MSport using key='oid' (3 entries)
2026-02-03 13:38:05.504 [arb-processor-67] INFO  c.m.bet.ingestion.IngestionService - 🍪 ℹ️ Using key='oid' = '12' → selectedId='12' for bookmaker: MSport (source: MSport)
2026-02-03 13:38:05.505 [arb-processor-67] DEBUG c.m.bet.ingestion.IngestionService - 🎯 🍪 Getting market outcome for bookmaker: MSport
2026-02-03 13:38:05.505 [arb-processor-67] INFO  c.m.bet.ingestion.IngestionService - ✅ 🎯 Market resolved: marketType='O/U (incl. OT)', selectedId='12', outcome='Over 203.5'
2026-02-03 13:38:05.505 [arb-processor-67] INFO  c.m.bet.ingestion.IngestionService - 📎 Built URL for MSport: https://www.msport.com/ng/web/sports/Basketball/live/China_CBA/Nanjing_Monkey_Kings_vs_Shenzhen_Leopards/sr:match:64981048
2026-02-03 13:38:05.507 [arb-processor-67] INFO  c.m.bet.ingestion.IngestionService - ✅ Built outcome - bookMaker: MSport, outcome: 'Over 203.5', odds: 2.05, url: ✓
2026-02-03 13:38:05.508 [arb-processor-67] INFO  c.m.bet.ingestion.IngestionService - 🔄 ℹ️ Processing sub-event 2/2 (ID: 16193959099787405021)...
2026-02-03 13:38:05.508 [arb-processor-67] INFO  c.m.bet.ingestion.IngestionService - ℹ️ 🔄 Sub-event 16193959099787405021 bookmaker: Bet9ja (ID: 33)
2026-02-03 13:38:05.508 [arb-processor-67] INFO  c.m.bet.ingestion.IngestionService - 🍪 ℹ️ Using key='id2' = 'LIVEB_OUOT@203.5_U' → selectedId='U' for bookmaker: Bet9ja (source: own crumbs (post-underscore))
2026-02-03 13:38:05.508 [arb-processor-67] DEBUG c.m.bet.ingestion.IngestionService - 🎯 🍪 Getting market outcome for bookmaker: Bet9ja
2026-02-03 13:38:05.508 [arb-processor-67] INFO  c.m.bet.ingestion.IngestionService - ✅ 🎯 Market resolved: marketType='Total (Including Overtime)', selectedId='U', outcome='Under 203.5'
2026-02-03 13:38:05.508 [arb-processor-67] DEBUG c.m.bet.ingestion.IngestionService - Built Bet9ja modern URL: https://sports.bet9ja.com/liveEvent/8673355
2026-02-03 13:38:05.508 [arb-processor-67] INFO  c.m.bet.ingestion.IngestionService - 📎 Built URL for Bet9ja: https://sports.bet9ja.com/liveEvent/8673355
2026-02-03 13:38:05.508 [arb-processor-67] INFO  c.m.bet.ingestion.IngestionService - ✅ Built outcome - bookMaker: Bet9ja, outcome: 'Under 203.5', odds: 2.04, url: ✓
2026-02-03 13:38:05.509 [arb-processor-67] DEBUG c.m.bet.ingestion.IngestionService - ✅ 🔄 🎯 Converted event 16193959180869094847 to arb: MSport (2.05) vs Bet9ja (2.04) | 2.25% profit | marketType='Total (Including Overtime)' | outcome='Under 203.5'
2026-02-03 13:38:05.510 [arb-processor-56] DEBUG c.m.bet.ingestion.IngestionService - ✅ ⚡ 🔄 Successfully converted 1 events to arbitrages
2026-02-03 13:38:05.510 [arb-processor-56] DEBUG c.m.bet.ingestion.IngestionService - 🔄 ℹ️ Transforming 1 parsed items to entities...
2026-02-03 13:38:05.510 [arb-processor-56] DEBUG c.m.bet.ingestion.IngestionService - 💾 ℹ️ Saving 1 opportunities to database...
2026-02-03 13:38:05.510 [arb-processor-56] DEBUG c.m.bet.ingestion.IngestionService - 💾 ℹ️ Processing 1 opportunities for database save...
2026-02-03 13:38:05.530 [arb-processor-56] INFO  c.m.bet.ingestion.IngestionService - ✅ 💾 Database save completed: 1 new, 0 updated, 0 skipped
2026-02-03 13:38:05.532 [arb-processor-56] INFO  c.m.bet.ingestion.IngestionService - ✅ 📥 Live arbs ingestion completed: 1 opportunities saved in 271ms
2026-02-03 13:38:07.260 [arb-poller] INFO  c.m.bet.ingestion.IngestionService - 🔄 📥 [Poll #112] Starting live arbs fetch...
2026-02-03 13:38:07.260 [arb-processor-66] DEBUG c.m.bet.ingestion.IngestionService - 📥 Fetching live arbs from API...
2026-02-03 13:38:07.501 [arb-processor-66] DEBUG c.m.bet.ingestion.IngestionService - ✅ 📥 API returned 1 events
2026-02-03 13:38:07.501 [arb-processor-66] DEBUG c.m.bet.ingestion.IngestionService - 🔄 ⚡ ℹ️ Processing 1 events...
2026-02-03 13:38:07.501 [arb-processor-62] INFO  c.m.bet.ingestion.IngestionService - 🔄 ℹ️ Processing sub-event 1/2 (ID: 16193959101122542030)...
2026-02-03 13:38:07.501 [arb-processor-62] INFO  c.m.bet.ingestion.IngestionService - ℹ️ 🔄 Sub-event 16193959101122542030 bookmaker: MSport (ID: 80)
2026-02-03 13:38:07.501 [arb-processor-62] INFO  c.m.bet.ingestion.IngestionService - ✅ 🍪 Saved crumbs from MSport using key='oid' (3 entries)
2026-02-03 13:38:07.501 [arb-processor-62] INFO  c.m.bet.ingestion.IngestionService - 🍪 ℹ️ Using key='oid' = '12' → selectedId='12' for bookmaker: MSport (source: MSport)
2026-02-03 13:38:07.501 [arb-processor-62] DEBUG c.m.bet.ingestion.IngestionService - 🎯 🍪 Getting market outcome for bookmaker: MSport
2026-02-03 13:38:07.502 [arb-processor-62] INFO  c.m.bet.ingestion.IngestionService - ✅ 🎯 Market resolved: marketType='O/U (incl. OT)', selectedId='12', outcome='Over 203.5'
2026-02-03 13:38:07.502 [arb-processor-62] INFO  c.m.bet.ingestion.IngestionService - 📎 Built URL for MSport: https://www.msport.com/ng/web/sports/Basketball/live/China_CBA/Nanjing_Monkey_Kings_vs_Shenzhen_Leopards/sr:match:64981048
2026-02-03 13:38:07.502 [arb-processor-62] INFO  c.m.bet.ingestion.IngestionService - ✅ Built outcome - bookMaker: MSport, outcome: 'Over 203.5', odds: 2.05, url: ✓
2026-02-03 13:38:07.502 [arb-processor-62] INFO  c.m.bet.ingestion.IngestionService - 🔄 ℹ️ Processing sub-event 2/2 (ID: 16193959099787405021)...
2026-02-03 13:38:07.502 [arb-processor-62] INFO  c.m.bet.ingestion.IngestionService - ℹ️ 🔄 Sub-event 16193959099787405021 bookmaker: Bet9ja (ID: 33)
2026-02-03 13:38:07.502 [arb-processor-62] INFO  c.m.bet.ingestion.IngestionService - 🍪 ℹ️ Using key='id2' = 'LIVEB_OUOT@203.5_U' → selectedId='U' for bookmaker: Bet9ja (source: own crumbs (post-underscore))
2026-02-03 13:38:07.502 [arb-processor-62] DEBUG c.m.bet.ingestion.IngestionService - 🎯 🍪 Getting market outcome for bookmaker: Bet9ja
2026-02-03 13:38:07.502 [arb-processor-62] INFO  c.m.bet.ingestion.IngestionService - ✅ 🎯 Market resolved: marketType='Total (Including Overtime)', selectedId='U', outcome='Under 203.5'
2026-02-03 13:38:07.502 [arb-processor-62] DEBUG c.m.bet.ingestion.IngestionService - Built Bet9ja modern URL: https://sports.bet9ja.com/liveEvent/8673355
2026-02-03 13:38:07.502 [arb-processor-62] INFO  c.m.bet.ingestion.IngestionService - 📎 Built URL for Bet9ja: https://sports.bet9ja.com/liveEvent/8673355
2026-02-03 13:38:07.502 [arb-processor-62] INFO  c.m.bet.ingestion.IngestionService - ✅ Built outcome - bookMaker: Bet9ja, outcome: 'Under 203.5', odds: 2.04, url: ✓
2026-02-03 13:38:07.503 [arb-processor-62] DEBUG c.m.bet.ingestion.IngestionService - ✅ 🔄 🎯 Converted event 16193959180869094847 to arb: MSport (2.05) vs Bet9ja (2.04) | 2.25% profit | marketType='Total (Including Overtime)' | outcome='Under 203.5'
2026-02-03 13:38:07.503 [arb-processor-66] DEBUG c.m.bet.ingestion.IngestionService - ✅ ⚡ 🔄 Successfully converted 1 events to arbitrages
2026-02-03 13:38:07.503 [arb-processor-66] DEBUG c.m.bet.ingestion.IngestionService - 🔄 ℹ️ Transforming 1 parsed items to entities...
2026-02-03 13:38:07.503 [arb-processor-66] DEBUG c.m.bet.ingestion.IngestionService - 💾 ℹ️ Saving 1 opportunities to database...
2026-02-03 13:38:07.503 [arb-processor-66] DEBUG c.m.bet.ingestion.IngestionService - 💾 ℹ️ Processing 1 opportunities for database save...
2026-02-03 13:38:13.871 [arb-poller] INFO  c.m.bet.ingestion.IngestionService - 🔄 📥 [Poll #113] Starting live arbs fetch...
2026-02-03 13:38:13.871 [arb-poller] DEBUG c.m.bet.ingestion.IngestionService - ⚠️ 🔄 [Poll #113] Previous ingestion still running, skipping
2026-02-03 13:38:13.871 [arb-poller] INFO  c.m.bet.ingestion.IngestionService - 🔄 📥 [Poll #114] Starting live arbs fetch...
2026-02-03 13:38:13.871 [arb-poller] DEBUG c.m.bet.ingestion.IngestionService - ⚠️ 🔄 [Poll #114] Previous ingestion still running, skipping
2026-02-03 13:38:13.871 [arb-poller] INFO  c.m.bet.ingestion.IngestionService - 🔄 📥 [Poll #115] Starting live arbs fetch...
2026-02-03 13:38:13.871 [arb-poller] DEBUG c.m.bet.ingestion.IngestionService - ⚠️ 🔄 [Poll #115] Previous ingestion still running, skipping
2026-02-03 13:38:15.260 [arb-poller] INFO  c.m.bet.ingestion.IngestionService - 🔄 📥 [Poll #116] Starting live arbs fetch...
2026-02-03 13:38:15.260 [arb-poller] DEBUG c.m.bet.ingestion.IngestionService - ⚠️ 🔄 [Poll #116] Previous ingestion still running, skipping
2026-02-03 13:38:17.261 [arb-poller] INFO  c.m.bet.ingestion.IngestionService - 🔄 📥 [Poll #117] Starting live arbs fetch...
2026-02-03 13:38:17.261 [arb-poller] DEBUG c.m.bet.ingestion.IngestionService - ⚠️ 🔄 [Poll #117] Previous ingestion still running, skipping
2026-02-03 13:38:18.168 [arb-processor-66] WARN  c.m.bet.ingestion.IngestionService - ⚠️ 💾 Failed to save opportunity 16193959180869094847:876:;22259:203.5:1:-2252784972587009586;22260:203.5:1:-2252784973922146595;: Transaction timeout expired
2026-02-03 13:38:18.168 [arb-processor-66] INFO  c.m.bet.ingestion.IngestionService - ✅ 💾 Database save completed: 0 new, 0 updated, 1 skipped
2026-02-03 13:38:18.168 [arb-processor-66] INFO  c.m.bet.ingestion.IngestionService - ✅ 📥 Live arbs ingestion completed: 0 opportunities saved in 10908ms
2026-02-03 13:38:19.261 [arb-poller] INFO  c.m.bet.ingestion.IngestionService - 🔄 📥 [Poll #118] Starting live arbs fetch...
2026-02-03 13:38:19.261 [arb-processor-67] DEBUG c.m.bet.ingestion.IngestionService - 📥 Fetching live arbs from API...
2026-02-03 13:38:19.470 [arb-processor-67] DEBUG c.m.bet.ingestion.IngestionService - ✅ 📥 API returned 0 events
2026-02-03 13:38:19.471 [arb-processor-67] DEBUG c.m.bet.ingestion.IngestionService - 🔄 ⚡ ℹ️ Processing 0 events...
2026-02-03 13:38:19.471 [arb-processor-67] ERROR c.m.bet.ingestion.IngestionService - ❌ 🔄 Response validation failed: Errors: 1, Warnings: 1, Info: 1
2026-02-03 13:38:19.471 [arb-processor-67] WARN  c.m.bet.ingestion.IngestionService - ⚠️ 🔄 No events in response
2026-02-03 13:38:19.471 [arb-processor-67] DEBUG c.m.bet.ingestion.IngestionService - 🔄 ℹ️ Transforming 0 parsed items to entities...
2026-02-03 13:38:19.471 [arb-processor-67] DEBUG c.m.bet.ingestion.IngestionService - 💾 ℹ️ Saving 0 opportunities to database...
2026-02-03 13:38:19.471 [arb-processor-67] DEBUG c.m.bet.ingestion.IngestionService - 💾 ℹ️ Processing 0 opportunities for database save...
2026-02-03 13:38:19.471 [arb-processor-67] DEBUG c.m.bet.ingestion.IngestionService - ℹ️ 💾 No opportunities to save
2026-02-03 13:38:19.471 [arb-processor-67] INFO  c.m.bet.ingestion.IngestionService - ✅ 📥 Live arbs ingestion completed: 0 opportunities saved in 210ms
2026-02-03 13:38:21.260 [arb-poller] INFO  c.m.bet.ingestion.IngestionService - 🔄 📥 [Poll #119] Starting live arbs fetch...
2026-02-03 13:38:21.260 [arb-processor-56] DEBUG c.m.bet.ingestion.IngestionService - 📥 Fetching live arbs from API...
2026-02-03 13:38:21.485 [arb-processor-56] DEBUG c.m.bet.ingestion.IngestionService - ✅ 📥 API returned 1 events
2026-02-03 13:38:21.486 [arb-processor-56] DEBUG c.m.bet.ingestion.IngestionService - 🔄 ⚡ ℹ️ Processing 1 events...
2026-02-03 13:38:21.486 [arb-processor-62] INFO  c.m.bet.ingestion.IngestionService - 🔄 ℹ️ Processing sub-event 1/2 (ID: 16193963496302676917)...
2026-02-03 13:38:21.486 [arb-processor-62] INFO  c.m.bet.ingestion.IngestionService - ℹ️ 🔄 Sub-event 16193963496302676917 bookmaker: MSport (ID: 80)
2026-02-03 13:38:21.486 [arb-processor-62] INFO  c.m.bet.ingestion.IngestionService - ✅ 🍪 Saved crumbs from MSport using key='oid' (3 entries)
2026-02-03 13:38:21.486 [arb-processor-62] INFO  c.m.bet.ingestion.IngestionService - 🍪 ℹ️ Using key='oid' = '1715' → selectedId='1715' for bookmaker: MSport (source: MSport)
2026-02-03 13:38:21.487 [arb-processor-62] DEBUG c.m.bet.ingestion.IngestionService - 🎯 🍪 Getting market outcome for bookmaker: MSport
2026-02-03 13:38:21.487 [arb-processor-62] INFO  c.m.bet.ingestion.IngestionService - ✅ 🎯 Market resolved: marketType='Point handicap', selectedId='1715', outcome='Away (-9.5)'
2026-02-03 13:38:21.487 [arb-processor-62] INFO  c.m.bet.ingestion.IngestionService - 📎 Built URL for MSport: https://www.msport.com/ng/web/sports/Table%20Tennis/live/International_TT_Elite_Series/Skotniczny__Rafal_vs_Oracz__Lukasz/sr:match:68533242
2026-02-03 13:38:21.487 [arb-processor-62] INFO  c.m.bet.ingestion.IngestionService - ✅ Built outcome - bookMaker: MSport, outcome: 'Away (-9.5)', odds: 2.55, url: ✓
2026-02-03 13:38:21.487 [arb-processor-62] INFO  c.m.bet.ingestion.IngestionService - 🔄 ℹ️ Processing sub-event 2/2 (ID: 16193963498470783647)...
2026-02-03 13:38:21.487 [arb-processor-62] INFO  c.m.bet.ingestion.IngestionService - ℹ️ 🔄 Sub-event 16193963498470783647 bookmaker: Bet9ja (ID: 33)
2026-02-03 13:38:21.487 [arb-processor-62] INFO  c.m.bet.ingestion.IngestionService - 🍪 ℹ️ Using key='id2' = 'LIVETT_12HNDN20@9.5_1H' → selectedId='1H' for bookmaker: Bet9ja (source: own crumbs (post-underscore))
2026-02-03 13:38:21.487 [arb-processor-62] DEBUG c.m.bet.ingestion.IngestionService - 🎯 🍪 Getting market outcome for bookmaker: Bet9ja
2026-02-03 13:38:21.487 [arb-processor-62] INFO  c.m.bet.ingestion.IngestionService - ✅ 🎯 Market resolved: marketType='Asian Handicap', selectedId='1H', outcome='Player 1 +9.5'
2026-02-03 13:38:21.487 [arb-processor-62] DEBUG c.m.bet.ingestion.IngestionService - Built Bet9ja modern URL: https://sports.bet9ja.com/liveEvent/8672537
2026-02-03 13:38:21.487 [arb-processor-62] INFO  c.m.bet.ingestion.IngestionService - 📎 Built URL for Bet9ja: https://sports.bet9ja.com/liveEvent/8672537
2026-02-03 13:38:21.488 [arb-processor-62] INFO  c.m.bet.ingestion.IngestionService - ✅ Built outcome - bookMaker: Bet9ja, outcome: 'Player 1 +9.5', odds: 1.78, url: ✓
2026-02-03 13:38:21.488 [arb-processor-62] DEBUG c.m.bet.ingestion.IngestionService - ✅ 🔄 🎯 Converted event 16193963789077461857 to arb: MSport (2.55) vs Bet9ja (1.78) | 4.83% profit | marketType='Asian Handicap' | outcome='Player 1 +9.5'
2026-02-03 13:38:21.488 [arb-processor-56] DEBUG c.m.bet.ingestion.IngestionService - ✅ ⚡ 🔄 Successfully converted 1 events to arbitrages
2026-02-03 13:38:21.488 [arb-processor-56] DEBUG c.m.bet.ingestion.IngestionService - 🔄 ℹ️ Transforming 1 parsed items to entities...
2026-02-03 13:38:21.489 [arb-processor-56] DEBUG c.m.bet.ingestion.IngestionService - 💾 ℹ️ Saving 1 opportunities to database...
2026-02-03 13:38:21.489 [arb-processor-56] DEBUG c.m.bet.ingestion.IngestionService - 💾 ℹ️ Processing 1 opportunities for database save...
2026-02-03 13:38:21.506 [arb-processor-56] INFO  c.m.bet.ingestion.IngestionService - ✅ 💾 Database save completed: 1 new, 0 updated, 0 skipped
2026-02-03 13:38:21.507 [arb-processor-56] INFO  c.m.bet.ingestion.IngestionService - ✅ 📥 Live arbs ingestion completed: 1 opportunities saved in 247ms
2026-02-03 13:38:23.260 [arb-poller] INFO  c.m.bet.ingestion.IngestionService - 🔄 📥 [Poll #120] Starting live arbs fetch...
2026-02-03 13:38:23.261 [arb-processor-66] DEBUG c.m.bet.ingestion.IngestionService - 📥 Fetching live arbs from API...
2026-02-03 13:38:23.484 [arb-processor-66] DEBUG c.m.bet.ingestion.IngestionService - ✅ 📥 API returned 0 events
2026-02-03 13:38:23.484 [arb-processor-66] DEBUG c.m.bet.ingestion.IngestionService - 🔄 ⚡ ℹ️ Processing 0 events...
2026-02-03 13:38:23.484 [arb-processor-66] ERROR c.m.bet.ingestion.IngestionService - ❌ 🔄 Response validation failed: Errors: 1, Warnings: 1, Info: 1
2026-02-03 13:38:23.484 [arb-processor-66] WARN  c.m.bet.ingestion.IngestionService - ⚠️ 🔄 No events in response
2026-02-03 13:38:23.484 [arb-processor-66] DEBUG c.m.bet.ingestion.IngestionService - 🔄 ℹ️ Transforming 0 parsed items to entities...
2026-02-03 13:38:23.485 [arb-processor-66] DEBUG c.m.bet.ingestion.IngestionService - 💾 ℹ️ Saving 0 opportunities to database...
2026-02-03 13:38:23.485 [arb-processor-66] DEBUG c.m.bet.ingestion.IngestionService - 💾 ℹ️ Processing 0 opportunities for database save...
2026-02-03 13:38:23.485 [arb-processor-66] DEBUG c.m.bet.ingestion.IngestionService - ℹ️ 💾 No opportunities to save
2026-02-03 13:38:23.485 [arb-processor-66] INFO  c.m.bet.ingestion.IngestionService - ✅ 📥 Live arbs ingestion completed: 0 opportunities saved in 224ms
2026-02-03 13:38:23.502 [arb-processor-66] INFO  c.m.bet.ingestion.IngestionService - 📊 ℹ️ Current Statistics:
2026-02-03 13:38:23.502 [arb-processor-66] INFO  c.m.bet.ingestion.IngestionService - 📊 Total Active: 4
2026-02-03 13:38:23.502 [arb-processor-66] INFO  c.m.bet.ingestion.IngestionService - 📊 Fresh Active: 1 (25.0%)
2026-02-03 13:38:23.502 [arb-processor-66] INFO  c.m.bet.ingestion.IngestionService - 📊 Stale Active: 3 (75.0%)
2026-02-03 13:38:23.502 [arb-processor-66] INFO  c.m.bet.ingestion.IngestionService - 📊 Average Profit: 4.00%
2026-02-03 13:38:25.261 [arb-poller] INFO  c.m.bet.ingestion.IngestionService - 🔄 📥 [Poll #121] Starting live arbs fetch...
2026-02-03 13:38:25.261 [arb-processor-67] DEBUG c.m.bet.ingestion.IngestionService - 📥 Fetching live arbs from API...
2026-02-03 13:38:25.485 [arb-processor-67] DEBUG c.m.bet.ingestion.IngestionService - ✅ 📥 API returned 0 events
2026-02-03 13:38:25.485 [arb-processor-67] DEBUG c.m.bet.ingestion.IngestionService - 🔄 ⚡ ℹ️ Processing 0 events...
2026-02-03 13:38:25.485 [arb-processor-67] ERROR c.m.bet.ingestion.IngestionService - ❌ 🔄 Response validation failed: Errors: 1, Warnings: 1, Info: 1
2026-02-03 13:38:25.486 [arb-processor-67] WARN  c.m.bet.ingestion.IngestionService - ⚠️ 🔄 No events in response
2026-02-03 13:38:25.486 [arb-processor-67] DEBUG c.m.bet.ingestion.IngestionService - 🔄 ℹ️ Transforming 0 parsed items to entities...
2026-02-03 13:38:25.486 [arb-processor-67] DEBUG c.m.bet.ingestion.IngestionService - 💾 ℹ️ Saving 0 opportunities to database...
2026-02-03 13:38:25.486 [arb-processor-67] DEBUG c.m.bet.ingestion.IngestionService - 💾 ℹ️ Processing 0 opportunities for database save...
2026-02-03 13:38:25.486 [arb-processor-67] DEBUG c.m.bet.ingestion.IngestionService - ℹ️ 💾 No opportunities to save
2026-02-03 13:38:25.486 [arb-processor-67] INFO  c.m.bet.ingestion.IngestionService - ✅ 📥 Live arbs ingestion completed: 0 opportunities saved in 225ms
2026-02-03 13:38:27.260 [arb-poller] INFO  c.m.bet.ingestion.IngestionService - 🔄 📥 [Poll #122] Starting live arbs fetch...
2026-02-03 13:38:27.260 [arb-processor-62] DEBUG c.m.bet.ingestion.IngestionService - 📥 Fetching live arbs from API...
2026-02-03 13:38:27.463 [arb-processor-62] DEBUG c.m.bet.ingestion.IngestionService - ✅ 📥 API returned 0 events
2026-02-03 13:38:27.463 [arb-processor-62] DEBUG c.m.bet.ingestion.IngestionService - 🔄 ⚡ ℹ️ Processing 0 events...
2026-02-03 13:38:27.464 [arb-processor-62] ERROR c.m.bet.ingestion.IngestionService - ❌ 🔄 Response validation failed: Errors: 1, Warnings: 1, Info: 1
2026-02-03 13:38:27.465 [arb-processor-62] WARN  c.m.bet.ingestion.IngestionService - ⚠️ 🔄 No events in response
2026-02-03 13:38:27.465 [arb-processor-62] DEBUG c.m.bet.ingestion.IngestionService - 🔄 ℹ️ Transforming 0 parsed items to entities...
2026-02-03 13:38:27.465 [arb-processor-62] DEBUG c.m.bet.ingestion.IngestionService - 💾 ℹ️ Saving 0 opportunities to database...
2026-02-03 13:38:27.465 [arb-processor-62] DEBUG c.m.bet.ingestion.IngestionService - 💾 ℹ️ Processing 0 opportunities for database save...
2026-02-03 13:38:27.465 [arb-processor-62] DEBUG c.m.bet.ingestion.IngestionService - ℹ️ 💾 No opportunities to save
2026-02-03 13:38:27.465 [arb-processor-62] INFO  c.m.bet.ingestion.IngestionService - ✅ 📥 Live arbs ingestion completed: 0 opportunities saved in 205ms
2026-02-03 13:38:29.261 [arb-poller] INFO  c.m.bet.ingestion.IngestionService - 🔄 📥 [Poll #123] Starting live arbs fetch...
2026-02-03 13:38:29.261 [arb-processor-56] DEBUG c.m.bet.ingestion.IngestionService - 📥 Fetching live arbs from API...
2026-02-03 13:38:29.489 [arb-processor-56] DEBUG c.m.bet.ingestion.IngestionService - ✅ 📥 API returned 0 events
2026-02-03 13:38:29.489 [arb-processor-56] DEBUG c.m.bet.ingestion.IngestionService - 🔄 ⚡ ℹ️ Processing 0 events...
2026-02-03 13:38:29.489 [arb-processor-56] ERROR c.m.bet.ingestion.IngestionService - ❌ 🔄 Response validation failed: Errors: 1, Warnings: 1, Info: 1
2026-02-03 13:38:29.489 [arb-processor-56] WARN  c.m.bet.ingestion.IngestionService - ⚠️ 🔄 No events in response
2026-02-03 13:38:29.489 [arb-processor-56] DEBUG c.m.bet.ingestion.IngestionService - 🔄 ℹ️ Transforming 0 parsed items to entities...
2026-02-03 13:38:29.490 [arb-processor-56] DEBUG c.m.bet.ingestion.IngestionService - 💾 ℹ️ Saving 0 opportunities to database...
2026-02-03 13:38:29.490 [arb-processor-56] DEBUG c.m.bet.ingestion.IngestionService - 💾 ℹ️ Processing 0 opportunities for database save...
2026-02-03 13:38:29.490 [arb-processor-56] DEBUG c.m.bet.ingestion.IngestionService - ℹ️ 💾 No opportunities to save
2026-02-03 13:38:29.490 [arb-processor-56] INFO  c.m.bet.ingestion.IngestionService - ✅ 📥 Live arbs ingestion completed: 0 opportunities saved in 229ms
2026-02-03 13:38:31.262 [arb-poller] INFO  c.m.bet.ingestion.IngestionService - 🔄 📥 [Poll #124] Starting live arbs fetch...
2026-02-03 13:38:31.262 [arb-processor-66] DEBUG c.m.bet.ingestion.IngestionService - 📥 Fetching live arbs from API...
2026-02-03 13:38:31.471 [arb-processor-66] DEBUG c.m.bet.ingestion.IngestionService - ✅ 📥 API returned 0 events
2026-02-03 13:38:31.471 [arb-processor-66] DEBUG c.m.bet.ingestion.IngestionService - 🔄 ⚡ ℹ️ Processing 0 events...
2026-02-03 13:38:31.471 [arb-processor-66] ERROR c.m.bet.ingestion.IngestionService - ❌ 🔄 Response validation failed: Errors: 1, Warnings: 1, Info: 1
2026-02-03 13:38:31.471 [arb-processor-66] WARN  c.m.bet.ingestion.IngestionService - ⚠️ 🔄 No events in response
2026-02-03 13:38:31.471 [arb-processor-66] DEBUG c.m.bet.ingestion.IngestionService - 🔄 ℹ️ Transforming 0 parsed items to entities...
2026-02-03 13:38:31.471 [arb-processor-66] DEBUG c.m.bet.ingestion.IngestionService - 💾 ℹ️ Saving 0 opportunities to database...
2026-02-03 13:38:31.471 [arb-processor-66] DEBUG c.m.bet.ingestion.IngestionService - 💾 ℹ️ Processing 0 opportunities for database save...
2026-02-03 13:38:31.471 [arb-processor-66] DEBUG c.m.bet.ingestion.IngestionService - ℹ️ 💾 No opportunities to save
2026-02-03 13:38:31.471 [arb-processor-66] INFO  c.m.bet.ingestion.IngestionService - ✅ 📥 Live arbs ingestion completed: 0 opportunities saved in 209ms
2026-02-03 13:38:33.261 [arb-poller] INFO  c.m.bet.ingestion.IngestionService - 🔄 📥 [Poll #125] Starting live arbs fetch...
2026-02-03 13:38:33.261 [arb-processor-67] DEBUG c.m.bet.ingestion.IngestionService - 📥 Fetching live arbs from API...
2026-02-03 13:38:33.475 [arb-processor-67] DEBUG c.m.bet.ingestion.IngestionService - ✅ 📥 API returned 0 events
2026-02-03 13:38:33.475 [arb-processor-67] DEBUG c.m.bet.ingestion.IngestionService - 🔄 ⚡ ℹ️ Processing 0 events...
2026-02-03 13:38:33.475 [arb-processor-67] ERROR c.m.bet.ingestion.IngestionService - ❌ 🔄 Response validation failed: Errors: 1, Warnings: 1, Info: 1
2026-02-03 13:38:33.475 [arb-processor-67] WARN  c.m.bet.ingestion.IngestionService - ⚠️ 🔄 No events in response
2026-02-03 13:38:33.475 [arb-processor-67] DEBUG c.m.bet.ingestion.IngestionService - 🔄 ℹ️ Transforming 0 parsed items to entities...
2026-02-03 13:38:33.475 [arb-processor-67] DEBUG c.m.bet.ingestion.IngestionService - 💾 ℹ️ Saving 0 opportunities to database...
2026-02-03 13:38:33.475 [arb-processor-67] DEBUG c.m.bet.ingestion.IngestionService - 💾 ℹ️ Processing 0 opportunities for database save...
2026-02-03 13:38:33.475 [arb-processor-67] DEBUG c.m.bet.ingestion.IngestionService - ℹ️ 💾 No opportunities to save
2026-02-03 13:38:33.475 [arb-processor-67] INFO  c.m.bet.ingestion.IngestionService - ✅ 📥 Live arbs ingestion completed: 0 opportunities saved in 214ms
2026-02-03 13:38:35.271 [arb-poller] INFO  c.m.bet.ingestion.IngestionService - 🔄 📥 [Poll #126] Starting live arbs fetch...
2026-02-03 13:38:35.271 [arb-processor-62] DEBUG c.m.bet.ingestion.IngestionService - 📥 Fetching live arbs from API...
2026-02-03 13:38:35.493 [arb-processor-62] DEBUG c.m.bet.ingestion.IngestionService - ✅ 📥 API returned 0 events
2026-02-03 13:38:35.493 [arb-processor-62] DEBUG c.m.bet.ingestion.IngestionService - 🔄 ⚡ ℹ️ Processing 0 events...
2026-02-03 13:38:35.493 [arb-processor-62] ERROR c.m.bet.ingestion.IngestionService - ❌ 🔄 Response validation failed: Errors: 1, Warnings: 1, Info: 1
2026-02-03 13:38:35.493 [arb-processor-62] WARN  c.m.bet.ingestion.IngestionService - ⚠️ 🔄 No events in response
2026-02-03 13:38:35.493 [arb-processor-62] DEBUG c.m.bet.ingestion.IngestionService - 🔄 ℹ️ Transforming 0 parsed items to entities...
2026-02-03 13:38:35.493 [arb-processor-62] DEBUG c.m.bet.ingestion.IngestionService - 💾 ℹ️ Saving 0 opportunities to database...
2026-02-03 13:38:35.493 [arb-processor-62] DEBUG c.m.bet.ingestion.IngestionService - 💾 ℹ️ Processing 0 opportunities for database save...
2026-02-03 13:38:35.493 [arb-processor-62] DEBUG c.m.bet.ingestion.IngestionService - ℹ️ 💾 No opportunities to save
2026-02-03 13:38:35.493 [arb-processor-62] INFO  c.m.bet.ingestion.IngestionService - ✅ 📥 Live arbs ingestion completed: 0 opportunities saved in 222ms
2026-02-03 13:38:37.261 [arb-poller] INFO  c.m.bet.ingestion.IngestionService - 🔄 📥 [Poll #127] Starting live arbs fetch...
2026-02-03 13:38:37.261 [arb-processor-56] DEBUG c.m.bet.ingestion.IngestionService - 📥 Fetching live arbs from API...
2026-02-03 13:38:37.476 [arb-processor-56] DEBUG c.m.bet.ingestion.IngestionService - ✅ 📥 API returned 0 events
2026-02-03 13:38:37.476 [arb-processor-56] DEBUG c.m.bet.ingestion.IngestionService - 🔄 ⚡ ℹ️ Processing 0 events...
2026-02-03 13:38:37.476 [arb-processor-56] ERROR c.m.bet.ingestion.IngestionService - ❌ 🔄 Response validation failed: Errors: 1, Warnings: 1, Info: 1
2026-02-03 13:38:37.476 [arb-processor-56] WARN  c.m.bet.ingestion.IngestionService - ⚠️ 🔄 No events in response
2026-02-03 13:38:37.476 [arb-processor-56] DEBUG c.m.bet.ingestion.IngestionService - 🔄 ℹ️ Transforming 0 parsed items to entities...
2026-02-03 13:38:37.476 [arb-processor-56] DEBUG c.m.bet.ingestion.IngestionService - 💾 ℹ️ Saving 0 opportunities to database...
2026-02-03 13:38:37.476 [arb-processor-56] DEBUG c.m.bet.ingestion.IngestionService - 💾 ℹ️ Processing 0 opportunities for database save...
2026-02-03 13:38:37.476 [arb-processor-56] DEBUG c.m.bet.ingestion.IngestionService - ℹ️ 💾 No opportunities to save
2026-02-03 13:38:37.476 [arb-processor-56] INFO  c.m.bet.ingestion.IngestionService - ✅ 📥 Live arbs ingestion completed: 0 opportunities saved in 215ms
2026-02-03 13:38:39.262 [arb-poller] INFO  c.m.bet.ingestion.IngestionService - 🔄 📥 [Poll #128] Starting live arbs fetch...
2026-02-03 13:38:39.262 [arb-processor-66] DEBUG c.m.bet.ingestion.IngestionService - 📥 Fetching live arbs from API...
2026-02-03 13:38:39.484 [arb-processor-66] DEBUG c.m.bet.ingestion.IngestionService - ✅ 📥 API returned 0 events
2026-02-03 13:38:39.484 [arb-processor-66] DEBUG c.m.bet.ingestion.IngestionService - 🔄 ⚡ ℹ️ Processing 0 events...
2026-02-03 13:38:39.484 [arb-processor-66] ERROR c.m.bet.ingestion.IngestionService - ❌ 🔄 Response validation failed: Errors: 1, Warnings: 1, Info: 1
2026-02-03 13:38:39.484 [arb-processor-66] WARN  c.m.bet.ingestion.IngestionService - ⚠️ 🔄 No events in response
2026-02-03 13:38:39.485 [arb-processor-66] DEBUG c.m.bet.ingestion.IngestionService - 🔄 ℹ️ Transforming 0 parsed items to entities...
2026-02-03 13:38:39.485 [arb-processor-66] DEBUG c.m.bet.ingestion.IngestionService - 💾 ℹ️ Saving 0 opportunities to database...
2026-02-03 13:38:39.485 [arb-processor-66] DEBUG c.m.bet.ingestion.IngestionService - 💾 ℹ️ Processing 0 opportunities for database save...
2026-02-03 13:38:39.485 [arb-processor-66] DEBUG c.m.bet.ingestion.IngestionService - ℹ️ 💾 No opportunities to save
2026-02-03 13:38:39.485 [arb-processor-66] INFO  c.m.bet.ingestion.IngestionService - ✅ 📥 Live arbs ingestion completed: 0 opportunities saved in 223ms
2026-02-03 13:38:41.261 [arb-poller] INFO  c.m.bet.ingestion.IngestionService - 🔄 📥 [Poll #129] Starting live arbs fetch...
2026-02-03 13:38:41.261 [arb-processor-67] DEBUG c.m.bet.ingestion.IngestionService - 📥 Fetching live arbs from API...
2026-02-03 13:38:41.491 [arb-processor-67] DEBUG c.m.bet.ingestion.IngestionService - ✅ 📥 API returned 0 events
2026-02-03 13:38:41.492 [arb-processor-67] DEBUG c.m.bet.ingestion.IngestionService - 🔄 ⚡ ℹ️ Processing 0 events...
2026-02-03 13:38:41.492 [arb-processor-67] ERROR c.m.bet.ingestion.IngestionService - ❌ 🔄 Response validation failed: Errors: 1, Warnings: 1, Info: 1
2026-02-03 13:38:41.492 [arb-processor-67] WARN  c.m.bet.ingestion.IngestionService - ⚠️ 🔄 No events in response
2026-02-03 13:38:41.492 [arb-processor-67] DEBUG c.m.bet.ingestion.IngestionService - 🔄 ℹ️ Transforming 0 parsed items to entities...
2026-02-03 13:38:41.492 [arb-processor-67] DEBUG c.m.bet.ingestion.IngestionService - 💾 ℹ️ Saving 0 opportunities to database...
2026-02-03 13:38:41.492 [arb-processor-67] DEBUG c.m.bet.ingestion.IngestionService - 💾 ℹ️ Processing 0 opportunities for database save...
2026-02-03 13:38:41.492 [arb-processor-67] DEBUG c.m.bet.ingestion.IngestionService - ℹ️ 💾 No opportunities to save
2026-02-03 13:38:41.492 [arb-processor-67] INFO  c.m.bet.ingestion.IngestionService - ✅ 📥 Live arbs ingestion completed: 0 opportunities saved in 231ms
2026-02-03 13:38:43.266 [arb-poller] INFO  c.m.bet.ingestion.IngestionService - 🔄 📥 [Poll #130] Starting live arbs fetch...
2026-02-03 13:38:43.266 [arb-processor-62] DEBUG c.m.bet.ingestion.IngestionService - 📥 Fetching live arbs from API...
2026-02-03 13:38:43.506 [arb-processor-62] DEBUG c.m.bet.ingestion.IngestionService - ✅ 📥 API returned 0 events
2026-02-03 13:38:43.507 [arb-processor-62] DEBUG c.m.bet.ingestion.IngestionService - 🔄 ⚡ ℹ️ Processing 0 events...
2026-02-03 13:38:43.507 [arb-processor-62] ERROR c.m.bet.ingestion.IngestionService - ❌ 🔄 Response validation failed: Errors: 1, Warnings: 1, Info: 1
2026-02-03 13:38:43.507 [arb-processor-62] WARN  c.m.bet.ingestion.IngestionService - ⚠️ 🔄 No events in response
2026-02-03 13:38:43.507 [arb-processor-62] DEBUG c.m.bet.ingestion.IngestionService - 🔄 ℹ️ Transforming 0 parsed items to entities...
2026-02-03 13:38:43.507 [arb-processor-62] DEBUG c.m.bet.ingestion.IngestionService - 💾 ℹ️ Saving 0 opportunities to database...
2026-02-03 13:38:43.507 [arb-processor-62] DEBUG c.m.bet.ingestion.IngestionService - 💾 ℹ️ Processing 0 opportunities for database save...
2026-02-03 13:38:43.508 [arb-processor-62] DEBUG c.m.bet.ingestion.IngestionService - ℹ️ 💾 No opportunities to save
2026-02-03 13:38:43.508 [arb-processor-62] INFO  c.m.bet.ingestion.IngestionService - ✅ 📥 Live arbs ingestion completed: 0 opportunities saved in 242ms
2026-02-03 13:38:45.261 [arb-poller] INFO  c.m.bet.ingestion.IngestionService - 🔄 📥 [Poll #131] Starting live arbs fetch...
2026-02-03 13:38:45.261 [arb-processor-56] DEBUG c.m.bet.ingestion.IngestionService - 📥 Fetching live arbs from API...
2026-02-03 13:38:45.484 [arb-processor-56] DEBUG c.m.bet.ingestion.IngestionService - ✅ 📥 API returned 0 events
2026-02-03 13:38:45.484 [arb-processor-56] DEBUG c.m.bet.ingestion.IngestionService - 🔄 ⚡ ℹ️ Processing 0 events...
2026-02-03 13:38:45.485 [arb-processor-56] ERROR c.m.bet.ingestion.IngestionService - ❌ 🔄 Response validation failed: Errors: 1, Warnings: 1, Info: 1
2026-02-03 13:38:45.486 [arb-processor-56] WARN  c.m.bet.ingestion.IngestionService - ⚠️ 🔄 No events in response
2026-02-03 13:38:45.487 [arb-processor-56] DEBUG c.m.bet.ingestion.IngestionService - 🔄 ℹ️ Transforming 0 parsed items to entities...
2026-02-03 13:38:45.487 [arb-processor-56] DEBUG c.m.bet.ingestion.IngestionService - 💾 ℹ️ Saving 0 opportunities to database...
2026-02-03 13:38:45.487 [arb-processor-56] DEBUG c.m.bet.ingestion.IngestionService - 💾 ℹ️ Processing 0 opportunities for database save...
2026-02-03 13:38:45.487 [arb-processor-56] DEBUG c.m.bet.ingestion.IngestionService - ℹ️ 💾 No opportunities to save
2026-02-03 13:38:45.487 [arb-processor-56] INFO  c.m.bet.ingestion.IngestionService - ✅ 📥 Live arbs ingestion completed: 0 opportunities saved in 226ms
2026-02-03 13:38:47.260 [arb-poller] INFO  c.m.bet.ingestion.IngestionService - 🔄 📥 [Poll #132] Starting live arbs fetch...
2026-02-03 13:38:47.260 [arb-processor-66] DEBUG c.m.bet.ingestion.IngestionService - 📥 Fetching live arbs from API...
2026-02-03 13:38:47.484 [arb-processor-66] DEBUG c.m.bet.ingestion.IngestionService - ✅ 📥 API returned 0 events
2026-02-03 13:38:47.484 [arb-processor-66] DEBUG c.m.bet.ingestion.IngestionService - 🔄 ⚡ ℹ️ Processing 0 events...
2026-02-03 13:38:47.485 [arb-processor-66] ERROR c.m.bet.ingestion.IngestionService - ❌ 🔄 Response validation failed: Errors: 1, Warnings: 1, Info: 1
2026-02-03 13:38:47.488 [arb-processor-66] WARN  c.m.bet.ingestion.IngestionService - ⚠️ 🔄 No events in response
2026-02-03 13:38:47.488 [arb-processor-66] DEBUG c.m.bet.ingestion.IngestionService - 🔄 ℹ️ Transforming 0 parsed items to entities...
2026-02-03 13:38:47.488 [arb-processor-66] DEBUG c.m.bet.ingestion.IngestionService - 💾 ℹ️ Saving 0 opportunities to database...
2026-02-03 13:38:47.489 [arb-processor-66] DEBUG c.m.bet.ingestion.IngestionService - 💾 ℹ️ Processing 0 opportunities for database save...
2026-02-03 13:38:47.489 [arb-processor-66] DEBUG c.m.bet.ingestion.IngestionService - ℹ️ 💾 No opportunities to save
2026-02-03 13:38:47.489 [arb-processor-66] INFO  c.m.bet.ingestion.IngestionService - ✅ 📥 Live arbs ingestion completed: 0 opportunities saved in 229ms
2026-02-03 13:38:49.260 [arb-poller] INFO  c.m.bet.ingestion.IngestionService - 🔄 📥 [Poll #133] Starting live arbs fetch...
2026-02-03 13:38:49.260 [arb-processor-67] DEBUG c.m.bet.ingestion.IngestionService - 📥 Fetching live arbs from API...
2026-02-03 13:38:49.488 [arb-processor-67] DEBUG c.m.bet.ingestion.IngestionService - ✅ 📥 API returned 0 events
2026-02-03 13:38:49.489 [arb-processor-67] DEBUG c.m.bet.ingestion.IngestionService - 🔄 ⚡ ℹ️ Processing 0 events...
2026-02-03 13:38:49.489 [arb-processor-67] ERROR c.m.bet.ingestion.IngestionService - ❌ 🔄 Response validation failed: Errors: 1, Warnings: 1, Info: 1
2026-02-03 13:38:49.489 [arb-processor-67] WARN  c.m.bet.ingestion.IngestionService - ⚠️ 🔄 No events in response
2026-02-03 13:38:49.489 [arb-processor-67] DEBUG c.m.bet.ingestion.IngestionService - 🔄 ℹ️ Transforming 0 parsed items to entities...
2026-02-03 13:38:49.489 [arb-processor-67] DEBUG c.m.bet.ingestion.IngestionService - 💾 ℹ️ Saving 0 opportunities to database...
2026-02-03 13:38:49.489 [arb-processor-67] DEBUG c.m.bet.ingestion.IngestionService - 💾 ℹ️ Processing 0 opportunities for database save...
2026-02-03 13:38:49.490 [arb-processor-67] DEBUG c.m.bet.ingestion.IngestionService - ℹ️ 💾 No opportunities to save
2026-02-03 13:38:49.490 [arb-processor-67] INFO  c.m.bet.ingestion.IngestionService - ✅ 📥 Live arbs ingestion completed: 0 opportunities saved in 230ms
2026-02-03 13:38:51.271 [arb-poller] INFO  c.m.bet.ingestion.IngestionService - 🔄 📥 [Poll #134] Starting live arbs fetch...
2026-02-03 13:38:51.271 [arb-processor-62] DEBUG c.m.bet.ingestion.IngestionService - 📥 Fetching live arbs from API...
2026-02-03 13:38:51.498 [arb-processor-62] DEBUG c.m.bet.ingestion.IngestionService - ✅ 📥 API returned 0 events
2026-02-03 13:38:51.498 [arb-processor-62] DEBUG c.m.bet.ingestion.IngestionService - 🔄 ⚡ ℹ️ Processing 0 events...
2026-02-03 13:38:51.498 [arb-processor-62] ERROR c.m.bet.ingestion.IngestionService - ❌ 🔄 Response validation failed: Errors: 1, Warnings: 1, Info: 1
2026-02-03 13:38:51.498 [arb-processor-62] WARN  c.m.bet.ingestion.IngestionService - ⚠️ 🔄 No events in response
2026-02-03 13:38:51.498 [arb-processor-62] DEBUG c.m.bet.ingestion.IngestionService - 🔄 ℹ️ Transforming 0 parsed items to entities...
2026-02-03 13:38:51.498 [arb-processor-62] DEBUG c.m.bet.ingestion.IngestionService - 💾 ℹ️ Saving 0 opportunities to database...
2026-02-03 13:38:51.498 [arb-processor-62] DEBUG c.m.bet.ingestion.IngestionService - 💾 ℹ️ Processing 0 opportunities for database save...
2026-02-03 13:38:51.498 [arb-processor-62] DEBUG c.m.bet.ingestion.IngestionService - ℹ️ 💾 No opportunities to save
2026-02-03 13:38:51.498 [arb-processor-62] INFO  c.m.bet.ingestion.IngestionService - ✅ 📥 Live arbs ingestion completed: 0 opportunities saved in 227ms
2026-02-03 13:38:53.261 [arb-poller] INFO  c.m.bet.ingestion.IngestionService - 🔄 📥 [Poll #135] Starting live arbs fetch...
2026-02-03 13:38:53.261 [arb-processor-56] DEBUG c.m.bet.ingestion.IngestionService - 📥 Fetching live arbs from API...
2026-02-03 13:38:53.489 [arb-processor-56] DEBUG c.m.bet.ingestion.IngestionService - ✅ 📥 API returned 0 events
2026-02-03 13:38:53.489 [arb-processor-56] DEBUG c.m.bet.ingestion.IngestionService - 🔄 ⚡ ℹ️ Processing 0 events...
2026-02-03 13:38:53.489 [arb-processor-56] ERROR c.m.bet.ingestion.IngestionService - ❌ 🔄 Response validation failed: Errors: 1, Warnings: 1, Info: 1
2026-02-03 13:38:53.489 [arb-processor-56] WARN  c.m.bet.ingestion.IngestionService - ⚠️ 🔄 No events in response
2026-02-03 13:38:53.489 [arb-processor-56] DEBUG c.m.bet.ingestion.IngestionService - 🔄 ℹ️ Transforming 0 parsed items to entities...
2026-02-03 13:38:53.489 [arb-processor-56] DEBUG c.m.bet.ingestion.IngestionService - 💾 ℹ️ Saving 0 opportunities to database...
2026-02-03 13:38:53.489 [arb-processor-56] DEBUG c.m.bet.ingestion.IngestionService - 💾 ℹ️ Processing 0 opportunities for database save...
2026-02-03 13:38:53.489 [arb-processor-56] DEBUG c.m.bet.ingestion.IngestionService - ℹ️ 💾 No opportunities to save
2026-02-03 13:38:53.489 [arb-processor-56] INFO  c.m.bet.ingestion.IngestionService - ✅ 📥 Live arbs ingestion completed: 0 opportunities saved in 228ms
2026-02-03 13:38:55.262 [arb-poller] INFO  c.m.bet.ingestion.IngestionService - 🔄 📥 [Poll #136] Starting live arbs fetch...
2026-02-03 13:38:55.262 [arb-processor-66] DEBUG c.m.bet.ingestion.IngestionService - 📥 Fetching live arbs from API...
2026-02-03 13:38:55.476 [arb-processor-66] DEBUG c.m.bet.ingestion.IngestionService - ✅ 📥 API returned 0 events
2026-02-03 13:38:55.476 [arb-processor-66] DEBUG c.m.bet.ingestion.IngestionService - 🔄 ⚡ ℹ️ Processing 0 events...
2026-02-03 13:38:55.476 [arb-processor-66] ERROR c.m.bet.ingestion.IngestionService - ❌ 🔄 Response validation failed: Errors: 1, Warnings: 1, Info: 1
2026-02-03 13:38:55.476 [arb-processor-66] WARN  c.m.bet.ingestion.IngestionService - ⚠️ 🔄 No events in response
2026-02-03 13:38:55.476 [arb-processor-66] DEBUG c.m.bet.ingestion.IngestionService - 🔄 ℹ️ Transforming 0 parsed items to entities...
2026-02-03 13:38:55.476 [arb-processor-66] DEBUG c.m.bet.ingestion.IngestionService - 💾 ℹ️ Saving 0 opportunities to database...
2026-02-03 13:38:55.476 [arb-processor-66] DEBUG c.m.bet.ingestion.IngestionService - 💾 ℹ️ Processing 0 opportunities for database save...
2026-02-03 13:38:55.476 [arb-processor-66] DEBUG c.m.bet.ingestion.IngestionService - ℹ️ 💾 No opportunities to save
2026-02-03 13:38:55.476 [arb-processor-66] INFO  c.m.bet.ingestion.IngestionService - ✅ 📥 Live arbs ingestion completed: 0 opportunities saved in 214ms
2026-02-03 13:38:57.261 [arb-poller] INFO  c.m.bet.ingestion.IngestionService - 🔄 📥 [Poll #137] Starting live arbs fetch...
2026-02-03 13:38:57.261 [arb-processor-67] DEBUG c.m.bet.ingestion.IngestionService - 📥 Fetching live arbs from API...
2026-02-03 13:38:57.483 [arb-processor-67] DEBUG c.m.bet.ingestion.IngestionService - ✅ 📥 API returned 0 events
2026-02-03 13:38:57.483 [arb-processor-67] DEBUG c.m.bet.ingestion.IngestionService - 🔄 ⚡ ℹ️ Processing 0 events...
2026-02-03 13:38:57.483 [arb-processor-67] ERROR c.m.bet.ingestion.IngestionService - ❌ 🔄 Response validation failed: Errors: 1, Warnings: 1, Info: 1
2026-02-03 13:38:57.483 [arb-processor-67] WARN  c.m.bet.ingestion.IngestionService - ⚠️ 🔄 No events in response
2026-02-03 13:38:57.483 [arb-processor-67] DEBUG c.m.bet.ingestion.IngestionService - 🔄 ℹ️ Transforming 0 parsed items to entities...
2026-02-03 13:38:57.483 [arb-processor-67] DEBUG c.m.bet.ingestion.IngestionService - 💾 ℹ️ Saving 0 opportunities to database...
2026-02-03 13:38:57.483 [arb-processor-67] DEBUG c.m.bet.ingestion.IngestionService - 💾 ℹ️ Processing 0 opportunities for database save...
2026-02-03 13:38:57.483 [arb-processor-67] DEBUG c.m.bet.ingestion.IngestionService - ℹ️ 💾 No opportunities to save
2026-02-03 13:38:57.483 [arb-processor-67] INFO  c.m.bet.ingestion.IngestionService - ✅ 📥 Live arbs ingestion completed: 0 opportunities saved in 222ms
2026-02-03 13:38:59.260 [arb-poller] INFO  c.m.bet.ingestion.IngestionService - 🔄 📥 [Poll #138] Starting live arbs fetch...
2026-02-03 13:38:59.260 [arb-processor-62] DEBUG c.m.bet.ingestion.IngestionService - 📥 Fetching live arbs from API...
2026-02-03 13:38:59.469 [arb-processor-62] DEBUG c.m.bet.ingestion.IngestionService - ✅ 📥 API returned 0 events
2026-02-03 13:38:59.469 [arb-processor-62] DEBUG c.m.bet.ingestion.IngestionService - 🔄 ⚡ ℹ️ Processing 0 events...
2026-02-03 13:38:59.469 [arb-processor-62] ERROR c.m.bet.ingestion.IngestionService - ❌ 🔄 Response validation failed: Errors: 1, Warnings: 1, Info: 1
2026-02-03 13:38:59.471 [arb-processor-62] WARN  c.m.bet.ingestion.IngestionService - ⚠️ 🔄 No events in response
2026-02-03 13:38:59.471 [arb-processor-62] DEBUG c.m.bet.ingestion.IngestionService - 🔄 ℹ️ Transforming 0 parsed items to entities...
2026-02-03 13:38:59.471 [arb-processor-62] DEBUG c.m.bet.ingestion.IngestionService - 💾 ℹ️ Saving 0 opportunities to database...
2026-02-03 13:38:59.471 [arb-processor-62] DEBUG c.m.bet.ingestion.IngestionService - 💾 ℹ️ Processing 0 opportunities for database save...
2026-02-03 13:38:59.471 [arb-processor-62] DEBUG c.m.bet.ingestion.IngestionService - ℹ️ 💾 No opportunities to save
2026-02-03 13:38:59.471 [arb-processor-62] INFO  c.m.bet.ingestion.IngestionService - ✅ 📥 Live arbs ingestion completed: 0 opportunities saved in 211ms
2026-02-03 13:39:01.260 [arb-poller] INFO  c.m.bet.ingestion.IngestionService - 🔄 📥 [Poll #139] Starting live arbs fetch...
2026-02-03 13:39:01.260 [arb-processor-56] DEBUG c.m.bet.ingestion.IngestionService - 📥 Fetching live arbs from API...
2026-02-03 13:39:01.484 [arb-processor-56] DEBUG c.m.bet.ingestion.IngestionService - ✅ 📥 API returned 0 events
2026-02-03 13:39:01.484 [arb-processor-56] DEBUG c.m.bet.ingestion.IngestionService - 🔄 ⚡ ℹ️ Processing 0 events...
2026-02-03 13:39:01.484 [arb-processor-56] ERROR c.m.bet.ingestion.IngestionService - ❌ 🔄 Response validation failed: Errors: 1, Warnings: 1, Info: 1
2026-02-03 13:39:01.485 [arb-processor-56] WARN  c.m.bet.ingestion.IngestionService - ⚠️ 🔄 No events in response
2026-02-03 13:39:01.485 [arb-processor-56] DEBUG c.m.bet.ingestion.IngestionService - 🔄 ℹ️ Transforming 0 parsed items to entities...
2026-02-03 13:39:01.485 [arb-processor-56] DEBUG c.m.bet.ingestion.IngestionService - 💾 ℹ️ Saving 0 opportunities to database...
2026-02-03 13:39:01.485 [arb-processor-56] DEBUG c.m.bet.ingestion.IngestionService - 💾 ℹ️ Processing 0 opportunities for database save...
2026-02-03 13:39:01.485 [arb-processor-56] DEBUG c.m.bet.ingestion.IngestionService - ℹ️ 💾 No opportunities to save
2026-02-03 13:39:01.485 [arb-processor-56] INFO  c.m.bet.ingestion.IngestionService - ✅ 📥 Live arbs ingestion completed: 0 opportunities saved in 225ms
2026-02-03 13:39:03.260 [arb-poller] INFO  c.m.bet.ingestion.IngestionService - 🔄 📥 [Poll #140] Starting live arbs fetch...
2026-02-03 13:39:03.260 [arb-processor-66] DEBUG c.m.bet.ingestion.IngestionService - 📥 Fetching live arbs from API...
2026-02-03 13:39:03.476 [arb-processor-66] DEBUG c.m.bet.ingestion.IngestionService - ✅ 📥 API returned 1 events
2026-02-03 13:39:03.476 [arb-processor-66] DEBUG c.m.bet.ingestion.IngestionService - 🔄 ⚡ ℹ️ Processing 1 events...
2026-02-03 13:39:03.477 [arb-processor-67] INFO  c.m.bet.ingestion.IngestionService - 🔄 ℹ️ Processing sub-event 1/2 (ID: 16193963499690119998)...
2026-02-03 13:39:03.477 [arb-processor-67] INFO  c.m.bet.ingestion.IngestionService - ℹ️ 🔄 Sub-event 16193963499690119998 bookmaker: Bet9ja (ID: 33)
2026-02-03 13:39:03.477 [arb-processor-67] INFO  c.m.bet.ingestion.IngestionService - 🍪 ℹ️ Using key='id2' = 'LIVETT_12_2HH' → selectedId='2HH' for bookmaker: Bet9ja (source: own crumbs (post-underscore))
2026-02-03 13:39:03.477 [arb-processor-67] DEBUG c.m.bet.ingestion.IngestionService - 🎯 🍪 Getting market outcome for bookmaker: Bet9ja
2026-02-03 13:39:03.477 [arb-processor-67] INFO  c.m.bet.ingestion.IngestionService - ✅ 🎯 Market resolved: marketType='Match Winner', selectedId='2HH', outcome='Player 2'
2026-02-03 13:39:03.477 [arb-processor-67] DEBUG c.m.bet.ingestion.IngestionService - Built Bet9ja modern URL: https://sports.bet9ja.com/liveEvent/8671511
2026-02-03 13:39:03.477 [arb-processor-67] INFO  c.m.bet.ingestion.IngestionService - 📎 Built URL for Bet9ja: https://sports.bet9ja.com/liveEvent/8671511
2026-02-03 13:39:03.477 [arb-processor-67] INFO  c.m.bet.ingestion.IngestionService - ✅ Built outcome - bookMaker: Bet9ja, outcome: 'Player 2', odds: 4, url: ✓
2026-02-03 13:39:03.477 [arb-processor-67] INFO  c.m.bet.ingestion.IngestionService - 🔄 ℹ️ Processing sub-event 2/2 (ID: 16193963496341030906)...
2026-02-03 13:39:03.477 [arb-processor-67] INFO  c.m.bet.ingestion.IngestionService - ℹ️ 🔄 Sub-event 16193963496341030906 bookmaker: Betway (ID: 36)
2026-02-03 13:39:03.477 [arb-processor-67] INFO  c.m.bet.ingestion.IngestionService - ✅ 🍪 Saved crumbs from Betway using key='oid' (1 entries)
2026-02-03 13:39:03.477 [arb-processor-67] WARN  c.m.bet.ingestion.IngestionService - ⚠️ 🍪 Missing key 'oid' in crumbs for Betway (available keys: [id])
2026-02-03 13:39:03.477 [arb-processor-67] DEBUG c.m.bet.ingestion.IngestionService - URL building not implemented for bookmaker: Betway
2026-02-03 13:39:03.477 [arb-processor-67] DEBUG c.m.bet.ingestion.IngestionService - No URL built for bookmaker: Betway
2026-02-03 13:39:03.478 [arb-processor-67] INFO  c.m.bet.ingestion.IngestionService - ✅ Built outcome - bookMaker: Betway, outcome: '', odds: 1.35, url: ✗
2026-02-03 13:39:03.478 [arb-processor-67] DEBUG c.m.bet.ingestion.IngestionService - ✅ 🔄 🎯 Converted event 16193963601269147335 to arb: Bet9ja (4) vs Betway (1.35) | 0.93% profit | marketType='' | outcome=''
2026-02-03 13:39:03.478 [arb-processor-66] DEBUG c.m.bet.ingestion.IngestionService - ✅ ⚡ 🔄 Successfully converted 1 events to arbitrages
2026-02-03 13:39:03.478 [arb-processor-66] DEBUG c.m.bet.ingestion.IngestionService - 🔄 ℹ️ Transforming 1 parsed items to entities...
2026-02-03 13:39:03.478 [arb-processor-66] DEBUG c.m.bet.ingestion.IngestionService - 💾 ℹ️ Saving 1 opportunities to database...
2026-02-03 13:39:03.478 [arb-processor-66] DEBUG c.m.bet.ingestion.IngestionService - 💾 ℹ️ Processing 1 opportunities for database save...
2026-02-03 13:39:03.499 [arb-processor-66] INFO  c.m.bet.ingestion.IngestionService - ✅ 💾 Database save completed: 1 new, 0 updated, 0 skipped
2026-02-03 13:39:03.499 [arb-processor-66] INFO  c.m.bet.ingestion.IngestionService - ✅ 📥 Live arbs ingestion completed: 1 opportunities saved in 239ms
2026-02-03 13:39:05.276 [arb-poller] INFO  c.m.bet.ingestion.IngestionService - 🔄 📥 [Poll #141] Starting live arbs fetch...
2026-02-03 13:39:05.277 [arb-processor-62] DEBUG c.m.bet.ingestion.IngestionService - 📥 Fetching live arbs from API...
2026-02-03 13:39:05.497 [arb-processor-62] DEBUG c.m.bet.ingestion.IngestionService - ✅ 📥 API returned 1 events
2026-02-03 13:39:05.498 [arb-processor-62] DEBUG c.m.bet.ingestion.IngestionService - 🔄 ⚡ ℹ️ Processing 1 events...
2026-02-03 13:39:05.498 [arb-processor-56] INFO  c.m.bet.ingestion.IngestionService - 🔄 ℹ️ Processing sub-event 1/2 (ID: 16193963496341030906)...
2026-02-03 13:39:05.498 [arb-processor-56] INFO  c.m.bet.ingestion.IngestionService - ℹ️ 🔄 Sub-event 16193963496341030906 bookmaker: Betway (ID: 36)
2026-02-03 13:39:05.498 [arb-processor-56] INFO  c.m.bet.ingestion.IngestionService - ✅ 🍪 Saved crumbs from Betway using key='oid' (1 entries)
2026-02-03 13:39:05.498 [arb-processor-56] WARN  c.m.bet.ingestion.IngestionService - ⚠️ 🍪 Missing key 'oid' in crumbs for Betway (available keys: [id])
2026-02-03 13:39:05.498 [arb-processor-56] DEBUG c.m.bet.ingestion.IngestionService - URL building not implemented for bookmaker: Betway
2026-02-03 13:39:05.498 [arb-processor-56] DEBUG c.m.bet.ingestion.IngestionService - No URL built for bookmaker: Betway
2026-02-03 13:39:05.499 [arb-processor-56] INFO  c.m.bet.ingestion.IngestionService - ✅ Built outcome - bookMaker: Betway, outcome: '', odds: 1.35, url: ✗
2026-02-03 13:39:05.499 [arb-processor-56] INFO  c.m.bet.ingestion.IngestionService - 🔄 ℹ️ Processing sub-event 2/2 (ID: 16193963499690119998)...
2026-02-03 13:39:05.499 [arb-processor-56] INFO  c.m.bet.ingestion.IngestionService - ℹ️ 🔄 Sub-event 16193963499690119998 bookmaker: Bet9ja (ID: 33)
2026-02-03 13:39:05.499 [arb-processor-56] INFO  c.m.bet.ingestion.IngestionService - 🍪 ℹ️ Using key='id2' = 'LIVETT_12_2HH' → selectedId='2HH' for bookmaker: Bet9ja (source: own crumbs (post-underscore))
2026-02-03 13:39:05.499 [arb-processor-56] DEBUG c.m.bet.ingestion.IngestionService - 🎯 🍪 Getting market outcome for bookmaker: Bet9ja
2026-02-03 13:39:05.499 [arb-processor-56] INFO  c.m.bet.ingestion.IngestionService - ✅ 🎯 Market resolved: marketType='Match Winner', selectedId='2HH', outcome='Player 2'
2026-02-03 13:39:05.499 [arb-processor-56] DEBUG c.m.bet.ingestion.IngestionService - Built Bet9ja modern URL: https://sports.bet9ja.com/liveEvent/8671511
2026-02-03 13:39:05.499 [arb-processor-56] INFO  c.m.bet.ingestion.IngestionService - 📎 Built URL for Bet9ja: https://sports.bet9ja.com/liveEvent/8671511
2026-02-03 13:39:05.500 [arb-processor-56] INFO  c.m.bet.ingestion.IngestionService - ✅ Built outcome - bookMaker: Bet9ja, outcome: 'Player 2', odds: 4, url: ✓
2026-02-03 13:39:05.500 [arb-processor-56] DEBUG c.m.bet.ingestion.IngestionService - ✅ 🔄 🎯 Converted event 16193963601269147335 to arb: Betway (1.35) vs Bet9ja (4) | 0.93% profit | marketType='Match Winner' | outcome='Player 2'
2026-02-03 13:39:05.500 [arb-processor-62] DEBUG c.m.bet.ingestion.IngestionService - ✅ ⚡ 🔄 Successfully converted 1 events to arbitrages
2026-02-03 13:39:05.500 [arb-processor-62] DEBUG c.m.bet.ingestion.IngestionService - 🔄 ℹ️ Transforming 1 parsed items to entities...
2026-02-03 13:39:05.500 [arb-processor-62] DEBUG c.m.bet.ingestion.IngestionService - 💾 ℹ️ Saving 1 opportunities to database...
2026-02-03 13:39:05.500 [arb-processor-62] DEBUG c.m.bet.ingestion.IngestionService - 💾 ℹ️ Processing 1 opportunities for database save...
2026-02-03 13:39:05.515 [arb-processor-62] INFO  c.m.bet.ingestion.IngestionService - ✅ 💾 Database save completed: 0 new, 1 updated, 0 skipped
2026-02-03 13:39:05.516 [arb-processor-62] INFO  c.m.bet.ingestion.IngestionService - ✅ 📥 Live arbs ingestion completed: 1 opportunities saved in 239ms
2026-02-03 13:39:07.276 [arb-poller] INFO  c.m.bet.ingestion.IngestionService - 🔄 📥 [Poll #142] Starting live arbs fetch...
2026-02-03 13:39:07.277 [arb-processor-67] DEBUG c.m.bet.ingestion.IngestionService - 📥 Fetching live arbs from API...
2026-02-03 13:39:07.543 [arb-processor-67] DEBUG c.m.bet.ingestion.IngestionService - ✅ 📥 API returned 1 events
2026-02-03 13:39:07.544 [arb-processor-67] DEBUG c.m.bet.ingestion.IngestionService - 🔄 ⚡ ℹ️ Processing 1 events...
2026-02-03 13:39:07.544 [arb-processor-66] INFO  c.m.bet.ingestion.IngestionService - 🔄 ℹ️ Processing sub-event 1/2 (ID: 16193963496341030906)...
2026-02-03 13:39:07.544 [arb-processor-66] INFO  c.m.bet.ingestion.IngestionService - ℹ️ 🔄 Sub-event 16193963496341030906 bookmaker: Betway (ID: 36)
2026-02-03 13:39:07.544 [arb-processor-66] INFO  c.m.bet.ingestion.IngestionService - ✅ 🍪 Saved crumbs from Betway using key='oid' (1 entries)
2026-02-03 13:39:07.544 [arb-processor-66] WARN  c.m.bet.ingestion.IngestionService - ⚠️ 🍪 Missing key 'oid' in crumbs for Betway (available keys: [id])
2026-02-03 13:39:07.544 [arb-processor-66] DEBUG c.m.bet.ingestion.IngestionService - URL building not implemented for bookmaker: Betway
2026-02-03 13:39:07.544 [arb-processor-66] DEBUG c.m.bet.ingestion.IngestionService - No URL built for bookmaker: Betway
2026-02-03 13:39:07.544 [arb-processor-66] INFO  c.m.bet.ingestion.IngestionService - ✅ Built outcome - bookMaker: Betway, outcome: '', odds: 1.35, url: ✗
2026-02-03 13:39:07.544 [arb-processor-66] INFO  c.m.bet.ingestion.IngestionService - 🔄 ℹ️ Processing sub-event 2/2 (ID: 16193963499690119998)...
2026-02-03 13:39:07.544 [arb-processor-66] INFO  c.m.bet.ingestion.IngestionService - ℹ️ 🔄 Sub-event 16193963499690119998 bookmaker: Bet9ja (ID: 33)
2026-02-03 13:39:07.544 [arb-processor-66] INFO  c.m.bet.ingestion.IngestionService - 🍪 ℹ️ Using key='id2' = 'LIVETT_12_2HH' → selectedId='2HH' for bookmaker: Bet9ja (source: own crumbs (post-underscore))
2026-02-03 13:39:07.544 [arb-processor-66] DEBUG c.m.bet.ingestion.IngestionService - 🎯 🍪 Getting market outcome for bookmaker: Bet9ja
2026-02-03 13:39:07.544 [arb-processor-66] INFO  c.m.bet.ingestion.IngestionService - ✅ 🎯 Market resolved: marketType='Match Winner', selectedId='2HH', outcome='Player 2'
2026-02-03 13:39:07.544 [arb-processor-66] DEBUG c.m.bet.ingestion.IngestionService - Built Bet9ja modern URL: https://sports.bet9ja.com/liveEvent/8671511
2026-02-03 13:39:07.544 [arb-processor-66] INFO  c.m.bet.ingestion.IngestionService - 📎 Built URL for Bet9ja: https://sports.bet9ja.com/liveEvent/8671511
2026-02-03 13:39:07.545 [arb-processor-66] INFO  c.m.bet.ingestion.IngestionService - ✅ Built outcome - bookMaker: Bet9ja, outcome: 'Player 2', odds: 4, url: ✓
2026-02-03 13:39:07.545 [arb-processor-66] DEBUG c.m.bet.ingestion.IngestionService - ✅ 🔄 🎯 Converted event 16193963601269147335 to arb: Betway (1.35) vs Bet9ja (4) | 0.93% profit | marketType='Match Winner' | outcome='Player 2'
2026-02-03 13:39:07.545 [arb-processor-67] DEBUG c.m.bet.ingestion.IngestionService - ✅ ⚡ 🔄 Successfully converted 1 events to arbitrages
2026-02-03 13:39:07.545 [arb-processor-67] DEBUG c.m.bet.ingestion.IngestionService - 🔄 ℹ️ Transforming 1 parsed items to entities...
2026-02-03 13:39:07.545 [arb-processor-67] DEBUG c.m.bet.ingestion.IngestionService - 💾 ℹ️ Saving 1 opportunities to database...
2026-02-03 13:39:07.545 [arb-processor-67] DEBUG c.m.bet.ingestion.IngestionService - 💾 ℹ️ Processing 1 opportunities for database save...
2026-02-03 13:39:07.564 [arb-processor-67] INFO  c.m.bet.ingestion.IngestionService - ✅ 💾 Database save completed: 0 new, 1 updated, 0 skipped
2026-02-03 13:39:07.564 [arb-processor-67] INFO  c.m.bet.ingestion.IngestionService - ✅ 📥 Live arbs ingestion completed: 1 opportunities saved in 287ms
2026-02-03 13:39:09.260 [arb-poller] INFO  c.m.bet.ingestion.IngestionService - 🔄 📥 [Poll #143] Starting live arbs fetch...
2026-02-03 13:39:09.260 [arb-processor-56] DEBUG c.m.bet.ingestion.IngestionService - 📥 Fetching live arbs from API...
2026-02-03 13:39:09.473 [arb-processor-56] DEBUG c.m.bet.ingestion.IngestionService - ✅ 📥 API returned 1 events
2026-02-03 13:39:09.474 [arb-processor-56] DEBUG c.m.bet.ingestion.IngestionService - 🔄 ⚡ ℹ️ Processing 1 events...
2026-02-03 13:39:09.474 [arb-processor-62] INFO  c.m.bet.ingestion.IngestionService - 🔄 ℹ️ Processing sub-event 1/2 (ID: 16193963496341030906)...
2026-02-03 13:39:09.474 [arb-processor-62] INFO  c.m.bet.ingestion.IngestionService - ℹ️ 🔄 Sub-event 16193963496341030906 bookmaker: Betway (ID: 36)
2026-02-03 13:39:09.474 [arb-processor-62] INFO  c.m.bet.ingestion.IngestionService - ✅ 🍪 Saved crumbs from Betway using key='oid' (1 entries)
2026-02-03 13:39:09.474 [arb-processor-62] WARN  c.m.bet.ingestion.IngestionService - ⚠️ 🍪 Missing key 'oid' in crumbs for Betway (available keys: [id])
2026-02-03 13:39:09.474 [arb-processor-62] DEBUG c.m.bet.ingestion.IngestionService - URL building not implemented for bookmaker: Betway
2026-02-03 13:39:09.475 [arb-processor-62] DEBUG c.m.bet.ingestion.IngestionService - No URL built for bookmaker: Betway
2026-02-03 13:39:09.475 [arb-processor-62] INFO  c.m.bet.ingestion.IngestionService - ✅ Built outcome - bookMaker: Betway, outcome: '', odds: 1.35, url: ✗
2026-02-03 13:39:09.475 [arb-processor-62] INFO  c.m.bet.ingestion.IngestionService - 🔄 ℹ️ Processing sub-event 2/2 (ID: 16193963499690119998)...
2026-02-03 13:39:09.475 [arb-processor-62] INFO  c.m.bet.ingestion.IngestionService - ℹ️ 🔄 Sub-event 16193963499690119998 bookmaker: Bet9ja (ID: 33)
2026-02-03 13:39:09.475 [arb-processor-62] INFO  c.m.bet.ingestion.IngestionService - 🍪 ℹ️ Using key='id2' = 'LIVETT_12_2HH' → selectedId='2HH' for bookmaker: Bet9ja (source: own crumbs (post-underscore))
2026-02-03 13:39:09.475 [arb-processor-62] DEBUG c.m.bet.ingestion.IngestionService - 🎯 🍪 Getting market outcome for bookmaker: Bet9ja
2026-02-03 13:39:09.475 [arb-processor-62] INFO  c.m.bet.ingestion.IngestionService - ✅ 🎯 Market resolved: marketType='Match Winner', selectedId='2HH', outcome='Player 2'
2026-02-03 13:39:09.475 [arb-processor-62] DEBUG c.m.bet.ingestion.IngestionService - Built Bet9ja modern URL: https://sports.bet9ja.com/liveEvent/8671511
2026-02-03 13:39:09.475 [arb-processor-62] INFO  c.m.bet.ingestion.IngestionService - 📎 Built URL for Bet9ja: https://sports.bet9ja.com/liveEvent/8671511
2026-02-03 13:39:09.475 [arb-processor-62] INFO  c.m.bet.ingestion.IngestionService - ✅ Built outcome - bookMaker: Bet9ja, outcome: 'Player 2', odds: 4, url: ✓
2026-02-03 13:39:09.476 [arb-processor-62] DEBUG c.m.bet.ingestion.IngestionService - ✅ 🔄 🎯 Converted event 16193963601269147335 to arb: Betway (1.35) vs Bet9ja (4) | 0.93% profit | marketType='Match Winner' | outcome='Player 2'
2026-02-03 13:39:09.476 [arb-processor-56] DEBUG c.m.bet.ingestion.IngestionService - ✅ ⚡ 🔄 Successfully converted 1 events to arbitrages
2026-02-03 13:39:09.476 [arb-processor-56] DEBUG c.m.bet.ingestion.IngestionService - 🔄 ℹ️ Transforming 1 parsed items to entities...
2026-02-03 13:39:09.476 [arb-processor-56] DEBUG c.m.bet.ingestion.IngestionService - 💾 ℹ️ Saving 1 opportunities to database...
2026-02-03 13:39:09.476 [arb-processor-56] DEBUG c.m.bet.ingestion.IngestionService - 💾 ℹ️ Processing 1 opportunities for database save...
2026-02-03 13:39:09.487 [arb-processor-56] INFO  c.m.bet.ingestion.IngestionService - ✅ 💾 Database save completed: 0 new, 1 updated, 0 skipped
2026-02-03 13:39:09.487 [arb-processor-56] INFO  c.m.bet.ingestion.IngestionService - ✅ 📥 Live arbs ingestion completed: 1 opportunities saved in 227ms
2026-02-03 13:39:11.260 [arb-poller] INFO  c.m.bet.ingestion.IngestionService - 🔄 📥 [Poll #144] Starting live arbs fetch...
2026-02-03 13:39:11.260 [arb-processor-66] DEBUG c.m.bet.ingestion.IngestionService - 📥 Fetching live arbs from API...
2026-02-03 13:39:11.486 [arb-processor-66] DEBUG c.m.bet.ingestion.IngestionService - ✅ 📥 API returned 0 events
2026-02-03 13:39:11.487 [arb-processor-66] DEBUG c.m.bet.ingestion.IngestionService - 🔄 ⚡ ℹ️ Processing 0 events...
2026-02-03 13:39:11.487 [arb-processor-66] ERROR c.m.bet.ingestion.IngestionService - ❌ 🔄 Response validation failed: Errors: 1, Warnings: 1, Info: 1
2026-02-03 13:39:11.487 [arb-processor-66] WARN  c.m.bet.ingestion.IngestionService - ⚠️ 🔄 No events in response
2026-02-03 13:39:11.487 [arb-processor-66] DEBUG c.m.bet.ingestion.IngestionService - 🔄 ℹ️ Transforming 0 parsed items to entities...
2026-02-03 13:39:11.487 [arb-processor-66] DEBUG c.m.bet.ingestion.IngestionService - 💾 ℹ️ Saving 0 opportunities to database...
2026-02-03 13:39:11.487 [arb-processor-66] DEBUG c.m.bet.ingestion.IngestionService - 💾 ℹ️ Processing 0 opportunities for database save...
2026-02-03 13:39:11.487 [arb-processor-66] DEBUG c.m.bet.ingestion.IngestionService - ℹ️ 💾 No opportunities to save
2026-02-03 13:39:11.488 [arb-processor-66] INFO  c.m.bet.ingestion.IngestionService - ✅ 📥 Live arbs ingestion completed: 0 opportunities saved in 228ms
2026-02-03 13:39:13.262 [arb-poller] INFO  c.m.bet.ingestion.IngestionService - 🔄 📥 [Poll #145] Starting live arbs fetch...
2026-02-03 13:39:13.262 [arb-processor-67] DEBUG c.m.bet.ingestion.IngestionService - 📥 Fetching live arbs from API...
2026-02-03 13:39:13.483 [arb-processor-67] DEBUG c.m.bet.ingestion.IngestionService - ✅ 📥 API returned 0 events
2026-02-03 13:39:13.483 [arb-processor-67] DEBUG c.m.bet.ingestion.IngestionService - 🔄 ⚡ ℹ️ Processing 0 events...
2026-02-03 13:39:13.484 [arb-processor-67] ERROR c.m.bet.ingestion.IngestionService - ❌ 🔄 Response validation failed: Errors: 1, Warnings: 1, Info: 1
2026-02-03 13:39:13.484 [arb-processor-67] WARN  c.m.bet.ingestion.IngestionService - ⚠️ 🔄 No events in response
2026-02-03 13:39:13.484 [arb-processor-67] DEBUG c.m.bet.ingestion.IngestionService - 🔄 ℹ️ Transforming 0 parsed items to entities...
2026-02-03 13:39:13.484 [arb-processor-67] DEBUG c.m.bet.ingestion.IngestionService - 💾 ℹ️ Saving 0 opportunities to database...
2026-02-03 13:39:13.484 [arb-processor-67] DEBUG c.m.bet.ingestion.IngestionService - 💾 ℹ️ Processing 0 opportunities for database save...
2026-02-03 13:39:13.484 [arb-processor-67] DEBUG c.m.bet.ingestion.IngestionService - ℹ️ 💾 No opportunities to save
2026-02-03 13:39:13.484 [arb-processor-67] INFO  c.m.bet.ingestion.IngestionService - ✅ 📥 Live arbs ingestion completed: 0 opportunities saved in 222ms
2026-02-03 13:39:15.262 [arb-poller] INFO  c.m.bet.ingestion.IngestionService - 🔄 📥 [Poll #146] Starting live arbs fetch...
2026-02-03 13:39:15.262 [arb-processor-62] DEBUG c.m.bet.ingestion.IngestionService - 📥 Fetching live arbs from API...
2026-02-03 13:39:15.496 [arb-processor-62] DEBUG c.m.bet.ingestion.IngestionService - ✅ 📥 API returned 0 events
2026-02-03 13:39:15.496 [arb-processor-62] DEBUG c.m.bet.ingestion.IngestionService - 🔄 ⚡ ℹ️ Processing 0 events...
2026-02-03 13:39:15.496 [arb-processor-62] ERROR c.m.bet.ingestion.IngestionService - ❌ 🔄 Response validation failed: Errors: 1, Warnings: 1, Info: 1
2026-02-03 13:39:15.496 [arb-processor-62] WARN  c.m.bet.ingestion.IngestionService - ⚠️ 🔄 No events in response
2026-02-03 13:39:15.496 [arb-processor-62] DEBUG c.m.bet.ingestion.IngestionService - 🔄 ℹ️ Transforming 0 parsed items to entities...
2026-02-03 13:39:15.496 [arb-processor-62] DEBUG c.m.bet.ingestion.IngestionService - 💾 ℹ️ Saving 0 opportunities to database...
2026-02-03 13:39:15.496 [arb-processor-62] DEBUG c.m.bet.ingestion.IngestionService - 💾 ℹ️ Processing 0 opportunities for database save...
2026-02-03 13:39:15.496 [arb-processor-62] DEBUG c.m.bet.ingestion.IngestionService - ℹ️ 💾 No opportunities to save
2026-02-03 13:39:15.497 [arb-processor-62] INFO  c.m.bet.ingestion.IngestionService - ✅ 📥 Live arbs ingestion completed: 0 opportunities saved in 235ms
2026-02-03 13:39:17.260 [arb-poller] INFO  c.m.bet.ingestion.IngestionService - 🔄 📥 [Poll #147] Starting live arbs fetch...
2026-02-03 13:39:17.260 [arb-processor-56] DEBUG c.m.bet.ingestion.IngestionService - 📥 Fetching live arbs from API...
2026-02-03 13:39:17.496 [arb-processor-56] DEBUG c.m.bet.ingestion.IngestionService - ✅ 📥 API returned 0 events
2026-02-03 13:39:17.496 [arb-processor-56] DEBUG c.m.bet.ingestion.IngestionService - 🔄 ⚡ ℹ️ Processing 0 events...
2026-02-03 13:39:17.496 [arb-processor-56] ERROR c.m.bet.ingestion.IngestionService - ❌ 🔄 Response validation failed: Errors: 1, Warnings: 1, Info: 1
2026-02-03 13:39:17.496 [arb-processor-56] WARN  c.m.bet.ingestion.IngestionService - ⚠️ 🔄 No events in response
2026-02-03 13:39:17.496 [arb-processor-56] DEBUG c.m.bet.ingestion.IngestionService - 🔄 ℹ️ Transforming 0 parsed items to entities...
2026-02-03 13:39:17.496 [arb-processor-56] DEBUG c.m.bet.ingestion.IngestionService - 💾 ℹ️ Saving 0 opportunities to database...
2026-02-03 13:39:17.496 [arb-processor-56] DEBUG c.m.bet.ingestion.IngestionService - 💾 ℹ️ Processing 0 opportunities for database save...
2026-02-03 13:39:17.496 [arb-processor-56] DEBUG c.m.bet.ingestion.IngestionService - ℹ️ 💾 No opportunities to save
2026-02-03 13:39:17.496 [arb-processor-56] INFO  c.m.bet.ingestion.IngestionService - ✅ 📥 Live arbs ingestion completed: 0 opportunities saved in 236ms
2026-02-03 13:39:19.260 [arb-poller] INFO  c.m.bet.ingestion.IngestionService - 🔄 📥 [Poll #148] Starting live arbs fetch...
2026-02-03 13:39:19.260 [arb-processor-66] DEBUG c.m.bet.ingestion.IngestionService - 📥 Fetching live arbs from API...
2026-02-03 13:39:19.488 [arb-processor-66] DEBUG c.m.bet.ingestion.IngestionService - ✅ 📥 API returned 0 events
2026-02-03 13:39:19.488 [arb-processor-66] DEBUG c.m.bet.ingestion.IngestionService - 🔄 ⚡ ℹ️ Processing 0 events...
2026-02-03 13:39:19.488 [arb-processor-66] ERROR c.m.bet.ingestion.IngestionService - ❌ 🔄 Response validation failed: Errors: 1, Warnings: 1, Info: 1
2026-02-03 13:39:19.488 [arb-processor-66] WARN  c.m.bet.ingestion.IngestionService - ⚠️ 🔄 No events in response
2026-02-03 13:39:19.488 [arb-processor-66] DEBUG c.m.bet.ingestion.IngestionService - 🔄 ℹ️ Transforming 0 parsed items to entities...
2026-02-03 13:39:19.488 [arb-processor-66] DEBUG c.m.bet.ingestion.IngestionService - 💾 ℹ️ Saving 0 opportunities to database...
2026-02-03 13:39:19.488 [arb-processor-66] DEBUG c.m.bet.ingestion.IngestionService - 💾 ℹ️ Processing 0 opportunities for database save...
2026-02-03 13:39:19.488 [arb-processor-66] DEBUG c.m.bet.ingestion.IngestionService - ℹ️ 💾 No opportunities to save
2026-02-03 13:39:19.488 [arb-processor-66] INFO  c.m.bet.ingestion.IngestionService - ✅ 📥 Live arbs ingestion completed: 0 opportunities saved in 228ms
2026-02-03 13:39:21.260 [arb-poller] INFO  c.m.bet.ingestion.IngestionService - 🔄 📥 [Poll #149] Starting live arbs fetch...
2026-02-03 13:39:21.260 [arb-processor-67] DEBUG c.m.bet.ingestion.IngestionService - 📥 Fetching live arbs from API...
2026-02-03 13:39:22.555 [arb-processor-67] DEBUG c.m.bet.ingestion.IngestionService - ✅ 📥 API returned 0 events
2026-02-03 13:39:22.555 [arb-processor-67] DEBUG c.m.bet.ingestion.IngestionService - 🔄 ⚡ ℹ️ Processing 0 events...
2026-02-03 13:39:22.556 [arb-processor-67] ERROR c.m.bet.ingestion.IngestionService - ❌ 🔄 Response validation failed: Errors: 1, Warnings: 1, Info: 1
2026-02-03 13:39:22.556 [arb-processor-67] WARN  c.m.bet.ingestion.IngestionService - ⚠️ 🔄 No events in response
2026-02-03 13:39:22.556 [arb-processor-67] DEBUG c.m.bet.ingestion.IngestionService - 🔄 ℹ️ Transforming 0 parsed items to entities...
2026-02-03 13:39:22.556 [arb-processor-67] DEBUG c.m.bet.ingestion.IngestionService - 💾 ℹ️ Saving 0 opportunities to database...
2026-02-03 13:39:22.556 [arb-processor-67] DEBUG c.m.bet.ingestion.IngestionService - 💾 ℹ️ Processing 0 opportunities for database save...
2026-02-03 13:39:22.556 [arb-processor-67] DEBUG c.m.bet.ingestion.IngestionService - ℹ️ 💾 No opportunities to save
2026-02-03 13:39:22.556 [arb-processor-67] INFO  c.m.bet.ingestion.IngestionService - ✅ 📥 Live arbs ingestion completed: 0 opportunities saved in 1296ms
2026-02-03 13:39:23.260 [arb-poller] INFO  c.m.bet.ingestion.IngestionService - 🔄 📥 [Poll #150] Starting live arbs fetch...
2026-02-03 13:39:23.260 [arb-processor-62] DEBUG c.m.bet.ingestion.IngestionService - 📥 Fetching live arbs from API...
2026-02-03 13:39:23.465 [arb-processor-62] DEBUG c.m.bet.ingestion.IngestionService - ✅ 📥 API returned 0 events
2026-02-03 13:39:23.466 [arb-processor-62] DEBUG c.m.bet.ingestion.IngestionService - 🔄 ⚡ ℹ️ Processing 0 events...
2026-02-03 13:39:23.466 [arb-processor-62] ERROR c.m.bet.ingestion.IngestionService - ❌ 🔄 Response validation failed: Errors: 1, Warnings: 1, Info: 1
2026-02-03 13:39:23.466 [arb-processor-62] WARN  c.m.bet.ingestion.IngestionService - ⚠️ 🔄 No events in response
2026-02-03 13:39:23.466 [arb-processor-62] DEBUG c.m.bet.ingestion.IngestionService - 🔄 ℹ️ Transforming 0 parsed items to entities...
2026-02-03 13:39:23.466 [arb-processor-62] DEBUG c.m.bet.ingestion.IngestionService - 💾 ℹ️ Saving 0 opportunities to database...
2026-02-03 13:39:23.466 [arb-processor-62] DEBUG c.m.bet.ingestion.IngestionService - 💾 ℹ️ Processing 0 opportunities for database save...
2026-02-03 13:39:23.466 [arb-processor-62] DEBUG c.m.bet.ingestion.IngestionService - ℹ️ 💾 No opportunities to save
2026-02-03 13:39:23.466 [arb-processor-62] INFO  c.m.bet.ingestion.IngestionService - ✅ 📥 Live arbs ingestion completed: 0 opportunities saved in 206ms
2026-02-03 13:39:23.478 [arb-processor-62] INFO  c.m.bet.ingestion.IngestionService - 📊 ℹ️ Current Statistics:
2026-02-03 13:39:23.478 [arb-processor-62] INFO  c.m.bet.ingestion.IngestionService - 📊 Total Active: 5
2026-02-03 13:39:23.478 [arb-processor-62] INFO  c.m.bet.ingestion.IngestionService - 📊 Fresh Active: 0 (0.0%)
2026-02-03 13:39:23.478 [arb-processor-62] INFO  c.m.bet.ingestion.IngestionService - 📊 Stale Active: 5 (100.0%)
2026-02-03 13:39:23.478 [arb-processor-62] INFO  c.m.bet.ingestion.IngestionService - 📊 Average Profit: 3.39%
2026-02-03 13:39:25.262 [arb-poller] INFO  c.m.bet.ingestion.IngestionService - 🔄 📥 [Poll #151] Starting live arbs fetch...
2026-02-03 13:39:25.262 [arb-processor-56] DEBUG c.m.bet.ingestion.IngestionService - 📥 Fetching live arbs from API...
2026-02-03 13:39:25.466 [arb-processor-56] DEBUG c.m.bet.ingestion.IngestionService - ✅ 📥 API returned 0 events
2026-02-03 13:39:25.466 [arb-processor-56] DEBUG c.m.bet.ingestion.IngestionService - 🔄 ⚡ ℹ️ Processing 0 events...
2026-02-03 13:39:25.466 [arb-processor-56] ERROR c.m.bet.ingestion.IngestionService - ❌ 🔄 Response validation failed: Errors: 1, Warnings: 1, Info: 1
2026-02-03 13:39:25.466 [arb-processor-56] WARN  c.m.bet.ingestion.IngestionService - ⚠️ 🔄 No events in response
2026-02-03 13:39:25.467 [arb-processor-56] DEBUG c.m.bet.ingestion.IngestionService - 🔄 ℹ️ Transforming 0 parsed items to entities...
2026-02-03 13:39:25.467 [arb-processor-56] DEBUG c.m.bet.ingestion.IngestionService - 💾 ℹ️ Saving 0 opportunities to database...
2026-02-03 13:39:25.467 [arb-processor-56] DEBUG c.m.bet.ingestion.IngestionService - 💾 ℹ️ Processing 0 opportunities for database save...
2026-02-03 13:39:25.467 [arb-processor-56] DEBUG c.m.bet.ingestion.IngestionService - ℹ️ 💾 No opportunities to save
2026-02-03 13:39:25.467 [arb-processor-56] INFO  c.m.bet.ingestion.IngestionService - ✅ 📥 Live arbs ingestion completed: 0 opportunities saved in 205ms
2026-02-03 13:39:27.260 [arb-poller] INFO  c.m.bet.ingestion.IngestionService - 🔄 📥 [Poll #152] Starting live arbs fetch...
2026-02-03 13:39:27.260 [arb-processor-66] DEBUG c.m.bet.ingestion.IngestionService - 📥 Fetching live arbs from API...
2026-02-03 13:39:27.456 [arb-processor-66] DEBUG c.m.bet.ingestion.IngestionService - ✅ 📥 API returned 0 events
2026-02-03 13:39:27.457 [arb-processor-66] DEBUG c.m.bet.ingestion.IngestionService - 🔄 ⚡ ℹ️ Processing 0 events...
2026-02-03 13:39:27.457 [arb-processor-66] ERROR c.m.bet.ingestion.IngestionService - ❌ 🔄 Response validation failed: Errors: 1, Warnings: 1, Info: 1
2026-02-03 13:39:27.457 [arb-processor-66] WARN  c.m.bet.ingestion.IngestionService - ⚠️ 🔄 No events in response
2026-02-03 13:39:27.457 [arb-processor-66] DEBUG c.m.bet.ingestion.IngestionService - 🔄 ℹ️ Transforming 0 parsed items to entities...
2026-02-03 13:39:27.457 [arb-processor-66] DEBUG c.m.bet.ingestion.IngestionService - 💾 ℹ️ Saving 0 opportunities to database...
2026-02-03 13:39:27.457 [arb-processor-66] DEBUG c.m.bet.ingestion.IngestionService - 💾 ℹ️ Processing 0 opportunities for database save...
2026-02-03 13:39:27.457 [arb-processor-66] DEBUG c.m.bet.ingestion.IngestionService - ℹ️ 💾 No opportunities to save
2026-02-03 13:39:27.457 [arb-processor-66] INFO  c.m.bet.ingestion.IngestionService - ✅ 📥 Live arbs ingestion completed: 0 opportunities saved in 197ms
2026-02-03 13:39:29.261 [arb-poller] INFO  c.m.bet.ingestion.IngestionService - 🔄 📥 [Poll #153] Starting live arbs fetch...
2026-02-03 13:39:29.261 [arb-processor-67] DEBUG c.m.bet.ingestion.IngestionService - 📥 Fetching live arbs from API...
2026-02-03 13:39:29.485 [arb-processor-67] DEBUG c.m.bet.ingestion.IngestionService - ✅ 📥 API returned 0 events
2026-02-03 13:39:29.485 [arb-processor-67] DEBUG c.m.bet.ingestion.IngestionService - 🔄 ⚡ ℹ️ Processing 0 events...
2026-02-03 13:39:29.485 [arb-processor-67] ERROR c.m.bet.ingestion.IngestionService - ❌ 🔄 Response validation failed: Errors: 1, Warnings: 1, Info: 1
2026-02-03 13:39:29.485 [arb-processor-67] WARN  c.m.bet.ingestion.IngestionService - ⚠️ 🔄 No events in response
2026-02-03 13:39:29.485 [arb-processor-67] DEBUG c.m.bet.ingestion.IngestionService - 🔄 ℹ️ Transforming 0 parsed items to entities...
2026-02-03 13:39:29.485 [arb-processor-67] DEBUG c.m.bet.ingestion.IngestionService - 💾 ℹ️ Saving 0 opportunities to database...
2026-02-03 13:39:29.485 [arb-processor-67] DEBUG c.m.bet.ingestion.IngestionService - 💾 ℹ️ Processing 0 opportunities for database save...
2026-02-03 13:39:29.485 [arb-processor-67] DEBUG c.m.bet.ingestion.IngestionService - ℹ️ 💾 No opportunities to save
2026-02-03 13:39:29.485 [arb-processor-67] INFO  c.m.bet.ingestion.IngestionService - ✅ 📥 Live arbs ingestion completed: 0 opportunities saved in 224ms
2026-02-03 13:39:31.261 [arb-poller] INFO  c.m.bet.ingestion.IngestionService - 🔄 📥 [Poll #154] Starting live arbs fetch...
2026-02-03 13:39:31.261 [arb-processor-62] DEBUG c.m.bet.ingestion.IngestionService - 📥 Fetching live arbs from API...
2026-02-03 13:39:31.456 [arb-processor-62] DEBUG c.m.bet.ingestion.IngestionService - ✅ 📥 API returned 0 events
2026-02-03 13:39:31.456 [arb-processor-62] DEBUG c.m.bet.ingestion.IngestionService - 🔄 ⚡ ℹ️ Processing 0 events...
2026-02-03 13:39:31.457 [arb-processor-62] ERROR c.m.bet.ingestion.IngestionService - ❌ 🔄 Response validation failed: Errors: 1, Warnings: 1, Info: 1
2026-02-03 13:39:31.457 [arb-processor-62] WARN  c.m.bet.ingestion.IngestionService - ⚠️ 🔄 No events in response
2026-02-03 13:39:31.458 [arb-processor-62] DEBUG c.m.bet.ingestion.IngestionService - 🔄 ℹ️ Transforming 0 parsed items to entities...
2026-02-03 13:39:31.458 [arb-processor-62] DEBUG c.m.bet.ingestion.IngestionService - 💾 ℹ️ Saving 0 opportunities to database...
2026-02-03 13:39:31.458 [arb-processor-62] DEBUG c.m.bet.ingestion.IngestionService - 💾 ℹ️ Processing 0 opportunities for database save...
2026-02-03 13:39:31.458 [arb-processor-62] DEBUG c.m.bet.ingestion.IngestionService - ℹ️ 💾 No opportunities to save
2026-02-03 13:39:31.458 [arb-processor-62] INFO  c.m.bet.ingestion.IngestionService - ✅ 📥 Live arbs ingestion completed: 0 opportunities saved in 197ms
2026-02-03 13:39:33.272 [arb-poller] INFO  c.m.bet.ingestion.IngestionService - 🔄 📥 [Poll #155] Starting live arbs fetch...
2026-02-03 13:39:33.272 [arb-processor-56] DEBUG c.m.bet.ingestion.IngestionService - 📥 Fetching live arbs from API...
2026-02-03 13:39:33.487 [arb-processor-56] DEBUG c.m.bet.ingestion.IngestionService - ✅ 📥 API returned 0 events
2026-02-03 13:39:33.487 [arb-processor-56] DEBUG c.m.bet.ingestion.IngestionService - 🔄 ⚡ ℹ️ Processing 0 events...
2026-02-03 13:39:33.487 [arb-processor-56] ERROR c.m.bet.ingestion.IngestionService - ❌ 🔄 Response validation failed: Errors: 1, Warnings: 1, Info: 1
2026-02-03 13:39:33.487 [arb-processor-56] WARN  c.m.bet.ingestion.IngestionService - ⚠️ 🔄 No events in response
2026-02-03 13:39:33.487 [arb-processor-56] DEBUG c.m.bet.ingestion.IngestionService - 🔄 ℹ️ Transforming 0 parsed items to entities...
2026-02-03 13:39:33.487 [arb-processor-56] DEBUG c.m.bet.ingestion.IngestionService - 💾 ℹ️ Saving 0 opportunities to database...
2026-02-03 13:39:33.487 [arb-processor-56] DEBUG c.m.bet.ingestion.IngestionService - 💾 ℹ️ Processing 0 opportunities for database save...
2026-02-03 13:39:33.487 [arb-processor-56] DEBUG c.m.bet.ingestion.IngestionService - ℹ️ 💾 No opportunities to save
2026-02-03 13:39:33.487 [arb-processor-56] INFO  c.m.bet.ingestion.IngestionService - ✅ 📥 Live arbs ingestion completed: 0 opportunities saved in 215ms
2026-02-03 13:39:35.261 [arb-poller] INFO  c.m.bet.ingestion.IngestionService - 🔄 📥 [Poll #156] Starting live arbs fetch...
2026-02-03 13:39:35.261 [arb-processor-66] DEBUG c.m.bet.ingestion.IngestionService - 📥 Fetching live arbs from API...
2026-02-03 13:39:35.452 [arb-processor-66] DEBUG c.m.bet.ingestion.IngestionService - ✅ 📥 API returned 0 events
2026-02-03 13:39:35.470 [arb-processor-66] DEBUG c.m.bet.ingestion.IngestionService - 🔄 ⚡ ℹ️ Processing 0 events...
2026-02-03 13:39:35.470 [arb-processor-66] ERROR c.m.bet.ingestion.IngestionService - ❌ 🔄 Response validation failed: Errors: 1, Warnings: 1, Info: 1
2026-02-03 13:39:35.470 [arb-processor-66] WARN  c.m.bet.ingestion.IngestionService - ⚠️ 🔄 No events in response
2026-02-03 13:39:35.470 [arb-processor-66] DEBUG c.m.bet.ingestion.IngestionService - 🔄 ℹ️ Transforming 0 parsed items to entities...
2026-02-03 13:39:35.470 [arb-processor-66] DEBUG c.m.bet.ingestion.IngestionService - 💾 ℹ️ Saving 0 opportunities to database...
2026-02-03 13:39:35.471 [arb-processor-66] DEBUG c.m.bet.ingestion.IngestionService - 💾 ℹ️ Processing 0 opportunities for database save...
2026-02-03 13:39:35.471 [arb-processor-66] DEBUG c.m.bet.ingestion.IngestionService - ℹ️ 💾 No opportunities to save
2026-02-03 13:39:35.471 [arb-processor-66] INFO  c.m.bet.ingestion.IngestionService - ✅ 📥 Live arbs ingestion completed: 0 opportunities saved in 210ms
2026-02-03 13:39:37.261 [arb-poller] INFO  c.m.bet.ingestion.IngestionService - 🔄 📥 [Poll #157] Starting live arbs fetch...
2026-02-03 13:39:37.261 [arb-processor-67] DEBUG c.m.bet.ingestion.IngestionService - 📥 Fetching live arbs from API...
2026-02-03 13:39:37.455 [arb-processor-67] DEBUG c.m.bet.ingestion.IngestionService - ✅ 📥 API returned 0 events
2026-02-03 13:39:37.455 [arb-processor-67] DEBUG c.m.bet.ingestion.IngestionService - 🔄 ⚡ ℹ️ Processing 0 events...
2026-02-03 13:39:37.455 [arb-processor-67] ERROR c.m.bet.ingestion.IngestionService - ❌ 🔄 Response validation failed: Errors: 1, Warnings: 1, Info: 1
2026-02-03 13:39:37.455 [arb-processor-67] WARN  c.m.bet.ingestion.IngestionService - ⚠️ 🔄 No events in response
2026-02-03 13:39:37.455 [arb-processor-67] DEBUG c.m.bet.ingestion.IngestionService - 🔄 ℹ️ Transforming 0 parsed items to entities...
2026-02-03 13:39:37.455 [arb-processor-67] DEBUG c.m.bet.ingestion.IngestionService - 💾 ℹ️ Saving 0 opportunities to database...
2026-02-03 13:39:37.455 [arb-processor-67] DEBUG c.m.bet.ingestion.IngestionService - 💾 ℹ️ Processing 0 opportunities for database save...
2026-02-03 13:39:37.456 [arb-processor-67] DEBUG c.m.bet.ingestion.IngestionService - ℹ️ 💾 No opportunities to save
2026-02-03 13:39:37.456 [arb-processor-67] INFO  c.m.bet.ingestion.IngestionService - ✅ 📥 Live arbs ingestion completed: 0 opportunities saved in 195ms
2026-02-03 13:39:39.260 [arb-poller] INFO  c.m.bet.ingestion.IngestionService - 🔄 📥 [Poll #158] Starting live arbs fetch...
2026-02-03 13:39:39.260 [arb-processor-62] DEBUG c.m.bet.ingestion.IngestionService - 📥 Fetching live arbs from API...
2026-02-03 13:39:39.451 [arb-processor-62] DEBUG c.m.bet.ingestion.IngestionService - ✅ 📥 API returned 0 events
2026-02-03 13:39:39.451 [arb-processor-62] DEBUG c.m.bet.ingestion.IngestionService - 🔄 ⚡ ℹ️ Processing 0 events...
2026-02-03 13:39:39.452 [arb-processor-62] ERROR c.m.bet.ingestion.IngestionService - ❌ 🔄 Response validation failed: Errors: 1, Warnings: 1, Info: 1
2026-02-03 13:39:39.452 [arb-processor-62] WARN  c.m.bet.ingestion.IngestionService - ⚠️ 🔄 No events in response
2026-02-03 13:39:39.452 [arb-processor-62] DEBUG c.m.bet.ingestion.IngestionService - 🔄 ℹ️ Transforming 0 parsed items to entities...
2026-02-03 13:39:39.452 [arb-processor-62] DEBUG c.m.bet.ingestion.IngestionService - 💾 ℹ️ Saving 0 opportunities to database...
2026-02-03 13:39:39.452 [arb-processor-62] DEBUG c.m.bet.ingestion.IngestionService - 💾 ℹ️ Processing 0 opportunities for database save...
2026-02-03 13:39:39.452 [arb-processor-62] DEBUG c.m.bet.ingestion.IngestionService - ℹ️ 💾 No opportunities to save
2026-02-03 13:39:39.452 [arb-processor-62] INFO  c.m.bet.ingestion.IngestionService - ✅ 📥 Live arbs ingestion completed: 0 opportunities saved in 192ms
2026-02-03 13:39:41.260 [arb-poller] INFO  c.m.bet.ingestion.IngestionService - 🔄 📥 [Poll #159] Starting live arbs fetch...
2026-02-03 13:39:41.260 [arb-processor-56] DEBUG c.m.bet.ingestion.IngestionService - 📥 Fetching live arbs from API...
2026-02-03 13:39:41.474 [arb-processor-56] DEBUG c.m.bet.ingestion.IngestionService - ✅ 📥 API returned 0 events
2026-02-03 13:39:41.474 [arb-processor-56] DEBUG c.m.bet.ingestion.IngestionService - 🔄 ⚡ ℹ️ Processing 0 events...
2026-02-03 13:39:41.474 [arb-processor-56] ERROR c.m.bet.ingestion.IngestionService - ❌ 🔄 Response validation failed: Errors: 1, Warnings: 1, Info: 1
2026-02-03 13:39:41.475 [arb-processor-56] WARN  c.m.bet.ingestion.IngestionService - ⚠️ 🔄 No events in response
2026-02-03 13:39:41.475 [arb-processor-56] DEBUG c.m.bet.ingestion.IngestionService - 🔄 ℹ️ Transforming 0 parsed items to entities...
2026-02-03 13:39:41.475 [arb-processor-56] DEBUG c.m.bet.ingestion.IngestionService - 💾 ℹ️ Saving 0 opportunities to database...
2026-02-03 13:39:41.475 [arb-processor-56] DEBUG c.m.bet.ingestion.IngestionService - 💾 ℹ️ Processing 0 opportunities for database save...
2026-02-03 13:39:41.475 [arb-processor-56] DEBUG c.m.bet.ingestion.IngestionService - ℹ️ 💾 No opportunities to save
2026-02-03 13:39:41.475 [arb-processor-56] INFO  c.m.bet.ingestion.IngestionService - ✅ 📥 Live arbs ingestion completed: 0 opportunities saved in 215ms
2026-02-03 13:39:43.261 [arb-poller] INFO  c.m.bet.ingestion.IngestionService - 🔄 📥 [Poll #160] Starting live arbs fetch...
2026-02-03 13:39:43.261 [arb-processor-66] DEBUG c.m.bet.ingestion.IngestionService - 📥 Fetching live arbs from API...
2026-02-03 13:39:43.464 [arb-processor-66] DEBUG c.m.bet.ingestion.IngestionService - ✅ 📥 API returned 0 events
2026-02-03 13:39:43.464 [arb-processor-66] DEBUG c.m.bet.ingestion.IngestionService - 🔄 ⚡ ℹ️ Processing 0 events...
2026-02-03 13:39:43.464 [arb-processor-66] ERROR c.m.bet.ingestion.IngestionService - ❌ 🔄 Response validation failed: Errors: 1, Warnings: 1, Info: 1
2026-02-03 13:39:43.464 [arb-processor-66] WARN  c.m.bet.ingestion.IngestionService - ⚠️ 🔄 No events in response
2026-02-03 13:39:43.464 [arb-processor-66] DEBUG c.m.bet.ingestion.IngestionService - 🔄 ℹ️ Transforming 0 parsed items to entities...
2026-02-03 13:39:43.464 [arb-processor-66] DEBUG c.m.bet.ingestion.IngestionService - 💾 ℹ️ Saving 0 opportunities to database...
2026-02-03 13:39:43.464 [arb-processor-66] DEBUG c.m.bet.ingestion.IngestionService - 💾 ℹ️ Processing 0 opportunities for database save...
2026-02-03 13:39:43.464 [arb-processor-66] DEBUG c.m.bet.ingestion.IngestionService - ℹ️ 💾 No opportunities to save
2026-02-03 13:39:43.464 [arb-processor-66] INFO  c.m.bet.ingestion.IngestionService - ✅ 📥 Live arbs ingestion completed: 0 opportunities saved in 203ms
2026-02-03 13:39:45.260 [arb-poller] INFO  c.m.bet.ingestion.IngestionService - 🔄 📥 [Poll #161] Starting live arbs fetch...
2026-02-03 13:39:45.260 [arb-processor-67] DEBUG c.m.bet.ingestion.IngestionService - 📥 Fetching live arbs from API...
2026-02-03 13:39:45.472 [arb-processor-67] DEBUG c.m.bet.ingestion.IngestionService - ✅ 📥 API returned 0 events
2026-02-03 13:39:45.472 [arb-processor-67] DEBUG c.m.bet.ingestion.IngestionService - 🔄 ⚡ ℹ️ Processing 0 events...
2026-02-03 13:39:45.472 [arb-processor-67] ERROR c.m.bet.ingestion.IngestionService - ❌ 🔄 Response validation failed: Errors: 1, Warnings: 1, Info: 1
2026-02-03 13:39:45.472 [arb-processor-67] WARN  c.m.bet.ingestion.IngestionService - ⚠️ 🔄 No events in response
2026-02-03 13:39:45.472 [arb-processor-67] DEBUG c.m.bet.ingestion.IngestionService - 🔄 ℹ️ Transforming 0 parsed items to entities...
2026-02-03 13:39:45.472 [arb-processor-67] DEBUG c.m.bet.ingestion.IngestionService - 💾 ℹ️ Saving 0 opportunities to database...
2026-02-03 13:39:45.473 [arb-processor-67] DEBUG c.m.bet.ingestion.IngestionService - 💾 ℹ️ Processing 0 opportunities for database save...
2026-02-03 13:39:45.473 [arb-processor-67] DEBUG c.m.bet.ingestion.IngestionService - ℹ️ 💾 No opportunities to save
2026-02-03 13:39:45.473 [arb-processor-67] INFO  c.m.bet.ingestion.IngestionService - ✅ 📥 Live arbs ingestion completed: 0 opportunities saved in 213ms
2026-02-03 13:39:47.260 [arb-poller] INFO  c.m.bet.ingestion.IngestionService - 🔄 📥 [Poll #162] Starting live arbs fetch...
2026-02-03 13:39:47.260 [arb-processor-62] DEBUG c.m.bet.ingestion.IngestionService - 📥 Fetching live arbs from API...
2026-02-03 13:39:47.470 [arb-processor-62] DEBUG c.m.bet.ingestion.IngestionService - ✅ 📥 API returned 0 events
2026-02-03 13:39:47.470 [arb-processor-62] DEBUG c.m.bet.ingestion.IngestionService - 🔄 ⚡ ℹ️ Processing 0 events...
2026-02-03 13:39:47.470 [arb-processor-62] ERROR c.m.bet.ingestion.IngestionService - ❌ 🔄 Response validation failed: Errors: 1, Warnings: 1, Info: 1
2026-02-03 13:39:47.470 [arb-processor-62] WARN  c.m.bet.ingestion.IngestionService - ⚠️ 🔄 No events in response
2026-02-03 13:39:47.470 [arb-processor-62] DEBUG c.m.bet.ingestion.IngestionService - 🔄 ℹ️ Transforming 0 parsed items to entities...
2026-02-03 13:39:47.470 [arb-processor-62] DEBUG c.m.bet.ingestion.IngestionService - 💾 ℹ️ Saving 0 opportunities to database...
2026-02-03 13:39:47.470 [arb-processor-62] DEBUG c.m.bet.ingestion.IngestionService - 💾 ℹ️ Processing 0 opportunities for database save...
2026-02-03 13:39:47.470 [arb-processor-62] DEBUG c.m.bet.ingestion.IngestionService - ℹ️ 💾 No opportunities to save
2026-02-03 13:39:47.470 [arb-processor-62] INFO  c.m.bet.ingestion.IngestionService - ✅ 📥 Live arbs ingestion completed: 0 opportunities saved in 210ms
2026-02-03 13:39:49.260 [arb-poller] INFO  c.m.bet.ingestion.IngestionService - 🔄 📥 [Poll #163] Starting live arbs fetch...
2026-02-03 13:39:49.260 [arb-processor-56] DEBUG c.m.bet.ingestion.IngestionService - 📥 Fetching live arbs from API...
2026-02-03 13:39:49.464 [arb-processor-56] DEBUG c.m.bet.ingestion.IngestionService - ✅ 📥 API returned 0 events
2026-02-03 13:39:49.464 [arb-processor-56] DEBUG c.m.bet.ingestion.IngestionService - 🔄 ⚡ ℹ️ Processing 0 events...
2026-02-03 13:39:49.464 [arb-processor-56] ERROR c.m.bet.ingestion.IngestionService - ❌ 🔄 Response validation failed: Errors: 1, Warnings: 1, Info: 1
2026-02-03 13:39:49.464 [arb-processor-56] WARN  c.m.bet.ingestion.IngestionService - ⚠️ 🔄 No events in response
2026-02-03 13:39:49.464 [arb-processor-56] DEBUG c.m.bet.ingestion.IngestionService - 🔄 ℹ️ Transforming 0 parsed items to entities...
2026-02-03 13:39:49.465 [arb-processor-56] DEBUG c.m.bet.ingestion.IngestionService - 💾 ℹ️ Saving 0 opportunities to database...
2026-02-03 13:39:49.465 [arb-processor-56] DEBUG c.m.bet.ingestion.IngestionService - 💾 ℹ️ Processing 0 opportunities for database save...
2026-02-03 13:39:49.465 [arb-processor-56] DEBUG c.m.bet.ingestion.IngestionService - ℹ️ 💾 No opportunities to save
2026-02-03 13:39:49.465 [arb-processor-56] INFO  c.m.bet.ingestion.IngestionService - ✅ 📥 Live arbs ingestion completed: 0 opportunities saved in 205ms
2026-02-03 13:39:51.260 [arb-poller] INFO  c.m.bet.ingestion.IngestionService - 🔄 📥 [Poll #164] Starting live arbs fetch...
2026-02-03 13:39:51.260 [arb-processor-66] DEBUG c.m.bet.ingestion.IngestionService - 📥 Fetching live arbs from API...
2026-02-03 13:39:51.465 [arb-processor-66] DEBUG c.m.bet.ingestion.IngestionService - ✅ 📥 API returned 0 events
2026-02-03 13:39:51.466 [arb-processor-66] DEBUG c.m.bet.ingestion.IngestionService - 🔄 ⚡ ℹ️ Processing 0 events...
2026-02-03 13:39:51.466 [arb-processor-66] ERROR c.m.bet.ingestion.IngestionService - ❌ 🔄 Response validation failed: Errors: 1, Warnings: 1, Info: 1
2026-02-03 13:39:51.466 [arb-processor-66] WARN  c.m.bet.ingestion.IngestionService - ⚠️ 🔄 No events in response
2026-02-03 13:39:51.466 [arb-processor-66] DEBUG c.m.bet.ingestion.IngestionService - 🔄 ℹ️ Transforming 0 parsed items to entities...
2026-02-03 13:39:51.466 [arb-processor-66] DEBUG c.m.bet.ingestion.IngestionService - 💾 ℹ️ Saving 0 opportunities to database...
2026-02-03 13:39:51.466 [arb-processor-66] DEBUG c.m.bet.ingestion.IngestionService - 💾 ℹ️ Processing 0 opportunities for database save...
2026-02-03 13:39:51.466 [arb-processor-66] DEBUG c.m.bet.ingestion.IngestionService - ℹ️ 💾 No opportunities to save
2026-02-03 13:39:51.466 [arb-processor-66] INFO  c.m.bet.ingestion.IngestionService - ✅ 📥 Live arbs ingestion completed: 0 opportunities saved in 206ms
2026-02-03 13:39:53.271 [arb-poller] INFO  c.m.bet.ingestion.IngestionService - 🔄 📥 [Poll #165] Starting live arbs fetch...
2026-02-03 13:39:53.271 [arb-processor-67] DEBUG c.m.bet.ingestion.IngestionService - 📥 Fetching live arbs from API...
2026-02-03 13:39:53.479 [arb-processor-67] DEBUG c.m.bet.ingestion.IngestionService - ✅ 📥 API returned 0 events
2026-02-03 13:39:53.479 [arb-processor-67] DEBUG c.m.bet.ingestion.IngestionService - 🔄 ⚡ ℹ️ Processing 0 events...
2026-02-03 13:39:53.479 [arb-processor-67] ERROR c.m.bet.ingestion.IngestionService - ❌ 🔄 Response validation failed: Errors: 1, Warnings: 1, Info: 1
2026-02-03 13:39:53.479 [arb-processor-67] WARN  c.m.bet.ingestion.IngestionService - ⚠️ 🔄 No events in response
2026-02-03 13:39:53.479 [arb-processor-67] DEBUG c.m.bet.ingestion.IngestionService - 🔄 ℹ️ Transforming 0 parsed items to entities...
2026-02-03 13:39:53.479 [arb-processor-67] DEBUG c.m.bet.ingestion.IngestionService - 💾 ℹ️ Saving 0 opportunities to database...
2026-02-03 13:39:53.479 [arb-processor-67] DEBUG c.m.bet.ingestion.IngestionService - 💾 ℹ️ Processing 0 opportunities for database save...
2026-02-03 13:39:53.479 [arb-processor-67] DEBUG c.m.bet.ingestion.IngestionService - ℹ️ 💾 No opportunities to save
2026-02-03 13:39:53.479 [arb-processor-67] INFO  c.m.bet.ingestion.IngestionService - ✅ 📥 Live arbs ingestion completed: 0 opportunities saved in 208ms
2026-02-03 13:39:55.260 [arb-poller] INFO  c.m.bet.ingestion.IngestionService - 🔄 📥 [Poll #166] Starting live arbs fetch...
2026-02-03 13:39:55.260 [arb-processor-62] DEBUG c.m.bet.ingestion.IngestionService - 📥 Fetching live arbs from API...
2026-02-03 13:39:55.462 [arb-processor-62] DEBUG c.m.bet.ingestion.IngestionService - ✅ 📥 API returned 0 events
2026-02-03 13:39:55.462 [arb-processor-62] DEBUG c.m.bet.ingestion.IngestionService - 🔄 ⚡ ℹ️ Processing 0 events...
2026-02-03 13:39:55.462 [arb-processor-62] ERROR c.m.bet.ingestion.IngestionService - ❌ 🔄 Response validation failed: Errors: 1, Warnings: 1, Info: 1
2026-02-03 13:39:55.462 [arb-processor-62] WARN  c.m.bet.ingestion.IngestionService - ⚠️ 🔄 No events in response
2026-02-03 13:39:55.462 [arb-processor-62] DEBUG c.m.bet.ingestion.IngestionService - 🔄 ℹ️ Transforming 0 parsed items to entities...
2026-02-03 13:39:55.462 [arb-processor-62] DEBUG c.m.bet.ingestion.IngestionService - 💾 ℹ️ Saving 0 opportunities to database...
2026-02-03 13:39:55.463 [arb-processor-62] DEBUG c.m.bet.ingestion.IngestionService - 💾 ℹ️ Processing 0 opportunities for database save...
2026-02-03 13:39:55.463 [arb-processor-62] DEBUG c.m.bet.ingestion.IngestionService - ℹ️ 💾 No opportunities to save
2026-02-03 13:39:55.463 [arb-processor-62] INFO  c.m.bet.ingestion.IngestionService - ✅ 📥 Live arbs ingestion completed: 0 opportunities saved in 203ms
2026-02-03 13:39:57.261 [arb-poller] INFO  c.m.bet.ingestion.IngestionService - 🔄 📥 [Poll #167] Starting live arbs fetch...
2026-02-03 13:39:57.261 [arb-processor-56] DEBUG c.m.bet.ingestion.IngestionService - 📥 Fetching live arbs from API...
2026-02-03 13:39:57.467 [arb-processor-56] DEBUG c.m.bet.ingestion.IngestionService - ✅ 📥 API returned 0 events
2026-02-03 13:39:57.467 [arb-processor-56] DEBUG c.m.bet.ingestion.IngestionService - 🔄 ⚡ ℹ️ Processing 0 events...
2026-02-03 13:39:57.467 [arb-processor-56] ERROR c.m.bet.ingestion.IngestionService - ❌ 🔄 Response validation failed: Errors: 1, Warnings: 1, Info: 1
2026-02-03 13:39:57.467 [arb-processor-56] WARN  c.m.bet.ingestion.IngestionService - ⚠️ 🔄 No events in response
2026-02-03 13:39:57.467 [arb-processor-56] DEBUG c.m.bet.ingestion.IngestionService - 🔄 ℹ️ Transforming 0 parsed items to entities...
2026-02-03 13:39:57.467 [arb-processor-56] DEBUG c.m.bet.ingestion.IngestionService - 💾 ℹ️ Saving 0 opportunities to database...
2026-02-03 13:39:57.467 [arb-processor-56] DEBUG c.m.bet.ingestion.IngestionService - 💾 ℹ️ Processing 0 opportunities for database save...
2026-02-03 13:39:57.467 [arb-processor-56] DEBUG c.m.bet.ingestion.IngestionService - ℹ️ 💾 No opportunities to save
2026-02-03 13:39:57.467 [arb-processor-56] INFO  c.m.bet.ingestion.IngestionService - ✅ 📥 Live arbs ingestion completed: 0 opportunities saved in 206ms
2026-02-03 13:39:59.261 [arb-poller] INFO  c.m.bet.ingestion.IngestionService - 🔄 📥 [Poll #168] Starting live arbs fetch...
2026-02-03 13:39:59.261 [arb-processor-66] DEBUG c.m.bet.ingestion.IngestionService - 📥 Fetching live arbs from API...
2026-02-03 13:39:59.455 [arb-processor-66] DEBUG c.m.bet.ingestion.IngestionService - ✅ 📥 API returned 0 events
2026-02-03 13:39:59.455 [arb-processor-66] DEBUG c.m.bet.ingestion.IngestionService - 🔄 ⚡ ℹ️ Processing 0 events...
2026-02-03 13:39:59.455 [arb-processor-66] ERROR c.m.bet.ingestion.IngestionService - ❌ 🔄 Response validation failed: Errors: 1, Warnings: 1, Info: 1
2026-02-03 13:39:59.455 [arb-processor-66] WARN  c.m.bet.ingestion.IngestionService - ⚠️ 🔄 No events in response
2026-02-03 13:39:59.455 [arb-processor-66] DEBUG c.m.bet.ingestion.IngestionService - 🔄 ℹ️ Transforming 0 parsed items to entities...
2026-02-03 13:39:59.455 [arb-processor-66] DEBUG c.m.bet.ingestion.IngestionService - 💾 ℹ️ Saving 0 opportunities to database...
2026-02-03 13:39:59.455 [arb-processor-66] DEBUG c.m.bet.ingestion.IngestionService - 💾 ℹ️ Processing 0 opportunities for database save...
2026-02-03 13:39:59.455 [arb-processor-66] DEBUG c.m.bet.ingestion.IngestionService - ℹ️ 💾 No opportunities to save
2026-02-03 13:39:59.455 [arb-processor-66] INFO  c.m.bet.ingestion.IngestionService - ✅ 📥 Live arbs ingestion completed: 0 opportunities saved in 194ms
2026-02-03 13:40:01.262 [arb-poller] INFO  c.m.bet.ingestion.IngestionService - 🔄 📥 [Poll #169] Starting live arbs fetch...
2026-02-03 13:40:01.262 [arb-processor-67] DEBUG c.m.bet.ingestion.IngestionService - 📥 Fetching live arbs from API...
2026-02-03 13:40:01.474 [arb-processor-67] DEBUG c.m.bet.ingestion.IngestionService - ✅ 📥 API returned 0 events
2026-02-03 13:40:01.474 [arb-processor-67] DEBUG c.m.bet.ingestion.IngestionService - 🔄 ⚡ ℹ️ Processing 0 events...
2026-02-03 13:40:01.475 [arb-processor-67] ERROR c.m.bet.ingestion.IngestionService - ❌ 🔄 Response validation failed: Errors: 1, Warnings: 1, Info: 1
2026-02-03 13:40:01.475 [arb-processor-67] WARN  c.m.bet.ingestion.IngestionService - ⚠️ 🔄 No events in response
2026-02-03 13:40:01.475 [arb-processor-67] DEBUG c.m.bet.ingestion.IngestionService - 🔄 ℹ️ Transforming 0 parsed items to entities...
2026-02-03 13:40:01.475 [arb-processor-67] DEBUG c.m.bet.ingestion.IngestionService - 💾 ℹ️ Saving 0 opportunities to database...
2026-02-03 13:40:01.475 [arb-processor-67] DEBUG c.m.bet.ingestion.IngestionService - 💾 ℹ️ Processing 0 opportunities for database save...
2026-02-03 13:40:01.475 [arb-processor-67] DEBUG c.m.bet.ingestion.IngestionService - ℹ️ 💾 No opportunities to save
2026-02-03 13:40:01.476 [arb-processor-67] INFO  c.m.bet.ingestion.IngestionService - ✅ 📥 Live arbs ingestion completed: 0 opportunities saved in 214ms
2026-02-03 13:40:03.261 [arb-poller] INFO  c.m.bet.ingestion.IngestionService - 🔄 📥 [Poll #170] Starting live arbs fetch...
2026-02-03 13:40:03.262 [arb-processor-62] DEBUG c.m.bet.ingestion.IngestionService - 📥 Fetching live arbs from API...
2026-02-03 13:40:03.457 [arb-processor-62] DEBUG c.m.bet.ingestion.IngestionService - ✅ 📥 API returned 0 events
2026-02-03 13:40:03.457 [arb-processor-62] DEBUG c.m.bet.ingestion.IngestionService - 🔄 ⚡ ℹ️ Processing 0 events...
2026-02-03 13:40:03.457 [arb-processor-62] ERROR c.m.bet.ingestion.IngestionService - ❌ 🔄 Response validation failed: Errors: 1, Warnings: 1, Info: 1
2026-02-03 13:40:03.457 [arb-processor-62] WARN  c.m.bet.ingestion.IngestionService - ⚠️ 🔄 No events in response
2026-02-03 13:40:03.457 [arb-processor-62] DEBUG c.m.bet.ingestion.IngestionService - 🔄 ℹ️ Transforming 0 parsed items to entities...
2026-02-03 13:40:03.457 [arb-processor-62] DEBUG c.m.bet.ingestion.IngestionService - 💾 ℹ️ Saving 0 opportunities to database...
2026-02-03 13:40:03.457 [arb-processor-62] DEBUG c.m.bet.ingestion.IngestionService - 💾 ℹ️ Processing 0 opportunities for database save...
2026-02-03 13:40:03.457 [arb-processor-62] DEBUG c.m.bet.ingestion.IngestionService - ℹ️ 💾 No opportunities to save
2026-02-03 13:40:03.457 [arb-processor-62] INFO  c.m.bet.ingestion.IngestionService - ✅ 📥 Live arbs ingestion completed: 0 opportunities saved in 195ms
2026-02-03 13:40:05.261 [arb-poller] INFO  c.m.bet.ingestion.IngestionService - 🔄 📥 [Poll #171] Starting live arbs fetch...
2026-02-03 13:40:05.261 [arb-processor-56] DEBUG c.m.bet.ingestion.IngestionService - 📥 Fetching live arbs from API...
2026-02-03 13:40:05.467 [arb-processor-56] DEBUG c.m.bet.ingestion.IngestionService - ✅ 📥 API returned 0 events
2026-02-03 13:40:05.467 [arb-processor-56] DEBUG c.m.bet.ingestion.IngestionService - 🔄 ⚡ ℹ️ Processing 0 events...
2026-02-03 13:40:05.467 [arb-processor-56] ERROR c.m.bet.ingestion.IngestionService - ❌ 🔄 Response validation failed: Errors: 1, Warnings: 1, Info: 1
2026-02-03 13:40:05.467 [arb-processor-56] WARN  c.m.bet.ingestion.IngestionService - ⚠️ 🔄 No events in response
2026-02-03 13:40:05.467 [arb-processor-56] DEBUG c.m.bet.ingestion.IngestionService - 🔄 ℹ️ Transforming 0 parsed items to entities...
2026-02-03 13:40:05.467 [arb-processor-56] DEBUG c.m.bet.ingestion.IngestionService - 💾 ℹ️ Saving 0 opportunities to database...
2026-02-03 13:40:05.467 [arb-processor-56] DEBUG c.m.bet.ingestion.IngestionService - 💾 ℹ️ Processing 0 opportunities for database save...
2026-02-03 13:40:05.467 [arb-processor-56] DEBUG c.m.bet.ingestion.IngestionService - ℹ️ 💾 No opportunities to save
2026-02-03 13:40:05.467 [arb-processor-56] INFO  c.m.bet.ingestion.IngestionService - ✅ 📥 Live arbs ingestion completed: 0 opportunities saved in 206ms
2026-02-03 13:40:07.263 [arb-poller] INFO  c.m.bet.ingestion.IngestionService - 🔄 📥 [Poll #172] Starting live arbs fetch...
2026-02-03 13:40:07.264 [arb-processor-66] DEBUG c.m.bet.ingestion.IngestionService - 📥 Fetching live arbs from API...
2026-02-03 13:40:07.464 [arb-processor-66] DEBUG c.m.bet.ingestion.IngestionService - ✅ 📥 API returned 0 events
2026-02-03 13:40:07.464 [arb-processor-66] DEBUG c.m.bet.ingestion.IngestionService - 🔄 ⚡ ℹ️ Processing 0 events...
2026-02-03 13:40:07.464 [arb-processor-66] ERROR c.m.bet.ingestion.IngestionService - ❌ 🔄 Response validation failed: Errors: 1, Warnings: 1, Info: 1
2026-02-03 13:40:07.464 [arb-processor-66] WARN  c.m.bet.ingestion.IngestionService - ⚠️ 🔄 No events in response
2026-02-03 13:40:07.464 [arb-processor-66] DEBUG c.m.bet.ingestion.IngestionService - 🔄 ℹ️ Transforming 0 parsed items to entities...
2026-02-03 13:40:07.464 [arb-processor-66] DEBUG c.m.bet.ingestion.IngestionService - 💾 ℹ️ Saving 0 opportunities to database...
2026-02-03 13:40:07.464 [arb-processor-66] DEBUG c.m.bet.ingestion.IngestionService - 💾 ℹ️ Processing 0 opportunities for database save...
2026-02-03 13:40:07.464 [arb-processor-66] DEBUG c.m.bet.ingestion.IngestionService - ℹ️ 💾 No opportunities to save
2026-02-03 13:40:07.465 [arb-processor-66] INFO  c.m.bet.ingestion.IngestionService - ✅ 📥 Live arbs ingestion completed: 0 opportunities saved in 201ms
2026-02-03 13:40:09.291 [arb-poller] INFO  c.m.bet.ingestion.IngestionService - 🔄 📥 [Poll #173] Starting live arbs fetch...
2026-02-03 13:40:09.292 [arb-processor-67] DEBUG c.m.bet.ingestion.IngestionService - 📥 Fetching live arbs from API...
2026-02-03 13:40:09.510 [arb-processor-67] DEBUG c.m.bet.ingestion.IngestionService - ✅ 📥 API returned 0 events
2026-02-03 13:40:09.510 [arb-processor-67] DEBUG c.m.bet.ingestion.IngestionService - 🔄 ⚡ ℹ️ Processing 0 events...
2026-02-03 13:40:09.510 [arb-processor-67] ERROR c.m.bet.ingestion.IngestionService - ❌ 🔄 Response validation failed: Errors: 1, Warnings: 1, Info: 1
2026-02-03 13:40:09.513 [arb-processor-67] WARN  c.m.bet.ingestion.IngestionService - ⚠️ 🔄 No events in response
2026-02-03 13:40:09.513 [arb-processor-67] DEBUG c.m.bet.ingestion.IngestionService - 🔄 ℹ️ Transforming 0 parsed items to entities...
2026-02-03 13:40:09.513 [arb-processor-67] DEBUG c.m.bet.ingestion.IngestionService - 💾 ℹ️ Saving 0 opportunities to database...
2026-02-03 13:40:09.513 [arb-processor-67] DEBUG c.m.bet.ingestion.IngestionService - 💾 ℹ️ Processing 0 opportunities for database save...
2026-02-03 13:40:09.514 [arb-processor-67] DEBUG c.m.bet.ingestion.IngestionService - ℹ️ 💾 No opportunities to save
2026-02-03 13:40:09.514 [arb-processor-67] INFO  c.m.bet.ingestion.IngestionService - ✅ 📥 Live arbs ingestion completed: 0 opportunities saved in 222ms
2026-02-03 13:40:11.260 [arb-poller] INFO  c.m.bet.ingestion.IngestionService - 🔄 📥 [Poll #174] Starting live arbs fetch...
2026-02-03 13:40:11.260 [arb-processor-62] DEBUG c.m.bet.ingestion.IngestionService - 📥 Fetching live arbs from API...
2026-02-03 13:40:11.464 [arb-processor-62] DEBUG c.m.bet.ingestion.IngestionService - ✅ 📥 API returned 0 events
2026-02-03 13:40:11.464 [arb-processor-62] DEBUG c.m.bet.ingestion.IngestionService - 🔄 ⚡ ℹ️ Processing 0 events...
2026-02-03 13:40:11.464 [arb-processor-62] ERROR c.m.bet.ingestion.IngestionService - ❌ 🔄 Response validation failed: Errors: 1, Warnings: 1, Info: 1
2026-02-03 13:40:11.464 [arb-processor-62] WARN  c.m.bet.ingestion.IngestionService - ⚠️ 🔄 No events in response
2026-02-03 13:40:11.464 [arb-processor-62] DEBUG c.m.bet.ingestion.IngestionService - 🔄 ℹ️ Transforming 0 parsed items to entities...
2026-02-03 13:40:11.464 [arb-processor-62] DEBUG c.m.bet.ingestion.IngestionService - 💾 ℹ️ Saving 0 opportunities to database...
2026-02-03 13:40:11.464 [arb-processor-62] DEBUG c.m.bet.ingestion.IngestionService - 💾 ℹ️ Processing 0 opportunities for database save...
2026-02-03 13:40:11.464 [arb-processor-62] DEBUG c.m.bet.ingestion.IngestionService - ℹ️ 💾 No opportunities to save
2026-02-03 13:40:11.464 [arb-processor-62] INFO  c.m.bet.ingestion.IngestionService - ✅ 📥 Live arbs ingestion completed: 0 opportunities saved in 204ms
2026-02-03 13:40:13.260 [arb-poller] INFO  c.m.bet.ingestion.IngestionService - 🔄 📥 [Poll #175] Starting live arbs fetch...
2026-02-03 13:40:13.260 [arb-processor-56] DEBUG c.m.bet.ingestion.IngestionService - 📥 Fetching live arbs from API...
2026-02-03 13:40:13.452 [arb-processor-56] DEBUG c.m.bet.ingestion.IngestionService - ✅ 📥 API returned 0 events
2026-02-03 13:40:13.452 [arb-processor-56] DEBUG c.m.bet.ingestion.IngestionService - 🔄 ⚡ ℹ️ Processing 0 events...
2026-02-03 13:40:13.452 [arb-processor-56] ERROR c.m.bet.ingestion.IngestionService - ❌ 🔄 Response validation failed: Errors: 1, Warnings: 1, Info: 1
2026-02-03 13:40:13.452 [arb-processor-56] WARN  c.m.bet.ingestion.IngestionService - ⚠️ 🔄 No events in response
2026-02-03 13:40:13.452 [arb-processor-56] DEBUG c.m.bet.ingestion.IngestionService - 🔄 ℹ️ Transforming 0 parsed items to entities...
2026-02-03 13:40:13.452 [arb-processor-56] DEBUG c.m.bet.ingestion.IngestionService - 💾 ℹ️ Saving 0 opportunities to database...
2026-02-03 13:40:13.452 [arb-processor-56] DEBUG c.m.bet.ingestion.IngestionService - 💾 ℹ️ Processing 0 opportunities for database save...
2026-02-03 13:40:13.452 [arb-processor-56] DEBUG c.m.bet.ingestion.IngestionService - ℹ️ 💾 No opportunities to save
2026-02-03 13:40:13.452 [arb-processor-56] INFO  c.m.bet.ingestion.IngestionService - ✅ 📥 Live arbs ingestion completed: 0 opportunities saved in 192ms
2026-02-03 13:40:15.260 [arb-poller] INFO  c.m.bet.ingestion.IngestionService - 🔄 📥 [Poll #176] Starting live arbs fetch...
2026-02-03 13:40:15.260 [arb-processor-66] DEBUG c.m.bet.ingestion.IngestionService - 📥 Fetching live arbs from API...
2026-02-03 13:40:15.467 [arb-processor-66] DEBUG c.m.bet.ingestion.IngestionService - ✅ 📥 API returned 0 events
2026-02-03 13:40:15.467 [arb-processor-66] DEBUG c.m.bet.ingestion.IngestionService - 🔄 ⚡ ℹ️ Processing 0 events...
2026-02-03 13:40:15.467 [arb-processor-66] ERROR c.m.bet.ingestion.IngestionService - ❌ 🔄 Response validation failed: Errors: 1, Warnings: 1, Info: 1
2026-02-03 13:40:15.467 [arb-processor-66] WARN  c.m.bet.ingestion.IngestionService - ⚠️ 🔄 No events in response
2026-02-03 13:40:15.467 [arb-processor-66] DEBUG c.m.bet.ingestion.IngestionService - 🔄 ℹ️ Transforming 0 parsed items to entities...
2026-02-03 13:40:15.467 [arb-processor-66] DEBUG c.m.bet.ingestion.IngestionService - 💾 ℹ️ Saving 0 opportunities to database...
2026-02-03 13:40:15.467 [arb-processor-66] DEBUG c.m.bet.ingestion.IngestionService - 💾 ℹ️ Processing 0 opportunities for database save...
2026-02-03 13:40:15.467 [arb-processor-66] DEBUG c.m.bet.ingestion.IngestionService - ℹ️ 💾 No opportunities to save
2026-02-03 13:40:15.467 [arb-processor-66] INFO  c.m.bet.ingestion.IngestionService - ✅ 📥 Live arbs ingestion completed: 0 opportunities saved in 207ms
2026-02-03 13:40:17.261 [arb-poller] INFO  c.m.bet.ingestion.IngestionService - 🔄 📥 [Poll #177] Starting live arbs fetch...
2026-02-03 13:40:17.261 [arb-processor-67] DEBUG c.m.bet.ingestion.IngestionService - 📥 Fetching live arbs from API...
2026-02-03 13:40:17.466 [arb-processor-67] DEBUG c.m.bet.ingestion.IngestionService - ✅ 📥 API returned 0 events
2026-02-03 13:40:17.467 [arb-processor-67] DEBUG c.m.bet.ingestion.IngestionService - 🔄 ⚡ ℹ️ Processing 0 events...
2026-02-03 13:40:17.467 [arb-processor-67] ERROR c.m.bet.ingestion.IngestionService - ❌ 🔄 Response validation failed: Errors: 1, Warnings: 1, Info: 1
2026-02-03 13:40:17.467 [arb-processor-67] WARN  c.m.bet.ingestion.IngestionService - ⚠️ 🔄 No events in response
2026-02-03 13:40:17.467 [arb-processor-67] DEBUG c.m.bet.ingestion.IngestionService - 🔄 ℹ️ Transforming 0 parsed items to entities...
2026-02-03 13:40:17.467 [arb-processor-67] DEBUG c.m.bet.ingestion.IngestionService - 💾 ℹ️ Saving 0 opportunities to database...
2026-02-03 13:40:17.467 [arb-processor-67] DEBUG c.m.bet.ingestion.IngestionService - 💾 ℹ️ Processing 0 opportunities for database save...
2026-02-03 13:40:17.467 [arb-processor-67] DEBUG c.m.bet.ingestion.IngestionService - ℹ️ 💾 No opportunities to save
2026-02-03 13:40:17.467 [arb-processor-67] INFO  c.m.bet.ingestion.IngestionService - ✅ 📥 Live arbs ingestion completed: 0 opportunities saved in 206ms
2026-02-03 13:40:19.266 [arb-poller] INFO  c.m.bet.ingestion.IngestionService - 🔄 📥 [Poll #178] Starting live arbs fetch...
2026-02-03 13:40:19.267 [arb-processor-62] DEBUG c.m.bet.ingestion.IngestionService - 📥 Fetching live arbs from API...
2026-02-03 13:40:19.486 [arb-processor-62] DEBUG c.m.bet.ingestion.IngestionService - ✅ 📥 API returned 0 events
2026-02-03 13:40:19.486 [arb-processor-62] DEBUG c.m.bet.ingestion.IngestionService - 🔄 ⚡ ℹ️ Processing 0 events...
2026-02-03 13:40:19.486 [arb-processor-62] ERROR c.m.bet.ingestion.IngestionService - ❌ 🔄 Response validation failed: Errors: 1, Warnings: 1, Info: 1
2026-02-03 13:40:19.487 [arb-processor-62] WARN  c.m.bet.ingestion.IngestionService - ⚠️ 🔄 No events in response
2026-02-03 13:40:19.487 [arb-processor-62] DEBUG c.m.bet.ingestion.IngestionService - 🔄 ℹ️ Transforming 0 parsed items to entities...
2026-02-03 13:40:19.487 [arb-processor-62] DEBUG c.m.bet.ingestion.IngestionService - 💾 ℹ️ Saving 0 opportunities to database...
2026-02-03 13:40:19.487 [arb-processor-62] DEBUG c.m.bet.ingestion.IngestionService - 💾 ℹ️ Processing 0 opportunities for database save...
2026-02-03 13:40:19.487 [arb-processor-62] DEBUG c.m.bet.ingestion.IngestionService - ℹ️ 💾 No opportunities to save
2026-02-03 13:40:19.487 [arb-processor-62] INFO  c.m.bet.ingestion.IngestionService - ✅ 📥 Live arbs ingestion completed: 0 opportunities saved in 220ms
2026-02-03 13:40:21.265 [arb-poller] INFO  c.m.bet.ingestion.IngestionService - 🔄 📥 [Poll #179] Starting live arbs fetch...
2026-02-03 13:40:21.270 [arb-processor-56] DEBUG c.m.bet.ingestion.IngestionService - 📥 Fetching live arbs from API...
2026-02-03 13:40:21.473 [arb-processor-56] DEBUG c.m.bet.ingestion.IngestionService - ✅ 📥 API returned 0 events
2026-02-03 13:40:21.473 [arb-processor-56] DEBUG c.m.bet.ingestion.IngestionService - 🔄 ⚡ ℹ️ Processing 0 events...
2026-02-03 13:40:21.473 [arb-processor-56] ERROR c.m.bet.ingestion.IngestionService - ❌ 🔄 Response validation failed: Errors: 1, Warnings: 1, Info: 1
2026-02-03 13:40:21.473 [arb-processor-56] WARN  c.m.bet.ingestion.IngestionService - ⚠️ 🔄 No events in response
2026-02-03 13:40:21.473 [arb-processor-56] DEBUG c.m.bet.ingestion.IngestionService - 🔄 ℹ️ Transforming 0 parsed items to entities...
2026-02-03 13:40:21.473 [arb-processor-56] DEBUG c.m.bet.ingestion.IngestionService - 💾 ℹ️ Saving 0 opportunities to database...
2026-02-03 13:40:21.473 [arb-processor-56] DEBUG c.m.bet.ingestion.IngestionService - 💾 ℹ️ Processing 0 opportunities for database save...
2026-02-03 13:40:21.473 [arb-processor-56] DEBUG c.m.bet.ingestion.IngestionService - ℹ️ 💾 No opportunities to save
2026-02-03 13:40:21.473 [arb-processor-56] INFO  c.m.bet.ingestion.IngestionService - ✅ 📥 Live arbs ingestion completed: 0 opportunities saved in 203ms
2026-02-03 13:40:23.261 [arb-poller] INFO  c.m.bet.ingestion.IngestionService - 🔄 📥 [Poll #180] Starting live arbs fetch...
2026-02-03 13:40:23.261 [arb-processor-66] DEBUG c.m.bet.ingestion.IngestionService - 📥 Fetching live arbs from API...
2026-02-03 13:40:23.486 [arb-processor-66] DEBUG c.m.bet.ingestion.IngestionService - ✅ 📥 API returned 0 events
2026-02-03 13:40:23.486 [arb-processor-66] DEBUG c.m.bet.ingestion.IngestionService - 🔄 ⚡ ℹ️ Processing 0 events...
2026-02-03 13:40:23.486 [arb-processor-66] ERROR c.m.bet.ingestion.IngestionService - ❌ 🔄 Response validation failed: Errors: 1, Warnings: 1, Info: 1
2026-02-03 13:40:23.486 [arb-processor-66] WARN  c.m.bet.ingestion.IngestionService - ⚠️ 🔄 No events in response
2026-02-03 13:40:23.487 [arb-processor-66] DEBUG c.m.bet.ingestion.IngestionService - 🔄 ℹ️ Transforming 0 parsed items to entities...
2026-02-03 13:40:23.487 [arb-processor-66] DEBUG c.m.bet.ingestion.IngestionService - 💾 ℹ️ Saving 0 opportunities to database...
2026-02-03 13:40:23.487 [arb-processor-66] DEBUG c.m.bet.ingestion.IngestionService - 💾 ℹ️ Processing 0 opportunities for database save...
2026-02-03 13:40:23.487 [arb-processor-66] DEBUG c.m.bet.ingestion.IngestionService - ℹ️ 💾 No opportunities to save
2026-02-03 13:40:23.487 [arb-processor-66] INFO  c.m.bet.ingestion.IngestionService - ✅ 📥 Live arbs ingestion completed: 0 opportunities saved in 226ms
2026-02-03 13:40:23.494 [arb-processor-66] INFO  c.m.bet.ingestion.IngestionService - 📊 ℹ️ Current Statistics:
2026-02-03 13:40:23.494 [arb-processor-66] INFO  c.m.bet.ingestion.IngestionService - 📊 Total Active: 5
2026-02-03 13:40:23.494 [arb-processor-66] INFO  c.m.bet.ingestion.IngestionService - 📊 Fresh Active: 0 (0.0%)
2026-02-03 13:40:23.494 [arb-processor-66] INFO  c.m.bet.ingestion.IngestionService - 📊 Stale Active: 5 (100.0%)
2026-02-03 13:40:23.494 [arb-processor-66] INFO  c.m.bet.ingestion.IngestionService - 📊 Average Profit: 3.39%
2026-02-03 13:40:25.264 [arb-poller] INFO  c.m.bet.ingestion.IngestionService - 🔄 📥 [Poll #181] Starting live arbs fetch...
2026-02-03 13:40:25.264 [arb-processor-67] DEBUG c.m.bet.ingestion.IngestionService - 📥 Fetching live arbs from API...
2026-02-03 13:40:25.464 [arb-processor-67] DEBUG c.m.bet.ingestion.IngestionService - ✅ 📥 API returned 0 events
2026-02-03 13:40:25.464 [arb-processor-67] DEBUG c.m.bet.ingestion.IngestionService - 🔄 ⚡ ℹ️ Processing 0 events...
2026-02-03 13:40:25.464 [arb-processor-67] ERROR c.m.bet.ingestion.IngestionService - ❌ 🔄 Response validation failed: Errors: 1, Warnings: 1, Info: 1
2026-02-03 13:40:25.464 [arb-processor-67] WARN  c.m.bet.ingestion.IngestionService - ⚠️ 🔄 No events in response
2026-02-03 13:40:25.464 [arb-processor-67] DEBUG c.m.bet.ingestion.IngestionService - 🔄 ℹ️ Transforming 0 parsed items to entities...
2026-02-03 13:40:25.464 [arb-processor-67] DEBUG c.m.bet.ingestion.IngestionService - 💾 ℹ️ Saving 0 opportunities to database...
2026-02-03 13:40:25.464 [arb-processor-67] DEBUG c.m.bet.ingestion.IngestionService - 💾 ℹ️ Processing 0 opportunities for database save...
2026-02-03 13:40:25.464 [arb-processor-67] DEBUG c.m.bet.ingestion.IngestionService - ℹ️ 💾 No opportunities to save
2026-02-03 13:40:25.464 [arb-processor-67] INFO  c.m.bet.ingestion.IngestionService - ✅ 📥 Live arbs ingestion completed: 0 opportunities saved in 200ms
2026-02-03 13:40:27.261 [arb-poller] INFO  c.m.bet.ingestion.IngestionService - 🔄 📥 [Poll #182] Starting live arbs fetch...
2026-02-03 13:40:27.261 [arb-processor-62] DEBUG c.m.bet.ingestion.IngestionService - 📥 Fetching live arbs from API...
2026-02-03 13:40:27.465 [arb-processor-62] DEBUG c.m.bet.ingestion.IngestionService - ✅ 📥 API returned 0 events
2026-02-03 13:40:27.465 [arb-processor-62] DEBUG c.m.bet.ingestion.IngestionService - 🔄 ⚡ ℹ️ Processing 0 events...
2026-02-03 13:40:27.465 [arb-processor-62] ERROR c.m.bet.ingestion.IngestionService - ❌ 🔄 Response validation failed: Errors: 1, Warnings: 1, Info: 1
2026-02-03 13:40:27.465 [arb-processor-62] WARN  c.m.bet.ingestion.IngestionService - ⚠️ 🔄 No events in response
2026-02-03 13:40:27.465 [arb-processor-62] DEBUG c.m.bet.ingestion.IngestionService - 🔄 ℹ️ Transforming 0 parsed items to entities...
2026-02-03 13:40:27.465 [arb-processor-62] DEBUG c.m.bet.ingestion.IngestionService - 💾 ℹ️ Saving 0 opportunities to database...
2026-02-03 13:40:27.465 [arb-processor-62] DEBUG c.m.bet.ingestion.IngestionService - 💾 ℹ️ Processing 0 opportunities for database save...
2026-02-03 13:40:27.465 [arb-processor-62] DEBUG c.m.bet.ingestion.IngestionService - ℹ️ 💾 No opportunities to save
2026-02-03 13:40:27.466 [arb-processor-62] INFO  c.m.bet.ingestion.IngestionService - ✅ 📥 Live arbs ingestion completed: 0 opportunities saved in 205ms
2026-02-03 13:40:29.263 [arb-poller] INFO  c.m.bet.ingestion.IngestionService - 🔄 📥 [Poll #183] Starting live arbs fetch...
2026-02-03 13:40:29.264 [arb-processor-56] DEBUG c.m.bet.ingestion.IngestionService - 📥 Fetching live arbs from API...
2026-02-03 13:40:29.467 [arb-processor-56] DEBUG c.m.bet.ingestion.IngestionService - ✅ 📥 API returned 0 events
2026-02-03 13:40:29.467 [arb-processor-56] DEBUG c.m.bet.ingestion.IngestionService - 🔄 ⚡ ℹ️ Processing 0 events...
2026-02-03 13:40:29.467 [arb-processor-56] ERROR c.m.bet.ingestion.IngestionService - ❌ 🔄 Response validation failed: Errors: 1, Warnings: 1, Info: 1
2026-02-03 13:40:29.468 [arb-processor-56] WARN  c.m.bet.ingestion.IngestionService - ⚠️ 🔄 No events in response
2026-02-03 13:40:29.468 [arb-processor-56] DEBUG c.m.bet.ingestion.IngestionService - 🔄 ℹ️ Transforming 0 parsed items to entities...
2026-02-03 13:40:29.468 [arb-processor-56] DEBUG c.m.bet.ingestion.IngestionService - 💾 ℹ️ Saving 0 opportunities to database...
2026-02-03 13:40:29.468 [arb-processor-56] DEBUG c.m.bet.ingestion.IngestionService - 💾 ℹ️ Processing 0 opportunities for database save...
2026-02-03 13:40:29.468 [arb-processor-56] DEBUG c.m.bet.ingestion.IngestionService - ℹ️ 💾 No opportunities to save
2026-02-03 13:40:29.468 [arb-processor-56] INFO  c.m.bet.ingestion.IngestionService - ✅ 📥 Live arbs ingestion completed: 0 opportunities saved in 204ms
2026-02-03 13:40:31.260 [arb-poller] INFO  c.m.bet.ingestion.IngestionService - 🔄 📥 [Poll #184] Starting live arbs fetch...
2026-02-03 13:40:31.260 [arb-processor-66] DEBUG c.m.bet.ingestion.IngestionService - 📥 Fetching live arbs from API...
2026-02-03 13:40:31.452 [arb-processor-66] DEBUG c.m.bet.ingestion.IngestionService - ✅ 📥 API returned 0 events
2026-02-03 13:40:31.452 [arb-processor-66] DEBUG c.m.bet.ingestion.IngestionService - 🔄 ⚡ ℹ️ Processing 0 events...
2026-02-03 13:40:31.452 [arb-processor-66] ERROR c.m.bet.ingestion.IngestionService - ❌ 🔄 Response validation failed: Errors: 1, Warnings: 1, Info: 1
2026-02-03 13:40:31.452 [arb-processor-66] WARN  c.m.bet.ingestion.IngestionService - ⚠️ 🔄 No events in response
2026-02-03 13:40:31.452 [arb-processor-66] DEBUG c.m.bet.ingestion.IngestionService - 🔄 ℹ️ Transforming 0 parsed items to entities...
2026-02-03 13:40:31.452 [arb-processor-66] DEBUG c.m.bet.ingestion.IngestionService - 💾 ℹ️ Saving 0 opportunities to database...
2026-02-03 13:40:31.452 [arb-processor-66] DEBUG c.m.bet.ingestion.IngestionService - 💾 ℹ️ Processing 0 opportunities for database save...
2026-02-03 13:40:31.452 [arb-processor-66] DEBUG c.m.bet.ingestion.IngestionService - ℹ️ 💾 No opportunities to save
2026-02-03 13:40:31.452 [arb-processor-66] INFO  c.m.bet.ingestion.IngestionService - ✅ 📥 Live arbs ingestion completed: 0 opportunities saved in 192ms
2026-02-03 13:40:33.261 [arb-poller] INFO  c.m.bet.ingestion.IngestionService - 🔄 📥 [Poll #185] Starting live arbs fetch...
2026-02-03 13:40:33.261 [arb-processor-67] DEBUG c.m.bet.ingestion.IngestionService - 📥 Fetching live arbs from API...
2026-02-03 13:40:33.475 [arb-processor-67] DEBUG c.m.bet.ingestion.IngestionService - ✅ 📥 API returned 0 events
2026-02-03 13:40:33.475 [arb-processor-67] DEBUG c.m.bet.ingestion.IngestionService - 🔄 ⚡ ℹ️ Processing 0 events...
2026-02-03 13:40:33.475 [arb-processor-67] ERROR c.m.bet.ingestion.IngestionService - ❌ 🔄 Response validation failed: Errors: 1, Warnings: 1, Info: 1
2026-02-03 13:40:33.475 [arb-processor-67] WARN  c.m.bet.ingestion.IngestionService - ⚠️ 🔄 No events in response
2026-02-03 13:40:33.475 [arb-processor-67] DEBUG c.m.bet.ingestion.IngestionService - 🔄 ℹ️ Transforming 0 parsed items to entities...
2026-02-03 13:40:33.475 [arb-processor-67] DEBUG c.m.bet.ingestion.IngestionService - 💾 ℹ️ Saving 0 opportunities to database...
2026-02-03 13:40:33.475 [arb-processor-67] DEBUG c.m.bet.ingestion.IngestionService - 💾 ℹ️ Processing 0 opportunities for database save...
2026-02-03 13:40:33.475 [arb-processor-67] DEBUG c.m.bet.ingestion.IngestionService - ℹ️ 💾 No opportunities to save
2026-02-03 13:40:33.475 [arb-processor-67] INFO  c.m.bet.ingestion.IngestionService - ✅ 📥 Live arbs ingestion completed: 0 opportunities saved in 214ms
2026-02-03 13:40:35.268 [arb-poller] INFO  c.m.bet.ingestion.IngestionService - 🔄 📥 [Poll #186] Starting live arbs fetch...
2026-02-03 13:40:35.268 [arb-processor-62] DEBUG c.m.bet.ingestion.IngestionService - 📥 Fetching live arbs from API...
2026-02-03 13:40:35.488 [arb-processor-62] DEBUG c.m.bet.ingestion.IngestionService - ✅ 📥 API returned 0 events
2026-02-03 13:40:35.488 [arb-processor-62] DEBUG c.m.bet.ingestion.IngestionService - 🔄 ⚡ ℹ️ Processing 0 events...
2026-02-03 13:40:35.488 [arb-processor-62] ERROR c.m.bet.ingestion.IngestionService - ❌ 🔄 Response validation failed: Errors: 1, Warnings: 1, Info: 1
2026-02-03 13:40:35.488 [arb-processor-62] WARN  c.m.bet.ingestion.IngestionService - ⚠️ 🔄 No events in response
2026-02-03 13:40:35.488 [arb-processor-62] DEBUG c.m.bet.ingestion.IngestionService - 🔄 ℹ️ Transforming 0 parsed items to entities...
2026-02-03 13:40:35.488 [arb-processor-62] DEBUG c.m.bet.ingestion.IngestionService - 💾 ℹ️ Saving 0 opportunities to database...
2026-02-03 13:40:35.488 [arb-processor-62] DEBUG c.m.bet.ingestion.IngestionService - 💾 ℹ️ Processing 0 opportunities for database save...
2026-02-03 13:40:35.488 [arb-processor-62] DEBUG c.m.bet.ingestion.IngestionService - ℹ️ 💾 No opportunities to save
2026-02-03 13:40:35.488 [arb-processor-62] INFO  c.m.bet.ingestion.IngestionService - ✅ 📥 Live arbs ingestion completed: 0 opportunities saved in 220ms
2026-02-03 13:40:37.299 [arb-poller] INFO  c.m.bet.ingestion.IngestionService - 🔄 📥 [Poll #187] Starting live arbs fetch...
2026-02-03 13:40:37.299 [arb-processor-56] DEBUG c.m.bet.ingestion.IngestionService - 📥 Fetching live arbs from API...
2026-02-03 13:40:37.507 [arb-processor-56] DEBUG c.m.bet.ingestion.IngestionService - ✅ 📥 API returned 0 events
2026-02-03 13:40:37.508 [arb-processor-56] DEBUG c.m.bet.ingestion.IngestionService - 🔄 ⚡ ℹ️ Processing 0 events...
2026-02-03 13:40:37.508 [arb-processor-56] ERROR c.m.bet.ingestion.IngestionService - ❌ 🔄 Response validation failed: Errors: 1, Warnings: 1, Info: 1
2026-02-03 13:40:37.508 [arb-processor-56] WARN  c.m.bet.ingestion.IngestionService - ⚠️ 🔄 No events in response
2026-02-03 13:40:37.508 [arb-processor-56] DEBUG c.m.bet.ingestion.IngestionService - 🔄 ℹ️ Transforming 0 parsed items to entities...
2026-02-03 13:40:37.508 [arb-processor-56] DEBUG c.m.bet.ingestion.IngestionService - 💾 ℹ️ Saving 0 opportunities to database...
2026-02-03 13:40:37.508 [arb-processor-56] DEBUG c.m.bet.ingestion.IngestionService - 💾 ℹ️ Processing 0 opportunities for database save...
2026-02-03 13:40:37.508 [arb-processor-56] DEBUG c.m.bet.ingestion.IngestionService - ℹ️ 💾 No opportunities to save
2026-02-03 13:40:37.508 [arb-processor-56] INFO  c.m.bet.ingestion.IngestionService - ✅ 📥 Live arbs ingestion completed: 0 opportunities saved in 209ms
2026-02-03 13:40:39.260 [arb-poller] INFO  c.m.bet.ingestion.IngestionService - 🔄 📥 [Poll #188] Starting live arbs fetch...
2026-02-03 13:40:39.260 [arb-processor-66] DEBUG c.m.bet.ingestion.IngestionService - 📥 Fetching live arbs from API...
2026-02-03 13:40:39.486 [arb-processor-66] DEBUG c.m.bet.ingestion.IngestionService - ✅ 📥 API returned 0 events
2026-02-03 13:40:39.486 [arb-processor-66] DEBUG c.m.bet.ingestion.IngestionService - 🔄 ⚡ ℹ️ Processing 0 events...
2026-02-03 13:40:39.486 [arb-processor-66] ERROR c.m.bet.ingestion.IngestionService - ❌ 🔄 Response validation failed: Errors: 1, Warnings: 1, Info: 1
2026-02-03 13:40:39.486 [arb-processor-66] WARN  c.m.bet.ingestion.IngestionService - ⚠️ 🔄 No events in response
2026-02-03 13:40:39.486 [arb-processor-66] DEBUG c.m.bet.ingestion.IngestionService - 🔄 ℹ️ Transforming 0 parsed items to entities...
2026-02-03 13:40:39.486 [arb-processor-66] DEBUG c.m.bet.ingestion.IngestionService - 💾 ℹ️ Saving 0 opportunities to database...
2026-02-03 13:40:39.486 [arb-processor-66] DEBUG c.m.bet.ingestion.IngestionService - 💾 ℹ️ Processing 0 opportunities for database save...
2026-02-03 13:40:39.486 [arb-processor-66] DEBUG c.m.bet.ingestion.IngestionService - ℹ️ 💾 No opportunities to save
2026-02-03 13:40:39.486 [arb-processor-66] INFO  c.m.bet.ingestion.IngestionService - ✅ 📥 Live arbs ingestion completed: 0 opportunities saved in 226ms
2026-02-03 13:40:41.277 [arb-poller] INFO  c.m.bet.ingestion.IngestionService - 🔄 📥 [Poll #189] Starting live arbs fetch...
2026-02-03 13:40:41.277 [arb-processor-67] DEBUG c.m.bet.ingestion.IngestionService - 📥 Fetching live arbs from API...
2026-02-03 13:40:41.486 [arb-processor-67] DEBUG c.m.bet.ingestion.IngestionService - ✅ 📥 API returned 0 events
2026-02-03 13:40:41.486 [arb-processor-67] DEBUG c.m.bet.ingestion.IngestionService - 🔄 ⚡ ℹ️ Processing 0 events...
2026-02-03 13:40:41.486 [arb-processor-67] ERROR c.m.bet.ingestion.IngestionService - ❌ 🔄 Response validation failed: Errors: 1, Warnings: 1, Info: 1
2026-02-03 13:40:41.486 [arb-processor-67] WARN  c.m.bet.ingestion.IngestionService - ⚠️ 🔄 No events in response
2026-02-03 13:40:41.486 [arb-processor-67] DEBUG c.m.bet.ingestion.IngestionService - 🔄 ℹ️ Transforming 0 parsed items to entities...
2026-02-03 13:40:41.486 [arb-processor-67] DEBUG c.m.bet.ingestion.IngestionService - 💾 ℹ️ Saving 0 opportunities to database...
2026-02-03 13:40:41.486 [arb-processor-67] DEBUG c.m.bet.ingestion.IngestionService - 💾 ℹ️ Processing 0 opportunities for database save...
2026-02-03 13:40:41.486 [arb-processor-67] DEBUG c.m.bet.ingestion.IngestionService - ℹ️ 💾 No opportunities to save
2026-02-03 13:40:41.486 [arb-processor-67] INFO  c.m.bet.ingestion.IngestionService - ✅ 📥 Live arbs ingestion completed: 0 opportunities saved in 209ms
2026-02-03 13:40:43.259 [arb-poller] INFO  c.m.bet.ingestion.IngestionService - 🔄 📥 [Poll #190] Starting live arbs fetch...
2026-02-03 13:40:43.259 [arb-processor-62] DEBUG c.m.bet.ingestion.IngestionService - 📥 Fetching live arbs from API...
2026-02-03 13:40:43.477 [arb-processor-62] DEBUG c.m.bet.ingestion.IngestionService - ✅ 📥 API returned 0 events
2026-02-03 13:40:43.477 [arb-processor-62] DEBUG c.m.bet.ingestion.IngestionService - 🔄 ⚡ ℹ️ Processing 0 events...
2026-02-03 13:40:43.478 [arb-processor-62] ERROR c.m.bet.ingestion.IngestionService - ❌ 🔄 Response validation failed: Errors: 1, Warnings: 1, Info: 1
2026-02-03 13:40:43.478 [arb-processor-62] WARN  c.m.bet.ingestion.IngestionService - ⚠️ 🔄 No events in response
2026-02-03 13:40:43.478 [arb-processor-62] DEBUG c.m.bet.ingestion.IngestionService - 🔄 ℹ️ Transforming 0 parsed items to entities...
2026-02-03 13:40:43.478 [arb-processor-62] DEBUG c.m.bet.ingestion.IngestionService - 💾 ℹ️ Saving 0 opportunities to database...
2026-02-03 13:40:43.478 [arb-processor-62] DEBUG c.m.bet.ingestion.IngestionService - 💾 ℹ️ Processing 0 opportunities for database save...
2026-02-03 13:40:43.478 [arb-processor-62] DEBUG c.m.bet.ingestion.IngestionService - ℹ️ 💾 No opportunities to save
2026-02-03 13:40:43.478 [arb-processor-62] INFO  c.m.bet.ingestion.IngestionService - ✅ 📥 Live arbs ingestion completed: 0 opportunities saved in 219ms
2026-02-03 13:40:45.262 [arb-poller] INFO  c.m.bet.ingestion.IngestionService - 🔄 📥 [Poll #191] Starting live arbs fetch...
2026-02-03 13:40:45.263 [arb-processor-56] DEBUG c.m.bet.ingestion.IngestionService - 📥 Fetching live arbs from API...
2026-02-03 13:40:45.476 [arb-processor-56] DEBUG c.m.bet.ingestion.IngestionService - ✅ 📥 API returned 0 events
2026-02-03 13:40:45.477 [arb-processor-56] DEBUG c.m.bet.ingestion.IngestionService - 🔄 ⚡ ℹ️ Processing 0 events...
2026-02-03 13:40:45.477 [arb-processor-56] ERROR c.m.bet.ingestion.IngestionService - ❌ 🔄 Response validation failed: Errors: 1, Warnings: 1, Info: 1
2026-02-03 13:40:45.477 [arb-processor-56] WARN  c.m.bet.ingestion.IngestionService - ⚠️ 🔄 No events in response
2026-02-03 13:40:45.477 [arb-processor-56] DEBUG c.m.bet.ingestion.IngestionService - 🔄 ℹ️ Transforming 0 parsed items to entities...
2026-02-03 13:40:45.477 [arb-processor-56] DEBUG c.m.bet.ingestion.IngestionService - 💾 ℹ️ Saving 0 opportunities to database...
2026-02-03 13:40:45.477 [arb-processor-56] DEBUG c.m.bet.ingestion.IngestionService - 💾 ℹ️ Processing 0 opportunities for database save...
2026-02-03 13:40:45.477 [arb-processor-56] DEBUG c.m.bet.ingestion.IngestionService - ℹ️ 💾 No opportunities to save
2026-02-03 13:40:45.477 [arb-processor-56] INFO  c.m.bet.ingestion.IngestionService - ✅ 📥 Live arbs ingestion completed: 0 opportunities saved in 214ms
2026-02-03 13:40:47.260 [arb-poller] INFO  c.m.bet.ingestion.IngestionService - 🔄 📥 [Poll #192] Starting live arbs fetch...
2026-02-03 13:40:47.260 [arb-processor-66] DEBUG c.m.bet.ingestion.IngestionService - 📥 Fetching live arbs from API...
2026-02-03 13:40:47.470 [arb-processor-66] DEBUG c.m.bet.ingestion.IngestionService - ✅ 📥 API returned 0 events
2026-02-03 13:40:47.470 [arb-processor-66] DEBUG c.m.bet.ingestion.IngestionService - 🔄 ⚡ ℹ️ Processing 0 events...
2026-02-03 13:40:47.471 [arb-processor-66] ERROR c.m.bet.ingestion.IngestionService - ❌ 🔄 Response validation failed: Errors: 1, Warnings: 1, Info: 1
2026-02-03 13:40:47.471 [arb-processor-66] WARN  c.m.bet.ingestion.IngestionService - ⚠️ 🔄 No events in response
2026-02-03 13:40:47.471 [arb-processor-66] DEBUG c.m.bet.ingestion.IngestionService - 🔄 ℹ️ Transforming 0 parsed items to entities...
2026-02-03 13:40:47.471 [arb-processor-66] DEBUG c.m.bet.ingestion.IngestionService - 💾 ℹ️ Saving 0 opportunities to database...
2026-02-03 13:40:47.471 [arb-processor-66] DEBUG c.m.bet.ingestion.IngestionService - 💾 ℹ️ Processing 0 opportunities for database save...
2026-02-03 13:40:47.471 [arb-processor-66] DEBUG c.m.bet.ingestion.IngestionService - ℹ️ 💾 No opportunities to save
2026-02-03 13:40:47.471 [arb-processor-66] INFO  c.m.bet.ingestion.IngestionService - ✅ 📥 Live arbs ingestion completed: 0 opportunities saved in 211ms
2026-02-03 13:40:49.264 [arb-poller] INFO  c.m.bet.ingestion.IngestionService - 🔄 📥 [Poll #193] Starting live arbs fetch...
2026-02-03 13:40:49.264 [arb-processor-67] DEBUG c.m.bet.ingestion.IngestionService - 📥 Fetching live arbs from API...
2026-02-03 13:40:49.466 [arb-processor-67] DEBUG c.m.bet.ingestion.IngestionService - ✅ 📥 API returned 0 events
2026-02-03 13:40:49.466 [arb-processor-67] DEBUG c.m.bet.ingestion.IngestionService - 🔄 ⚡ ℹ️ Processing 0 events...
2026-02-03 13:40:49.467 [arb-processor-67] ERROR c.m.bet.ingestion.IngestionService - ❌ 🔄 Response validation failed: Errors: 1, Warnings: 1, Info: 1
2026-02-03 13:40:49.467 [arb-processor-67] WARN  c.m.bet.ingestion.IngestionService - ⚠️ 🔄 No events in response
2026-02-03 13:40:49.467 [arb-processor-67] DEBUG c.m.bet.ingestion.IngestionService - 🔄 ℹ️ Transforming 0 parsed items to entities...
2026-02-03 13:40:49.467 [arb-processor-67] DEBUG c.m.bet.ingestion.IngestionService - 💾 ℹ️ Saving 0 opportunities to database...
2026-02-03 13:40:49.468 [arb-processor-67] DEBUG c.m.bet.ingestion.IngestionService - 💾 ℹ️ Processing 0 opportunities for database save...
2026-02-03 13:40:49.468 [arb-processor-67] DEBUG c.m.bet.ingestion.IngestionService - ℹ️ 💾 No opportunities to save
2026-02-03 13:40:49.468 [arb-processor-67] INFO  c.m.bet.ingestion.IngestionService - ✅ 📥 Live arbs ingestion completed: 0 opportunities saved in 204ms
2026-02-03 13:40:51.260 [arb-poller] INFO  c.m.bet.ingestion.IngestionService - 🔄 📥 [Poll #194] Starting live arbs fetch...
2026-02-03 13:40:51.261 [arb-processor-62] DEBUG c.m.bet.ingestion.IngestionService - 📥 Fetching live arbs from API...
2026-02-03 13:40:51.477 [arb-processor-62] DEBUG c.m.bet.ingestion.IngestionService - ✅ 📥 API returned 0 events
2026-02-03 13:40:51.477 [arb-processor-62] DEBUG c.m.bet.ingestion.IngestionService - 🔄 ⚡ ℹ️ Processing 0 events...
2026-02-03 13:40:51.477 [arb-processor-62] ERROR c.m.bet.ingestion.IngestionService - ❌ 🔄 Response validation failed: Errors: 1, Warnings: 1, Info: 1
2026-02-03 13:40:51.477 [arb-processor-62] WARN  c.m.bet.ingestion.IngestionService - ⚠️ 🔄 No events in response
2026-02-03 13:40:51.477 [arb-processor-62] DEBUG c.m.bet.ingestion.IngestionService - 🔄 ℹ️ Transforming 0 parsed items to entities...
2026-02-03 13:40:51.477 [arb-processor-62] DEBUG c.m.bet.ingestion.IngestionService - 💾 ℹ️ Saving 0 opportunities to database...
2026-02-03 13:40:51.477 [arb-processor-62] DEBUG c.m.bet.ingestion.IngestionService - 💾 ℹ️ Processing 0 opportunities for database save...
2026-02-03 13:40:51.477 [arb-processor-62] DEBUG c.m.bet.ingestion.IngestionService - ℹ️ 💾 No opportunities to save
2026-02-03 13:40:51.478 [arb-processor-62] INFO  c.m.bet.ingestion.IngestionService - ✅ 📥 Live arbs ingestion completed: 0 opportunities saved in 216ms
2026-02-03 13:40:53.264 [arb-poller] INFO  c.m.bet.ingestion.IngestionService - 🔄 📥 [Poll #195] Starting live arbs fetch...
2026-02-03 13:40:53.264 [arb-processor-56] DEBUG c.m.bet.ingestion.IngestionService - 📥 Fetching live arbs from API...
2026-02-03 13:40:53.505 [arb-processor-56] DEBUG c.m.bet.ingestion.IngestionService - ✅ 📥 API returned 0 events
2026-02-03 13:40:53.505 [arb-processor-56] DEBUG c.m.bet.ingestion.IngestionService - 🔄 ⚡ ℹ️ Processing 0 events...
2026-02-03 13:40:53.505 [arb-processor-56] ERROR c.m.bet.ingestion.IngestionService - ❌ 🔄 Response validation failed: Errors: 1, Warnings: 1, Info: 1
2026-02-03 13:40:53.505 [arb-processor-56] WARN  c.m.bet.ingestion.IngestionService - ⚠️ 🔄 No events in response
2026-02-03 13:40:53.505 [arb-processor-56] DEBUG c.m.bet.ingestion.IngestionService - 🔄 ℹ️ Transforming 0 parsed items to entities...
2026-02-03 13:40:53.505 [arb-processor-56] DEBUG c.m.bet.ingestion.IngestionService - 💾 ℹ️ Saving 0 opportunities to database...
2026-02-03 13:40:53.505 [arb-processor-56] DEBUG c.m.bet.ingestion.IngestionService - 💾 ℹ️ Processing 0 opportunities for database save...
2026-02-03 13:40:53.505 [arb-processor-56] DEBUG c.m.bet.ingestion.IngestionService - ℹ️ 💾 No opportunities to save
2026-02-03 13:40:53.505 [arb-processor-56] INFO  c.m.bet.ingestion.IngestionService - ✅ 📥 Live arbs ingestion completed: 0 opportunities saved in 241ms
2026-02-03 13:40:55.260 [arb-poller] INFO  c.m.bet.ingestion.IngestionService - 🔄 📥 [Poll #196] Starting live arbs fetch...
2026-02-03 13:40:55.260 [arb-processor-66] DEBUG c.m.bet.ingestion.IngestionService - 📥 Fetching live arbs from API...
2026-02-03 13:40:55.467 [arb-processor-66] DEBUG c.m.bet.ingestion.IngestionService - ✅ 📥 API returned 1 events
2026-02-03 13:40:55.467 [arb-processor-66] DEBUG c.m.bet.ingestion.IngestionService - 🔄 ⚡ ℹ️ Processing 1 events...
2026-02-03 13:40:55.467 [arb-processor-67] INFO  c.m.bet.ingestion.IngestionService - 🔄 ℹ️ Processing sub-event 1/2 (ID: 16193963498139382774)...
2026-02-03 13:40:55.467 [arb-processor-67] INFO  c.m.bet.ingestion.IngestionService - ℹ️ 🔄 Sub-event 16193963498139382774 bookmaker: MSport (ID: 80)
2026-02-03 13:40:55.467 [arb-processor-67] INFO  c.m.bet.ingestion.IngestionService - ✅ 🍪 Saved crumbs from MSport using key='oid' (3 entries)
2026-02-03 13:40:55.467 [arb-processor-67] INFO  c.m.bet.ingestion.IngestionService - 🍪 ℹ️ Using key='oid' = '1714' → selectedId='1714' for bookmaker: MSport (source: MSport)
2026-02-03 13:40:55.468 [arb-processor-67] DEBUG c.m.bet.ingestion.IngestionService - 🎯 🍪 Getting market outcome for bookmaker: MSport
2026-02-03 13:40:55.468 [arb-processor-67] INFO  c.m.bet.ingestion.IngestionService - ✅ 🎯 Market resolved: marketType='Point handicap', selectedId='1714', outcome='Home (+6.5)'
2026-02-03 13:40:55.468 [arb-processor-67] INFO  c.m.bet.ingestion.IngestionService - 📎 Built URL for MSport: https://www.msport.com/ng/web/sports/Table%20Tennis/live/International_TT_Cup/Chlumsky__Petr_vs_Hejda_Jr__Vaclav/sr:match:68538582
2026-02-03 13:40:55.468 [arb-processor-67] INFO  c.m.bet.ingestion.IngestionService - ✅ Built outcome - bookMaker: MSport, outcome: 'Home (+6.5)', odds: 2.85, url: ✓
2026-02-03 13:40:55.468 [arb-processor-67] INFO  c.m.bet.ingestion.IngestionService - 🔄 ℹ️ Processing sub-event 2/2 (ID: 16193963495838630442)...
2026-02-03 13:40:55.468 [arb-processor-67] INFO  c.m.bet.ingestion.IngestionService - ℹ️ 🔄 Sub-event 16193963495838630442 bookmaker: Betway (ID: 36)
2026-02-03 13:40:55.468 [arb-processor-67] INFO  c.m.bet.ingestion.IngestionService - 🍪 ℹ️ Using key='oid' = '1714' → selectedId='1714' for bookmaker: Betway (source: MSport)
2026-02-03 13:40:55.468 [arb-processor-67] DEBUG c.m.bet.ingestion.IngestionService - 🎯 🍪 Getting market outcome for bookmaker: Betway
2026-02-03 13:40:55.468 [arb-processor-67] ERROR c.m.bet.ingestion.IngestionService - No market outcome mapping for bookmaker: Betway
2026-02-03 13:40:55.468 [arb-processor-67] WARN  c.m.bet.ingestion.IngestionService - ⚠️ 🔄 Failed to convert event 16193965259113918519: No mapping for Betway
2026-02-03 13:40:55.468 [arb-processor-66] DEBUG c.m.bet.ingestion.IngestionService - ✅ ⚡ 🔄 Successfully converted 0 events to arbitrages
2026-02-03 13:40:55.468 [arb-processor-66] DEBUG c.m.bet.ingestion.IngestionService - 🔄 ℹ️ Transforming 0 parsed items to entities...
2026-02-03 13:40:55.468 [arb-processor-66] DEBUG c.m.bet.ingestion.IngestionService - 💾 ℹ️ Saving 0 opportunities to database...
2026-02-03 13:40:55.468 [arb-processor-66] DEBUG c.m.bet.ingestion.IngestionService - 💾 ℹ️ Processing 0 opportunities for database save...
2026-02-03 13:40:55.468 [arb-processor-66] DEBUG c.m.bet.ingestion.IngestionService - ℹ️ 💾 No opportunities to save
2026-02-03 13:40:55.469 [arb-processor-66] INFO  c.m.bet.ingestion.IngestionService - ✅ 📥 Live arbs ingestion completed: 0 opportunities saved in 209ms
2026-02-03 13:40:57.262 [arb-poller] INFO  c.m.bet.ingestion.IngestionService - 🔄 📥 [Poll #197] Starting live arbs fetch...
2026-02-03 13:40:57.262 [arb-processor-62] DEBUG c.m.bet.ingestion.IngestionService - 📥 Fetching live arbs from API...
2026-02-03 13:40:57.455 [arb-processor-62] DEBUG c.m.bet.ingestion.IngestionService - ✅ 📥 API returned 1 events
2026-02-03 13:40:57.455 [arb-processor-62] DEBUG c.m.bet.ingestion.IngestionService - 🔄 ⚡ ℹ️ Processing 1 events...
2026-02-03 13:40:57.455 [arb-processor-56] INFO  c.m.bet.ingestion.IngestionService - 🔄 ℹ️ Processing sub-event 1/2 (ID: 16193963498139382774)...
2026-02-03 13:40:57.456 [arb-processor-56] INFO  c.m.bet.ingestion.IngestionService - ℹ️ 🔄 Sub-event 16193963498139382774 bookmaker: MSport (ID: 80)
2026-02-03 13:40:57.456 [arb-processor-56] INFO  c.m.bet.ingestion.IngestionService - ✅ 🍪 Saved crumbs from MSport using key='oid' (3 entries)
2026-02-03 13:40:57.456 [arb-processor-56] INFO  c.m.bet.ingestion.IngestionService - 🍪 ℹ️ Using key='oid' = '1714' → selectedId='1714' for bookmaker: MSport (source: MSport)
2026-02-03 13:40:57.456 [arb-processor-56] DEBUG c.m.bet.ingestion.IngestionService - 🎯 🍪 Getting market outcome for bookmaker: MSport
2026-02-03 13:40:57.456 [arb-processor-56] INFO  c.m.bet.ingestion.IngestionService - ✅ 🎯 Market resolved: marketType='Point handicap', selectedId='1714', outcome='Home (+6.5)'
2026-02-03 13:40:57.456 [arb-processor-56] INFO  c.m.bet.ingestion.IngestionService - 📎 Built URL for MSport: https://www.msport.com/ng/web/sports/Table%20Tennis/live/International_TT_Cup/Chlumsky__Petr_vs_Hejda_Jr__Vaclav/sr:match:68538582
2026-02-03 13:40:57.456 [arb-processor-56] INFO  c.m.bet.ingestion.IngestionService - ✅ Built outcome - bookMaker: MSport, outcome: 'Home (+6.5)', odds: 2.75, url: ✓
2026-02-03 13:40:57.456 [arb-processor-56] INFO  c.m.bet.ingestion.IngestionService - 🔄 ℹ️ Processing sub-event 2/2 (ID: 16193963495838630442)...
2026-02-03 13:40:57.456 [arb-processor-56] INFO  c.m.bet.ingestion.IngestionService - ℹ️ 🔄 Sub-event 16193963495838630442 bookmaker: Betway (ID: 36)
2026-02-03 13:40:57.456 [arb-processor-56] INFO  c.m.bet.ingestion.IngestionService - 🍪 ℹ️ Using key='oid' = '1714' → selectedId='1714' for bookmaker: Betway (source: MSport)
2026-02-03 13:40:57.456 [arb-processor-56] DEBUG c.m.bet.ingestion.IngestionService - 🎯 🍪 Getting market outcome for bookmaker: Betway
2026-02-03 13:40:57.456 [arb-processor-56] ERROR c.m.bet.ingestion.IngestionService - No market outcome mapping for bookmaker: Betway
2026-02-03 13:40:57.456 [arb-processor-56] WARN  c.m.bet.ingestion.IngestionService - ⚠️ 🔄 Failed to convert event 16193965259113918519: No mapping for Betway
2026-02-03 13:40:57.456 [arb-processor-62] DEBUG c.m.bet.ingestion.IngestionService - ✅ ⚡ 🔄 Successfully converted 0 events to arbitrages
2026-02-03 13:40:57.456 [arb-processor-62] DEBUG c.m.bet.ingestion.IngestionService - 🔄 ℹ️ Transforming 0 parsed items to entities...
2026-02-03 13:40:57.456 [arb-processor-62] DEBUG c.m.bet.ingestion.IngestionService - 💾 ℹ️ Saving 0 opportunities to database...
2026-02-03 13:40:57.456 [arb-processor-62] DEBUG c.m.bet.ingestion.IngestionService - 💾 ℹ️ Processing 0 opportunities for database save...
2026-02-03 13:40:57.457 [arb-processor-62] DEBUG c.m.bet.ingestion.IngestionService - ℹ️ 💾 No opportunities to save
2026-02-03 13:40:57.457 [arb-processor-62] INFO  c.m.bet.ingestion.IngestionService - ✅ 📥 Live arbs ingestion completed: 0 opportunities saved in 195ms
2026-02-03 13:40:59.261 [arb-poller] INFO  c.m.bet.ingestion.IngestionService - 🔄 📥 [Poll #198] Starting live arbs fetch...
2026-02-03 13:40:59.261 [arb-processor-67] DEBUG c.m.bet.ingestion.IngestionService - 📥 Fetching live arbs from API...
2026-02-03 13:40:59.447 [arb-processor-67] DEBUG c.m.bet.ingestion.IngestionService - ✅ 📥 API returned 0 events
2026-02-03 13:40:59.447 [arb-processor-67] DEBUG c.m.bet.ingestion.IngestionService - 🔄 ⚡ ℹ️ Processing 0 events...
2026-02-03 13:40:59.447 [arb-processor-67] ERROR c.m.bet.ingestion.IngestionService - ❌ 🔄 Response validation failed: Errors: 1, Warnings: 1, Info: 1
2026-02-03 13:40:59.447 [arb-processor-67] WARN  c.m.bet.ingestion.IngestionService - ⚠️ 🔄 No events in response
2026-02-03 13:40:59.447 [arb-processor-67] DEBUG c.m.bet.ingestion.IngestionService - 🔄 ℹ️ Transforming 0 parsed items to entities...
2026-02-03 13:40:59.447 [arb-processor-67] DEBUG c.m.bet.ingestion.IngestionService - 💾 ℹ️ Saving 0 opportunities to database...
2026-02-03 13:40:59.447 [arb-processor-67] DEBUG c.m.bet.ingestion.IngestionService - 💾 ℹ️ Processing 0 opportunities for database save...
2026-02-03 13:40:59.447 [arb-processor-67] DEBUG c.m.bet.ingestion.IngestionService - ℹ️ 💾 No opportunities to save
2026-02-03 13:40:59.447 [arb-processor-67] INFO  c.m.bet.ingestion.IngestionService - ✅ 📥 Live arbs ingestion completed: 0 opportunities saved in 186ms
2026-02-03 13:41:01.262 [arb-poller] INFO  c.m.bet.ingestion.IngestionService - 🔄 📥 [Poll #199] Starting live arbs fetch...
2026-02-03 13:41:01.262 [arb-processor-66] DEBUG c.m.bet.ingestion.IngestionService - 📥 Fetching live arbs from API...
2026-02-03 13:41:01.458 [arb-processor-66] DEBUG c.m.bet.ingestion.IngestionService - ✅ 📥 API returned 0 events
2026-02-03 13:41:01.458 [arb-processor-66] DEBUG c.m.bet.ingestion.IngestionService - 🔄 ⚡ ℹ️ Processing 0 events...
2026-02-03 13:41:01.459 [arb-processor-66] ERROR c.m.bet.ingestion.IngestionService - ❌ 🔄 Response validation failed: Errors: 1, Warnings: 1, Info: 1
2026-02-03 13:41:01.459 [arb-processor-66] WARN  c.m.bet.ingestion.IngestionService - ⚠️ 🔄 No events in response
2026-02-03 13:41:01.459 [arb-processor-66] DEBUG c.m.bet.ingestion.IngestionService - 🔄 ℹ️ Transforming 0 parsed items to entities...
2026-02-03 13:41:01.459 [arb-processor-66] DEBUG c.m.bet.ingestion.IngestionService - 💾 ℹ️ Saving 0 opportunities to database...
2026-02-03 13:41:01.459 [arb-processor-66] DEBUG c.m.bet.ingestion.IngestionService - 💾 ℹ️ Processing 0 opportunities for database save...
2026-02-03 13:41:01.459 [arb-processor-66] DEBUG c.m.bet.ingestion.IngestionService - ℹ️ 💾 No opportunities to save
2026-02-03 13:41:01.459 [arb-processor-66] INFO  c.m.bet.ingestion.IngestionService - ✅ 📥 Live arbs ingestion completed: 0 opportunities saved in 197ms
2026-02-03 13:41:03.260 [arb-poller] INFO  c.m.bet.ingestion.IngestionService - 🔄 📥 [Poll #200] Starting live arbs fetch...
2026-02-03 13:41:03.260 [arb-processor-56] DEBUG c.m.bet.ingestion.IngestionService - 📥 Fetching live arbs from API...
2026-02-03 13:41:03.474 [arb-processor-56] DEBUG c.m.bet.ingestion.IngestionService - ✅ 📥 API returned 0 events
2026-02-03 13:41:03.474 [arb-processor-56] DEBUG c.m.bet.ingestion.IngestionService - 🔄 ⚡ ℹ️ Processing 0 events...
2026-02-03 13:41:03.474 [arb-processor-56] ERROR c.m.bet.ingestion.IngestionService - ❌ 🔄 Response validation failed: Errors: 1, Warnings: 1, Info: 1
2026-02-03 13:41:03.474 [arb-processor-56] WARN  c.m.bet.ingestion.IngestionService - ⚠️ 🔄 No events in response
2026-02-03 13:41:03.474 [arb-processor-56] DEBUG c.m.bet.ingestion.IngestionService - 🔄 ℹ️ Transforming 0 parsed items to entities...
2026-02-03 13:41:03.474 [arb-processor-56] DEBUG c.m.bet.ingestion.IngestionService - 💾 ℹ️ Saving 0 opportunities to database...
2026-02-03 13:41:03.474 [arb-processor-56] DEBUG c.m.bet.ingestion.IngestionService - 💾 ℹ️ Processing 0 opportunities for database save...
2026-02-03 13:41:03.474 [arb-processor-56] DEBUG c.m.bet.ingestion.IngestionService - ℹ️ 💾 No opportunities to save
2026-02-03 13:41:03.474 [arb-processor-56] INFO  c.m.bet.ingestion.IngestionService - ✅ 📥 Live arbs ingestion completed: 0 opportunities saved in 214ms
2026-02-03 13:41:05.260 [arb-poller] INFO  c.m.bet.ingestion.IngestionService - 🔄 📥 [Poll #201] Starting live arbs fetch...
2026-02-03 13:41:05.260 [arb-processor-62] DEBUG c.m.bet.ingestion.IngestionService - 📥 Fetching live arbs from API...
2026-02-03 13:41:05.465 [arb-processor-62] DEBUG c.m.bet.ingestion.IngestionService - ✅ 📥 API returned 0 events
2026-02-03 13:41:05.465 [arb-processor-62] DEBUG c.m.bet.ingestion.IngestionService - 🔄 ⚡ ℹ️ Processing 0 events...
2026-02-03 13:41:05.465 [arb-processor-62] ERROR c.m.bet.ingestion.IngestionService - ❌ 🔄 Response validation failed: Errors: 1, Warnings: 1, Info: 1
2026-02-03 13:41:05.465 [arb-processor-62] WARN  c.m.bet.ingestion.IngestionService - ⚠️ 🔄 No events in response
2026-02-03 13:41:05.465 [arb-processor-62] DEBUG c.m.bet.ingestion.IngestionService - 🔄 ℹ️ Transforming 0 parsed items to entities...
2026-02-03 13:41:05.465 [arb-processor-62] DEBUG c.m.bet.ingestion.IngestionService - 💾 ℹ️ Saving 0 opportunities to database...
2026-02-03 13:41:05.465 [arb-processor-62] DEBUG c.m.bet.ingestion.IngestionService - 💾 ℹ️ Processing 0 opportunities for database save...
2026-02-03 13:41:05.465 [arb-processor-62] DEBUG c.m.bet.ingestion.IngestionService - ℹ️ 💾 No opportunities to save
2026-02-03 13:41:05.465 [arb-processor-62] INFO  c.m.bet.ingestion.IngestionService - ✅ 📥 Live arbs ingestion completed: 0 opportunities saved in 205ms
2026-02-03 13:41:07.293 [arb-poller] INFO  c.m.bet.ingestion.IngestionService - 🔄 📥 [Poll #202] Starting live arbs fetch...
2026-02-03 13:41:07.293 [arb-processor-67] DEBUG c.m.bet.ingestion.IngestionService - 📥 Fetching live arbs from API...
2026-02-03 13:41:07.487 [arb-processor-67] DEBUG c.m.bet.ingestion.IngestionService - ✅ 📥 API returned 0 events
2026-02-03 13:41:07.487 [arb-processor-67] DEBUG c.m.bet.ingestion.IngestionService - 🔄 ⚡ ℹ️ Processing 0 events...
2026-02-03 13:41:07.488 [arb-processor-67] ERROR c.m.bet.ingestion.IngestionService - ❌ 🔄 Response validation failed: Errors: 1, Warnings: 1, Info: 1
2026-02-03 13:41:07.488 [arb-processor-67] WARN  c.m.bet.ingestion.IngestionService - ⚠️ 🔄 No events in response
2026-02-03 13:41:07.488 [arb-processor-67] DEBUG c.m.bet.ingestion.IngestionService - 🔄 ℹ️ Transforming 0 parsed items to entities...
2026-02-03 13:41:07.488 [arb-processor-67] DEBUG c.m.bet.ingestion.IngestionService - 💾 ℹ️ Saving 0 opportunities to database...
2026-02-03 13:41:07.488 [arb-processor-67] DEBUG c.m.bet.ingestion.IngestionService - 💾 ℹ️ Processing 0 opportunities for database save...
2026-02-03 13:41:07.488 [arb-processor-67] DEBUG c.m.bet.ingestion.IngestionService - ℹ️ 💾 No opportunities to save
2026-02-03 13:41:07.488 [arb-processor-67] INFO  c.m.bet.ingestion.IngestionService - ✅ 📥 Live arbs ingestion completed: 0 opportunities saved in 195ms
2026-02-03 13:41:09.260 [arb-poller] INFO  c.m.bet.ingestion.IngestionService - 🔄 📥 [Poll #203] Starting live arbs fetch...
2026-02-03 13:41:09.260 [arb-processor-66] DEBUG c.m.bet.ingestion.IngestionService - 📥 Fetching live arbs from API...
2026-02-03 13:41:09.459 [arb-processor-66] DEBUG c.m.bet.ingestion.IngestionService - ✅ 📥 API returned 0 events
2026-02-03 13:41:09.459 [arb-processor-66] DEBUG c.m.bet.ingestion.IngestionService - 🔄 ⚡ ℹ️ Processing 0 events...
2026-02-03 13:41:09.460 [arb-processor-66] ERROR c.m.bet.ingestion.IngestionService - ❌ 🔄 Response validation failed: Errors: 1, Warnings: 1, Info: 1
2026-02-03 13:41:09.460 [arb-processor-66] WARN  c.m.bet.ingestion.IngestionService - ⚠️ 🔄 No events in response
2026-02-03 13:41:09.460 [arb-processor-66] DEBUG c.m.bet.ingestion.IngestionService - 🔄 ℹ️ Transforming 0 parsed items to entities...
2026-02-03 13:41:09.460 [arb-processor-66] DEBUG c.m.bet.ingestion.IngestionService - 💾 ℹ️ Saving 0 opportunities to database...
2026-02-03 13:41:09.460 [arb-processor-66] DEBUG c.m.bet.ingestion.IngestionService - 💾 ℹ️ Processing 0 opportunities for database save...
2026-02-03 13:41:09.460 [arb-processor-66] DEBUG c.m.bet.ingestion.IngestionService - ℹ️ 💾 No opportunities to save
2026-02-03 13:41:09.460 [arb-processor-66] INFO  c.m.bet.ingestion.IngestionService - ✅ 📥 Live arbs ingestion completed: 0 opportunities saved in 200ms
2026-02-03 13:41:11.261 [arb-poller] INFO  c.m.bet.ingestion.IngestionService - 🔄 📥 [Poll #204] Starting live arbs fetch...
2026-02-03 13:41:11.261 [arb-processor-56] DEBUG c.m.bet.ingestion.IngestionService - 📥 Fetching live arbs from API...
2026-02-03 13:41:11.494 [arb-processor-56] DEBUG c.m.bet.ingestion.IngestionService - ✅ 📥 API returned 0 events
2026-02-03 13:41:11.495 [arb-processor-56] DEBUG c.m.bet.ingestion.IngestionService - 🔄 ⚡ ℹ️ Processing 0 events...
2026-02-03 13:41:11.495 [arb-processor-56] ERROR c.m.bet.ingestion.IngestionService - ❌ 🔄 Response validation failed: Errors: 1, Warnings: 1, Info: 1
2026-02-03 13:41:11.495 [arb-processor-56] WARN  c.m.bet.ingestion.IngestionService - ⚠️ 🔄 No events in response
2026-02-03 13:41:11.495 [arb-processor-56] DEBUG c.m.bet.ingestion.IngestionService - 🔄 ℹ️ Transforming 0 parsed items to entities...
2026-02-03 13:41:11.495 [arb-processor-56] DEBUG c.m.bet.ingestion.IngestionService - 💾 ℹ️ Saving 0 opportunities to database...
2026-02-03 13:41:11.495 [arb-processor-56] DEBUG c.m.bet.ingestion.IngestionService - 💾 ℹ️ Processing 0 opportunities for database save...
2026-02-03 13:41:11.496 [arb-processor-56] DEBUG c.m.bet.ingestion.IngestionService - ℹ️ 💾 No opportunities to save
2026-02-03 13:41:11.496 [arb-processor-56] INFO  c.m.bet.ingestion.IngestionService - ✅ 📥 Live arbs ingestion completed: 0 opportunities saved in 235ms
2026-02-03 13:41:13.261 [arb-poller] INFO  c.m.bet.ingestion.IngestionService - 🔄 📥 [Poll #205] Starting live arbs fetch...
2026-02-03 13:41:13.261 [arb-processor-62] DEBUG c.m.bet.ingestion.IngestionService - 📥 Fetching live arbs from API...
2026-02-03 13:41:13.475 [arb-processor-62] DEBUG c.m.bet.ingestion.IngestionService - ✅ 📥 API returned 0 events
2026-02-03 13:41:13.475 [arb-processor-62] DEBUG c.m.bet.ingestion.IngestionService - 🔄 ⚡ ℹ️ Processing 0 events...
2026-02-03 13:41:13.475 [arb-processor-62] ERROR c.m.bet.ingestion.IngestionService - ❌ 🔄 Response validation failed: Errors: 1, Warnings: 1, Info: 1
2026-02-03 13:41:13.475 [arb-processor-62] WARN  c.m.bet.ingestion.IngestionService - ⚠️ 🔄 No events in response
2026-02-03 13:41:13.475 [arb-processor-62] DEBUG c.m.bet.ingestion.IngestionService - 🔄 ℹ️ Transforming 0 parsed items to entities...
2026-02-03 13:41:13.475 [arb-processor-62] DEBUG c.m.bet.ingestion.IngestionService - 💾 ℹ️ Saving 0 opportunities to database...
2026-02-03 13:41:13.475 [arb-processor-62] DEBUG c.m.bet.ingestion.IngestionService - 💾 ℹ️ Processing 0 opportunities for database save...
2026-02-03 13:41:13.475 [arb-processor-62] DEBUG c.m.bet.ingestion.IngestionService - ℹ️ 💾 No opportunities to save
2026-02-03 13:41:13.475 [arb-processor-62] INFO  c.m.bet.ingestion.IngestionService - ✅ 📥 Live arbs ingestion completed: 0 opportunities saved in 214ms
2026-02-03 13:41:15.259 [arb-poller] INFO  c.m.bet.ingestion.IngestionService - 🔄 📥 [Poll #206] Starting live arbs fetch...
2026-02-03 13:41:15.260 [arb-processor-67] DEBUG c.m.bet.ingestion.IngestionService - 📥 Fetching live arbs from API...
2026-02-03 13:41:15.465 [arb-processor-67] DEBUG c.m.bet.ingestion.IngestionService - ✅ 📥 API returned 0 events
2026-02-03 13:41:15.465 [arb-processor-67] DEBUG c.m.bet.ingestion.IngestionService - 🔄 ⚡ ℹ️ Processing 0 events...
2026-02-03 13:41:15.465 [arb-processor-67] ERROR c.m.bet.ingestion.IngestionService - ❌ 🔄 Response validation failed: Errors: 1, Warnings: 1, Info: 1
2026-02-03 13:41:15.465 [arb-processor-67] WARN  c.m.bet.ingestion.IngestionService - ⚠️ 🔄 No events in response
2026-02-03 13:41:15.465 [arb-processor-67] DEBUG c.m.bet.ingestion.IngestionService - 🔄 ℹ️ Transforming 0 parsed items to entities...
2026-02-03 13:41:15.465 [arb-processor-67] DEBUG c.m.bet.ingestion.IngestionService - 💾 ℹ️ Saving 0 opportunities to database...
2026-02-03 13:41:15.466 [arb-processor-67] DEBUG c.m.bet.ingestion.IngestionService - 💾 ℹ️ Processing 0 opportunities for database save...
2026-02-03 13:41:15.466 [arb-processor-67] DEBUG c.m.bet.ingestion.IngestionService - ℹ️ 💾 No opportunities to save
2026-02-03 13:41:15.466 [arb-processor-67] INFO  c.m.bet.ingestion.IngestionService - ✅ 📥 Live arbs ingestion completed: 0 opportunities saved in 206ms
2026-02-03 13:41:17.265 [arb-poller] INFO  c.m.bet.ingestion.IngestionService - 🔄 📥 [Poll #207] Starting live arbs fetch...
2026-02-03 13:41:17.266 [arb-processor-66] DEBUG c.m.bet.ingestion.IngestionService - 📥 Fetching live arbs from API...
2026-02-03 13:41:17.467 [arb-processor-66] DEBUG c.m.bet.ingestion.IngestionService - ✅ 📥 API returned 0 events
2026-02-03 13:41:17.467 [arb-processor-66] DEBUG c.m.bet.ingestion.IngestionService - 🔄 ⚡ ℹ️ Processing 0 events...
2026-02-03 13:41:17.467 [arb-processor-66] ERROR c.m.bet.ingestion.IngestionService - ❌ 🔄 Response validation failed: Errors: 1, Warnings: 1, Info: 1
2026-02-03 13:41:17.467 [arb-processor-66] WARN  c.m.bet.ingestion.IngestionService - ⚠️ 🔄 No events in response
2026-02-03 13:41:17.467 [arb-processor-66] DEBUG c.m.bet.ingestion.IngestionService - 🔄 ℹ️ Transforming 0 parsed items to entities...
2026-02-03 13:41:17.467 [arb-processor-66] DEBUG c.m.bet.ingestion.IngestionService - 💾 ℹ️ Saving 0 opportunities to database...
2026-02-03 13:41:17.468 [arb-processor-66] DEBUG c.m.bet.ingestion.IngestionService - 💾 ℹ️ Processing 0 opportunities for database save...
2026-02-03 13:41:17.468 [arb-processor-66] DEBUG c.m.bet.ingestion.IngestionService - ℹ️ 💾 No opportunities to save
2026-02-03 13:41:17.468 [arb-processor-66] INFO  c.m.bet.ingestion.IngestionService - ✅ 📥 Live arbs ingestion completed: 0 opportunities saved in 202ms
2026-02-03 13:41:19.261 [arb-poller] INFO  c.m.bet.ingestion.IngestionService - 🔄 📥 [Poll #208] Starting live arbs fetch...
2026-02-03 13:41:19.261 [arb-processor-56] DEBUG c.m.bet.ingestion.IngestionService - 📥 Fetching live arbs from API...
2026-02-03 13:41:19.472 [arb-processor-56] DEBUG c.m.bet.ingestion.IngestionService - ✅ 📥 API returned 0 events
2026-02-03 13:41:19.472 [arb-processor-56] DEBUG c.m.bet.ingestion.IngestionService - 🔄 ⚡ ℹ️ Processing 0 events...
2026-02-03 13:41:19.474 [arb-processor-56] ERROR c.m.bet.ingestion.IngestionService - ❌ 🔄 Response validation failed: Errors: 1, Warnings: 1, Info: 1
2026-02-03 13:41:19.474 [arb-processor-56] WARN  c.m.bet.ingestion.IngestionService - ⚠️ 🔄 No events in response
2026-02-03 13:41:19.474 [arb-processor-56] DEBUG c.m.bet.ingestion.IngestionService - 🔄 ℹ️ Transforming 0 parsed items to entities...
2026-02-03 13:41:19.474 [arb-processor-56] DEBUG c.m.bet.ingestion.IngestionService - 💾 ℹ️ Saving 0 opportunities to database...
2026-02-03 13:41:19.474 [arb-processor-56] DEBUG c.m.bet.ingestion.IngestionService - 💾 ℹ️ Processing 0 opportunities for database save...
2026-02-03 13:41:19.474 [arb-processor-56] DEBUG c.m.bet.ingestion.IngestionService - ℹ️ 💾 No opportunities to save
2026-02-03 13:41:19.474 [arb-processor-56] INFO  c.m.bet.ingestion.IngestionService - ✅ 📥 Live arbs ingestion completed: 0 opportunities saved in 213ms
2026-02-03 13:41:21.260 [arb-poller] INFO  c.m.bet.ingestion.IngestionService - 🔄 📥 [Poll #209] Starting live arbs fetch...
2026-02-03 13:41:21.261 [arb-processor-62] DEBUG c.m.bet.ingestion.IngestionService - 📥 Fetching live arbs from API...
2026-02-03 13:41:21.491 [arb-processor-62] DEBUG c.m.bet.ingestion.IngestionService - ✅ 📥 API returned 0 events
2026-02-03 13:41:21.491 [arb-processor-62] DEBUG c.m.bet.ingestion.IngestionService - 🔄 ⚡ ℹ️ Processing 0 events...
2026-02-03 13:41:21.492 [arb-processor-62] ERROR c.m.bet.ingestion.IngestionService - ❌ 🔄 Response validation failed: Errors: 1, Warnings: 1, Info: 1
2026-02-03 13:41:21.492 [arb-processor-62] WARN  c.m.bet.ingestion.IngestionService - ⚠️ 🔄 No events in response
2026-02-03 13:41:21.492 [arb-processor-62] DEBUG c.m.bet.ingestion.IngestionService - 🔄 ℹ️ Transforming 0 parsed items to entities...
2026-02-03 13:41:21.492 [arb-processor-62] DEBUG c.m.bet.ingestion.IngestionService - 💾 ℹ️ Saving 0 opportunities to database...
2026-02-03 13:41:21.492 [arb-processor-62] DEBUG c.m.bet.ingestion.IngestionService - 💾 ℹ️ Processing 0 opportunities for database save...
2026-02-03 13:41:21.492 [arb-processor-62] DEBUG c.m.bet.ingestion.IngestionService - ℹ️ 💾 No opportunities to save
2026-02-03 13:41:21.492 [arb-processor-62] INFO  c.m.bet.ingestion.IngestionService - ✅ 📥 Live arbs ingestion completed: 0 opportunities saved in 231ms
2026-02-03 13:41:23.260 [arb-poller] INFO  c.m.bet.ingestion.IngestionService - 🔄 📥 [Poll #210] Starting live arbs fetch...
2026-02-03 13:41:23.260 [arb-processor-67] DEBUG c.m.bet.ingestion.IngestionService - 📥 Fetching live arbs from API...
2026-02-03 13:41:23.476 [arb-processor-67] DEBUG c.m.bet.ingestion.IngestionService - ✅ 📥 API returned 0 events
2026-02-03 13:41:23.476 [arb-processor-67] DEBUG c.m.bet.ingestion.IngestionService - 🔄 ⚡ ℹ️ Processing 0 events...
2026-02-03 13:41:23.477 [arb-processor-67] ERROR c.m.bet.ingestion.IngestionService - ❌ 🔄 Response validation failed: Errors: 1, Warnings: 1, Info: 1
2026-02-03 13:41:23.477 [arb-processor-67] WARN  c.m.bet.ingestion.IngestionService - ⚠️ 🔄 No events in response
2026-02-03 13:41:23.477 [arb-processor-67] DEBUG c.m.bet.ingestion.IngestionService - 🔄 ℹ️ Transforming 0 parsed items to entities...
2026-02-03 13:41:23.477 [arb-processor-67] DEBUG c.m.bet.ingestion.IngestionService - 💾 ℹ️ Saving 0 opportunities to database...
2026-02-03 13:41:23.477 [arb-processor-67] DEBUG c.m.bet.ingestion.IngestionService - 💾 ℹ️ Processing 0 opportunities for database save...
2026-02-03 13:41:23.477 [arb-processor-67] DEBUG c.m.bet.ingestion.IngestionService - ℹ️ 💾 No opportunities to save
2026-02-03 13:41:23.477 [arb-processor-67] INFO  c.m.bet.ingestion.IngestionService - ✅ 📥 Live arbs ingestion completed: 0 opportunities saved in 217ms
2026-02-03 13:41:23.490 [arb-processor-67] INFO  c.m.bet.ingestion.IngestionService - 📊 ℹ️ Current Statistics:
2026-02-03 13:41:23.491 [arb-processor-67] INFO  c.m.bet.ingestion.IngestionService - 📊 Total Active: 5
2026-02-03 13:41:23.491 [arb-processor-67] INFO  c.m.bet.ingestion.IngestionService - 📊 Fresh Active: 0 (0.0%)
2026-02-03 13:41:23.491 [arb-processor-67] INFO  c.m.bet.ingestion.IngestionService - 📊 Stale Active: 5 (100.0%)
2026-02-03 13:41:23.491 [arb-processor-67] INFO  c.m.bet.ingestion.IngestionService - 📊 Average Profit: 3.39%
2026-02-03 13:41:25.277 [arb-poller] INFO  c.m.bet.ingestion.IngestionService - 🔄 📥 [Poll #211] Starting live arbs fetch...
2026-02-03 13:41:25.277 [arb-processor-66] DEBUG c.m.bet.ingestion.IngestionService - 📥 Fetching live arbs from API...
2026-02-03 13:41:25.489 [arb-processor-66] DEBUG c.m.bet.ingestion.IngestionService - ✅ 📥 API returned 1 events
2026-02-03 13:41:25.490 [arb-processor-66] DEBUG c.m.bet.ingestion.IngestionService - 🔄 ⚡ ℹ️ Processing 1 events...
2026-02-03 13:41:25.490 [arb-processor-56] INFO  c.m.bet.ingestion.IngestionService - 🔄 ℹ️ Processing sub-event 1/2 (ID: 16193963498922057699)...
2026-02-03 13:41:25.490 [arb-processor-56] INFO  c.m.bet.ingestion.IngestionService - ℹ️ 🔄 Sub-event 16193963498922057699 bookmaker: MSport (ID: 80)
2026-02-03 13:41:25.490 [arb-processor-56] INFO  c.m.bet.ingestion.IngestionService - ✅ 🍪 Saved crumbs from MSport using key='oid' (3 entries)
2026-02-03 13:41:25.490 [arb-processor-56] INFO  c.m.bet.ingestion.IngestionService - 🍪 ℹ️ Using key='oid' = '1714' → selectedId='1714' for bookmaker: MSport (source: MSport)
2026-02-03 13:41:25.490 [arb-processor-56] DEBUG c.m.bet.ingestion.IngestionService - 🎯 🍪 Getting market outcome for bookmaker: MSport
2026-02-03 13:41:25.490 [arb-processor-56] INFO  c.m.bet.ingestion.IngestionService - ✅ 🎯 Market resolved: marketType='Point handicap', selectedId='1714', outcome='Home (-9.5)'
2026-02-03 13:41:25.490 [arb-processor-56] INFO  c.m.bet.ingestion.IngestionService - 📎 Built URL for MSport: https://www.msport.com/ng/web/sports/Table%20Tennis/live/Czech_Republic_Czech_Liga_Pro/Bayer__Alesh_vs_Volf__Matej/sr:match:68523612
2026-02-03 13:41:25.491 [arb-processor-56] INFO  c.m.bet.ingestion.IngestionService - ✅ Built outcome - bookMaker: MSport, outcome: 'Home (-9.5)', odds: 2.4, url: ✓
2026-02-03 13:41:25.491 [arb-processor-56] INFO  c.m.bet.ingestion.IngestionService - 🔄 ℹ️ Processing sub-event 2/2 (ID: 16193963497722541324)...
2026-02-03 13:41:25.491 [arb-processor-56] INFO  c.m.bet.ingestion.IngestionService - ℹ️ 🔄 Sub-event 16193963497722541324 bookmaker: Bet9ja (ID: 33)
2026-02-03 13:41:25.491 [arb-processor-56] INFO  c.m.bet.ingestion.IngestionService - 🍪 ℹ️ Using key='id2' = 'LIVETT_12HNDN20@-9.5_2H' → selectedId='2H' for bookmaker: Bet9ja (source: own crumbs (post-underscore))
2026-02-03 13:41:25.491 [arb-processor-56] DEBUG c.m.bet.ingestion.IngestionService - 🎯 🍪 Getting market outcome for bookmaker: Bet9ja
2026-02-03 13:41:25.491 [arb-processor-56] INFO  c.m.bet.ingestion.IngestionService - ✅ 🎯 Market resolved: marketType='Asian Handicap', selectedId='2H', outcome='Player 2 +9.5'
2026-02-03 13:41:25.492 [arb-processor-56] DEBUG c.m.bet.ingestion.IngestionService - Built Bet9ja modern URL: https://sports.bet9ja.com/liveEvent/8671541
2026-02-03 13:41:25.492 [arb-processor-56] INFO  c.m.bet.ingestion.IngestionService - 📎 Built URL for Bet9ja: https://sports.bet9ja.com/liveEvent/8671541
2026-02-03 13:41:25.492 [arb-processor-56] INFO  c.m.bet.ingestion.IngestionService - ✅ Built outcome - bookMaker: Bet9ja, outcome: 'Player 2 +9.5', odds: 1.87, url: ✓
2026-02-03 13:41:25.492 [arb-processor-56] DEBUG c.m.bet.ingestion.IngestionService - ✅ 🔄 🎯 Converted event 16193963578347959809 to arb: MSport (2.4) vs Bet9ja (1.87) | 5.11% profit | marketType='Asian Handicap' | outcome='Player 2 +9.5'
2026-02-03 13:41:25.493 [arb-processor-66] DEBUG c.m.bet.ingestion.IngestionService - ✅ ⚡ 🔄 Successfully converted 1 events to arbitrages
2026-02-03 13:41:25.493 [arb-processor-66] DEBUG c.m.bet.ingestion.IngestionService - 🔄 ℹ️ Transforming 1 parsed items to entities...
2026-02-03 13:41:25.494 [arb-processor-66] DEBUG c.m.bet.ingestion.IngestionService - 💾 ℹ️ Saving 1 opportunities to database...
2026-02-03 13:41:25.494 [arb-processor-66] DEBUG c.m.bet.ingestion.IngestionService - 💾 ℹ️ Processing 1 opportunities for database save...
2026-02-03 13:41:25.506 [arb-processor-66] INFO  c.m.bet.ingestion.IngestionService - ✅ 💾 Database save completed: 1 new, 0 updated, 0 skipped
2026-02-03 13:41:25.506 [arb-processor-66] INFO  c.m.bet.ingestion.IngestionService - ✅ 📥 Live arbs ingestion completed: 1 opportunities saved in 229ms
2026-02-03 13:41:27.266 [arb-poller] INFO  c.m.bet.ingestion.IngestionService - 🔄 📥 [Poll #212] Starting live arbs fetch...
2026-02-03 13:41:27.266 [arb-processor-62] DEBUG c.m.bet.ingestion.IngestionService - 📥 Fetching live arbs from API...
2026-02-03 13:41:27.483 [arb-processor-62] DEBUG c.m.bet.ingestion.IngestionService - ✅ 📥 API returned 0 events
2026-02-03 13:41:27.483 [arb-processor-62] DEBUG c.m.bet.ingestion.IngestionService - 🔄 ⚡ ℹ️ Processing 0 events...
2026-02-03 13:41:27.483 [arb-processor-62] ERROR c.m.bet.ingestion.IngestionService - ❌ 🔄 Response validation failed: Errors: 1, Warnings: 1, Info: 1
2026-02-03 13:41:27.483 [arb-processor-62] WARN  c.m.bet.ingestion.IngestionService - ⚠️ 🔄 No events in response
2026-02-03 13:41:27.483 [arb-processor-62] DEBUG c.m.bet.ingestion.IngestionService - 🔄 ℹ️ Transforming 0 parsed items to entities...
2026-02-03 13:41:27.483 [arb-processor-62] DEBUG c.m.bet.ingestion.IngestionService - 💾 ℹ️ Saving 0 opportunities to database...
2026-02-03 13:41:27.483 [arb-processor-62] DEBUG c.m.bet.ingestion.IngestionService - 💾 ℹ️ Processing 0 opportunities for database save...
2026-02-03 13:41:27.483 [arb-processor-62] DEBUG c.m.bet.ingestion.IngestionService - ℹ️ 💾 No opportunities to save
2026-02-03 13:41:27.483 [arb-processor-62] INFO  c.m.bet.ingestion.IngestionService - ✅ 📥 Live arbs ingestion completed: 0 opportunities saved in 217ms
2026-02-03 13:41:29.262 [arb-poller] INFO  c.m.bet.ingestion.IngestionService - 🔄 📥 [Poll #213] Starting live arbs fetch...
2026-02-03 13:41:29.262 [arb-processor-67] DEBUG c.m.bet.ingestion.IngestionService - 📥 Fetching live arbs from API...
2026-02-03 13:41:29.458 [arb-processor-67] DEBUG c.m.bet.ingestion.IngestionService - ✅ 📥 API returned 0 events
2026-02-03 13:41:29.458 [arb-processor-67] DEBUG c.m.bet.ingestion.IngestionService - 🔄 ⚡ ℹ️ Processing 0 events...
2026-02-03 13:41:29.458 [arb-processor-67] ERROR c.m.bet.ingestion.IngestionService - ❌ 🔄 Response validation failed: Errors: 1, Warnings: 1, Info: 1
2026-02-03 13:41:29.458 [arb-processor-67] WARN  c.m.bet.ingestion.IngestionService - ⚠️ 🔄 No events in response
2026-02-03 13:41:29.458 [arb-processor-67] DEBUG c.m.bet.ingestion.IngestionService - 🔄 ℹ️ Transforming 0 parsed items to entities...
2026-02-03 13:41:29.458 [arb-processor-67] DEBUG c.m.bet.ingestion.IngestionService - 💾 ℹ️ Saving 0 opportunities to database...
2026-02-03 13:41:29.458 [arb-processor-67] DEBUG c.m.bet.ingestion.IngestionService - 💾 ℹ️ Processing 0 opportunities for database save...
2026-02-03 13:41:29.458 [arb-processor-67] DEBUG c.m.bet.ingestion.IngestionService - ℹ️ 💾 No opportunities to save
2026-02-03 13:41:29.458 [arb-processor-67] INFO  c.m.bet.ingestion.IngestionService - ✅ 📥 Live arbs ingestion completed: 0 opportunities saved in 196ms
2026-02-03 13:41:31.260 [arb-poller] INFO  c.m.bet.ingestion.IngestionService - 🔄 📥 [Poll #214] Starting live arbs fetch...
2026-02-03 13:41:31.260 [arb-processor-56] DEBUG c.m.bet.ingestion.IngestionService - 📥 Fetching live arbs from API...
2026-02-03 13:41:31.463 [arb-processor-56] DEBUG c.m.bet.ingestion.IngestionService - ✅ 📥 API returned 0 events
2026-02-03 13:41:31.463 [arb-processor-56] DEBUG c.m.bet.ingestion.IngestionService - 🔄 ⚡ ℹ️ Processing 0 events...
2026-02-03 13:41:31.463 [arb-processor-56] ERROR c.m.bet.ingestion.IngestionService - ❌ 🔄 Response validation failed: Errors: 1, Warnings: 1, Info: 1
2026-02-03 13:41:31.463 [arb-processor-56] WARN  c.m.bet.ingestion.IngestionService - ⚠️ 🔄 No events in response
2026-02-03 13:41:31.463 [arb-processor-56] DEBUG c.m.bet.ingestion.IngestionService - 🔄 ℹ️ Transforming 0 parsed items to entities...
2026-02-03 13:41:31.463 [arb-processor-56] DEBUG c.m.bet.ingestion.IngestionService - 💾 ℹ️ Saving 0 opportunities to database...
2026-02-03 13:41:31.463 [arb-processor-56] DEBUG c.m.bet.ingestion.IngestionService - 💾 ℹ️ Processing 0 opportunities for database save...
2026-02-03 13:41:31.463 [arb-processor-56] DEBUG c.m.bet.ingestion.IngestionService - ℹ️ 💾 No opportunities to save
2026-02-03 13:41:31.463 [arb-processor-56] INFO  c.m.bet.ingestion.IngestionService - ✅ 📥 Live arbs ingestion completed: 0 opportunities saved in 203ms
2026-02-03 13:41:33.260 [arb-poller] INFO  c.m.bet.ingestion.IngestionService - 🔄 📥 [Poll #215] Starting live arbs fetch...
2026-02-03 13:41:33.260 [arb-processor-66] DEBUG c.m.bet.ingestion.IngestionService - 📥 Fetching live arbs from API...
2026-02-03 13:41:33.462 [arb-processor-66] DEBUG c.m.bet.ingestion.IngestionService - ✅ 📥 API returned 0 events
2026-02-03 13:41:33.462 [arb-processor-66] DEBUG c.m.bet.ingestion.IngestionService - 🔄 ⚡ ℹ️ Processing 0 events...
2026-02-03 13:41:33.462 [arb-processor-66] ERROR c.m.bet.ingestion.IngestionService - ❌ 🔄 Response validation failed: Errors: 1, Warnings: 1, Info: 1
2026-02-03 13:41:33.462 [arb-processor-66] WARN  c.m.bet.ingestion.IngestionService - ⚠️ 🔄 No events in response
2026-02-03 13:41:33.462 [arb-processor-66] DEBUG c.m.bet.ingestion.IngestionService - 🔄 ℹ️ Transforming 0 parsed items to entities...
2026-02-03 13:41:33.462 [arb-processor-66] DEBUG c.m.bet.ingestion.IngestionService - 💾 ℹ️ Saving 0 opportunities to database...
2026-02-03 13:41:33.462 [arb-processor-66] DEBUG c.m.bet.ingestion.IngestionService - 💾 ℹ️ Processing 0 opportunities for database save...
2026-02-03 13:41:33.462 [arb-processor-66] DEBUG c.m.bet.ingestion.IngestionService - ℹ️ 💾 No opportunities to save
2026-02-03 13:41:33.462 [arb-processor-66] INFO  c.m.bet.ingestion.IngestionService - ✅ 📥 Live arbs ingestion completed: 0 opportunities saved in 202ms
2026-02-03 13:41:35.267 [arb-poller] INFO  c.m.bet.ingestion.IngestionService - 🔄 📥 [Poll #216] Starting live arbs fetch...
2026-02-03 13:41:35.267 [arb-processor-62] DEBUG c.m.bet.ingestion.IngestionService - 📥 Fetching live arbs from API...
2026-02-03 13:41:35.461 [arb-processor-62] DEBUG c.m.bet.ingestion.IngestionService - ✅ 📥 API returned 1 events
2026-02-03 13:41:35.461 [arb-processor-62] DEBUG c.m.bet.ingestion.IngestionService - 🔄 ⚡ ℹ️ Processing 1 events...
2026-02-03 13:41:35.461 [arb-processor-67] INFO  c.m.bet.ingestion.IngestionService - 🔄 ℹ️ Processing sub-event 1/2 (ID: 16193963496302676917)...
2026-02-03 13:41:35.461 [arb-processor-67] INFO  c.m.bet.ingestion.IngestionService - ℹ️ 🔄 Sub-event 16193963496302676917 bookmaker: MSport (ID: 80)
2026-02-03 13:41:35.461 [arb-processor-67] INFO  c.m.bet.ingestion.IngestionService - ✅ 🍪 Saved crumbs from MSport using key='oid' (3 entries)
2026-02-03 13:41:35.461 [arb-processor-67] INFO  c.m.bet.ingestion.IngestionService - 🍪 ℹ️ Using key='oid' = '1715' → selectedId='1715' for bookmaker: MSport (source: MSport)
2026-02-03 13:41:35.461 [arb-processor-67] DEBUG c.m.bet.ingestion.IngestionService - 🎯 🍪 Getting market outcome for bookmaker: MSport
2026-02-03 13:41:35.461 [arb-processor-67] INFO  c.m.bet.ingestion.IngestionService - ✅ 🎯 Market resolved: marketType='Point handicap', selectedId='1715', outcome='Away (-1.5)'
2026-02-03 13:41:35.462 [arb-processor-67] INFO  c.m.bet.ingestion.IngestionService - 📎 Built URL for MSport: https://www.msport.com/ng/web/sports/Table%20Tennis/live/International_TT_Elite_Series/Skotniczny__Rafal_vs_Oracz__Lukasz/sr:match:68533242
2026-02-03 13:41:35.462 [arb-processor-67] INFO  c.m.bet.ingestion.IngestionService - ✅ Built outcome - bookMaker: MSport, outcome: 'Away (-1.5)', odds: 2.2, url: ✓
2026-02-03 13:41:35.462 [arb-processor-67] INFO  c.m.bet.ingestion.IngestionService - 🔄 ℹ️ Processing sub-event 2/2 (ID: 16193963498470783647)...
2026-02-03 13:41:35.462 [arb-processor-67] INFO  c.m.bet.ingestion.IngestionService - ℹ️ 🔄 Sub-event 16193963498470783647 bookmaker: Bet9ja (ID: 33)
2026-02-03 13:41:35.462 [arb-processor-67] INFO  c.m.bet.ingestion.IngestionService - 🍪 ℹ️ Using key='id2' = 'LIVETT_12HNDN20@1.5_1H' → selectedId='1H' for bookmaker: Bet9ja (source: own crumbs (post-underscore))
2026-02-03 13:41:35.462 [arb-processor-67] DEBUG c.m.bet.ingestion.IngestionService - 🎯 🍪 Getting market outcome for bookmaker: Bet9ja
2026-02-03 13:41:35.462 [arb-processor-67] INFO  c.m.bet.ingestion.IngestionService - ✅ 🎯 Market resolved: marketType='Asian Handicap', selectedId='1H', outcome='Player 1 +1.5'
2026-02-03 13:41:35.462 [arb-processor-67] DEBUG c.m.bet.ingestion.IngestionService - Built Bet9ja modern URL: https://sports.bet9ja.com/liveEvent/8672537
2026-02-03 13:41:35.462 [arb-processor-67] INFO  c.m.bet.ingestion.IngestionService - 📎 Built URL for Bet9ja: https://sports.bet9ja.com/liveEvent/8672537
2026-02-03 13:41:35.462 [arb-processor-67] INFO  c.m.bet.ingestion.IngestionService - ✅ Built outcome - bookMaker: Bet9ja, outcome: 'Player 1 +1.5', odds: 1.93, url: ✓
2026-02-03 13:41:35.463 [arb-processor-67] DEBUG c.m.bet.ingestion.IngestionService - ✅ 🔄 🎯 Converted event 16193963789077461857 to arb: MSport (2.2) vs Bet9ja (1.93) | 2.81% profit | marketType='Asian Handicap' | outcome='Player 1 +1.5'
2026-02-03 13:41:35.463 [arb-processor-62] DEBUG c.m.bet.ingestion.IngestionService - ✅ ⚡ 🔄 Successfully converted 1 events to arbitrages
2026-02-03 13:41:35.463 [arb-processor-62] DEBUG c.m.bet.ingestion.IngestionService - 🔄 ℹ️ Transforming 1 parsed items to entities...
2026-02-03 13:41:35.463 [arb-processor-62] DEBUG c.m.bet.ingestion.IngestionService - 💾 ℹ️ Saving 1 opportunities to database...
2026-02-03 13:41:35.463 [arb-processor-62] DEBUG c.m.bet.ingestion.IngestionService - 💾 ℹ️ Processing 1 opportunities for database save...
2026-02-03 13:41:35.468 [arb-processor-62] INFO  c.m.bet.ingestion.IngestionService - ✅ 💾 Database save completed: 1 new, 0 updated, 0 skipped
2026-02-03 13:41:35.468 [arb-processor-62] INFO  c.m.bet.ingestion.IngestionService - ✅ 📥 Live arbs ingestion completed: 1 opportunities saved in 201ms
2026-02-03 13:41:37.274 [arb-poller] INFO  c.m.bet.ingestion.IngestionService - 🔄 📥 [Poll #217] Starting live arbs fetch...
2026-02-03 13:41:37.274 [arb-processor-56] DEBUG c.m.bet.ingestion.IngestionService - 📥 Fetching live arbs from API...
2026-02-03 13:41:37.468 [arb-processor-56] DEBUG c.m.bet.ingestion.IngestionService - ✅ 📥 API returned 2 events
2026-02-03 13:41:37.469 [arb-processor-56] DEBUG c.m.bet.ingestion.IngestionService - 🔄 ⚡ ℹ️ Processing 2 events...
2026-02-03 13:41:37.469 [arb-processor-66] INFO  c.m.bet.ingestion.IngestionService - 🔄 ℹ️ Processing sub-event 1/2 (ID: 16193959098537814803)...
2026-02-03 13:41:37.470 [arb-processor-67] INFO  c.m.bet.ingestion.IngestionService - 🔄 ℹ️ Processing sub-event 1/2 (ID: 16193963496302676917)...
2026-02-03 13:41:37.470 [arb-processor-67] INFO  c.m.bet.ingestion.IngestionService - ℹ️ 🔄 Sub-event 16193963496302676917 bookmaker: MSport (ID: 80)
2026-02-03 13:41:37.471 [arb-processor-67] INFO  c.m.bet.ingestion.IngestionService - ✅ 🍪 Saved crumbs from MSport using key='oid' (3 entries)
2026-02-03 13:41:37.471 [arb-processor-67] INFO  c.m.bet.ingestion.IngestionService - 🍪 ℹ️ Using key='oid' = '1715' → selectedId='1715' for bookmaker: MSport (source: MSport)
2026-02-03 13:41:37.471 [arb-processor-67] DEBUG c.m.bet.ingestion.IngestionService - 🎯 🍪 Getting market outcome for bookmaker: MSport
2026-02-03 13:41:37.471 [arb-processor-67] INFO  c.m.bet.ingestion.IngestionService - ✅ 🎯 Market resolved: marketType='Point handicap', selectedId='1715', outcome='Away (-1.5)'
2026-02-03 13:41:37.472 [arb-processor-67] INFO  c.m.bet.ingestion.IngestionService - 📎 Built URL for MSport: https://www.msport.com/ng/web/sports/Table%20Tennis/live/International_TT_Elite_Series/Skotniczny__Rafal_vs_Oracz__Lukasz/sr:match:68533242
2026-02-03 13:41:37.472 [arb-processor-67] INFO  c.m.bet.ingestion.IngestionService - ✅ Built outcome - bookMaker: MSport, outcome: 'Away (-1.5)', odds: 2.2, url: ✓
2026-02-03 13:41:37.472 [arb-processor-67] INFO  c.m.bet.ingestion.IngestionService - 🔄 ℹ️ Processing sub-event 2/2 (ID: 16193963498470783647)...
2026-02-03 13:41:37.472 [arb-processor-67] INFO  c.m.bet.ingestion.IngestionService - ℹ️ 🔄 Sub-event 16193963498470783647 bookmaker: Bet9ja (ID: 33)
2026-02-03 13:41:37.472 [arb-processor-67] INFO  c.m.bet.ingestion.IngestionService - 🍪 ℹ️ Using key='id2' = 'LIVETT_12HNDN20@1.5_1H' → selectedId='1H' for bookmaker: Bet9ja (source: own crumbs (post-underscore))
2026-02-03 13:41:37.473 [arb-processor-67] DEBUG c.m.bet.ingestion.IngestionService - 🎯 🍪 Getting market outcome for bookmaker: Bet9ja
2026-02-03 13:41:37.473 [arb-processor-67] INFO  c.m.bet.ingestion.IngestionService - ✅ 🎯 Market resolved: marketType='Asian Handicap', selectedId='1H', outcome='Player 1 +1.5'
2026-02-03 13:41:37.473 [arb-processor-67] DEBUG c.m.bet.ingestion.IngestionService - Built Bet9ja modern URL: https://sports.bet9ja.com/liveEvent/8672537
2026-02-03 13:41:37.474 [arb-processor-67] INFO  c.m.bet.ingestion.IngestionService - 📎 Built URL for Bet9ja: https://sports.bet9ja.com/liveEvent/8672537
2026-02-03 13:41:37.474 [arb-processor-66] INFO  c.m.bet.ingestion.IngestionService - ℹ️ 🔄 Sub-event 16193959098537814803 bookmaker: SportyBet (ID: 43)
2026-02-03 13:41:37.474 [arb-processor-67] INFO  c.m.bet.ingestion.IngestionService - ✅ Built outcome - bookMaker: Bet9ja, outcome: 'Player 1 +1.5', odds: 1.93, url: ✓
2026-02-03 13:41:37.474 [arb-processor-66] INFO  c.m.bet.ingestion.IngestionService - ✅ 🍪 Saved crumbs from SportyBet using key='oid' (3 entries)
2026-02-03 13:41:37.474 [arb-processor-67] DEBUG c.m.bet.ingestion.IngestionService - ✅ 🔄 🎯 Converted event 16193963789077461857 to arb: MSport (2.2) vs Bet9ja (1.93) | 2.81% profit | marketType='Asian Handicap' | outcome='Player 1 +1.5'
2026-02-03 13:41:37.474 [arb-processor-66] INFO  c.m.bet.ingestion.IngestionService - 🍪 ℹ️ Using key='oid' = '5' → selectedId='5' for bookmaker: SportyBet (source: SportyBet)
2026-02-03 13:41:37.474 [arb-processor-66] DEBUG c.m.bet.ingestion.IngestionService - 🎯 🍪 Getting market outcome for bookmaker: SportyBet
2026-02-03 13:41:37.474 [arb-processor-66] INFO  c.m.bet.ingestion.IngestionService - ✅ 🎯 Market resolved: marketType='Winner', selectedId='5', outcome='Away'
2026-02-03 13:41:37.474 [arb-processor-66] INFO  c.m.bet.ingestion.IngestionService - 📎 Built URL for SportyBet: https://www.sportybet.com/ng/sport/volleyball/live/Macao/1st Division/Lang_Ti_Sheng_vs_AO_Jun/sr:match:68483648
2026-02-03 13:41:37.475 [arb-processor-66] INFO  c.m.bet.ingestion.IngestionService - ✅ Built outcome - bookMaker: SportyBet, outcome: 'Away', odds: 4.05, url: ✓
2026-02-03 13:41:37.475 [arb-processor-66] INFO  c.m.bet.ingestion.IngestionService - 🔄 ℹ️ Processing sub-event 2/2 (ID: 16193959098434754758)...
2026-02-03 13:41:37.475 [arb-processor-66] INFO  c.m.bet.ingestion.IngestionService - ℹ️ 🔄 Sub-event 16193959098434754758 bookmaker: Betway (ID: 36)
2026-02-03 13:41:37.475 [arb-processor-66] INFO  c.m.bet.ingestion.IngestionService - 🍪 ℹ️ Using key='oid' = '5' → selectedId='5' for bookmaker: Betway (source: SportyBet)
2026-02-03 13:41:37.475 [arb-processor-66] DEBUG c.m.bet.ingestion.IngestionService - 🎯 🍪 Getting market outcome for bookmaker: Betway
2026-02-03 13:41:37.475 [arb-processor-66] ERROR c.m.bet.ingestion.IngestionService - No market outcome mapping for bookmaker: Betway
2026-02-03 13:41:37.475 [arb-processor-66] WARN  c.m.bet.ingestion.IngestionService - ⚠️ 🔄 Failed to convert event 16193960838797049569: No mapping for Betway
2026-02-03 13:41:37.475 [arb-processor-56] DEBUG c.m.bet.ingestion.IngestionService - ✅ ⚡ 🔄 Successfully converted 1 events to arbitrages
2026-02-03 13:41:37.475 [arb-processor-56] DEBUG c.m.bet.ingestion.IngestionService - 🔄 ℹ️ Transforming 1 parsed items to entities...
2026-02-03 13:41:37.475 [arb-processor-56] DEBUG c.m.bet.ingestion.IngestionService - 💾 ℹ️ Saving 1 opportunities to database...
2026-02-03 13:41:37.475 [arb-processor-56] DEBUG c.m.bet.ingestion.IngestionService - 💾 ℹ️ Processing 1 opportunities for database save...
2026-02-03 13:41:37.484 [arb-processor-56] INFO  c.m.bet.ingestion.IngestionService - ✅ 💾 Database save completed: 0 new, 1 updated, 0 skipped
2026-02-03 13:41:37.484 [arb-processor-56] INFO  c.m.bet.ingestion.IngestionService - ✅ 📥 Live arbs ingestion completed: 1 opportunities saved in 210ms
2026-02-03 13:41:39.263 [arb-poller] INFO  c.m.bet.ingestion.IngestionService - 🔄 📥 [Poll #218] Starting live arbs fetch...
2026-02-03 13:41:39.263 [arb-processor-62] DEBUG c.m.bet.ingestion.IngestionService - 📥 Fetching live arbs from API...
2026-02-03 13:41:39.482 [arb-processor-62] DEBUG c.m.bet.ingestion.IngestionService - ✅ 📥 API returned 2 events
2026-02-03 13:41:39.483 [arb-processor-62] DEBUG c.m.bet.ingestion.IngestionService - 🔄 ⚡ ℹ️ Processing 2 events...
2026-02-03 13:41:39.483 [arb-processor-66] INFO  c.m.bet.ingestion.IngestionService - 🔄 ℹ️ Processing sub-event 1/2 (ID: 16193963496302676917)...
2026-02-03 13:41:39.483 [arb-processor-67] INFO  c.m.bet.ingestion.IngestionService - 🔄 ℹ️ Processing sub-event 1/2 (ID: 16193959098537814803)...
2026-02-03 13:41:39.483 [arb-processor-66] INFO  c.m.bet.ingestion.IngestionService - ℹ️ 🔄 Sub-event 16193963496302676917 bookmaker: MSport (ID: 80)
2026-02-03 13:41:39.484 [arb-processor-67] INFO  c.m.bet.ingestion.IngestionService - ℹ️ 🔄 Sub-event 16193959098537814803 bookmaker: SportyBet (ID: 43)
2026-02-03 13:41:39.484 [arb-processor-66] INFO  c.m.bet.ingestion.IngestionService - ✅ 🍪 Saved crumbs from MSport using key='oid' (3 entries)
2026-02-03 13:41:39.484 [arb-processor-67] INFO  c.m.bet.ingestion.IngestionService - ✅ 🍪 Saved crumbs from SportyBet using key='oid' (3 entries)
2026-02-03 13:41:39.484 [arb-processor-66] INFO  c.m.bet.ingestion.IngestionService - 🍪 ℹ️ Using key='oid' = '1715' → selectedId='1715' for bookmaker: MSport (source: MSport)
2026-02-03 13:41:39.484 [arb-processor-67] INFO  c.m.bet.ingestion.IngestionService - 🍪 ℹ️ Using key='oid' = '5' → selectedId='5' for bookmaker: SportyBet (source: SportyBet)
2026-02-03 13:41:39.484 [arb-processor-66] DEBUG c.m.bet.ingestion.IngestionService - 🎯 🍪 Getting market outcome for bookmaker: MSport
2026-02-03 13:41:39.484 [arb-processor-67] DEBUG c.m.bet.ingestion.IngestionService - 🎯 🍪 Getting market outcome for bookmaker: SportyBet
2026-02-03 13:41:39.484 [arb-processor-66] INFO  c.m.bet.ingestion.IngestionService - ✅ 🎯 Market resolved: marketType='Point handicap', selectedId='1715', outcome='Away (-1.5)'
2026-02-03 13:41:39.484 [arb-processor-67] INFO  c.m.bet.ingestion.IngestionService - ✅ 🎯 Market resolved: marketType='Winner', selectedId='5', outcome='Away'
2026-02-03 13:41:39.484 [arb-processor-67] INFO  c.m.bet.ingestion.IngestionService - 📎 Built URL for SportyBet: https://www.sportybet.com/ng/sport/volleyball/live/Macao/1st Division/Lang_Ti_Sheng_vs_AO_Jun/sr:match:68483648
2026-02-03 13:41:39.484 [arb-processor-66] INFO  c.m.bet.ingestion.IngestionService - 📎 Built URL for MSport: https://www.msport.com/ng/web/sports/Table%20Tennis/live/International_TT_Elite_Series/Skotniczny__Rafal_vs_Oracz__Lukasz/sr:match:68533242
2026-02-03 13:41:39.484 [arb-processor-67] INFO  c.m.bet.ingestion.IngestionService - ✅ Built outcome - bookMaker: SportyBet, outcome: 'Away', odds: 4.05, url: ✓
2026-02-03 13:41:39.484 [arb-processor-66] INFO  c.m.bet.ingestion.IngestionService - ✅ Built outcome - bookMaker: MSport, outcome: 'Away (-1.5)', odds: 2.2, url: ✓
2026-02-03 13:41:39.484 [arb-processor-67] INFO  c.m.bet.ingestion.IngestionService - 🔄 ℹ️ Processing sub-event 2/2 (ID: 16193959098434754758)...
2026-02-03 13:41:39.484 [arb-processor-66] INFO  c.m.bet.ingestion.IngestionService - 🔄 ℹ️ Processing sub-event 2/2 (ID: 16193963498470783647)...
2026-02-03 13:41:39.484 [arb-processor-67] INFO  c.m.bet.ingestion.IngestionService - ℹ️ 🔄 Sub-event 16193959098434754758 bookmaker: Betway (ID: 36)
2026-02-03 13:41:39.484 [arb-processor-66] INFO  c.m.bet.ingestion.IngestionService - ℹ️ 🔄 Sub-event 16193963498470783647 bookmaker: Bet9ja (ID: 33)
2026-02-03 13:41:39.484 [arb-processor-67] INFO  c.m.bet.ingestion.IngestionService - 🍪 ℹ️ Using key='oid' = '5' → selectedId='5' for bookmaker: Betway (source: SportyBet)
2026-02-03 13:41:39.484 [arb-processor-66] INFO  c.m.bet.ingestion.IngestionService - 🍪 ℹ️ Using key='id2' = 'LIVETT_12HNDN20@1.5_1H' → selectedId='1H' for bookmaker: Bet9ja (source: own crumbs (post-underscore))
2026-02-03 13:41:39.484 [arb-processor-67] DEBUG c.m.bet.ingestion.IngestionService - 🎯 🍪 Getting market outcome for bookmaker: Betway
2026-02-03 13:41:39.484 [arb-processor-66] DEBUG c.m.bet.ingestion.IngestionService - 🎯 🍪 Getting market outcome for bookmaker: Bet9ja
2026-02-03 13:41:39.484 [arb-processor-67] ERROR c.m.bet.ingestion.IngestionService - No market outcome mapping for bookmaker: Betway
2026-02-03 13:41:39.484 [arb-processor-66] INFO  c.m.bet.ingestion.IngestionService - ✅ 🎯 Market resolved: marketType='Asian Handicap', selectedId='1H', outcome='Player 1 +1.5'
2026-02-03 13:41:39.484 [arb-processor-66] DEBUG c.m.bet.ingestion.IngestionService - Built Bet9ja modern URL: https://sports.bet9ja.com/liveEvent/8672537
2026-02-03 13:41:39.484 [arb-processor-67] WARN  c.m.bet.ingestion.IngestionService - ⚠️ 🔄 Failed to convert event 16193960838797049569: No mapping for Betway
2026-02-03 13:41:39.485 [arb-processor-66] INFO  c.m.bet.ingestion.IngestionService - 📎 Built URL for Bet9ja: https://sports.bet9ja.com/liveEvent/8672537
2026-02-03 13:41:39.485 [arb-processor-66] INFO  c.m.bet.ingestion.IngestionService - ✅ Built outcome - bookMaker: Bet9ja, outcome: 'Player 1 +1.5', odds: 1.93, url: ✓
2026-02-03 13:41:39.485 [arb-processor-66] DEBUG c.m.bet.ingestion.IngestionService - ✅ 🔄 🎯 Converted event 16193963789077461857 to arb: MSport (2.2) vs Bet9ja (1.93) | 2.81% profit | marketType='Asian Handicap' | outcome='Player 1 +1.5'
2026-02-03 13:41:39.485 [arb-processor-62] DEBUG c.m.bet.ingestion.IngestionService - ✅ ⚡ 🔄 Successfully converted 1 events to arbitrages
2026-02-03 13:41:39.485 [arb-processor-62] DEBUG c.m.bet.ingestion.IngestionService - 🔄 ℹ️ Transforming 1 parsed items to entities...
2026-02-03 13:41:39.485 [arb-processor-62] DEBUG c.m.bet.ingestion.IngestionService - 💾 ℹ️ Saving 1 opportunities to database...
2026-02-03 13:41:39.485 [arb-processor-62] DEBUG c.m.bet.ingestion.IngestionService - 💾 ℹ️ Processing 1 opportunities for database save...
2026-02-03 13:41:39.502 [arb-processor-62] INFO  c.m.bet.ingestion.IngestionService - ✅ 💾 Database save completed: 0 new, 1 updated, 0 skipped
2026-02-03 13:41:39.507 [arb-processor-62] INFO  c.m.bet.ingestion.IngestionService - ✅ 📥 Live arbs ingestion completed: 1 opportunities saved in 244ms
2026-02-03 13:41:41.260 [arb-poller] INFO  c.m.bet.ingestion.IngestionService - 🔄 📥 [Poll #219] Starting live arbs fetch...
2026-02-03 13:41:41.262 [arb-processor-56] DEBUG c.m.bet.ingestion.IngestionService - 📥 Fetching live arbs from API...
2026-02-03 13:41:41.467 [arb-processor-56] DEBUG c.m.bet.ingestion.IngestionService - ✅ 📥 API returned 1 events
2026-02-03 13:41:41.467 [arb-processor-56] DEBUG c.m.bet.ingestion.IngestionService - 🔄 ⚡ ℹ️ Processing 1 events...
2026-02-03 13:41:41.467 [arb-processor-67] INFO  c.m.bet.ingestion.IngestionService - 🔄 ℹ️ Processing sub-event 1/2 (ID: 16193959098537814803)...
2026-02-03 13:41:41.467 [arb-processor-67] INFO  c.m.bet.ingestion.IngestionService - ℹ️ 🔄 Sub-event 16193959098537814803 bookmaker: SportyBet (ID: 43)
2026-02-03 13:41:41.467 [arb-processor-67] INFO  c.m.bet.ingestion.IngestionService - ✅ 🍪 Saved crumbs from SportyBet using key='oid' (3 entries)
2026-02-03 13:41:41.468 [arb-processor-67] INFO  c.m.bet.ingestion.IngestionService - 🍪 ℹ️ Using key='oid' = '5' → selectedId='5' for bookmaker: SportyBet (source: SportyBet)
2026-02-03 13:41:41.468 [arb-processor-67] DEBUG c.m.bet.ingestion.IngestionService - 🎯 🍪 Getting market outcome for bookmaker: SportyBet
2026-02-03 13:41:41.468 [arb-processor-67] INFO  c.m.bet.ingestion.IngestionService - ✅ 🎯 Market resolved: marketType='Winner', selectedId='5', outcome='Away'
2026-02-03 13:41:41.468 [arb-processor-67] INFO  c.m.bet.ingestion.IngestionService - 📎 Built URL for SportyBet: https://www.sportybet.com/ng/sport/volleyball/live/Macao/1st Division/Lang_Ti_Sheng_vs_AO_Jun/sr:match:68483648
2026-02-03 13:41:41.468 [arb-processor-67] INFO  c.m.bet.ingestion.IngestionService - ✅ Built outcome - bookMaker: SportyBet, outcome: 'Away', odds: 4.05, url: ✓
2026-02-03 13:41:41.468 [arb-processor-67] INFO  c.m.bet.ingestion.IngestionService - 🔄 ℹ️ Processing sub-event 2/2 (ID: 16193959098434754758)...
2026-02-03 13:41:41.468 [arb-processor-67] INFO  c.m.bet.ingestion.IngestionService - ℹ️ 🔄 Sub-event 16193959098434754758 bookmaker: Betway (ID: 36)
2026-02-03 13:41:41.468 [arb-processor-67] INFO  c.m.bet.ingestion.IngestionService - 🍪 ℹ️ Using key='oid' = '5' → selectedId='5' for bookmaker: Betway (source: SportyBet)
2026-02-03 13:41:41.468 [arb-processor-67] DEBUG c.m.bet.ingestion.IngestionService - 🎯 🍪 Getting market outcome for bookmaker: Betway
2026-02-03 13:41:41.468 [arb-processor-67] ERROR c.m.bet.ingestion.IngestionService - No market outcome mapping for bookmaker: Betway
2026-02-03 13:41:41.468 [arb-processor-67] WARN  c.m.bet.ingestion.IngestionService - ⚠️ 🔄 Failed to convert event 16193960838797049569: No mapping for Betway
2026-02-03 13:41:41.468 [arb-processor-56] DEBUG c.m.bet.ingestion.IngestionService - ✅ ⚡ 🔄 Successfully converted 0 events to arbitrages
2026-02-03 13:41:41.469 [arb-processor-56] DEBUG c.m.bet.ingestion.IngestionService - 🔄 ℹ️ Transforming 0 parsed items to entities...
2026-02-03 13:41:41.469 [arb-processor-56] DEBUG c.m.bet.ingestion.IngestionService - 💾 ℹ️ Saving 0 opportunities to database...
2026-02-03 13:41:41.469 [arb-processor-56] DEBUG c.m.bet.ingestion.IngestionService - 💾 ℹ️ Processing 0 opportunities for database save...
2026-02-03 13:41:41.469 [arb-processor-56] DEBUG c.m.bet.ingestion.IngestionService - ℹ️ 💾 No opportunities to save
2026-02-03 13:41:41.469 [arb-processor-56] INFO  c.m.bet.ingestion.IngestionService - ✅ 📥 Live arbs ingestion completed: 0 opportunities saved in 207ms
2026-02-03 13:41:43.261 [arb-poller] INFO  c.m.bet.ingestion.IngestionService - 🔄 📥 [Poll #220] Starting live arbs fetch...
2026-02-03 13:41:43.262 [arb-processor-66] DEBUG c.m.bet.ingestion.IngestionService - 📥 Fetching live arbs from API...
2026-02-03 13:41:43.467 [arb-processor-66] DEBUG c.m.bet.ingestion.IngestionService - ✅ 📥 API returned 1 events
2026-02-03 13:41:43.468 [arb-processor-66] DEBUG c.m.bet.ingestion.IngestionService - 🔄 ⚡ ℹ️ Processing 1 events...
2026-02-03 13:41:43.468 [arb-processor-62] INFO  c.m.bet.ingestion.IngestionService - 🔄 ℹ️ Processing sub-event 1/2 (ID: 16193959098434754758)...
2026-02-03 13:41:43.468 [arb-processor-62] INFO  c.m.bet.ingestion.IngestionService - ℹ️ 🔄 Sub-event 16193959098434754758 bookmaker: Betway (ID: 36)
2026-02-03 13:41:43.468 [arb-processor-62] INFO  c.m.bet.ingestion.IngestionService - ✅ 🍪 Saved crumbs from Betway using key='oid' (1 entries)
2026-02-03 13:41:43.468 [arb-processor-62] WARN  c.m.bet.ingestion.IngestionService - ⚠️ 🍪 Missing key 'oid' in crumbs for Betway (available keys: [id])
2026-02-03 13:41:43.468 [arb-processor-62] DEBUG c.m.bet.ingestion.IngestionService - URL building not implemented for bookmaker: Betway
2026-02-03 13:41:43.468 [arb-processor-62] DEBUG c.m.bet.ingestion.IngestionService - No URL built for bookmaker: Betway
2026-02-03 13:41:43.468 [arb-processor-62] INFO  c.m.bet.ingestion.IngestionService - ✅ Built outcome - bookMaker: Betway, outcome: '', odds: 4.1, url: ✗
2026-02-03 13:41:43.469 [arb-processor-62] INFO  c.m.bet.ingestion.IngestionService - 🔄 ℹ️ Processing sub-event 2/2 (ID: 16193959101443208821)...
2026-02-03 13:41:43.469 [arb-processor-62] INFO  c.m.bet.ingestion.IngestionService - ℹ️ 🔄 Sub-event 16193959101443208821 bookmaker: Bet9ja (ID: 33)
2026-02-03 13:41:43.469 [arb-processor-62] INFO  c.m.bet.ingestion.IngestionService - 🍪 ℹ️ Using key='id2' = 'LIVEV_12_1' → selectedId='1' for bookmaker: Bet9ja (source: own crumbs (post-underscore))
2026-02-03 13:41:43.469 [arb-processor-62] DEBUG c.m.bet.ingestion.IngestionService - 🎯 🍪 Getting market outcome for bookmaker: Bet9ja
2026-02-03 13:41:43.469 [arb-processor-62] WARN  c.m.bet.ingestion.IngestionService - ⚠️ 🎯 Market outcome returned null for bookmaker: Bet9ja
2026-02-03 13:41:43.469 [arb-processor-62] DEBUG c.m.bet.ingestion.IngestionService - Built Bet9ja modern URL: https://sports.bet9ja.com/liveEvent/8673426
2026-02-03 13:41:43.469 [arb-processor-62] INFO  c.m.bet.ingestion.IngestionService - 📎 Built URL for Bet9ja: https://sports.bet9ja.com/liveEvent/8673426
2026-02-03 13:41:43.469 [arb-processor-62] INFO  c.m.bet.ingestion.IngestionService - ✅ Built outcome - bookMaker: Bet9ja, outcome: '', odds: 1.37, url: ✓
2026-02-03 13:41:43.469 [arb-processor-62] DEBUG c.m.bet.ingestion.IngestionService - ✅ 🔄 🎯 Converted event 16193960838797049569 to arb: Betway (4.1) vs Bet9ja (1.37) | 2.69% profit | marketType='' | outcome=''
2026-02-03 13:41:43.469 [arb-processor-66] DEBUG c.m.bet.ingestion.IngestionService - ✅ ⚡ 🔄 Successfully converted 1 events to arbitrages
2026-02-03 13:41:43.469 [arb-processor-66] DEBUG c.m.bet.ingestion.IngestionService - 🔄 ℹ️ Transforming 1 parsed items to entities...
2026-02-03 13:41:43.470 [arb-processor-66] DEBUG c.m.bet.ingestion.IngestionService - 💾 ℹ️ Saving 1 opportunities to database...
2026-02-03 13:41:43.471 [arb-processor-66] DEBUG c.m.bet.ingestion.IngestionService - 💾 ℹ️ Processing 1 opportunities for database save...
2026-02-03 13:41:43.483 [arb-processor-66] INFO  c.m.bet.ingestion.IngestionService - ✅ 💾 Database save completed: 1 new, 0 updated, 0 skipped
2026-02-03 13:41:43.484 [arb-processor-66] INFO  c.m.bet.ingestion.IngestionService - ✅ 📥 Live arbs ingestion completed: 1 opportunities saved in 222ms
2026-02-03 13:41:45.268 [arb-poller] INFO  c.m.bet.ingestion.IngestionService - 🔄 📥 [Poll #221] Starting live arbs fetch...
2026-02-03 13:41:45.269 [arb-processor-67] DEBUG c.m.bet.ingestion.IngestionService - 📥 Fetching live arbs from API...
2026-02-03 13:41:45.473 [arb-processor-67] DEBUG c.m.bet.ingestion.IngestionService - ✅ 📥 API returned 0 events
2026-02-03 13:41:45.473 [arb-processor-67] DEBUG c.m.bet.ingestion.IngestionService - 🔄 ⚡ ℹ️ Processing 0 events...
2026-02-03 13:41:45.473 [arb-processor-67] ERROR c.m.bet.ingestion.IngestionService - ❌ 🔄 Response validation failed: Errors: 1, Warnings: 1, Info: 1
2026-02-03 13:41:45.473 [arb-processor-67] WARN  c.m.bet.ingestion.IngestionService - ⚠️ 🔄 No events in response
2026-02-03 13:41:45.474 [arb-processor-67] DEBUG c.m.bet.ingestion.IngestionService - 🔄 ℹ️ Transforming 0 parsed items to entities...
2026-02-03 13:41:45.474 [arb-processor-67] DEBUG c.m.bet.ingestion.IngestionService - 💾 ℹ️ Saving 0 opportunities to database...
2026-02-03 13:41:45.474 [arb-processor-67] DEBUG c.m.bet.ingestion.IngestionService - 💾 ℹ️ Processing 0 opportunities for database save...
2026-02-03 13:41:45.474 [arb-processor-67] DEBUG c.m.bet.ingestion.IngestionService - ℹ️ 💾 No opportunities to save
2026-02-03 13:41:45.474 [arb-processor-67] INFO  c.m.bet.ingestion.IngestionService - ✅ 📥 Live arbs ingestion completed: 0 opportunities saved in 205ms
2026-02-03 13:41:47.283 [arb-poller] INFO  c.m.bet.ingestion.IngestionService - 🔄 📥 [Poll #222] Starting live arbs fetch...
2026-02-03 13:41:47.284 [arb-processor-56] DEBUG c.m.bet.ingestion.IngestionService - 📥 Fetching live arbs from API...
2026-02-03 13:41:47.488 [arb-processor-56] DEBUG c.m.bet.ingestion.IngestionService - ✅ 📥 API returned 0 events
2026-02-03 13:41:47.488 [arb-processor-56] DEBUG c.m.bet.ingestion.IngestionService - 🔄 ⚡ ℹ️ Processing 0 events...
2026-02-03 13:41:47.488 [arb-processor-56] ERROR c.m.bet.ingestion.IngestionService - ❌ 🔄 Response validation failed: Errors: 1, Warnings: 1, Info: 1
2026-02-03 13:41:47.488 [arb-processor-56] WARN  c.m.bet.ingestion.IngestionService - ⚠️ 🔄 No events in response
2026-02-03 13:41:47.488 [arb-processor-56] DEBUG c.m.bet.ingestion.IngestionService - 🔄 ℹ️ Transforming 0 parsed items to entities...
2026-02-03 13:41:47.488 [arb-processor-56] DEBUG c.m.bet.ingestion.IngestionService - 💾 ℹ️ Saving 0 opportunities to database...
2026-02-03 13:41:47.488 [arb-processor-56] DEBUG c.m.bet.ingestion.IngestionService - 💾 ℹ️ Processing 0 opportunities for database save...
2026-02-03 13:41:47.488 [arb-processor-56] DEBUG c.m.bet.ingestion.IngestionService - ℹ️ 💾 No opportunities to save
2026-02-03 13:41:47.488 [arb-processor-56] INFO  c.m.bet.ingestion.IngestionService - ✅ 📥 Live arbs ingestion completed: 0 opportunities saved in 204ms
2026-02-03 13:41:49.264 [arb-poller] INFO  c.m.bet.ingestion.IngestionService - 🔄 📥 [Poll #223] Starting live arbs fetch...
2026-02-03 13:41:49.265 [arb-processor-62] DEBUG c.m.bet.ingestion.IngestionService - 📥 Fetching live arbs from API...
2026-02-03 13:41:49.478 [arb-processor-62] DEBUG c.m.bet.ingestion.IngestionService - ✅ 📥 API returned 1 events
2026-02-03 13:41:49.478 [arb-processor-62] DEBUG c.m.bet.ingestion.IngestionService - 🔄 ⚡ ℹ️ Processing 1 events...
2026-02-03 13:41:49.478 [arb-processor-66] INFO  c.m.bet.ingestion.IngestionService - 🔄 ℹ️ Processing sub-event 1/2 (ID: 16193959098434754758)...
2026-02-03 13:41:49.478 [arb-processor-66] INFO  c.m.bet.ingestion.IngestionService - ℹ️ 🔄 Sub-event 16193959098434754758 bookmaker: Betway (ID: 36)
2026-02-03 13:41:49.478 [arb-processor-66] INFO  c.m.bet.ingestion.IngestionService - ✅ 🍪 Saved crumbs from Betway using key='oid' (1 entries)
2026-02-03 13:41:49.479 [arb-processor-66] WARN  c.m.bet.ingestion.IngestionService - ⚠️ 🍪 Missing key 'oid' in crumbs for Betway (available keys: [id])
2026-02-03 13:41:49.479 [arb-processor-66] DEBUG c.m.bet.ingestion.IngestionService - URL building not implemented for bookmaker: Betway
2026-02-03 13:41:49.479 [arb-processor-66] DEBUG c.m.bet.ingestion.IngestionService - No URL built for bookmaker: Betway
2026-02-03 13:41:49.479 [arb-processor-66] INFO  c.m.bet.ingestion.IngestionService - ✅ Built outcome - bookMaker: Betway, outcome: '', odds: 4.1, url: ✗
2026-02-03 13:41:49.479 [arb-processor-66] INFO  c.m.bet.ingestion.IngestionService - 🔄 ℹ️ Processing sub-event 2/2 (ID: 16193959101443208821)...
2026-02-03 13:41:49.479 [arb-processor-66] INFO  c.m.bet.ingestion.IngestionService - ℹ️ 🔄 Sub-event 16193959101443208821 bookmaker: Bet9ja (ID: 33)
2026-02-03 13:41:49.479 [arb-processor-66] INFO  c.m.bet.ingestion.IngestionService - 🍪 ℹ️ Using key='id2' = 'LIVEV_12_1' → selectedId='1' for bookmaker: Bet9ja (source: own crumbs (post-underscore))
2026-02-03 13:41:49.479 [arb-processor-66] DEBUG c.m.bet.ingestion.IngestionService - 🎯 🍪 Getting market outcome for bookmaker: Bet9ja
2026-02-03 13:41:49.479 [arb-processor-66] WARN  c.m.bet.ingestion.IngestionService - ⚠️ 🎯 Market outcome returned null for bookmaker: Bet9ja
2026-02-03 13:41:49.479 [arb-processor-66] DEBUG c.m.bet.ingestion.IngestionService - Built Bet9ja modern URL: https://sports.bet9ja.com/liveEvent/8673426
2026-02-03 13:41:49.479 [arb-processor-66] INFO  c.m.bet.ingestion.IngestionService - 📎 Built URL for Bet9ja: https://sports.bet9ja.com/liveEvent/8673426
2026-02-03 13:41:49.479 [arb-processor-66] INFO  c.m.bet.ingestion.IngestionService - ✅ Built outcome - bookMaker: Bet9ja, outcome: '', odds: 1.37, url: ✓
2026-02-03 13:41:49.479 [arb-processor-66] DEBUG c.m.bet.ingestion.IngestionService - ✅ 🔄 🎯 Converted event 16193960838797049569 to arb: Betway (4.1) vs Bet9ja (1.37) | 2.69% profit | marketType='' | outcome=''
2026-02-03 13:41:49.479 [arb-processor-62] DEBUG c.m.bet.ingestion.IngestionService - ✅ ⚡ 🔄 Successfully converted 1 events to arbitrages
2026-02-03 13:41:49.480 [arb-processor-62] DEBUG c.m.bet.ingestion.IngestionService - 🔄 ℹ️ Transforming 1 parsed items to entities...
2026-02-03 13:41:49.480 [arb-processor-62] DEBUG c.m.bet.ingestion.IngestionService - 💾 ℹ️ Saving 1 opportunities to database...
2026-02-03 13:41:49.480 [arb-processor-62] DEBUG c.m.bet.ingestion.IngestionService - 💾 ℹ️ Processing 1 opportunities for database save...
2026-02-03 13:41:49.493 [arb-processor-62] INFO  c.m.bet.ingestion.IngestionService - ✅ 💾 Database save completed: 0 new, 1 updated, 0 skipped
2026-02-03 13:41:49.493 [arb-processor-62] INFO  c.m.bet.ingestion.IngestionService - ✅ 📥 Live arbs ingestion completed: 1 opportunities saved in 228ms
2026-02-03 13:41:51.261 [arb-poller] INFO  c.m.bet.ingestion.IngestionService - 🔄 📥 [Poll #224] Starting live arbs fetch...
2026-02-03 13:41:51.261 [arb-processor-67] DEBUG c.m.bet.ingestion.IngestionService - 📥 Fetching live arbs from API...
2026-02-03 13:41:51.503 [arb-processor-67] DEBUG c.m.bet.ingestion.IngestionService - ✅ 📥 API returned 1 events
2026-02-03 13:41:51.503 [arb-processor-67] DEBUG c.m.bet.ingestion.IngestionService - 🔄 ⚡ ℹ️ Processing 1 events...
2026-02-03 13:41:51.503 [arb-processor-56] INFO  c.m.bet.ingestion.IngestionService - 🔄 ℹ️ Processing sub-event 1/2 (ID: 16193959098434754758)...
2026-02-03 13:41:51.503 [arb-processor-56] INFO  c.m.bet.ingestion.IngestionService - ℹ️ 🔄 Sub-event 16193959098434754758 bookmaker: Betway (ID: 36)
2026-02-03 13:41:51.503 [arb-processor-56] INFO  c.m.bet.ingestion.IngestionService - ✅ 🍪 Saved crumbs from Betway using key='oid' (1 entries)
2026-02-03 13:41:51.503 [arb-processor-56] WARN  c.m.bet.ingestion.IngestionService - ⚠️ 🍪 Missing key 'oid' in crumbs for Betway (available keys: [id])
2026-02-03 13:41:51.503 [arb-processor-56] DEBUG c.m.bet.ingestion.IngestionService - URL building not implemented for bookmaker: Betway
2026-02-03 13:41:51.504 [arb-processor-56] DEBUG c.m.bet.ingestion.IngestionService - No URL built for bookmaker: Betway
2026-02-03 13:41:51.504 [arb-processor-56] INFO  c.m.bet.ingestion.IngestionService - ✅ Built outcome - bookMaker: Betway, outcome: '', odds: 4.1, url: ✗
2026-02-03 13:41:51.504 [arb-processor-56] INFO  c.m.bet.ingestion.IngestionService - 🔄 ℹ️ Processing sub-event 2/2 (ID: 16193959101443208821)...
2026-02-03 13:41:51.504 [arb-processor-56] INFO  c.m.bet.ingestion.IngestionService - ℹ️ 🔄 Sub-event 16193959101443208821 bookmaker: Bet9ja (ID: 33)
2026-02-03 13:41:51.504 [arb-processor-56] INFO  c.m.bet.ingestion.IngestionService - 🍪 ℹ️ Using key='id2' = 'LIVEV_12_1' → selectedId='1' for bookmaker: Bet9ja (source: own crumbs (post-underscore))
2026-02-03 13:41:51.504 [arb-processor-56] DEBUG c.m.bet.ingestion.IngestionService - 🎯 🍪 Getting market outcome for bookmaker: Bet9ja
2026-02-03 13:41:51.504 [arb-processor-56] WARN  c.m.bet.ingestion.IngestionService - ⚠️ 🎯 Market outcome returned null for bookmaker: Bet9ja
2026-02-03 13:41:51.504 [arb-processor-56] DEBUG c.m.bet.ingestion.IngestionService - Built Bet9ja modern URL: https://sports.bet9ja.com/liveEvent/8673426
2026-02-03 13:41:51.504 [arb-processor-56] INFO  c.m.bet.ingestion.IngestionService - 📎 Built URL for Bet9ja: https://sports.bet9ja.com/liveEvent/8673426
2026-02-03 13:41:51.505 [arb-processor-56] INFO  c.m.bet.ingestion.IngestionService - ✅ Built outcome - bookMaker: Bet9ja, outcome: '', odds: 1.37, url: ✓
2026-02-03 13:41:51.505 [arb-processor-56] DEBUG c.m.bet.ingestion.IngestionService - ✅ 🔄 🎯 Converted event 16193960838797049569 to arb: Betway (4.1) vs Bet9ja (1.37) | 2.69% profit | marketType='' | outcome=''
2026-02-03 13:41:51.505 [arb-processor-67] DEBUG c.m.bet.ingestion.IngestionService - ✅ ⚡ 🔄 Successfully converted 1 events to arbitrages
2026-02-03 13:41:51.505 [arb-processor-67] DEBUG c.m.bet.ingestion.IngestionService - 🔄 ℹ️ Transforming 1 parsed items to entities...
2026-02-03 13:41:51.505 [arb-processor-67] DEBUG c.m.bet.ingestion.IngestionService - 💾 ℹ️ Saving 1 opportunities to database...
2026-02-03 13:41:51.505 [arb-processor-67] DEBUG c.m.bet.ingestion.IngestionService - 💾 ℹ️ Processing 1 opportunities for database save...
2026-02-03 13:41:51.514 [arb-processor-67] INFO  c.m.bet.ingestion.IngestionService - ✅ 💾 Database save completed: 0 new, 1 updated, 0 skipped
2026-02-03 13:41:51.514 [arb-processor-67] INFO  c.m.bet.ingestion.IngestionService - ✅ 📥 Live arbs ingestion completed: 1 opportunities saved in 253ms
2026-02-03 13:41:53.326 [arb-poller] INFO  c.m.bet.ingestion.IngestionService - 🔄 📥 [Poll #225] Starting live arbs fetch...
2026-02-03 13:41:53.326 [arb-processor-66] DEBUG c.m.bet.ingestion.IngestionService - 📥 Fetching live arbs from API...
2026-02-03 13:41:53.525 [arb-processor-66] DEBUG c.m.bet.ingestion.IngestionService - ✅ 📥 API returned 1 events
2026-02-03 13:41:53.525 [arb-processor-66] DEBUG c.m.bet.ingestion.IngestionService - 🔄 ⚡ ℹ️ Processing 1 events...
2026-02-03 13:41:53.526 [arb-processor-62] INFO  c.m.bet.ingestion.IngestionService - 🔄 ℹ️ Processing sub-event 1/2 (ID: 16193959101443208821)...
2026-02-03 13:41:53.526 [arb-processor-62] INFO  c.m.bet.ingestion.IngestionService - ℹ️ 🔄 Sub-event 16193959101443208821 bookmaker: Bet9ja (ID: 33)
2026-02-03 13:41:53.526 [arb-processor-62] INFO  c.m.bet.ingestion.IngestionService - 🍪 ℹ️ Using key='id2' = 'LIVEV_12_1' → selectedId='1' for bookmaker: Bet9ja (source: own crumbs (post-underscore))
2026-02-03 13:41:53.526 [arb-processor-62] DEBUG c.m.bet.ingestion.IngestionService - 🎯 🍪 Getting market outcome for bookmaker: Bet9ja
2026-02-03 13:41:53.526 [arb-processor-62] WARN  c.m.bet.ingestion.IngestionService - ⚠️ 🎯 Market outcome returned null for bookmaker: Bet9ja
2026-02-03 13:41:53.526 [arb-processor-62] DEBUG c.m.bet.ingestion.IngestionService - Built Bet9ja modern URL: https://sports.bet9ja.com/liveEvent/8673426
2026-02-03 13:41:53.526 [arb-processor-62] INFO  c.m.bet.ingestion.IngestionService - 📎 Built URL for Bet9ja: https://sports.bet9ja.com/liveEvent/8673426
2026-02-03 13:41:53.526 [arb-processor-62] INFO  c.m.bet.ingestion.IngestionService - ✅ Built outcome - bookMaker: Bet9ja, outcome: '', odds: 1.37, url: ✓
2026-02-03 13:41:53.526 [arb-processor-62] INFO  c.m.bet.ingestion.IngestionService - 🔄 ℹ️ Processing sub-event 2/2 (ID: 16193959098434754758)...
2026-02-03 13:41:53.526 [arb-processor-62] INFO  c.m.bet.ingestion.IngestionService - ℹ️ 🔄 Sub-event 16193959098434754758 bookmaker: Betway (ID: 36)
2026-02-03 13:41:53.527 [arb-processor-62] INFO  c.m.bet.ingestion.IngestionService - ✅ 🍪 Saved crumbs from Betway using key='oid' (1 entries)
2026-02-03 13:41:53.527 [arb-processor-62] WARN  c.m.bet.ingestion.IngestionService - ⚠️ 🍪 Missing key 'oid' in crumbs for Betway (available keys: [id])
2026-02-03 13:41:53.527 [arb-processor-62] DEBUG c.m.bet.ingestion.IngestionService - URL building not implemented for bookmaker: Betway
2026-02-03 13:41:53.527 [arb-processor-62] DEBUG c.m.bet.ingestion.IngestionService - No URL built for bookmaker: Betway
2026-02-03 13:41:53.527 [arb-processor-62] INFO  c.m.bet.ingestion.IngestionService - ✅ Built outcome - bookMaker: Betway, outcome: '', odds: 4.1, url: ✗
2026-02-03 13:41:53.527 [arb-processor-62] DEBUG c.m.bet.ingestion.IngestionService - ✅ 🔄 🎯 Converted event 16193960838797049569 to arb: Bet9ja (1.37) vs Betway (4.1) | 2.69% profit | marketType='' | outcome=''
2026-02-03 13:41:53.527 [arb-processor-66] DEBUG c.m.bet.ingestion.IngestionService - ✅ ⚡ 🔄 Successfully converted 1 events to arbitrages
2026-02-03 13:41:53.527 [arb-processor-66] DEBUG c.m.bet.ingestion.IngestionService - 🔄 ℹ️ Transforming 1 parsed items to entities...
2026-02-03 13:41:53.527 [arb-processor-66] DEBUG c.m.bet.ingestion.IngestionService - 💾 ℹ️ Saving 1 opportunities to database...
2026-02-03 13:41:53.527 [arb-processor-66] DEBUG c.m.bet.ingestion.IngestionService - 💾 ℹ️ Processing 1 opportunities for database save...
2026-02-03 13:41:53.537 [arb-processor-66] INFO  c.m.bet.ingestion.IngestionService - ✅ 💾 Database save completed: 0 new, 1 updated, 0 skipped
2026-02-03 13:41:53.537 [arb-processor-66] INFO  c.m.bet.ingestion.IngestionService - ✅ 📥 Live arbs ingestion completed: 1 opportunities saved in 211ms
2026-02-03 13:41:55.265 [arb-poller] INFO  c.m.bet.ingestion.IngestionService - 🔄 📥 [Poll #226] Starting live arbs fetch...
2026-02-03 13:41:55.266 [arb-processor-56] DEBUG c.m.bet.ingestion.IngestionService - 📥 Fetching live arbs from API...
2026-02-03 13:41:55.466 [arb-processor-56] DEBUG c.m.bet.ingestion.IngestionService - ✅ 📥 API returned 1 events
2026-02-03 13:41:55.466 [arb-processor-56] DEBUG c.m.bet.ingestion.IngestionService - 🔄 ⚡ ℹ️ Processing 1 events...
2026-02-03 13:41:55.467 [arb-processor-67] INFO  c.m.bet.ingestion.IngestionService - 🔄 ℹ️ Processing sub-event 1/2 (ID: 16193959098434754758)...
2026-02-03 13:41:55.467 [arb-processor-67] INFO  c.m.bet.ingestion.IngestionService - ℹ️ 🔄 Sub-event 16193959098434754758 bookmaker: Betway (ID: 36)
2026-02-03 13:41:55.467 [arb-processor-67] INFO  c.m.bet.ingestion.IngestionService - ✅ 🍪 Saved crumbs from Betway using key='oid' (1 entries)
2026-02-03 13:41:55.467 [arb-processor-67] WARN  c.m.bet.ingestion.IngestionService - ⚠️ 🍪 Missing key 'oid' in crumbs for Betway (available keys: [id])
2026-02-03 13:41:55.467 [arb-processor-67] DEBUG c.m.bet.ingestion.IngestionService - URL building not implemented for bookmaker: Betway
2026-02-03 13:41:55.467 [arb-processor-67] DEBUG c.m.bet.ingestion.IngestionService - No URL built for bookmaker: Betway
2026-02-03 13:41:55.467 [arb-processor-67] INFO  c.m.bet.ingestion.IngestionService - ✅ Built outcome - bookMaker: Betway, outcome: '', odds: 4.1, url: ✗
2026-02-03 13:41:55.467 [arb-processor-67] INFO  c.m.bet.ingestion.IngestionService - 🔄 ℹ️ Processing sub-event 2/2 (ID: 16193959101443208821)...
2026-02-03 13:41:55.467 [arb-processor-67] INFO  c.m.bet.ingestion.IngestionService - ℹ️ 🔄 Sub-event 16193959101443208821 bookmaker: Bet9ja (ID: 33)
2026-02-03 13:41:55.467 [arb-processor-67] INFO  c.m.bet.ingestion.IngestionService - 🍪 ℹ️ Using key='id2' = 'LIVEV_12_1' → selectedId='1' for bookmaker: Bet9ja (source: own crumbs (post-underscore))
2026-02-03 13:41:55.467 [arb-processor-67] DEBUG c.m.bet.ingestion.IngestionService - 🎯 🍪 Getting market outcome for bookmaker: Bet9ja
2026-02-03 13:41:55.467 [arb-processor-67] WARN  c.m.bet.ingestion.IngestionService - ⚠️ 🎯 Market outcome returned null for bookmaker: Bet9ja
2026-02-03 13:41:55.467 [arb-processor-67] DEBUG c.m.bet.ingestion.IngestionService - Built Bet9ja modern URL: https://sports.bet9ja.com/liveEvent/8673426
2026-02-03 13:41:55.467 [arb-processor-67] INFO  c.m.bet.ingestion.IngestionService - 📎 Built URL for Bet9ja: https://sports.bet9ja.com/liveEvent/8673426
2026-02-03 13:41:55.468 [arb-processor-67] INFO  c.m.bet.ingestion.IngestionService - ✅ Built outcome - bookMaker: Bet9ja, outcome: '', odds: 1.37, url: ✓
2026-02-03 13:41:55.468 [arb-processor-67] DEBUG c.m.bet.ingestion.IngestionService - ✅ 🔄 🎯 Converted event 16193960838797049569 to arb: Betway (4.1) vs Bet9ja (1.37) | 2.69% profit | marketType='' | outcome=''
2026-02-03 13:41:55.468 [arb-processor-56] DEBUG c.m.bet.ingestion.IngestionService - ✅ ⚡ 🔄 Successfully converted 1 events to arbitrages
2026-02-03 13:41:55.468 [arb-processor-56] DEBUG c.m.bet.ingestion.IngestionService - 🔄 ℹ️ Transforming 1 parsed items to entities...
2026-02-03 13:41:55.468 [arb-processor-56] DEBUG c.m.bet.ingestion.IngestionService - 💾 ℹ️ Saving 1 opportunities to database...
2026-02-03 13:41:55.468 [arb-processor-56] DEBUG c.m.bet.ingestion.IngestionService - 💾 ℹ️ Processing 1 opportunities for database save...
2026-02-03 13:41:55.480 [arb-processor-56] INFO  c.m.bet.ingestion.IngestionService - ✅ 💾 Database save completed: 0 new, 1 updated, 0 skipped
2026-02-03 13:41:55.480 [arb-processor-56] INFO  c.m.bet.ingestion.IngestionService - ✅ 📥 Live arbs ingestion completed: 1 opportunities saved in 214ms
2026-02-03 13:41:57.264 [arb-poller] INFO  c.m.bet.ingestion.IngestionService - 🔄 📥 [Poll #227] Starting live arbs fetch...
2026-02-03 13:41:57.264 [arb-processor-62] DEBUG c.m.bet.ingestion.IngestionService - 📥 Fetching live arbs from API...
2026-02-03 13:41:57.470 [arb-processor-62] DEBUG c.m.bet.ingestion.IngestionService - ✅ 📥 API returned 0 events
2026-02-03 13:41:57.470 [arb-processor-62] DEBUG c.m.bet.ingestion.IngestionService - 🔄 ⚡ ℹ️ Processing 0 events...
2026-02-03 13:41:57.470 [arb-processor-62] ERROR c.m.bet.ingestion.IngestionService - ❌ 🔄 Response validation failed: Errors: 1, Warnings: 1, Info: 1
2026-02-03 13:41:57.470 [arb-processor-62] WARN  c.m.bet.ingestion.IngestionService - ⚠️ 🔄 No events in response
2026-02-03 13:41:57.470 [arb-processor-62] DEBUG c.m.bet.ingestion.IngestionService - 🔄 ℹ️ Transforming 0 parsed items to entities...
2026-02-03 13:41:57.470 [arb-processor-62] DEBUG c.m.bet.ingestion.IngestionService - 💾 ℹ️ Saving 0 opportunities to database...
2026-02-03 13:41:57.470 [arb-processor-62] DEBUG c.m.bet.ingestion.IngestionService - 💾 ℹ️ Processing 0 opportunities for database save...
2026-02-03 13:41:57.470 [arb-processor-62] DEBUG c.m.bet.ingestion.IngestionService - ℹ️ 💾 No opportunities to save
2026-02-03 13:41:57.470 [arb-processor-62] INFO  c.m.bet.ingestion.IngestionService - ✅ 📥 Live arbs ingestion completed: 0 opportunities saved in 206ms
2026-02-03 13:41:59.260 [arb-poller] INFO  c.m.bet.ingestion.IngestionService - 🔄 📥 [Poll #228] Starting live arbs fetch...
2026-02-03 13:41:59.260 [arb-processor-66] DEBUG c.m.bet.ingestion.IngestionService - 📥 Fetching live arbs from API...
2026-02-03 13:41:59.470 [arb-processor-66] DEBUG c.m.bet.ingestion.IngestionService - ✅ 📥 API returned 0 events
2026-02-03 13:41:59.470 [arb-processor-66] DEBUG c.m.bet.ingestion.IngestionService - 🔄 ⚡ ℹ️ Processing 0 events...
2026-02-03 13:41:59.470 [arb-processor-66] ERROR c.m.bet.ingestion.IngestionService - ❌ 🔄 Response validation failed: Errors: 1, Warnings: 1, Info: 1
2026-02-03 13:41:59.470 [arb-processor-66] WARN  c.m.bet.ingestion.IngestionService - ⚠️ 🔄 No events in response
2026-02-03 13:41:59.470 [arb-processor-66] DEBUG c.m.bet.ingestion.IngestionService - 🔄 ℹ️ Transforming 0 parsed items to entities...
2026-02-03 13:41:59.471 [arb-processor-66] DEBUG c.m.bet.ingestion.IngestionService - 💾 ℹ️ Saving 0 opportunities to database...
2026-02-03 13:41:59.471 [arb-processor-66] DEBUG c.m.bet.ingestion.IngestionService - 💾 ℹ️ Processing 0 opportunities for database save...
2026-02-03 13:41:59.471 [arb-processor-66] DEBUG c.m.bet.ingestion.IngestionService - ℹ️ 💾 No opportunities to save
2026-02-03 13:41:59.471 [arb-processor-66] INFO  c.m.bet.ingestion.IngestionService - ✅ 📥 Live arbs ingestion completed: 0 opportunities saved in 211ms
2026-02-03 13:42:01.268 [arb-poller] INFO  c.m.bet.ingestion.IngestionService - 🔄 📥 [Poll #229] Starting live arbs fetch...
2026-02-03 13:42:01.268 [arb-processor-67] DEBUG c.m.bet.ingestion.IngestionService - 📥 Fetching live arbs from API...
2026-02-03 13:42:01.487 [arb-processor-67] DEBUG c.m.bet.ingestion.IngestionService - ✅ 📥 API returned 0 events
2026-02-03 13:42:01.487 [arb-processor-67] DEBUG c.m.bet.ingestion.IngestionService - 🔄 ⚡ ℹ️ Processing 0 events...
2026-02-03 13:42:01.487 [arb-processor-67] ERROR c.m.bet.ingestion.IngestionService - ❌ 🔄 Response validation failed: Errors: 1, Warnings: 1, Info: 1
2026-02-03 13:42:01.487 [arb-processor-67] WARN  c.m.bet.ingestion.IngestionService - ⚠️ 🔄 No events in response
2026-02-03 13:42:01.487 [arb-processor-67] DEBUG c.m.bet.ingestion.IngestionService - 🔄 ℹ️ Transforming 0 parsed items to entities...
2026-02-03 13:42:01.487 [arb-processor-67] DEBUG c.m.bet.ingestion.IngestionService - 💾 ℹ️ Saving 0 opportunities to database...
2026-02-03 13:42:01.487 [arb-processor-67] DEBUG c.m.bet.ingestion.IngestionService - 💾 ℹ️ Processing 0 opportunities for database save...
2026-02-03 13:42:01.487 [arb-processor-67] DEBUG c.m.bet.ingestion.IngestionService - ℹ️ 💾 No opportunities to save
2026-02-03 13:42:01.487 [arb-processor-67] INFO  c.m.bet.ingestion.IngestionService - ✅ 📥 Live arbs ingestion completed: 0 opportunities saved in 219ms
2026-02-03 13:42:03.267 [arb-poller] INFO  c.m.bet.ingestion.IngestionService - 🔄 📥 [Poll #230] Starting live arbs fetch...
2026-02-03 13:42:03.267 [arb-processor-56] DEBUG c.m.bet.ingestion.IngestionService - 📥 Fetching live arbs from API...
2026-02-03 13:42:03.468 [arb-processor-56] DEBUG c.m.bet.ingestion.IngestionService - ✅ 📥 API returned 0 events
2026-02-03 13:42:03.468 [arb-processor-56] DEBUG c.m.bet.ingestion.IngestionService - 🔄 ⚡ ℹ️ Processing 0 events...
2026-02-03 13:42:03.469 [arb-processor-56] ERROR c.m.bet.ingestion.IngestionService - ❌ 🔄 Response validation failed: Errors: 1, Warnings: 1, Info: 1
2026-02-03 13:42:03.469 [arb-processor-56] WARN  c.m.bet.ingestion.IngestionService - ⚠️ 🔄 No events in response
2026-02-03 13:42:03.469 [arb-processor-56] DEBUG c.m.bet.ingestion.IngestionService - 🔄 ℹ️ Transforming 0 parsed items to entities...
2026-02-03 13:42:03.469 [arb-processor-56] DEBUG c.m.bet.ingestion.IngestionService - 💾 ℹ️ Saving 0 opportunities to database...
2026-02-03 13:42:03.469 [arb-processor-56] DEBUG c.m.bet.ingestion.IngestionService - 💾 ℹ️ Processing 0 opportunities for database save...
2026-02-03 13:42:03.469 [arb-processor-56] DEBUG c.m.bet.ingestion.IngestionService - ℹ️ 💾 No opportunities to save
2026-02-03 13:42:03.469 [arb-processor-56] INFO  c.m.bet.ingestion.IngestionService - ✅ 📥 Live arbs ingestion completed: 0 opportunities saved in 202ms
2026-02-03 13:42:05.261 [arb-poller] INFO  c.m.bet.ingestion.IngestionService - 🔄 📥 [Poll #231] Starting live arbs fetch...
2026-02-03 13:42:05.261 [arb-processor-62] DEBUG c.m.bet.ingestion.IngestionService - 📥 Fetching live arbs from API...
2026-02-03 13:42:05.464 [arb-processor-62] DEBUG c.m.bet.ingestion.IngestionService - ✅ 📥 API returned 0 events
2026-02-03 13:42:05.465 [arb-processor-62] DEBUG c.m.bet.ingestion.IngestionService - 🔄 ⚡ ℹ️ Processing 0 events...
2026-02-03 13:42:05.466 [arb-processor-62] ERROR c.m.bet.ingestion.IngestionService - ❌ 🔄 Response validation failed: Errors: 1, Warnings: 1, Info: 1
2026-02-03 13:42:05.466 [arb-processor-62] WARN  c.m.bet.ingestion.IngestionService - ⚠️ 🔄 No events in response
2026-02-03 13:42:05.467 [arb-processor-62] DEBUG c.m.bet.ingestion.IngestionService - 🔄 ℹ️ Transforming 0 parsed items to entities...
2026-02-03 13:42:05.468 [arb-processor-62] DEBUG c.m.bet.ingestion.IngestionService - 💾 ℹ️ Saving 0 opportunities to database...
2026-02-03 13:42:05.468 [arb-processor-62] DEBUG c.m.bet.ingestion.IngestionService - 💾 ℹ️ Processing 0 opportunities for database save...
2026-02-03 13:42:05.468 [arb-processor-62] DEBUG c.m.bet.ingestion.IngestionService - ℹ️ 💾 No opportunities to save
2026-02-03 13:42:05.469 [arb-processor-62] INFO  c.m.bet.ingestion.IngestionService - ✅ 📥 Live arbs ingestion completed: 0 opportunities saved in 208ms
2026-02-03 13:42:07.260 [arb-poller] INFO  c.m.bet.ingestion.IngestionService - 🔄 📥 [Poll #232] Starting live arbs fetch...
2026-02-03 13:42:07.261 [arb-processor-66] DEBUG c.m.bet.ingestion.IngestionService - 📥 Fetching live arbs from API...
2026-02-03 13:42:07.455 [arb-processor-66] DEBUG c.m.bet.ingestion.IngestionService - ✅ 📥 API returned 0 events
2026-02-03 13:42:07.455 [arb-processor-66] DEBUG c.m.bet.ingestion.IngestionService - 🔄 ⚡ ℹ️ Processing 0 events...
2026-02-03 13:42:07.456 [arb-processor-66] ERROR c.m.bet.ingestion.IngestionService - ❌ 🔄 Response validation failed: Errors: 1, Warnings: 1, Info: 1
2026-02-03 13:42:07.456 [arb-processor-66] WARN  c.m.bet.ingestion.IngestionService - ⚠️ 🔄 No events in response
2026-02-03 13:42:07.456 [arb-processor-66] DEBUG c.m.bet.ingestion.IngestionService - 🔄 ℹ️ Transforming 0 parsed items to entities...
2026-02-03 13:42:07.456 [arb-processor-66] DEBUG c.m.bet.ingestion.IngestionService - 💾 ℹ️ Saving 0 opportunities to database...
2026-02-03 13:42:07.456 [arb-processor-66] DEBUG c.m.bet.ingestion.IngestionService - 💾 ℹ️ Processing 0 opportunities for database save...
2026-02-03 13:42:07.456 [arb-processor-66] DEBUG c.m.bet.ingestion.IngestionService - ℹ️ 💾 No opportunities to save
2026-02-03 13:42:07.456 [arb-processor-66] INFO  c.m.bet.ingestion.IngestionService - ✅ 📥 Live arbs ingestion completed: 0 opportunities saved in 195ms
2026-02-03 13:42:09.260 [arb-poller] INFO  c.m.bet.ingestion.IngestionService - 🔄 📥 [Poll #233] Starting live arbs fetch...
2026-02-03 13:42:09.260 [arb-processor-67] DEBUG c.m.bet.ingestion.IngestionService - 📥 Fetching live arbs from API...
2026-02-03 13:42:09.475 [arb-processor-67] DEBUG c.m.bet.ingestion.IngestionService - ✅ 📥 API returned 0 events
2026-02-03 13:42:09.475 [arb-processor-67] DEBUG c.m.bet.ingestion.IngestionService - 🔄 ⚡ ℹ️ Processing 0 events...
2026-02-03 13:42:09.475 [arb-processor-67] ERROR c.m.bet.ingestion.IngestionService - ❌ 🔄 Response validation failed: Errors: 1, Warnings: 1, Info: 1
2026-02-03 13:42:09.475 [arb-processor-67] WARN  c.m.bet.ingestion.IngestionService - ⚠️ 🔄 No events in response
2026-02-03 13:42:09.475 [arb-processor-67] DEBUG c.m.bet.ingestion.IngestionService - 🔄 ℹ️ Transforming 0 parsed items to entities...
2026-02-03 13:42:09.475 [arb-processor-67] DEBUG c.m.bet.ingestion.IngestionService - 💾 ℹ️ Saving 0 opportunities to database...
2026-02-03 13:42:09.475 [arb-processor-67] DEBUG c.m.bet.ingestion.IngestionService - 💾 ℹ️ Processing 0 opportunities for database save...
2026-02-03 13:42:09.475 [arb-processor-67] DEBUG c.m.bet.ingestion.IngestionService - ℹ️ 💾 No opportunities to save
2026-02-03 13:42:09.475 [arb-processor-67] INFO  c.m.bet.ingestion.IngestionService - ✅ 📥 Live arbs ingestion completed: 0 opportunities saved in 215ms
2026-02-03 13:42:11.261 [arb-poller] INFO  c.m.bet.ingestion.IngestionService - 🔄 📥 [Poll #234] Starting live arbs fetch...
2026-02-03 13:42:11.261 [arb-processor-56] DEBUG c.m.bet.ingestion.IngestionService - 📥 Fetching live arbs from API...
2026-02-03 13:42:11.468 [arb-processor-56] DEBUG c.m.bet.ingestion.IngestionService - ✅ 📥 API returned 0 events
2026-02-03 13:42:11.469 [arb-processor-56] DEBUG c.m.bet.ingestion.IngestionService - 🔄 ⚡ ℹ️ Processing 0 events...
2026-02-03 13:42:11.469 [arb-processor-56] ERROR c.m.bet.ingestion.IngestionService - ❌ 🔄 Response validation failed: Errors: 1, Warnings: 1, Info: 1
2026-02-03 13:42:11.469 [arb-processor-56] WARN  c.m.bet.ingestion.IngestionService - ⚠️ 🔄 No events in response
2026-02-03 13:42:11.469 [arb-processor-56] DEBUG c.m.bet.ingestion.IngestionService - 🔄 ℹ️ Transforming 0 parsed items to entities...
2026-02-03 13:42:11.469 [arb-processor-56] DEBUG c.m.bet.ingestion.IngestionService - 💾 ℹ️ Saving 0 opportunities to database...
2026-02-03 13:42:11.469 [arb-processor-56] DEBUG c.m.bet.ingestion.IngestionService - 💾 ℹ️ Processing 0 opportunities for database save...
2026-02-03 13:42:11.469 [arb-processor-56] DEBUG c.m.bet.ingestion.IngestionService - ℹ️ 💾 No opportunities to save
2026-02-03 13:42:11.469 [arb-processor-56] INFO  c.m.bet.ingestion.IngestionService - ✅ 📥 Live arbs ingestion completed: 0 opportunities saved in 208ms
2026-02-03 13:42:13.263 [arb-poller] INFO  c.m.bet.ingestion.IngestionService - 🔄 📥 [Poll #235] Starting live arbs fetch...
2026-02-03 13:42:13.264 [arb-processor-62] DEBUG c.m.bet.ingestion.IngestionService - 📥 Fetching live arbs from API...
2026-02-03 13:42:13.470 [arb-processor-62] DEBUG c.m.bet.ingestion.IngestionService - ✅ 📥 API returned 1 events
2026-02-03 13:42:13.470 [arb-processor-62] DEBUG c.m.bet.ingestion.IngestionService - 🔄 ⚡ ℹ️ Processing 1 events...
2026-02-03 13:42:13.470 [arb-processor-66] INFO  c.m.bet.ingestion.IngestionService - 🔄 ℹ️ Processing sub-event 1/2 (ID: 16193959101007047205)...
2026-02-03 13:42:13.470 [arb-processor-66] INFO  c.m.bet.ingestion.IngestionService - ℹ️ 🔄 Sub-event 16193959101007047205 bookmaker: SportyBet (ID: 43)
2026-02-03 13:42:13.470 [arb-processor-66] INFO  c.m.bet.ingestion.IngestionService - ✅ 🍪 Saved crumbs from SportyBet using key='oid' (3 entries)
2026-02-03 13:42:13.470 [arb-processor-66] INFO  c.m.bet.ingestion.IngestionService - 🍪 ℹ️ Using key='oid' = '12' → selectedId='12' for bookmaker: SportyBet (source: SportyBet)
2026-02-03 13:42:13.470 [arb-processor-66] DEBUG c.m.bet.ingestion.IngestionService - 🎯 🍪 Getting market outcome for bookmaker: SportyBet
2026-02-03 13:42:13.471 [arb-processor-66] INFO  c.m.bet.ingestion.IngestionService - ✅ 🎯 Market resolved: marketType='3rd quarter - Over/Under', selectedId='12', outcome='Over 48.5'
2026-02-03 13:42:13.471 [arb-processor-66] INFO  c.m.bet.ingestion.IngestionService - 📎 Built URL for SportyBet: https://www.sportybet.com/ng/sport/basketball/live/China/CBA/Guangdong_Southern_Tigers_vs_Shanghai_Sharks/sr:match:64981054
2026-02-03 13:42:13.471 [arb-processor-66] INFO  c.m.bet.ingestion.IngestionService - ✅ Built outcome - bookMaker: SportyBet, outcome: 'Over 48.5', odds: 2.3, url: ✓
2026-02-03 13:42:13.471 [arb-processor-66] INFO  c.m.bet.ingestion.IngestionService - 🔄 ℹ️ Processing sub-event 2/2 (ID: 16193959100364180437)...
2026-02-03 13:42:13.471 [arb-processor-66] INFO  c.m.bet.ingestion.IngestionService - ℹ️ 🔄 Sub-event 16193959100364180437 bookmaker: Betway (ID: 36)
2026-02-03 13:42:13.471 [arb-processor-66] INFO  c.m.bet.ingestion.IngestionService - 🍪 ℹ️ Using key='oid' = '12' → selectedId='12' for bookmaker: Betway (source: SportyBet)
2026-02-03 13:42:13.471 [arb-processor-66] DEBUG c.m.bet.ingestion.IngestionService - 🎯 🍪 Getting market outcome for bookmaker: Betway
2026-02-03 13:42:13.471 [arb-processor-66] ERROR c.m.bet.ingestion.IngestionService - No market outcome mapping for bookmaker: Betway
2026-02-03 13:42:13.471 [arb-processor-66] WARN  c.m.bet.ingestion.IngestionService - ⚠️ 🔄 Failed to convert event 16193959249739519960: No mapping for Betway
2026-02-03 13:42:13.471 [arb-processor-62] DEBUG c.m.bet.ingestion.IngestionService - ✅ ⚡ 🔄 Successfully converted 0 events to arbitrages
2026-02-03 13:42:13.471 [arb-processor-62] DEBUG c.m.bet.ingestion.IngestionService - 🔄 ℹ️ Transforming 0 parsed items to entities...
2026-02-03 13:42:13.471 [arb-processor-62] DEBUG c.m.bet.ingestion.IngestionService - 💾 ℹ️ Saving 0 opportunities to database...
2026-02-03 13:42:13.471 [arb-processor-62] DEBUG c.m.bet.ingestion.IngestionService - 💾 ℹ️ Processing 0 opportunities for database save...
2026-02-03 13:42:13.471 [arb-processor-62] DEBUG c.m.bet.ingestion.IngestionService - ℹ️ 💾 No opportunities to save
2026-02-03 13:42:13.471 [arb-processor-62] INFO  c.m.bet.ingestion.IngestionService - ✅ 📥 Live arbs ingestion completed: 0 opportunities saved in 207ms
2026-02-03 13:42:15.261 [arb-poller] INFO  c.m.bet.ingestion.IngestionService - 🔄 📥 [Poll #236] Starting live arbs fetch...
2026-02-03 13:42:15.261 [arb-processor-67] DEBUG c.m.bet.ingestion.IngestionService - 📥 Fetching live arbs from API...
2026-02-03 13:42:15.468 [arb-processor-67] DEBUG c.m.bet.ingestion.IngestionService - ✅ 📥 API returned 0 events
2026-02-03 13:42:15.468 [arb-processor-67] DEBUG c.m.bet.ingestion.IngestionService - 🔄 ⚡ ℹ️ Processing 0 events...
2026-02-03 13:42:15.468 [arb-processor-67] ERROR c.m.bet.ingestion.IngestionService - ❌ 🔄 Response validation failed: Errors: 1, Warnings: 1, Info: 1
2026-02-03 13:42:15.468 [arb-processor-67] WARN  c.m.bet.ingestion.IngestionService - ⚠️ 🔄 No events in response
2026-02-03 13:42:15.468 [arb-processor-67] DEBUG c.m.bet.ingestion.IngestionService - 🔄 ℹ️ Transforming 0 parsed items to entities...
2026-02-03 13:42:15.468 [arb-processor-67] DEBUG c.m.bet.ingestion.IngestionService - 💾 ℹ️ Saving 0 opportunities to database...
2026-02-03 13:42:15.468 [arb-processor-67] DEBUG c.m.bet.ingestion.IngestionService - 💾 ℹ️ Processing 0 opportunities for database save...
2026-02-03 13:42:15.468 [arb-processor-67] DEBUG c.m.bet.ingestion.IngestionService - ℹ️ 💾 No opportunities to save
2026-02-03 13:42:15.468 [arb-processor-67] INFO  c.m.bet.ingestion.IngestionService - ✅ 📥 Live arbs ingestion completed: 0 opportunities saved in 207ms
2026-02-03 13:42:17.261 [arb-poller] INFO  c.m.bet.ingestion.IngestionService - 🔄 📥 [Poll #237] Starting live arbs fetch...
2026-02-03 13:42:17.261 [arb-processor-56] DEBUG c.m.bet.ingestion.IngestionService - 📥 Fetching live arbs from API...
2026-02-03 13:42:17.477 [arb-processor-56] DEBUG c.m.bet.ingestion.IngestionService - ✅ 📥 API returned 0 events
2026-02-03 13:42:17.477 [arb-processor-56] DEBUG c.m.bet.ingestion.IngestionService - 🔄 ⚡ ℹ️ Processing 0 events...
2026-02-03 13:42:17.477 [arb-processor-56] ERROR c.m.bet.ingestion.IngestionService - ❌ 🔄 Response validation failed: Errors: 1, Warnings: 1, Info: 1
2026-02-03 13:42:17.477 [arb-processor-56] WARN  c.m.bet.ingestion.IngestionService - ⚠️ 🔄 No events in response
2026-02-03 13:42:17.477 [arb-processor-56] DEBUG c.m.bet.ingestion.IngestionService - 🔄 ℹ️ Transforming 0 parsed items to entities...
2026-02-03 13:42:17.478 [arb-processor-56] DEBUG c.m.bet.ingestion.IngestionService - 💾 ℹ️ Saving 0 opportunities to database...
2026-02-03 13:42:17.478 [arb-processor-56] DEBUG c.m.bet.ingestion.IngestionService - 💾 ℹ️ Processing 0 opportunities for database save...
2026-02-03 13:42:17.478 [arb-processor-56] DEBUG c.m.bet.ingestion.IngestionService - ℹ️ 💾 No opportunities to save
2026-02-03 13:42:17.478 [arb-processor-56] INFO  c.m.bet.ingestion.IngestionService - ✅ 📥 Live arbs ingestion completed: 0 opportunities saved in 217ms
2026-02-03 13:42:19.260 [arb-poller] INFO  c.m.bet.ingestion.IngestionService - 🔄 📥 [Poll #238] Starting live arbs fetch...
2026-02-03 13:42:19.261 [arb-processor-66] DEBUG c.m.bet.ingestion.IngestionService - 📥 Fetching live arbs from API...
2026-02-03 13:42:19.446 [arb-processor-66] DEBUG c.m.bet.ingestion.IngestionService - ✅ 📥 API returned 0 events
2026-02-03 13:42:19.446 [arb-processor-66] DEBUG c.m.bet.ingestion.IngestionService - 🔄 ⚡ ℹ️ Processing 0 events...
2026-02-03 13:42:19.446 [arb-processor-66] ERROR c.m.bet.ingestion.IngestionService - ❌ 🔄 Response validation failed: Errors: 1, Warnings: 1, Info: 1
2026-02-03 13:42:19.446 [arb-processor-66] WARN  c.m.bet.ingestion.IngestionService - ⚠️ 🔄 No events in response
2026-02-03 13:42:19.446 [arb-processor-66] DEBUG c.m.bet.ingestion.IngestionService - 🔄 ℹ️ Transforming 0 parsed items to entities...
2026-02-03 13:42:19.447 [arb-processor-66] DEBUG c.m.bet.ingestion.IngestionService - 💾 ℹ️ Saving 0 opportunities to database...
2026-02-03 13:42:19.447 [arb-processor-66] DEBUG c.m.bet.ingestion.IngestionService - 💾 ℹ️ Processing 0 opportunities for database save...
2026-02-03 13:42:19.447 [arb-processor-66] DEBUG c.m.bet.ingestion.IngestionService - ℹ️ 💾 No opportunities to save
2026-02-03 13:42:19.447 [arb-processor-66] INFO  c.m.bet.ingestion.IngestionService - ✅ 📥 Live arbs ingestion completed: 0 opportunities saved in 186ms
2026-02-03 13:42:21.260 [arb-poller] INFO  c.m.bet.ingestion.IngestionService - 🔄 📥 [Poll #239] Starting live arbs fetch...
2026-02-03 13:42:21.260 [arb-processor-62] DEBUG c.m.bet.ingestion.IngestionService - 📥 Fetching live arbs from API...
2026-02-03 13:42:21.477 [arb-processor-62] DEBUG c.m.bet.ingestion.IngestionService - ✅ 📥 API returned 0 events
2026-02-03 13:42:21.477 [arb-processor-62] DEBUG c.m.bet.ingestion.IngestionService - 🔄 ⚡ ℹ️ Processing 0 events...
2026-02-03 13:42:21.477 [arb-processor-62] ERROR c.m.bet.ingestion.IngestionService - ❌ 🔄 Response validation failed: Errors: 1, Warnings: 1, Info: 1
2026-02-03 13:42:21.477 [arb-processor-62] WARN  c.m.bet.ingestion.IngestionService - ⚠️ 🔄 No events in response
2026-02-03 13:42:21.477 [arb-processor-62] DEBUG c.m.bet.ingestion.IngestionService - 🔄 ℹ️ Transforming 0 parsed items to entities...
2026-02-03 13:42:21.477 [arb-processor-62] DEBUG c.m.bet.ingestion.IngestionService - 💾 ℹ️ Saving 0 opportunities to database...
2026-02-03 13:42:21.478 [arb-processor-62] DEBUG c.m.bet.ingestion.IngestionService - 💾 ℹ️ Processing 0 opportunities for database save...
2026-02-03 13:42:21.478 [arb-processor-62] DEBUG c.m.bet.ingestion.IngestionService - ℹ️ 💾 No opportunities to save
2026-02-03 13:42:21.478 [arb-processor-62] INFO  c.m.bet.ingestion.IngestionService - ✅ 📥 Live arbs ingestion completed: 0 opportunities saved in 218ms
2026-02-03 13:42:23.262 [arb-poller] INFO  c.m.bet.ingestion.IngestionService - 🔄 📥 [Poll #240] Starting live arbs fetch...
2026-02-03 13:42:23.263 [arb-processor-67] DEBUG c.m.bet.ingestion.IngestionService - 📥 Fetching live arbs from API...
2026-02-03 13:42:23.673 [arb-processor-67] DEBUG c.m.bet.ingestion.IngestionService - ✅ 📥 API returned 1 events
2026-02-03 13:42:23.674 [arb-processor-67] DEBUG c.m.bet.ingestion.IngestionService - 🔄 ⚡ ℹ️ Processing 1 events...
2026-02-03 13:42:23.674 [arb-processor-56] INFO  c.m.bet.ingestion.IngestionService - 🔄 ℹ️ Processing sub-event 1/2 (ID: 16193959101443208821)...
2026-02-03 13:42:23.674 [arb-processor-56] INFO  c.m.bet.ingestion.IngestionService - ℹ️ 🔄 Sub-event 16193959101443208821 bookmaker: Bet9ja (ID: 33)
2026-02-03 13:42:23.674 [arb-processor-56] INFO  c.m.bet.ingestion.IngestionService - 🍪 ℹ️ Using key='id2' = 'LIVEV_12HND3PN23@-3.5_2H' → selectedId='2H' for bookmaker: Bet9ja (source: own crumbs (post-underscore))
2026-02-03 13:42:23.676 [arb-processor-56] DEBUG c.m.bet.ingestion.IngestionService - 🎯 🍪 Getting market outcome for bookmaker: Bet9ja
2026-02-03 13:42:23.676 [arb-processor-56] WARN  c.m.bet.ingestion.IngestionService - ⚠️ 🎯 Market outcome returned null for bookmaker: Bet9ja
2026-02-03 13:42:23.676 [arb-processor-56] DEBUG c.m.bet.ingestion.IngestionService - Built Bet9ja modern URL: https://sports.bet9ja.com/liveEvent/8673426
2026-02-03 13:42:23.676 [arb-processor-56] INFO  c.m.bet.ingestion.IngestionService - 📎 Built URL for Bet9ja: https://sports.bet9ja.com/liveEvent/8673426
2026-02-03 13:42:23.677 [arb-processor-56] INFO  c.m.bet.ingestion.IngestionService - ✅ Built outcome - bookMaker: Bet9ja, outcome: '', odds: 1.94, url: ✓
2026-02-03 13:42:23.677 [arb-processor-56] INFO  c.m.bet.ingestion.IngestionService - 🔄 ℹ️ Processing sub-event 2/2 (ID: 16193959098434754758)...
2026-02-03 13:42:23.677 [arb-processor-56] INFO  c.m.bet.ingestion.IngestionService - ℹ️ 🔄 Sub-event 16193959098434754758 bookmaker: Betway (ID: 36)
2026-02-03 13:42:23.679 [arb-processor-56] INFO  c.m.bet.ingestion.IngestionService - ✅ 🍪 Saved crumbs from Betway using key='oid' (1 entries)
2026-02-03 13:42:23.680 [arb-processor-56] WARN  c.m.bet.ingestion.IngestionService - ⚠️ 🍪 Missing key 'oid' in crumbs for Betway (available keys: [id])
2026-02-03 13:42:23.680 [arb-processor-56] DEBUG c.m.bet.ingestion.IngestionService - URL building not implemented for bookmaker: Betway
2026-02-03 13:42:23.680 [arb-processor-56] DEBUG c.m.bet.ingestion.IngestionService - No URL built for bookmaker: Betway
2026-02-03 13:42:23.680 [arb-processor-56] INFO  c.m.bet.ingestion.IngestionService - ✅ Built outcome - bookMaker: Betway, outcome: '', odds: 2.08, url: ✗
2026-02-03 13:42:23.680 [arb-processor-56] DEBUG c.m.bet.ingestion.IngestionService - ✅ 🔄 🎯 Converted event 16193960838797049569 to arb: Bet9ja (1.94) vs Betway (2.08) | 0.38% profit | marketType='' | outcome=''
2026-02-03 13:42:23.680 [arb-processor-67] DEBUG c.m.bet.ingestion.IngestionService - ✅ ⚡ 🔄 Successfully converted 1 events to arbitrages
2026-02-03 13:42:23.680 [arb-processor-67] DEBUG c.m.bet.ingestion.IngestionService - 🔄 ℹ️ Transforming 1 parsed items to entities...
2026-02-03 13:42:23.680 [arb-processor-67] DEBUG c.m.bet.ingestion.IngestionService - 💾 ℹ️ Saving 1 opportunities to database...
2026-02-03 13:42:23.680 [arb-processor-67] DEBUG c.m.bet.ingestion.IngestionService - 💾 ℹ️ Processing 1 opportunities for database save...
2026-02-03 13:42:23.688 [arb-processor-67] INFO  c.m.bet.ingestion.IngestionService - ✅ 💾 Database save completed: 1 new, 0 updated, 0 skipped
2026-02-03 13:42:23.688 [arb-processor-67] INFO  c.m.bet.ingestion.IngestionService - ✅ 📥 Live arbs ingestion completed: 1 opportunities saved in 425ms
2026-02-03 13:42:23.703 [arb-processor-67] INFO  c.m.bet.ingestion.IngestionService - 📊 ℹ️ Current Statistics:
2026-02-03 13:42:23.703 [arb-processor-67] INFO  c.m.bet.ingestion.IngestionService - 📊 Total Active: 9
2026-02-03 13:42:23.703 [arb-processor-67] INFO  c.m.bet.ingestion.IngestionService - 📊 Fresh Active: 1 (11.1%)
2026-02-03 13:42:23.703 [arb-processor-67] INFO  c.m.bet.ingestion.IngestionService - 📊 Stale Active: 8 (88.9%)
2026-02-03 13:42:23.703 [arb-processor-67] INFO  c.m.bet.ingestion.IngestionService - 📊 Average Profit: 3.10%
2026-02-03 13:42:25.260 [arb-poller] INFO  c.m.bet.ingestion.IngestionService - 🔄 📥 [Poll #241] Starting live arbs fetch...
2026-02-03 13:42:25.261 [arb-processor-66] DEBUG c.m.bet.ingestion.IngestionService - 📥 Fetching live arbs from API...
2026-02-03 13:42:25.462 [arb-processor-66] DEBUG c.m.bet.ingestion.IngestionService - ✅ 📥 API returned 1 events
2026-02-03 13:42:25.462 [arb-processor-66] DEBUG c.m.bet.ingestion.IngestionService - 🔄 ⚡ ℹ️ Processing 1 events...
2026-02-03 13:42:25.463 [arb-processor-62] INFO  c.m.bet.ingestion.IngestionService - 🔄 ℹ️ Processing sub-event 1/2 (ID: 16193959101443208821)...
2026-02-03 13:42:25.464 [arb-processor-62] INFO  c.m.bet.ingestion.IngestionService - ℹ️ 🔄 Sub-event 16193959101443208821 bookmaker: Bet9ja (ID: 33)
2026-02-03 13:42:25.464 [arb-processor-62] INFO  c.m.bet.ingestion.IngestionService - 🍪 ℹ️ Using key='id2' = 'LIVEV_12HND3PN23@-3.5_2H' → selectedId='2H' for bookmaker: Bet9ja (source: own crumbs (post-underscore))
2026-02-03 13:42:25.464 [arb-processor-62] DEBUG c.m.bet.ingestion.IngestionService - 🎯 🍪 Getting market outcome for bookmaker: Bet9ja
2026-02-03 13:42:25.464 [arb-processor-62] WARN  c.m.bet.ingestion.IngestionService - ⚠️ 🎯 Market outcome returned null for bookmaker: Bet9ja
2026-02-03 13:42:25.464 [arb-processor-62] DEBUG c.m.bet.ingestion.IngestionService - Built Bet9ja modern URL: https://sports.bet9ja.com/liveEvent/8673426
2026-02-03 13:42:25.464 [arb-processor-62] INFO  c.m.bet.ingestion.IngestionService - 📎 Built URL for Bet9ja: https://sports.bet9ja.com/liveEvent/8673426
2026-02-03 13:42:25.464 [arb-processor-62] INFO  c.m.bet.ingestion.IngestionService - ✅ Built outcome - bookMaker: Bet9ja, outcome: '', odds: 1.94, url: ✓
2026-02-03 13:42:25.465 [arb-processor-62] INFO  c.m.bet.ingestion.IngestionService - 🔄 ℹ️ Processing sub-event 2/2 (ID: 16193959098434754758)...
2026-02-03 13:42:25.465 [arb-processor-62] INFO  c.m.bet.ingestion.IngestionService - ℹ️ 🔄 Sub-event 16193959098434754758 bookmaker: Betway (ID: 36)
2026-02-03 13:42:25.465 [arb-processor-62] INFO  c.m.bet.ingestion.IngestionService - ✅ 🍪 Saved crumbs from Betway using key='oid' (1 entries)
2026-02-03 13:42:25.465 [arb-processor-62] WARN  c.m.bet.ingestion.IngestionService - ⚠️ 🍪 Missing key 'oid' in crumbs for Betway (available keys: [id])
2026-02-03 13:42:25.465 [arb-processor-62] DEBUG c.m.bet.ingestion.IngestionService - URL building not implemented for bookmaker: Betway
2026-02-03 13:42:25.465 [arb-processor-62] DEBUG c.m.bet.ingestion.IngestionService - No URL built for bookmaker: Betway
2026-02-03 13:42:25.465 [arb-processor-62] INFO  c.m.bet.ingestion.IngestionService - ✅ Built outcome - bookMaker: Betway, outcome: '', odds: 2.08, url: ✗
2026-02-03 13:42:25.465 [arb-processor-62] DEBUG c.m.bet.ingestion.IngestionService - ✅ 🔄 🎯 Converted event 16193960838797049569 to arb: Bet9ja (1.94) vs Betway (2.08) | 0.38% profit | marketType='' | outcome=''
2026-02-03 13:42:25.466 [arb-processor-66] DEBUG c.m.bet.ingestion.IngestionService - ✅ ⚡ 🔄 Successfully converted 1 events to arbitrages
2026-02-03 13:42:25.466 [arb-processor-66] DEBUG c.m.bet.ingestion.IngestionService - 🔄 ℹ️ Transforming 1 parsed items to entities...
2026-02-03 13:42:25.466 [arb-processor-66] DEBUG c.m.bet.ingestion.IngestionService - 💾 ℹ️ Saving 1 opportunities to database...
2026-02-03 13:42:25.466 [arb-processor-66] DEBUG c.m.bet.ingestion.IngestionService - 💾 ℹ️ Processing 1 opportunities for database save...
2026-02-03 13:42:25.479 [arb-processor-66] INFO  c.m.bet.ingestion.IngestionService - ✅ 💾 Database save completed: 0 new, 1 updated, 0 skipped
2026-02-03 13:42:25.479 [arb-processor-66] INFO  c.m.bet.ingestion.IngestionService - ✅ 📥 Live arbs ingestion completed: 1 opportunities saved in 218ms
2026-02-03 13:42:27.265 [arb-poller] INFO  c.m.bet.ingestion.IngestionService - 🔄 📥 [Poll #242] Starting live arbs fetch...
2026-02-03 13:42:27.266 [arb-processor-56] DEBUG c.m.bet.ingestion.IngestionService - 📥 Fetching live arbs from API...
2026-02-03 13:42:27.468 [arb-processor-56] DEBUG c.m.bet.ingestion.IngestionService - ✅ 📥 API returned 1 events
2026-02-03 13:42:27.468 [arb-processor-56] DEBUG c.m.bet.ingestion.IngestionService - 🔄 ⚡ ℹ️ Processing 1 events...
2026-02-03 13:42:27.468 [arb-processor-67] INFO  c.m.bet.ingestion.IngestionService - 🔄 ℹ️ Processing sub-event 1/2 (ID: 16193959101443208821)...
2026-02-03 13:42:27.468 [arb-processor-67] INFO  c.m.bet.ingestion.IngestionService - ℹ️ 🔄 Sub-event 16193959101443208821 bookmaker: Bet9ja (ID: 33)
2026-02-03 13:42:27.468 [arb-processor-67] INFO  c.m.bet.ingestion.IngestionService - 🍪 ℹ️ Using key='id2' = 'LIVEV_12HND3PN23@-3.5_2H' → selectedId='2H' for bookmaker: Bet9ja (source: own crumbs (post-underscore))
2026-02-03 13:42:27.468 [arb-processor-67] DEBUG c.m.bet.ingestion.IngestionService - 🎯 🍪 Getting market outcome for bookmaker: Bet9ja
2026-02-03 13:42:27.468 [arb-processor-67] WARN  c.m.bet.ingestion.IngestionService - ⚠️ 🎯 Market outcome returned null for bookmaker: Bet9ja
2026-02-03 13:42:27.468 [arb-processor-67] DEBUG c.m.bet.ingestion.IngestionService - Built Bet9ja modern URL: https://sports.bet9ja.com/liveEvent/8673426
2026-02-03 13:42:27.468 [arb-processor-67] INFO  c.m.bet.ingestion.IngestionService - 📎 Built URL for Bet9ja: https://sports.bet9ja.com/liveEvent/8673426
2026-02-03 13:42:27.468 [arb-processor-67] INFO  c.m.bet.ingestion.IngestionService - ✅ Built outcome - bookMaker: Bet9ja, outcome: '', odds: 1.94, url: ✓
2026-02-03 13:42:27.468 [arb-processor-67] INFO  c.m.bet.ingestion.IngestionService - 🔄 ℹ️ Processing sub-event 2/2 (ID: 16193959098434754758)...
2026-02-03 13:42:27.468 [arb-processor-67] INFO  c.m.bet.ingestion.IngestionService - ℹ️ 🔄 Sub-event 16193959098434754758 bookmaker: Betway (ID: 36)
2026-02-03 13:42:27.468 [arb-processor-67] INFO  c.m.bet.ingestion.IngestionService - ✅ 🍪 Saved crumbs from Betway using key='oid' (1 entries)
2026-02-03 13:42:27.468 [arb-processor-67] WARN  c.m.bet.ingestion.IngestionService - ⚠️ 🍪 Missing key 'oid' in crumbs for Betway (available keys: [id])
2026-02-03 13:42:27.469 [arb-processor-67] DEBUG c.m.bet.ingestion.IngestionService - URL building not implemented for bookmaker: Betway
2026-02-03 13:42:27.469 [arb-processor-67] DEBUG c.m.bet.ingestion.IngestionService - No URL built for bookmaker: Betway
2026-02-03 13:42:27.469 [arb-processor-67] INFO  c.m.bet.ingestion.IngestionService - ✅ Built outcome - bookMaker: Betway, outcome: '', odds: 2.08, url: ✗
2026-02-03 13:42:27.469 [arb-processor-67] DEBUG c.m.bet.ingestion.IngestionService - ✅ 🔄 🎯 Converted event 16193960838797049569 to arb: Bet9ja (1.94) vs Betway (2.08) | 0.38% profit | marketType='' | outcome=''
2026-02-03 13:42:27.469 [arb-processor-56] DEBUG c.m.bet.ingestion.IngestionService - ✅ ⚡ 🔄 Successfully converted 1 events to arbitrages
2026-02-03 13:42:27.469 [arb-processor-56] DEBUG c.m.bet.ingestion.IngestionService - 🔄 ℹ️ Transforming 1 parsed items to entities...
2026-02-03 13:42:27.469 [arb-processor-56] DEBUG c.m.bet.ingestion.IngestionService - 💾 ℹ️ Saving 1 opportunities to database...
2026-02-03 13:42:27.469 [arb-processor-56] DEBUG c.m.bet.ingestion.IngestionService - 💾 ℹ️ Processing 1 opportunities for database save...
2026-02-03 13:42:27.478 [arb-processor-56] INFO  c.m.bet.ingestion.IngestionService - ✅ 💾 Database save completed: 0 new, 1 updated, 0 skipped
2026-02-03 13:42:27.478 [arb-processor-56] INFO  c.m.bet.ingestion.IngestionService - ✅ 📥 Live arbs ingestion completed: 1 opportunities saved in 212ms
2026-02-03 13:42:29.259 [arb-poller] INFO  c.m.bet.ingestion.IngestionService - 🔄 📥 [Poll #243] Starting live arbs fetch...
2026-02-03 13:42:29.261 [arb-processor-62] DEBUG c.m.bet.ingestion.IngestionService - 📥 Fetching live arbs from API...
2026-02-03 13:42:29.468 [arb-processor-62] DEBUG c.m.bet.ingestion.IngestionService - ✅ 📥 API returned 1 events
2026-02-03 13:42:29.468 [arb-processor-62] DEBUG c.m.bet.ingestion.IngestionService - 🔄 ⚡ ℹ️ Processing 1 events...
2026-02-03 13:42:29.468 [arb-processor-66] INFO  c.m.bet.ingestion.IngestionService - 🔄 ℹ️ Processing sub-event 1/2 (ID: 16193959101443208821)...
2026-02-03 13:42:29.469 [arb-processor-66] INFO  c.m.bet.ingestion.IngestionService - ℹ️ 🔄 Sub-event 16193959101443208821 bookmaker: Bet9ja (ID: 33)
2026-02-03 13:42:29.469 [arb-processor-66] INFO  c.m.bet.ingestion.IngestionService - 🍪 ℹ️ Using key='id2' = 'LIVEV_12HND3PN23@-3.5_2H' → selectedId='2H' for bookmaker: Bet9ja (source: own crumbs (post-underscore))
2026-02-03 13:42:29.469 [arb-processor-66] DEBUG c.m.bet.ingestion.IngestionService - 🎯 🍪 Getting market outcome for bookmaker: Bet9ja
2026-02-03 13:42:29.469 [arb-processor-66] WARN  c.m.bet.ingestion.IngestionService - ⚠️ 🎯 Market outcome returned null for bookmaker: Bet9ja
2026-02-03 13:42:29.469 [arb-processor-66] DEBUG c.m.bet.ingestion.IngestionService - Built Bet9ja modern URL: https://sports.bet9ja.com/liveEvent/8673426
2026-02-03 13:42:29.469 [arb-processor-66] INFO  c.m.bet.ingestion.IngestionService - 📎 Built URL for Bet9ja: https://sports.bet9ja.com/liveEvent/8673426
2026-02-03 13:42:29.469 [arb-processor-66] INFO  c.m.bet.ingestion.IngestionService - ✅ Built outcome - bookMaker: Bet9ja, outcome: '', odds: 1.94, url: ✓
2026-02-03 13:42:29.469 [arb-processor-66] INFO  c.m.bet.ingestion.IngestionService - 🔄 ℹ️ Processing sub-event 2/2 (ID: 16193959098434754758)...
2026-02-03 13:42:29.469 [arb-processor-66] INFO  c.m.bet.ingestion.IngestionService - ℹ️ 🔄 Sub-event 16193959098434754758 bookmaker: Betway (ID: 36)
2026-02-03 13:42:29.469 [arb-processor-66] INFO  c.m.bet.ingestion.IngestionService - ✅ 🍪 Saved crumbs from Betway using key='oid' (1 entries)
2026-02-03 13:42:29.470 [arb-processor-66] WARN  c.m.bet.ingestion.IngestionService - ⚠️ 🍪 Missing key 'oid' in crumbs for Betway (available keys: [id])
2026-02-03 13:42:29.470 [arb-processor-66] DEBUG c.m.bet.ingestion.IngestionService - URL building not implemented for bookmaker: Betway
2026-02-03 13:42:29.470 [arb-processor-66] DEBUG c.m.bet.ingestion.IngestionService - No URL built for bookmaker: Betway
2026-02-03 13:42:29.470 [arb-processor-66] INFO  c.m.bet.ingestion.IngestionService - ✅ Built outcome - bookMaker: Betway, outcome: '', odds: 2.08, url: ✗
2026-02-03 13:42:29.470 [arb-processor-66] DEBUG c.m.bet.ingestion.IngestionService - ✅ 🔄 🎯 Converted event 16193960838797049569 to arb: Bet9ja (1.94) vs Betway (2.08) | 0.38% profit | marketType='' | outcome=''
2026-02-03 13:42:29.470 [arb-processor-62] DEBUG c.m.bet.ingestion.IngestionService - ✅ ⚡ 🔄 Successfully converted 1 events to arbitrages
2026-02-03 13:42:29.470 [arb-processor-62] DEBUG c.m.bet.ingestion.IngestionService - 🔄 ℹ️ Transforming 1 parsed items to entities...
2026-02-03 13:42:29.470 [arb-processor-62] DEBUG c.m.bet.ingestion.IngestionService - 💾 ℹ️ Saving 1 opportunities to database...
2026-02-03 13:42:29.470 [arb-processor-62] DEBUG c.m.bet.ingestion.IngestionService - 💾 ℹ️ Processing 1 opportunities for database save...
2026-02-03 13:42:29.479 [arb-processor-62] INFO  c.m.bet.ingestion.IngestionService - ✅ 💾 Database save completed: 0 new, 1 updated, 0 skipped
2026-02-03 13:42:29.479 [arb-processor-62] INFO  c.m.bet.ingestion.IngestionService - ✅ 📥 Live arbs ingestion completed: 1 opportunities saved in 218ms
2026-02-03 13:42:31.263 [arb-poller] INFO  c.m.bet.ingestion.IngestionService - 🔄 📥 [Poll #244] Starting live arbs fetch...
2026-02-03 13:42:31.264 [arb-processor-67] DEBUG c.m.bet.ingestion.IngestionService - 📥 Fetching live arbs from API...
2026-02-03 13:42:31.479 [arb-processor-67] DEBUG c.m.bet.ingestion.IngestionService - ✅ 📥 API returned 1 events
2026-02-03 13:42:31.479 [arb-processor-67] DEBUG c.m.bet.ingestion.IngestionService - 🔄 ⚡ ℹ️ Processing 1 events...
2026-02-03 13:42:31.480 [arb-processor-56] INFO  c.m.bet.ingestion.IngestionService - 🔄 ℹ️ Processing sub-event 1/2 (ID: 16193959101443208821)...
2026-02-03 13:42:31.480 [arb-processor-56] INFO  c.m.bet.ingestion.IngestionService - ℹ️ 🔄 Sub-event 16193959101443208821 bookmaker: Bet9ja (ID: 33)
2026-02-03 13:42:31.480 [arb-processor-56] INFO  c.m.bet.ingestion.IngestionService - 🍪 ℹ️ Using key='id2' = 'LIVEV_12HND3PN23@-3.5_2H' → selectedId='2H' for bookmaker: Bet9ja (source: own crumbs (post-underscore))
2026-02-03 13:42:31.480 [arb-processor-56] DEBUG c.m.bet.ingestion.IngestionService - 🎯 🍪 Getting market outcome for bookmaker: Bet9ja
2026-02-03 13:42:31.480 [arb-processor-56] WARN  c.m.bet.ingestion.IngestionService - ⚠️ 🎯 Market outcome returned null for bookmaker: Bet9ja
2026-02-03 13:42:31.480 [arb-processor-56] DEBUG c.m.bet.ingestion.IngestionService - Built Bet9ja modern URL: https://sports.bet9ja.com/liveEvent/8673426
2026-02-03 13:42:31.480 [arb-processor-56] INFO  c.m.bet.ingestion.IngestionService - 📎 Built URL for Bet9ja: https://sports.bet9ja.com/liveEvent/8673426
2026-02-03 13:42:31.480 [arb-processor-56] INFO  c.m.bet.ingestion.IngestionService - ✅ Built outcome - bookMaker: Bet9ja, outcome: '', odds: 1.94, url: ✓
2026-02-03 13:42:31.480 [arb-processor-56] INFO  c.m.bet.ingestion.IngestionService - 🔄 ℹ️ Processing sub-event 2/2 (ID: 16193959098434754758)...
2026-02-03 13:42:31.480 [arb-processor-56] INFO  c.m.bet.ingestion.IngestionService - ℹ️ 🔄 Sub-event 16193959098434754758 bookmaker: Betway (ID: 36)
2026-02-03 13:42:31.480 [arb-processor-56] INFO  c.m.bet.ingestion.IngestionService - ✅ 🍪 Saved crumbs from Betway using key='oid' (1 entries)
2026-02-03 13:42:31.481 [arb-processor-56] WARN  c.m.bet.ingestion.IngestionService - ⚠️ 🍪 Missing key 'oid' in crumbs for Betway (available keys: [id])
2026-02-03 13:42:31.481 [arb-processor-56] DEBUG c.m.bet.ingestion.IngestionService - URL building not implemented for bookmaker: Betway
2026-02-03 13:42:31.481 [arb-processor-56] DEBUG c.m.bet.ingestion.IngestionService - No URL built for bookmaker: Betway
2026-02-03 13:42:31.481 [arb-processor-56] INFO  c.m.bet.ingestion.IngestionService - ✅ Built outcome - bookMaker: Betway, outcome: '', odds: 2.08, url: ✗
2026-02-03 13:42:31.481 [arb-processor-56] DEBUG c.m.bet.ingestion.IngestionService - ✅ 🔄 🎯 Converted event 16193960838797049569 to arb: Bet9ja (1.94) vs Betway (2.08) | 0.38% profit | marketType='' | outcome=''
2026-02-03 13:42:31.481 [arb-processor-67] DEBUG c.m.bet.ingestion.IngestionService - ✅ ⚡ 🔄 Successfully converted 1 events to arbitrages
2026-02-03 13:42:31.481 [arb-processor-67] DEBUG c.m.bet.ingestion.IngestionService - 🔄 ℹ️ Transforming 1 parsed items to entities...
2026-02-03 13:42:31.481 [arb-processor-67] DEBUG c.m.bet.ingestion.IngestionService - 💾 ℹ️ Saving 1 opportunities to database...
2026-02-03 13:42:31.481 [arb-processor-67] DEBUG c.m.bet.ingestion.IngestionService - 💾 ℹ️ Processing 1 opportunities for database save...
2026-02-03 13:42:31.490 [arb-processor-67] INFO  c.m.bet.ingestion.IngestionService - ✅ 💾 Database save completed: 0 new, 1 updated, 0 skipped
2026-02-03 13:42:31.490 [arb-processor-67] INFO  c.m.bet.ingestion.IngestionService - ✅ 📥 Live arbs ingestion completed: 1 opportunities saved in 226ms
2026-02-03 13:42:33.269 [arb-poller] INFO  c.m.bet.ingestion.IngestionService - 🔄 📥 [Poll #245] Starting live arbs fetch...
2026-02-03 13:42:33.269 [arb-processor-66] DEBUG c.m.bet.ingestion.IngestionService - 📥 Fetching live arbs from API...
2026-02-03 13:42:33.479 [arb-processor-66] DEBUG c.m.bet.ingestion.IngestionService - ✅ 📥 API returned 1 events
2026-02-03 13:42:33.479 [arb-processor-66] DEBUG c.m.bet.ingestion.IngestionService - 🔄 ⚡ ℹ️ Processing 1 events...
2026-02-03 13:42:33.479 [arb-processor-62] INFO  c.m.bet.ingestion.IngestionService - 🔄 ℹ️ Processing sub-event 1/2 (ID: 16193959101443208821)...
2026-02-03 13:42:33.479 [arb-processor-62] INFO  c.m.bet.ingestion.IngestionService - ℹ️ 🔄 Sub-event 16193959101443208821 bookmaker: Bet9ja (ID: 33)
2026-02-03 13:42:33.480 [arb-processor-62] INFO  c.m.bet.ingestion.IngestionService - 🍪 ℹ️ Using key='id2' = 'LIVEV_12HND3PN23@-3.5_2H' → selectedId='2H' for bookmaker: Bet9ja (source: own crumbs (post-underscore))
2026-02-03 13:42:33.480 [arb-processor-62] DEBUG c.m.bet.ingestion.IngestionService - 🎯 🍪 Getting market outcome for bookmaker: Bet9ja
2026-02-03 13:42:33.480 [arb-processor-62] WARN  c.m.bet.ingestion.IngestionService - ⚠️ 🎯 Market outcome returned null for bookmaker: Bet9ja
2026-02-03 13:42:33.480 [arb-processor-62] DEBUG c.m.bet.ingestion.IngestionService - Built Bet9ja modern URL: https://sports.bet9ja.com/liveEvent/8673426
2026-02-03 13:42:33.480 [arb-processor-62] INFO  c.m.bet.ingestion.IngestionService - 📎 Built URL for Bet9ja: https://sports.bet9ja.com/liveEvent/8673426
2026-02-03 13:42:33.480 [arb-processor-62] INFO  c.m.bet.ingestion.IngestionService - ✅ Built outcome - bookMaker: Bet9ja, outcome: '', odds: 1.94, url: ✓
2026-02-03 13:42:33.480 [arb-processor-62] INFO  c.m.bet.ingestion.IngestionService - 🔄 ℹ️ Processing sub-event 2/2 (ID: 16193959098434754758)...
2026-02-03 13:42:33.480 [arb-processor-62] INFO  c.m.bet.ingestion.IngestionService - ℹ️ 🔄 Sub-event 16193959098434754758 bookmaker: Betway (ID: 36)
2026-02-03 13:42:33.480 [arb-processor-62] INFO  c.m.bet.ingestion.IngestionService - ✅ 🍪 Saved crumbs from Betway using key='oid' (1 entries)
2026-02-03 13:42:33.480 [arb-processor-62] WARN  c.m.bet.ingestion.IngestionService - ⚠️ 🍪 Missing key 'oid' in crumbs for Betway (available keys: [id])
2026-02-03 13:42:33.480 [arb-processor-62] DEBUG c.m.bet.ingestion.IngestionService - URL building not implemented for bookmaker: Betway
2026-02-03 13:42:33.480 [arb-processor-62] DEBUG c.m.bet.ingestion.IngestionService - No URL built for bookmaker: Betway
2026-02-03 13:42:33.480 [arb-processor-62] INFO  c.m.bet.ingestion.IngestionService - ✅ Built outcome - bookMaker: Betway, outcome: '', odds: 2.08, url: ✗
2026-02-03 13:42:33.480 [arb-processor-62] DEBUG c.m.bet.ingestion.IngestionService - ✅ 🔄 🎯 Converted event 16193960838797049569 to arb: Bet9ja (1.94) vs Betway (2.08) | 0.38% profit | marketType='' | outcome=''
2026-02-03 13:42:33.480 [arb-processor-66] DEBUG c.m.bet.ingestion.IngestionService - ✅ ⚡ 🔄 Successfully converted 1 events to arbitrages
2026-02-03 13:42:33.480 [arb-processor-66] DEBUG c.m.bet.ingestion.IngestionService - 🔄 ℹ️ Transforming 1 parsed items to entities...
2026-02-03 13:42:33.481 [arb-processor-66] DEBUG c.m.bet.ingestion.IngestionService - 💾 ℹ️ Saving 1 opportunities to database...
2026-02-03 13:42:33.481 [arb-processor-66] DEBUG c.m.bet.ingestion.IngestionService - 💾 ℹ️ Processing 1 opportunities for database save...
2026-02-03 13:42:33.490 [arb-processor-66] INFO  c.m.bet.ingestion.IngestionService - ✅ 💾 Database save completed: 0 new, 1 updated, 0 skipped
2026-02-03 13:42:33.490 [arb-processor-66] INFO  c.m.bet.ingestion.IngestionService - ✅ 📥 Live arbs ingestion completed: 1 opportunities saved in 221ms
2026-02-03 13:42:35.336 [arb-poller] INFO  c.m.bet.ingestion.IngestionService - 🔄 📥 [Poll #246] Starting live arbs fetch...
2026-02-03 13:42:35.337 [arb-processor-56] DEBUG c.m.bet.ingestion.IngestionService - 📥 Fetching live arbs from API...
2026-02-03 13:42:35.549 [arb-processor-56] DEBUG c.m.bet.ingestion.IngestionService - ✅ 📥 API returned 1 events
2026-02-03 13:42:35.549 [arb-processor-56] DEBUG c.m.bet.ingestion.IngestionService - 🔄 ⚡ ℹ️ Processing 1 events...
2026-02-03 13:42:35.550 [arb-processor-67] INFO  c.m.bet.ingestion.IngestionService - 🔄 ℹ️ Processing sub-event 1/2 (ID: 16193959101443208821)...
2026-02-03 13:42:35.550 [arb-processor-67] INFO  c.m.bet.ingestion.IngestionService - ℹ️ 🔄 Sub-event 16193959101443208821 bookmaker: Bet9ja (ID: 33)
2026-02-03 13:42:35.550 [arb-processor-67] INFO  c.m.bet.ingestion.IngestionService - 🍪 ℹ️ Using key='id2' = 'LIVEV_12HND3PN23@-3.5_2H' → selectedId='2H' for bookmaker: Bet9ja (source: own crumbs (post-underscore))
2026-02-03 13:42:35.550 [arb-processor-67] DEBUG c.m.bet.ingestion.IngestionService - 🎯 🍪 Getting market outcome for bookmaker: Bet9ja
2026-02-03 13:42:35.550 [arb-processor-67] WARN  c.m.bet.ingestion.IngestionService - ⚠️ 🎯 Market outcome returned null for bookmaker: Bet9ja
2026-02-03 13:42:35.551 [arb-processor-67] DEBUG c.m.bet.ingestion.IngestionService - Built Bet9ja modern URL: https://sports.bet9ja.com/liveEvent/8673426
2026-02-03 13:42:35.551 [arb-processor-67] INFO  c.m.bet.ingestion.IngestionService - 📎 Built URL for Bet9ja: https://sports.bet9ja.com/liveEvent/8673426
2026-02-03 13:42:35.551 [arb-processor-67] INFO  c.m.bet.ingestion.IngestionService - ✅ Built outcome - bookMaker: Bet9ja, outcome: '', odds: 1.94, url: ✓
2026-02-03 13:42:35.551 [arb-processor-67] INFO  c.m.bet.ingestion.IngestionService - 🔄 ℹ️ Processing sub-event 2/2 (ID: 16193959098434754758)...
2026-02-03 13:42:35.551 [arb-processor-67] INFO  c.m.bet.ingestion.IngestionService - ℹ️ 🔄 Sub-event 16193959098434754758 bookmaker: Betway (ID: 36)
2026-02-03 13:42:35.551 [arb-processor-67] INFO  c.m.bet.ingestion.IngestionService - ✅ 🍪 Saved crumbs from Betway using key='oid' (1 entries)
2026-02-03 13:42:35.551 [arb-processor-67] WARN  c.m.bet.ingestion.IngestionService - ⚠️ 🍪 Missing key 'oid' in crumbs for Betway (available keys: [id])
2026-02-03 13:42:35.551 [arb-processor-67] DEBUG c.m.bet.ingestion.IngestionService - URL building not implemented for bookmaker: Betway
2026-02-03 13:42:35.551 [arb-processor-67] DEBUG c.m.bet.ingestion.IngestionService - No URL built for bookmaker: Betway
2026-02-03 13:42:35.551 [arb-processor-67] INFO  c.m.bet.ingestion.IngestionService - ✅ Built outcome - bookMaker: Betway, outcome: '', odds: 2.08, url: ✗
2026-02-03 13:42:35.551 [arb-processor-67] DEBUG c.m.bet.ingestion.IngestionService - ✅ 🔄 🎯 Converted event 16193960838797049569 to arb: Bet9ja (1.94) vs Betway (2.08) | 0.38% profit | marketType='' | outcome=''
2026-02-03 13:42:35.552 [arb-processor-56] DEBUG c.m.bet.ingestion.IngestionService - ✅ ⚡ 🔄 Successfully converted 1 events to arbitrages
2026-02-03 13:42:35.552 [arb-processor-56] DEBUG c.m.bet.ingestion.IngestionService - 🔄 ℹ️ Transforming 1 parsed items to entities...
2026-02-03 13:42:35.552 [arb-processor-56] DEBUG c.m.bet.ingestion.IngestionService - 💾 ℹ️ Saving 1 opportunities to database...
2026-02-03 13:42:35.552 [arb-processor-56] DEBUG c.m.bet.ingestion.IngestionService - 💾 ℹ️ Processing 1 opportunities for database save...
2026-02-03 13:42:35.565 [arb-processor-56] INFO  c.m.bet.ingestion.IngestionService - ✅ 💾 Database save completed: 0 new, 1 updated, 0 skipped
2026-02-03 13:42:35.566 [arb-processor-56] INFO  c.m.bet.ingestion.IngestionService - ✅ 📥 Live arbs ingestion completed: 1 opportunities saved in 229ms
2026-02-03 13:42:37.269 [arb-poller] INFO  c.m.bet.ingestion.IngestionService - 🔄 📥 [Poll #247] Starting live arbs fetch...
2026-02-03 13:42:37.270 [arb-processor-62] DEBUG c.m.bet.ingestion.IngestionService - 📥 Fetching live arbs from API...
2026-02-03 13:42:37.474 [arb-processor-62] DEBUG c.m.bet.ingestion.IngestionService - ✅ 📥 API returned 1 events
2026-02-03 13:42:37.474 [arb-processor-62] DEBUG c.m.bet.ingestion.IngestionService - 🔄 ⚡ ℹ️ Processing 1 events...
2026-02-03 13:42:37.474 [arb-processor-66] INFO  c.m.bet.ingestion.IngestionService - 🔄 ℹ️ Processing sub-event 1/2 (ID: 16193963497154084879)...
2026-02-03 13:42:37.474 [arb-processor-66] INFO  c.m.bet.ingestion.IngestionService - ℹ️ 🔄 Sub-event 16193963497154084879 bookmaker: SportyBet (ID: 43)
2026-02-03 13:42:37.474 [arb-processor-66] INFO  c.m.bet.ingestion.IngestionService - ✅ 🍪 Saved crumbs from SportyBet using key='oid' (3 entries)
2026-02-03 13:42:37.474 [arb-processor-66] INFO  c.m.bet.ingestion.IngestionService - 🍪 ℹ️ Using key='oid' = '1714' → selectedId='1714' for bookmaker: SportyBet (source: SportyBet)
2026-02-03 13:42:37.474 [arb-processor-66] DEBUG c.m.bet.ingestion.IngestionService - 🎯 🍪 Getting market outcome for bookmaker: SportyBet
2026-02-03 13:42:37.474 [arb-processor-66] INFO  c.m.bet.ingestion.IngestionService - ✅ 🎯 Market resolved: marketType='Point handicap', selectedId='1714', outcome='Home (+9.5)'
2026-02-03 13:42:37.474 [arb-processor-66] INFO  c.m.bet.ingestion.IngestionService - 📎 Built URL for SportyBet: https://www.sportybet.com/ng/sport/tableTennis/live/Czech Republic/Setka Cup/Kilian,_Vit_vs_Skyba,_Antonin/sr:match:B5L01iTXDTo2M0XntVUprNA
2026-02-03 13:42:37.474 [arb-processor-66] INFO  c.m.bet.ingestion.IngestionService - ✅ Built outcome - bookMaker: SportyBet, outcome: 'Home (+9.5)', odds: 2.9, url: ✓
2026-02-03 13:42:37.475 [arb-processor-66] INFO  c.m.bet.ingestion.IngestionService - 🔄 ℹ️ Processing sub-event 2/2 (ID: 16193963499316020093)...
2026-02-03 13:42:37.475 [arb-processor-66] INFO  c.m.bet.ingestion.IngestionService - ℹ️ 🔄 Sub-event 16193963499316020093 bookmaker: Betway (ID: 36)
2026-02-03 13:42:37.475 [arb-processor-66] INFO  c.m.bet.ingestion.IngestionService - 🍪 ℹ️ Using key='oid' = '1714' → selectedId='1714' for bookmaker: Betway (source: SportyBet)
2026-02-03 13:42:37.475 [arb-processor-66] DEBUG c.m.bet.ingestion.IngestionService - 🎯 🍪 Getting market outcome for bookmaker: Betway
2026-02-03 13:42:37.475 [arb-processor-66] ERROR c.m.bet.ingestion.IngestionService - No market outcome mapping for bookmaker: Betway
2026-02-03 13:42:37.475 [arb-processor-66] WARN  c.m.bet.ingestion.IngestionService - ⚠️ 🔄 Failed to convert event 16193964215657333994: No mapping for Betway
2026-02-03 13:42:37.475 [arb-processor-62] DEBUG c.m.bet.ingestion.IngestionService - ✅ ⚡ 🔄 Successfully converted 0 events to arbitrages
2026-02-03 13:42:37.475 [arb-processor-62] DEBUG c.m.bet.ingestion.IngestionService - 🔄 ℹ️ Transforming 0 parsed items to entities...
2026-02-03 13:42:37.475 [arb-processor-62] DEBUG c.m.bet.ingestion.IngestionService - 💾 ℹ️ Saving 0 opportunities to database...
2026-02-03 13:42:37.475 [arb-processor-62] DEBUG c.m.bet.ingestion.IngestionService - 💾 ℹ️ Processing 0 opportunities for database save...
2026-02-03 13:42:37.475 [arb-processor-62] DEBUG c.m.bet.ingestion.IngestionService - ℹ️ 💾 No opportunities to save
2026-02-03 13:42:37.475 [arb-processor-62] INFO  c.m.bet.ingestion.IngestionService - ✅ 📥 Live arbs ingestion completed: 0 opportunities saved in 205ms
2026-02-03 13:42:39.268 [arb-poller] INFO  c.m.bet.ingestion.IngestionService - 🔄 📥 [Poll #248] Starting live arbs fetch...
2026-02-03 13:42:39.268 [arb-processor-67] DEBUG c.m.bet.ingestion.IngestionService - 📥 Fetching live arbs from API...
2026-02-03 13:42:39.488 [arb-processor-67] DEBUG c.m.bet.ingestion.IngestionService - ✅ 📥 API returned 0 events
2026-02-03 13:42:39.488 [arb-processor-67] DEBUG c.m.bet.ingestion.IngestionService - 🔄 ⚡ ℹ️ Processing 0 events...
2026-02-03 13:42:39.488 [arb-processor-67] ERROR c.m.bet.ingestion.IngestionService - ❌ 🔄 Response validation failed: Errors: 1, Warnings: 1, Info: 1
2026-02-03 13:42:39.488 [arb-processor-67] WARN  c.m.bet.ingestion.IngestionService - ⚠️ 🔄 No events in response
2026-02-03 13:42:39.488 [arb-processor-67] DEBUG c.m.bet.ingestion.IngestionService - 🔄 ℹ️ Transforming 0 parsed items to entities...
2026-02-03 13:42:39.488 [arb-processor-67] DEBUG c.m.bet.ingestion.IngestionService - 💾 ℹ️ Saving 0 opportunities to database...
2026-02-03 13:42:39.488 [arb-processor-67] DEBUG c.m.bet.ingestion.IngestionService - 💾 ℹ️ Processing 0 opportunities for database save...
2026-02-03 13:42:39.488 [arb-processor-67] DEBUG c.m.bet.ingestion.IngestionService - ℹ️ 💾 No opportunities to save
2026-02-03 13:42:39.488 [arb-processor-67] INFO  c.m.bet.ingestion.IngestionService - ✅ 📥 Live arbs ingestion completed: 0 opportunities saved in 220ms
2026-02-03 13:42:41.261 [arb-poller] INFO  c.m.bet.ingestion.IngestionService - 🔄 📥 [Poll #249] Starting live arbs fetch...
2026-02-03 13:42:41.263 [arb-processor-56] DEBUG c.m.bet.ingestion.IngestionService - 📥 Fetching live arbs from API...
2026-02-03 13:42:41.464 [arb-processor-56] DEBUG c.m.bet.ingestion.IngestionService - ✅ 📥 API returned 0 events
2026-02-03 13:42:41.464 [arb-processor-56] DEBUG c.m.bet.ingestion.IngestionService - 🔄 ⚡ ℹ️ Processing 0 events...
2026-02-03 13:42:41.464 [arb-processor-56] ERROR c.m.bet.ingestion.IngestionService - ❌ 🔄 Response validation failed: Errors: 1, Warnings: 1, Info: 1
2026-02-03 13:42:41.464 [arb-processor-56] WARN  c.m.bet.ingestion.IngestionService - ⚠️ 🔄 No events in response
2026-02-03 13:42:41.465 [arb-processor-56] DEBUG c.m.bet.ingestion.IngestionService - 🔄 ℹ️ Transforming 0 parsed items to entities...
2026-02-03 13:42:41.465 [arb-processor-56] DEBUG c.m.bet.ingestion.IngestionService - 💾 ℹ️ Saving 0 opportunities to database...
2026-02-03 13:42:41.465 [arb-processor-56] DEBUG c.m.bet.ingestion.IngestionService - 💾 ℹ️ Processing 0 opportunities for database save...
2026-02-03 13:42:41.465 [arb-processor-56] DEBUG c.m.bet.ingestion.IngestionService - ℹ️ 💾 No opportunities to save
2026-02-03 13:42:41.465 [arb-processor-56] INFO  c.m.bet.ingestion.IngestionService - ✅ 📥 Live arbs ingestion completed: 0 opportunities saved in 202ms
2026-02-03 13:42:43.260 [arb-poller] INFO  c.m.bet.ingestion.IngestionService - 🔄 📥 [Poll #250] Starting live arbs fetch...
2026-02-03 13:42:43.261 [arb-processor-66] DEBUG c.m.bet.ingestion.IngestionService - 📥 Fetching live arbs from API...
2026-02-03 13:42:43.478 [arb-processor-66] DEBUG c.m.bet.ingestion.IngestionService - ✅ 📥 API returned 0 events
2026-02-03 13:42:43.478 [arb-processor-66] DEBUG c.m.bet.ingestion.IngestionService - 🔄 ⚡ ℹ️ Processing 0 events...
2026-02-03 13:42:43.479 [arb-processor-66] ERROR c.m.bet.ingestion.IngestionService - ❌ 🔄 Response validation failed: Errors: 1, Warnings: 1, Info: 1
2026-02-03 13:42:43.479 [arb-processor-66] WARN  c.m.bet.ingestion.IngestionService - ⚠️ 🔄 No events in response
2026-02-03 13:42:43.479 [arb-processor-66] DEBUG c.m.bet.ingestion.IngestionService - 🔄 ℹ️ Transforming 0 parsed items to entities...
2026-02-03 13:42:43.479 [arb-processor-66] DEBUG c.m.bet.ingestion.IngestionService - 💾 ℹ️ Saving 0 opportunities to database...
2026-02-03 13:42:43.479 [arb-processor-66] DEBUG c.m.bet.ingestion.IngestionService - 💾 ℹ️ Processing 0 opportunities for database save...
2026-02-03 13:42:43.480 [arb-processor-66] DEBUG c.m.bet.ingestion.IngestionService - ℹ️ 💾 No opportunities to save
2026-02-03 13:42:43.480 [arb-processor-66] INFO  c.m.bet.ingestion.IngestionService - ✅ 📥 Live arbs ingestion completed: 0 opportunities saved in 219ms
2026-02-03 13:42:45.261 [arb-poller] INFO  c.m.bet.ingestion.IngestionService - 🔄 📥 [Poll #251] Starting live arbs fetch...
2026-02-03 13:42:45.261 [arb-processor-62] DEBUG c.m.bet.ingestion.IngestionService - 📥 Fetching live arbs from API...
2026-02-03 13:42:45.473 [arb-processor-62] DEBUG c.m.bet.ingestion.IngestionService - ✅ 📥 API returned 0 events
2026-02-03 13:42:45.474 [arb-processor-62] DEBUG c.m.bet.ingestion.IngestionService - 🔄 ⚡ ℹ️ Processing 0 events...
2026-02-03 13:42:45.474 [arb-processor-62] ERROR c.m.bet.ingestion.IngestionService - ❌ 🔄 Response validation failed: Errors: 1, Warnings: 1, Info: 1
2026-02-03 13:42:45.474 [arb-processor-62] WARN  c.m.bet.ingestion.IngestionService - ⚠️ 🔄 No events in response
2026-02-03 13:42:45.474 [arb-processor-62] DEBUG c.m.bet.ingestion.IngestionService - 🔄 ℹ️ Transforming 0 parsed items to entities...
2026-02-03 13:42:45.474 [arb-processor-62] DEBUG c.m.bet.ingestion.IngestionService - 💾 ℹ️ Saving 0 opportunities to database...
2026-02-03 13:42:45.474 [arb-processor-62] DEBUG c.m.bet.ingestion.IngestionService - 💾 ℹ️ Processing 0 opportunities for database save...
2026-02-03 13:42:45.474 [arb-processor-62] DEBUG c.m.bet.ingestion.IngestionService - ℹ️ 💾 No opportunities to save
2026-02-03 13:42:45.474 [arb-processor-62] INFO  c.m.bet.ingestion.IngestionService - ✅ 📥 Live arbs ingestion completed: 0 opportunities saved in 213ms
2026-02-03 13:42:47.262 [arb-poller] INFO  c.m.bet.ingestion.IngestionService - 🔄 📥 [Poll #252] Starting live arbs fetch...
2026-02-03 13:42:47.265 [arb-processor-67] DEBUG c.m.bet.ingestion.IngestionService - 📥 Fetching live arbs from API...
2026-02-03 13:42:47.467 [arb-processor-67] DEBUG c.m.bet.ingestion.IngestionService - ✅ 📥 API returned 0 events
2026-02-03 13:42:47.467 [arb-processor-67] DEBUG c.m.bet.ingestion.IngestionService - 🔄 ⚡ ℹ️ Processing 0 events...
2026-02-03 13:42:47.467 [arb-processor-67] ERROR c.m.bet.ingestion.IngestionService - ❌ 🔄 Response validation failed: Errors: 1, Warnings: 1, Info: 1
2026-02-03 13:42:47.467 [arb-processor-67] WARN  c.m.bet.ingestion.IngestionService - ⚠️ 🔄 No events in response
2026-02-03 13:42:47.467 [arb-processor-67] DEBUG c.m.bet.ingestion.IngestionService - 🔄 ℹ️ Transforming 0 parsed items to entities...
2026-02-03 13:42:47.467 [arb-processor-67] DEBUG c.m.bet.ingestion.IngestionService - 💾 ℹ️ Saving 0 opportunities to database...
2026-02-03 13:42:47.467 [arb-processor-67] DEBUG c.m.bet.ingestion.IngestionService - 💾 ℹ️ Processing 0 opportunities for database save...
2026-02-03 13:42:47.467 [arb-processor-67] DEBUG c.m.bet.ingestion.IngestionService - ℹ️ 💾 No opportunities to save
2026-02-03 13:42:47.467 [arb-processor-67] INFO  c.m.bet.ingestion.IngestionService - ✅ 📥 Live arbs ingestion completed: 0 opportunities saved in 202ms
2026-02-03 13:42:49.260 [arb-poller] INFO  c.m.bet.ingestion.IngestionService - 🔄 📥 [Poll #253] Starting live arbs fetch...
2026-02-03 13:42:49.261 [arb-processor-56] DEBUG c.m.bet.ingestion.IngestionService - 📥 Fetching live arbs from API...
2026-02-03 13:42:49.445 [arb-processor-56] DEBUG c.m.bet.ingestion.IngestionService - ✅ 📥 API returned 0 events
2026-02-03 13:42:49.445 [arb-processor-56] DEBUG c.m.bet.ingestion.IngestionService - 🔄 ⚡ ℹ️ Processing 0 events...
2026-02-03 13:42:49.445 [arb-processor-56] ERROR c.m.bet.ingestion.IngestionService - ❌ 🔄 Response validation failed: Errors: 1, Warnings: 1, Info: 1
2026-02-03 13:42:49.445 [arb-processor-56] WARN  c.m.bet.ingestion.IngestionService - ⚠️ 🔄 No events in response
2026-02-03 13:42:49.445 [arb-processor-56] DEBUG c.m.bet.ingestion.IngestionService - 🔄 ℹ️ Transforming 0 parsed items to entities...
2026-02-03 13:42:49.446 [arb-processor-56] DEBUG c.m.bet.ingestion.IngestionService - 💾 ℹ️ Saving 0 opportunities to database...
2026-02-03 13:42:49.446 [arb-processor-56] DEBUG c.m.bet.ingestion.IngestionService - 💾 ℹ️ Processing 0 opportunities for database save...
2026-02-03 13:42:49.446 [arb-processor-56] DEBUG c.m.bet.ingestion.IngestionService - ℹ️ 💾 No opportunities to save
2026-02-03 13:42:49.446 [arb-processor-56] INFO  c.m.bet.ingestion.IngestionService - ✅ 📥 Live arbs ingestion completed: 0 opportunities saved in 185ms
2026-02-03 13:42:51.273 [arb-poller] INFO  c.m.bet.ingestion.IngestionService - 🔄 📥 [Poll #254] Starting live arbs fetch...
2026-02-03 13:42:51.274 [arb-processor-66] DEBUG c.m.bet.ingestion.IngestionService - 📥 Fetching live arbs from API...
2026-02-03 13:42:51.489 [arb-processor-66] DEBUG c.m.bet.ingestion.IngestionService - ✅ 📥 API returned 1 events
2026-02-03 13:42:51.489 [arb-processor-66] DEBUG c.m.bet.ingestion.IngestionService - 🔄 ⚡ ℹ️ Processing 1 events...
2026-02-03 13:42:51.490 [arb-processor-62] INFO  c.m.bet.ingestion.IngestionService - 🔄 ℹ️ Processing sub-event 1/2 (ID: 16193963499590820346)...
2026-02-03 13:42:51.490 [arb-processor-62] INFO  c.m.bet.ingestion.IngestionService - ℹ️ 🔄 Sub-event 16193963499590820346 bookmaker: SportyBet (ID: 43)
2026-02-03 13:42:51.490 [arb-processor-62] INFO  c.m.bet.ingestion.IngestionService - ✅ 🍪 Saved crumbs from SportyBet using key='oid' (3 entries)
2026-02-03 13:42:51.490 [arb-processor-62] INFO  c.m.bet.ingestion.IngestionService - 🍪 ℹ️ Using key='oid' = '12' → selectedId='12' for bookmaker: SportyBet (source: SportyBet)
2026-02-03 13:42:51.490 [arb-processor-62] DEBUG c.m.bet.ingestion.IngestionService - 🎯 🍪 Getting market outcome for bookmaker: SportyBet
2026-02-03 13:42:51.490 [arb-processor-62] INFO  c.m.bet.ingestion.IngestionService - ✅ 🎯 Market resolved: marketType='Total points', selectedId='12', outcome='Over 79.5'
2026-02-03 13:42:51.490 [arb-processor-62] INFO  c.m.bet.ingestion.IngestionService - 📎 Built URL for SportyBet: https://www.sportybet.com/ng/sport/tableTennis/live/Czech Republic/Czech Liga Pro/Svedik,_Miroslav_vs_Smrcek,_Milan/sr:match:68523718
2026-02-03 13:42:51.490 [arb-processor-62] INFO  c.m.bet.ingestion.IngestionService - ✅ Built outcome - bookMaker: SportyBet, outcome: 'Over 79.5', odds: 2.2, url: ✓
2026-02-03 13:42:51.490 [arb-processor-62] INFO  c.m.bet.ingestion.IngestionService - 🔄 ℹ️ Processing sub-event 2/2 (ID: 16193963499690119998)...
2026-02-03 13:42:51.490 [arb-processor-62] INFO  c.m.bet.ingestion.IngestionService - ℹ️ 🔄 Sub-event 16193963499690119998 bookmaker: Bet9ja (ID: 33)
2026-02-03 13:42:51.491 [arb-processor-62] INFO  c.m.bet.ingestion.IngestionService - 🍪 ℹ️ Using key='id2' = 'LIVETT_OU@79.5_Under' → selectedId='Under' for bookmaker: Bet9ja (source: own crumbs (post-underscore))
2026-02-03 13:42:51.491 [arb-processor-62] DEBUG c.m.bet.ingestion.IngestionService - 🎯 🍪 Getting market outcome for bookmaker: Bet9ja
2026-02-03 13:42:51.491 [arb-processor-62] INFO  c.m.bet.ingestion.IngestionService - ✅ 🎯 Market resolved: marketType='Total Points', selectedId='Under', outcome='Under 79.5'
2026-02-03 13:42:51.491 [arb-processor-62] DEBUG c.m.bet.ingestion.IngestionService - Built Bet9ja modern URL: https://sports.bet9ja.com/liveEvent/8671511
2026-02-03 13:42:51.491 [arb-processor-62] INFO  c.m.bet.ingestion.IngestionService - 📎 Built URL for Bet9ja: https://sports.bet9ja.com/liveEvent/8671511
2026-02-03 13:42:51.491 [arb-processor-62] INFO  c.m.bet.ingestion.IngestionService - ✅ Built outcome - bookMaker: Bet9ja, outcome: 'Under 79.5', odds: 1.84, url: ✓
2026-02-03 13:42:51.491 [arb-processor-62] DEBUG c.m.bet.ingestion.IngestionService - ✅ 🔄 🎯 Converted event 16193963601269147335 to arb: SportyBet (2.2) vs Bet9ja (1.84) | 0.2% profit | marketType='Total Points' | outcome='Under 79.5'
2026-02-03 13:42:51.491 [arb-processor-66] DEBUG c.m.bet.ingestion.IngestionService - ✅ ⚡ 🔄 Successfully converted 1 events to arbitrages
2026-02-03 13:42:51.491 [arb-processor-66] DEBUG c.m.bet.ingestion.IngestionService - 🔄 ℹ️ Transforming 1 parsed items to entities...
2026-02-03 13:42:51.491 [arb-processor-66] DEBUG c.m.bet.ingestion.IngestionService - 💾 ℹ️ Saving 1 opportunities to database...
2026-02-03 13:42:51.491 [arb-processor-66] DEBUG c.m.bet.ingestion.IngestionService - 💾 ℹ️ Processing 1 opportunities for database save...
2026-02-03 13:42:51.499 [arb-processor-66] INFO  c.m.bet.ingestion.IngestionService - ✅ 💾 Database save completed: 1 new, 0 updated, 0 skipped
2026-02-03 13:42:51.499 [arb-processor-66] INFO  c.m.bet.ingestion.IngestionService - ✅ 📥 Live arbs ingestion completed: 1 opportunities saved in 225ms
2026-02-03 13:42:53.268 [arb-poller] INFO  c.m.bet.ingestion.IngestionService - 🔄 📥 [Poll #255] Starting live arbs fetch...
2026-02-03 13:42:53.269 [arb-processor-67] DEBUG c.m.bet.ingestion.IngestionService - 📥 Fetching live arbs from API...
2026-02-03 13:42:53.481 [arb-processor-67] DEBUG c.m.bet.ingestion.IngestionService - ✅ 📥 API returned 1 events
2026-02-03 13:42:53.482 [arb-processor-67] DEBUG c.m.bet.ingestion.IngestionService - 🔄 ⚡ ℹ️ Processing 1 events...
2026-02-03 13:42:53.483 [arb-processor-56] INFO  c.m.bet.ingestion.IngestionService - 🔄 ℹ️ Processing sub-event 1/2 (ID: 16193963499590820346)...
2026-02-03 13:42:53.483 [arb-processor-56] INFO  c.m.bet.ingestion.IngestionService - ℹ️ 🔄 Sub-event 16193963499590820346 bookmaker: SportyBet (ID: 43)
2026-02-03 13:42:53.483 [arb-processor-56] INFO  c.m.bet.ingestion.IngestionService - ✅ 🍪 Saved crumbs from SportyBet using key='oid' (3 entries)
2026-02-03 13:42:53.483 [arb-processor-56] INFO  c.m.bet.ingestion.IngestionService - 🍪 ℹ️ Using key='oid' = '12' → selectedId='12' for bookmaker: SportyBet (source: SportyBet)
2026-02-03 13:42:53.483 [arb-processor-56] DEBUG c.m.bet.ingestion.IngestionService - 🎯 🍪 Getting market outcome for bookmaker: SportyBet
2026-02-03 13:42:53.483 [arb-processor-56] INFO  c.m.bet.ingestion.IngestionService - ✅ 🎯 Market resolved: marketType='Total points', selectedId='12', outcome='Over 79.5'
2026-02-03 13:42:53.483 [arb-processor-56] INFO  c.m.bet.ingestion.IngestionService - 📎 Built URL for SportyBet: https://www.sportybet.com/ng/sport/tableTennis/live/Czech Republic/Czech Liga Pro/Svedik,_Miroslav_vs_Smrcek,_Milan/sr:match:68523718
2026-02-03 13:42:53.483 [arb-processor-56] INFO  c.m.bet.ingestion.IngestionService - ✅ Built outcome - bookMaker: SportyBet, outcome: 'Over 79.5', odds: 2.2, url: ✓
2026-02-03 13:42:53.484 [arb-processor-56] INFO  c.m.bet.ingestion.IngestionService - 🔄 ℹ️ Processing sub-event 2/2 (ID: 16193963499690119998)...
2026-02-03 13:42:53.484 [arb-processor-56] INFO  c.m.bet.ingestion.IngestionService - ℹ️ 🔄 Sub-event 16193963499690119998 bookmaker: Bet9ja (ID: 33)
2026-02-03 13:42:53.484 [arb-processor-56] INFO  c.m.bet.ingestion.IngestionService - 🍪 ℹ️ Using key='id2' = 'LIVETT_OU@79.5_Under' → selectedId='Under' for bookmaker: Bet9ja (source: own crumbs (post-underscore))
2026-02-03 13:42:53.484 [arb-processor-56] DEBUG c.m.bet.ingestion.IngestionService - 🎯 🍪 Getting market outcome for bookmaker: Bet9ja
2026-02-03 13:42:53.484 [arb-processor-56] INFO  c.m.bet.ingestion.IngestionService - ✅ 🎯 Market resolved: marketType='Total Points', selectedId='Under', outcome='Under 79.5'
2026-02-03 13:42:53.484 [arb-processor-56] DEBUG c.m.bet.ingestion.IngestionService - Built Bet9ja modern URL: https://sports.bet9ja.com/liveEvent/8671511
2026-02-03 13:42:53.484 [arb-processor-56] INFO  c.m.bet.ingestion.IngestionService - 📎 Built URL for Bet9ja: https://sports.bet9ja.com/liveEvent/8671511
2026-02-03 13:42:53.485 [arb-processor-56] INFO  c.m.bet.ingestion.IngestionService - ✅ Built outcome - bookMaker: Bet9ja, outcome: 'Under 79.5', odds: 1.84, url: ✓
2026-02-03 13:42:53.485 [arb-processor-56] DEBUG c.m.bet.ingestion.IngestionService - ✅ 🔄 🎯 Converted event 16193963601269147335 to arb: SportyBet (2.2) vs Bet9ja (1.84) | 0.2% profit | marketType='Total Points' | outcome='Under 79.5'
2026-02-03 13:42:53.485 [arb-processor-67] DEBUG c.m.bet.ingestion.IngestionService - ✅ ⚡ 🔄 Successfully converted 1 events to arbitrages
2026-02-03 13:42:53.485 [arb-processor-67] DEBUG c.m.bet.ingestion.IngestionService - 🔄 ℹ️ Transforming 1 parsed items to entities...
2026-02-03 13:42:53.486 [arb-processor-67] DEBUG c.m.bet.ingestion.IngestionService - 💾 ℹ️ Saving 1 opportunities to database...
2026-02-03 13:42:53.486 [arb-processor-67] DEBUG c.m.bet.ingestion.IngestionService - 💾 ℹ️ Processing 1 opportunities for database save...
2026-02-03 13:42:53.497 [arb-processor-67] INFO  c.m.bet.ingestion.IngestionService - ✅ 💾 Database save completed: 0 new, 1 updated, 0 skipped
2026-02-03 13:42:53.497 [arb-processor-67] INFO  c.m.bet.ingestion.IngestionService - ✅ 📥 Live arbs ingestion completed: 1 opportunities saved in 229ms
2026-02-03 13:42:55.267 [arb-poller] INFO  c.m.bet.ingestion.IngestionService - 🔄 📥 [Poll #256] Starting live arbs fetch...
2026-02-03 13:42:55.268 [arb-processor-62] DEBUG c.m.bet.ingestion.IngestionService - 📥 Fetching live arbs from API...
2026-02-03 13:42:55.467 [arb-processor-62] DEBUG c.m.bet.ingestion.IngestionService - ✅ 📥 API returned 0 events
2026-02-03 13:42:55.467 [arb-processor-62] DEBUG c.m.bet.ingestion.IngestionService - 🔄 ⚡ ℹ️ Processing 0 events...
2026-02-03 13:42:55.467 [arb-processor-62] ERROR c.m.bet.ingestion.IngestionService - ❌ 🔄 Response validation failed: Errors: 1, Warnings: 1, Info: 1
2026-02-03 13:42:55.467 [arb-processor-62] WARN  c.m.bet.ingestion.IngestionService - ⚠️ 🔄 No events in response
2026-02-03 13:42:55.467 [arb-processor-62] DEBUG c.m.bet.ingestion.IngestionService - 🔄 ℹ️ Transforming 0 parsed items to entities...
2026-02-03 13:42:55.467 [arb-processor-62] DEBUG c.m.bet.ingestion.IngestionService - 💾 ℹ️ Saving 0 opportunities to database...
2026-02-03 13:42:55.467 [arb-processor-62] DEBUG c.m.bet.ingestion.IngestionService - 💾 ℹ️ Processing 0 opportunities for database save...
2026-02-03 13:42:55.467 [arb-processor-62] DEBUG c.m.bet.ingestion.IngestionService - ℹ️ 💾 No opportunities to save
2026-02-03 13:42:55.467 [arb-processor-62] INFO  c.m.bet.ingestion.IngestionService - ✅ 📥 Live arbs ingestion completed: 0 opportunities saved in 199ms
2026-02-03 13:42:57.261 [arb-poller] INFO  c.m.bet.ingestion.IngestionService - 🔄 📥 [Poll #257] Starting live arbs fetch...
2026-02-03 13:42:57.261 [arb-processor-66] DEBUG c.m.bet.ingestion.IngestionService - 📥 Fetching live arbs from API...
2026-02-03 13:42:57.459 [arb-processor-66] DEBUG c.m.bet.ingestion.IngestionService - ✅ 📥 API returned 0 events
2026-02-03 13:42:57.459 [arb-processor-66] DEBUG c.m.bet.ingestion.IngestionService - 🔄 ⚡ ℹ️ Processing 0 events...
2026-02-03 13:42:57.459 [arb-processor-66] ERROR c.m.bet.ingestion.IngestionService - ❌ 🔄 Response validation failed: Errors: 1, Warnings: 1, Info: 1
2026-02-03 13:42:57.459 [arb-processor-66] WARN  c.m.bet.ingestion.IngestionService - ⚠️ 🔄 No events in response
2026-02-03 13:42:57.459 [arb-processor-66] DEBUG c.m.bet.ingestion.IngestionService - 🔄 ℹ️ Transforming 0 parsed items to entities...
2026-02-03 13:42:57.460 [arb-processor-66] DEBUG c.m.bet.ingestion.IngestionService - 💾 ℹ️ Saving 0 opportunities to database...
2026-02-03 13:42:57.460 [arb-processor-66] DEBUG c.m.bet.ingestion.IngestionService - 💾 ℹ️ Processing 0 opportunities for database save...
2026-02-03 13:42:57.460 [arb-processor-66] DEBUG c.m.bet.ingestion.IngestionService - ℹ️ 💾 No opportunities to save
2026-02-03 13:42:57.460 [arb-processor-66] INFO  c.m.bet.ingestion.IngestionService - ✅ 📥 Live arbs ingestion completed: 0 opportunities saved in 199ms
2026-02-03 13:42:59.293 [arb-poller] INFO  c.m.bet.ingestion.IngestionService - 🔄 📥 [Poll #258] Starting live arbs fetch...
2026-02-03 13:42:59.293 [arb-processor-56] DEBUG c.m.bet.ingestion.IngestionService - 📥 Fetching live arbs from API...
2026-02-03 13:42:59.507 [arb-processor-56] DEBUG c.m.bet.ingestion.IngestionService - ✅ 📥 API returned 0 events
2026-02-03 13:42:59.507 [arb-processor-56] DEBUG c.m.bet.ingestion.IngestionService - 🔄 ⚡ ℹ️ Processing 0 events...
2026-02-03 13:42:59.507 [arb-processor-56] ERROR c.m.bet.ingestion.IngestionService - ❌ 🔄 Response validation failed: Errors: 1, Warnings: 1, Info: 1
2026-02-03 13:42:59.507 [arb-processor-56] WARN  c.m.bet.ingestion.IngestionService - ⚠️ 🔄 No events in response
2026-02-03 13:42:59.507 [arb-processor-56] DEBUG c.m.bet.ingestion.IngestionService - 🔄 ℹ️ Transforming 0 parsed items to entities...
2026-02-03 13:42:59.507 [arb-processor-56] DEBUG c.m.bet.ingestion.IngestionService - 💾 ℹ️ Saving 0 opportunities to database...
2026-02-03 13:42:59.508 [arb-processor-56] DEBUG c.m.bet.ingestion.IngestionService - 💾 ℹ️ Processing 0 opportunities for database save...
2026-02-03 13:42:59.508 [arb-processor-56] DEBUG c.m.bet.ingestion.IngestionService - ℹ️ 💾 No opportunities to save
2026-02-03 13:42:59.508 [arb-processor-56] INFO  c.m.bet.ingestion.IngestionService - ✅ 📥 Live arbs ingestion completed: 0 opportunities saved in 215ms
2026-02-03 13:43:01.260 [arb-poller] INFO  c.m.bet.ingestion.IngestionService - 🔄 📥 [Poll #259] Starting live arbs fetch...
2026-02-03 13:43:01.260 [arb-processor-67] DEBUG c.m.bet.ingestion.IngestionService - 📥 Fetching live arbs from API...
2026-02-03 13:43:01.490 [arb-processor-67] DEBUG c.m.bet.ingestion.IngestionService - ✅ 📥 API returned 0 events
2026-02-03 13:43:01.490 [arb-processor-67] DEBUG c.m.bet.ingestion.IngestionService - 🔄 ⚡ ℹ️ Processing 0 events...
2026-02-03 13:43:01.491 [arb-processor-67] ERROR c.m.bet.ingestion.IngestionService - ❌ 🔄 Response validation failed: Errors: 1, Warnings: 1, Info: 1
2026-02-03 13:43:01.491 [arb-processor-67] WARN  c.m.bet.ingestion.IngestionService - ⚠️ 🔄 No events in response
2026-02-03 13:43:01.491 [arb-processor-67] DEBUG c.m.bet.ingestion.IngestionService - 🔄 ℹ️ Transforming 0 parsed items to entities...
2026-02-03 13:43:01.491 [arb-processor-67] DEBUG c.m.bet.ingestion.IngestionService - 💾 ℹ️ Saving 0 opportunities to database...
2026-02-03 13:43:01.491 [arb-processor-67] DEBUG c.m.bet.ingestion.IngestionService - 💾 ℹ️ Processing 0 opportunities for database save...
2026-02-03 13:43:01.491 [arb-processor-67] DEBUG c.m.bet.ingestion.IngestionService - ℹ️ 💾 No opportunities to save
2026-02-03 13:43:01.491 [arb-processor-67] INFO  c.m.bet.ingestion.IngestionService - ✅ 📥 Live arbs ingestion completed: 0 opportunities saved in 231ms
2026-02-03 13:43:03.277 [arb-poller] INFO  c.m.bet.ingestion.IngestionService - 🔄 📥 [Poll #260] Starting live arbs fetch...
2026-02-03 13:43:03.278 [arb-processor-62] DEBUG c.m.bet.ingestion.IngestionService - 📥 Fetching live arbs from API...
2026-02-03 13:43:03.532 [arb-processor-62] DEBUG c.m.bet.ingestion.IngestionService - ✅ 📥 API returned 0 events
2026-02-03 13:43:03.532 [arb-processor-62] DEBUG c.m.bet.ingestion.IngestionService - 🔄 ⚡ ℹ️ Processing 0 events...
2026-02-03 13:43:03.532 [arb-processor-62] ERROR c.m.bet.ingestion.IngestionService - ❌ 🔄 Response validation failed: Errors: 1, Warnings: 1, Info: 1
2026-02-03 13:43:03.532 [arb-processor-62] WARN  c.m.bet.ingestion.IngestionService - ⚠️ 🔄 No events in response
2026-02-03 13:43:03.532 [arb-processor-62] DEBUG c.m.bet.ingestion.IngestionService - 🔄 ℹ️ Transforming 0 parsed items to entities...
2026-02-03 13:43:03.532 [arb-processor-62] DEBUG c.m.bet.ingestion.IngestionService - 💾 ℹ️ Saving 0 opportunities to database...
2026-02-03 13:43:03.533 [arb-processor-62] DEBUG c.m.bet.ingestion.IngestionService - 💾 ℹ️ Processing 0 opportunities for database save...
2026-02-03 13:43:03.533 [arb-processor-62] DEBUG c.m.bet.ingestion.IngestionService - ℹ️ 💾 No opportunities to save
2026-02-03 13:43:03.533 [arb-processor-62] INFO  c.m.bet.ingestion.IngestionService - ✅ 📥 Live arbs ingestion completed: 0 opportunities saved in 255ms
2026-02-03 13:43:05.260 [arb-poller] INFO  c.m.bet.ingestion.IngestionService - 🔄 📥 [Poll #261] Starting live arbs fetch...
2026-02-03 13:43:05.260 [arb-processor-66] DEBUG c.m.bet.ingestion.IngestionService - 📥 Fetching live arbs from API...
2026-02-03 13:43:05.493 [arb-processor-66] DEBUG c.m.bet.ingestion.IngestionService - ✅ 📥 API returned 0 events
2026-02-03 13:43:05.494 [arb-processor-66] DEBUG c.m.bet.ingestion.IngestionService - 🔄 ⚡ ℹ️ Processing 0 events...
2026-02-03 13:43:05.494 [arb-processor-66] ERROR c.m.bet.ingestion.IngestionService - ❌ 🔄 Response validation failed: Errors: 1, Warnings: 1, Info: 1
2026-02-03 13:43:05.494 [arb-processor-66] WARN  c.m.bet.ingestion.IngestionService - ⚠️ 🔄 No events in response
2026-02-03 13:43:05.494 [arb-processor-66] DEBUG c.m.bet.ingestion.IngestionService - 🔄 ℹ️ Transforming 0 parsed items to entities...
2026-02-03 13:43:05.494 [arb-processor-66] DEBUG c.m.bet.ingestion.IngestionService - 💾 ℹ️ Saving 0 opportunities to database...
2026-02-03 13:43:05.494 [arb-processor-66] DEBUG c.m.bet.ingestion.IngestionService - 💾 ℹ️ Processing 0 opportunities for database save...
2026-02-03 13:43:05.494 [arb-processor-66] DEBUG c.m.bet.ingestion.IngestionService - ℹ️ 💾 No opportunities to save
2026-02-03 13:43:05.494 [arb-processor-66] INFO  c.m.bet.ingestion.IngestionService - ✅ 📥 Live arbs ingestion completed: 0 opportunities saved in 234ms
2026-02-03 13:43:07.290 [arb-poller] INFO  c.m.bet.ingestion.IngestionService - 🔄 📥 [Poll #262] Starting live arbs fetch...
2026-02-03 13:43:07.291 [arb-processor-56] DEBUG c.m.bet.ingestion.IngestionService - 📥 Fetching live arbs from API...
2026-02-03 13:43:07.511 [arb-processor-56] DEBUG c.m.bet.ingestion.IngestionService - ✅ 📥 API returned 0 events
2026-02-03 13:43:07.511 [arb-processor-56] DEBUG c.m.bet.ingestion.IngestionService - 🔄 ⚡ ℹ️ Processing 0 events...
2026-02-03 13:43:07.511 [arb-processor-56] ERROR c.m.bet.ingestion.IngestionService - ❌ 🔄 Response validation failed: Errors: 1, Warnings: 1, Info: 1
2026-02-03 13:43:07.511 [arb-processor-56] WARN  c.m.bet.ingestion.IngestionService - ⚠️ 🔄 No events in response
2026-02-03 13:43:07.511 [arb-processor-56] DEBUG c.m.bet.ingestion.IngestionService - 🔄 ℹ️ Transforming 0 parsed items to entities...
2026-02-03 13:43:07.511 [arb-processor-56] DEBUG c.m.bet.ingestion.IngestionService - 💾 ℹ️ Saving 0 opportunities to database...
2026-02-03 13:43:07.511 [arb-processor-56] DEBUG c.m.bet.ingestion.IngestionService - 💾 ℹ️ Processing 0 opportunities for database save...
2026-02-03 13:43:07.511 [arb-processor-56] DEBUG c.m.bet.ingestion.IngestionService - ℹ️ 💾 No opportunities to save
2026-02-03 13:43:07.511 [arb-processor-56] INFO  c.m.bet.ingestion.IngestionService - ✅ 📥 Live arbs ingestion completed: 0 opportunities saved in 221ms
2026-02-03 13:43:09.261 [arb-poller] INFO  c.m.bet.ingestion.IngestionService - 🔄 📥 [Poll #263] Starting live arbs fetch...
2026-02-03 13:43:09.261 [arb-processor-67] DEBUG c.m.bet.ingestion.IngestionService - 📥 Fetching live arbs from API...
2026-02-03 13:43:09.571 [arb-processor-67] DEBUG c.m.bet.ingestion.IngestionService - ✅ 📥 API returned 0 events
2026-02-03 13:43:09.571 [arb-processor-67] DEBUG c.m.bet.ingestion.IngestionService - 🔄 ⚡ ℹ️ Processing 0 events...
2026-02-03 13:43:09.571 [arb-processor-67] ERROR c.m.bet.ingestion.IngestionService - ❌ 🔄 Response validation failed: Errors: 1, Warnings: 1, Info: 1
2026-02-03 13:43:09.571 [arb-processor-67] WARN  c.m.bet.ingestion.IngestionService - ⚠️ 🔄 No events in response
2026-02-03 13:43:09.571 [arb-processor-67] DEBUG c.m.bet.ingestion.IngestionService - 🔄 ℹ️ Transforming 0 parsed items to entities...
2026-02-03 13:43:09.571 [arb-processor-67] DEBUG c.m.bet.ingestion.IngestionService - 💾 ℹ️ Saving 0 opportunities to database...
2026-02-03 13:43:09.571 [arb-processor-67] DEBUG c.m.bet.ingestion.IngestionService - 💾 ℹ️ Processing 0 opportunities for database save...
2026-02-03 13:43:09.571 [arb-processor-67] DEBUG c.m.bet.ingestion.IngestionService - ℹ️ 💾 No opportunities to save
2026-02-03 13:43:09.571 [arb-processor-67] INFO  c.m.bet.ingestion.IngestionService - ✅ 📥 Live arbs ingestion completed: 0 opportunities saved in 310ms
2026-02-03 13:43:11.261 [arb-poller] INFO  c.m.bet.ingestion.IngestionService - 🔄 📥 [Poll #264] Starting live arbs fetch...
2026-02-03 13:43:11.261 [arb-processor-62] DEBUG c.m.bet.ingestion.IngestionService - 📥 Fetching live arbs from API...
2026-02-03 13:43:11.472 [arb-processor-62] DEBUG c.m.bet.ingestion.IngestionService - ✅ 📥 API returned 0 events
2026-02-03 13:43:11.472 [arb-processor-62] DEBUG c.m.bet.ingestion.IngestionService - 🔄 ⚡ ℹ️ Processing 0 events...
2026-02-03 13:43:11.472 [arb-processor-62] ERROR c.m.bet.ingestion.IngestionService - ❌ 🔄 Response validation failed: Errors: 1, Warnings: 1, Info: 1
2026-02-03 13:43:11.472 [arb-processor-62] WARN  c.m.bet.ingestion.IngestionService - ⚠️ 🔄 No events in response
2026-02-03 13:43:11.472 [arb-processor-62] DEBUG c.m.bet.ingestion.IngestionService - 🔄 ℹ️ Transforming 0 parsed items to entities...
2026-02-03 13:43:11.472 [arb-processor-62] DEBUG c.m.bet.ingestion.IngestionService - 💾 ℹ️ Saving 0 opportunities to database...
2026-02-03 13:43:11.472 [arb-processor-62] DEBUG c.m.bet.ingestion.IngestionService - 💾 ℹ️ Processing 0 opportunities for database save...
2026-02-03 13:43:11.472 [arb-processor-62] DEBUG c.m.bet.ingestion.IngestionService - ℹ️ 💾 No opportunities to save
2026-02-03 13:43:11.472 [arb-processor-62] INFO  c.m.bet.ingestion.IngestionService - ✅ 📥 Live arbs ingestion completed: 0 opportunities saved in 211ms
2026-02-03 13:43:13.261 [arb-poller] INFO  c.m.bet.ingestion.IngestionService - 🔄 📥 [Poll #265] Starting live arbs fetch...
2026-02-03 13:43:13.261 [arb-processor-66] DEBUG c.m.bet.ingestion.IngestionService - 📥 Fetching live arbs from API...
2026-02-03 13:43:13.506 [arb-processor-66] DEBUG c.m.bet.ingestion.IngestionService - ✅ 📥 API returned 0 events
2026-02-03 13:43:13.506 [arb-processor-66] DEBUG c.m.bet.ingestion.IngestionService - 🔄 ⚡ ℹ️ Processing 0 events...
2026-02-03 13:43:13.506 [arb-processor-66] ERROR c.m.bet.ingestion.IngestionService - ❌ 🔄 Response validation failed: Errors: 1, Warnings: 1, Info: 1
2026-02-03 13:43:13.506 [arb-processor-66] WARN  c.m.bet.ingestion.IngestionService - ⚠️ 🔄 No events in response
2026-02-03 13:43:13.507 [arb-processor-66] DEBUG c.m.bet.ingestion.IngestionService - 🔄 ℹ️ Transforming 0 parsed items to entities...
2026-02-03 13:43:13.507 [arb-processor-66] DEBUG c.m.bet.ingestion.IngestionService - 💾 ℹ️ Saving 0 opportunities to database...
2026-02-03 13:43:13.507 [arb-processor-66] DEBUG c.m.bet.ingestion.IngestionService - 💾 ℹ️ Processing 0 opportunities for database save...
2026-02-03 13:43:13.507 [arb-processor-66] DEBUG c.m.bet.ingestion.IngestionService - ℹ️ 💾 No opportunities to save
2026-02-03 13:43:13.507 [arb-processor-66] INFO  c.m.bet.ingestion.IngestionService - ✅ 📥 Live arbs ingestion completed: 0 opportunities saved in 246ms
2026-02-03 13:43:15.260 [arb-poller] INFO  c.m.bet.ingestion.IngestionService - 🔄 📥 [Poll #266] Starting live arbs fetch...
2026-02-03 13:43:15.261 [arb-processor-56] DEBUG c.m.bet.ingestion.IngestionService - 📥 Fetching live arbs from API...
2026-02-03 13:43:15.476 [arb-processor-56] DEBUG c.m.bet.ingestion.IngestionService - ✅ 📥 API returned 0 events
2026-02-03 13:43:15.476 [arb-processor-56] DEBUG c.m.bet.ingestion.IngestionService - 🔄 ⚡ ℹ️ Processing 0 events...
2026-02-03 13:43:15.476 [arb-processor-56] ERROR c.m.bet.ingestion.IngestionService - ❌ 🔄 Response validation failed: Errors: 1, Warnings: 1, Info: 1
2026-02-03 13:43:15.476 [arb-processor-56] WARN  c.m.bet.ingestion.IngestionService - ⚠️ 🔄 No events in response
2026-02-03 13:43:15.476 [arb-processor-56] DEBUG c.m.bet.ingestion.IngestionService - 🔄 ℹ️ Transforming 0 parsed items to entities...
2026-02-03 13:43:15.476 [arb-processor-56] DEBUG c.m.bet.ingestion.IngestionService - 💾 ℹ️ Saving 0 opportunities to database...
2026-02-03 13:43:15.476 [arb-processor-56] DEBUG c.m.bet.ingestion.IngestionService - 💾 ℹ️ Processing 0 opportunities for database save...
2026-02-03 13:43:15.476 [arb-processor-56] DEBUG c.m.bet.ingestion.IngestionService - ℹ️ 💾 No opportunities to save
2026-02-03 13:43:15.477 [arb-processor-56] INFO  c.m.bet.ingestion.IngestionService - ✅ 📥 Live arbs ingestion completed: 0 opportunities saved in 216ms
2026-02-03 13:43:17.262 [arb-poller] INFO  c.m.bet.ingestion.IngestionService - 🔄 📥 [Poll #267] Starting live arbs fetch...
2026-02-03 13:43:17.262 [arb-processor-67] DEBUG c.m.bet.ingestion.IngestionService - 📥 Fetching live arbs from API...
2026-02-03 13:43:18.695 [arb-processor-67] DEBUG c.m.bet.ingestion.IngestionService - ✅ 📥 API returned 0 events
2026-02-03 13:43:18.695 [arb-processor-67] DEBUG c.m.bet.ingestion.IngestionService - 🔄 ⚡ ℹ️ Processing 0 events...
2026-02-03 13:43:18.695 [arb-processor-67] ERROR c.m.bet.ingestion.IngestionService - ❌ 🔄 Response validation failed: Errors: 1, Warnings: 1, Info: 1
2026-02-03 13:43:18.695 [arb-processor-67] WARN  c.m.bet.ingestion.IngestionService - ⚠️ 🔄 No events in response
2026-02-03 13:43:18.695 [arb-processor-67] DEBUG c.m.bet.ingestion.IngestionService - 🔄 ℹ️ Transforming 0 parsed items to entities...
2026-02-03 13:43:18.695 [arb-processor-67] DEBUG c.m.bet.ingestion.IngestionService - 💾 ℹ️ Saving 0 opportunities to database...
2026-02-03 13:43:18.695 [arb-processor-67] DEBUG c.m.bet.ingestion.IngestionService - 💾 ℹ️ Processing 0 opportunities for database save...
2026-02-03 13:43:18.695 [arb-processor-67] DEBUG c.m.bet.ingestion.IngestionService - ℹ️ 💾 No opportunities to save
2026-02-03 13:43:18.695 [arb-processor-67] INFO  c.m.bet.ingestion.IngestionService - ✅ 📥 Live arbs ingestion completed: 0 opportunities saved in 1433ms
2026-02-03 13:43:19.261 [arb-poller] INFO  c.m.bet.ingestion.IngestionService - 🔄 📥 [Poll #268] Starting live arbs fetch...
2026-02-03 13:43:19.261 [arb-processor-62] DEBUG c.m.bet.ingestion.IngestionService - 📥 Fetching live arbs from API...
2026-02-03 13:43:19.488 [arb-processor-62] DEBUG c.m.bet.ingestion.IngestionService - ✅ 📥 API returned 0 events
2026-02-03 13:43:19.488 [arb-processor-62] DEBUG c.m.bet.ingestion.IngestionService - 🔄 ⚡ ℹ️ Processing 0 events...
2026-02-03 13:43:19.488 [arb-processor-62] ERROR c.m.bet.ingestion.IngestionService - ❌ 🔄 Response validation failed: Errors: 1, Warnings: 1, Info: 1
2026-02-03 13:43:19.488 [arb-processor-62] WARN  c.m.bet.ingestion.IngestionService - ⚠️ 🔄 No events in response
2026-02-03 13:43:19.488 [arb-processor-62] DEBUG c.m.bet.ingestion.IngestionService - 🔄 ℹ️ Transforming 0 parsed items to entities...
2026-02-03 13:43:19.488 [arb-processor-62] DEBUG c.m.bet.ingestion.IngestionService - 💾 ℹ️ Saving 0 opportunities to database...
2026-02-03 13:43:19.488 [arb-processor-62] DEBUG c.m.bet.ingestion.IngestionService - 💾 ℹ️ Processing 0 opportunities for database save...
2026-02-03 13:43:19.488 [arb-processor-62] DEBUG c.m.bet.ingestion.IngestionService - ℹ️ 💾 No opportunities to save
2026-02-03 13:43:19.488 [arb-processor-62] INFO  c.m.bet.ingestion.IngestionService - ✅ 📥 Live arbs ingestion completed: 0 opportunities saved in 227ms
2026-02-03 13:43:21.305 [arb-poller] INFO  c.m.bet.ingestion.IngestionService - 🔄 📥 [Poll #269] Starting live arbs fetch...
2026-02-03 13:43:21.307 [arb-processor-66] DEBUG c.m.bet.ingestion.IngestionService - 📥 Fetching live arbs from API...
2026-02-03 13:43:22.709 [arb-processor-66] DEBUG c.m.bet.ingestion.IngestionService - ✅ 📥 API returned 0 events
2026-02-03 13:43:22.709 [arb-processor-66] DEBUG c.m.bet.ingestion.IngestionService - 🔄 ⚡ ℹ️ Processing 0 events...
2026-02-03 13:43:22.710 [arb-processor-66] ERROR c.m.bet.ingestion.IngestionService - ❌ 🔄 Response validation failed: Errors: 1, Warnings: 1, Info: 1
2026-02-03 13:43:22.710 [arb-processor-66] WARN  c.m.bet.ingestion.IngestionService - ⚠️ 🔄 No events in response
2026-02-03 13:43:22.710 [arb-processor-66] DEBUG c.m.bet.ingestion.IngestionService - 🔄 ℹ️ Transforming 0 parsed items to entities...
2026-02-03 13:43:22.710 [arb-processor-66] DEBUG c.m.bet.ingestion.IngestionService - 💾 ℹ️ Saving 0 opportunities to database...
2026-02-03 13:43:22.710 [arb-processor-66] DEBUG c.m.bet.ingestion.IngestionService - 💾 ℹ️ Processing 0 opportunities for database save...
2026-02-03 13:43:22.710 [arb-processor-66] DEBUG c.m.bet.ingestion.IngestionService - ℹ️ 💾 No opportunities to save
2026-02-03 13:43:22.710 [arb-processor-66] INFO  c.m.bet.ingestion.IngestionService - ✅ 📥 Live arbs ingestion completed: 0 opportunities saved in 1403ms
2026-02-03 13:43:23.263 [arb-poller] INFO  c.m.bet.ingestion.IngestionService - 🔄 📥 [Poll #270] Starting live arbs fetch...
2026-02-03 13:43:23.267 [arb-processor-56] DEBUG c.m.bet.ingestion.IngestionService - 📥 Fetching live arbs from API...
2026-02-03 13:43:23.545 [arb-processor-56] DEBUG c.m.bet.ingestion.IngestionService - ✅ 📥 API returned 0 events
2026-02-03 13:43:23.545 [arb-processor-56] DEBUG c.m.bet.ingestion.IngestionService - 🔄 ⚡ ℹ️ Processing 0 events...
2026-02-03 13:43:23.545 [arb-processor-56] ERROR c.m.bet.ingestion.IngestionService - ❌ 🔄 Response validation failed: Errors: 1, Warnings: 1, Info: 1
2026-02-03 13:43:23.545 [arb-processor-56] WARN  c.m.bet.ingestion.IngestionService - ⚠️ 🔄 No events in response
2026-02-03 13:43:23.545 [arb-processor-56] DEBUG c.m.bet.ingestion.IngestionService - 🔄 ℹ️ Transforming 0 parsed items to entities...
2026-02-03 13:43:23.546 [arb-processor-56] DEBUG c.m.bet.ingestion.IngestionService - 💾 ℹ️ Saving 0 opportunities to database...
2026-02-03 13:43:23.546 [arb-processor-56] DEBUG c.m.bet.ingestion.IngestionService - 💾 ℹ️ Processing 0 opportunities for database save...
2026-02-03 13:43:23.546 [arb-processor-56] DEBUG c.m.bet.ingestion.IngestionService - ℹ️ 💾 No opportunities to save
2026-02-03 13:43:23.546 [arb-processor-56] INFO  c.m.bet.ingestion.IngestionService - ✅ 📥 Live arbs ingestion completed: 0 opportunities saved in 279ms
2026-02-03 13:43:23.562 [arb-processor-56] INFO  c.m.bet.ingestion.IngestionService - 📊 ℹ️ Current Statistics:
2026-02-03 13:43:23.562 [arb-processor-56] INFO  c.m.bet.ingestion.IngestionService - 📊 Total Active: 10
2026-02-03 13:43:23.562 [arb-processor-56] INFO  c.m.bet.ingestion.IngestionService - 📊 Fresh Active: 0 (0.0%)
2026-02-03 13:43:23.562 [arb-processor-56] INFO  c.m.bet.ingestion.IngestionService - 📊 Stale Active: 10 (100.0%)
2026-02-03 13:43:23.562 [arb-processor-56] INFO  c.m.bet.ingestion.IngestionService - 📊 Average Profit: 2.81%
2026-02-03 13:43:25.261 [arb-poller] INFO  c.m.bet.ingestion.IngestionService - 🔄 📥 [Poll #271] Starting live arbs fetch...
2026-02-03 13:43:25.261 [arb-processor-67] DEBUG c.m.bet.ingestion.IngestionService - 📥 Fetching live arbs from API...
2026-02-03 13:43:25.476 [arb-processor-67] DEBUG c.m.bet.ingestion.IngestionService - ✅ 📥 API returned 0 events
2026-02-03 13:43:25.476 [arb-processor-67] DEBUG c.m.bet.ingestion.IngestionService - 🔄 ⚡ ℹ️ Processing 0 events...
2026-02-03 13:43:25.476 [arb-processor-67] ERROR c.m.bet.ingestion.IngestionService - ❌ 🔄 Response validation failed: Errors: 1, Warnings: 1, Info: 1
2026-02-03 13:43:25.477 [arb-processor-67] WARN  c.m.bet.ingestion.IngestionService - ⚠️ 🔄 No events in response
2026-02-03 13:43:25.477 [arb-processor-67] DEBUG c.m.bet.ingestion.IngestionService - 🔄 ℹ️ Transforming 0 parsed items to entities...
2026-02-03 13:43:25.477 [arb-processor-67] DEBUG c.m.bet.ingestion.IngestionService - 💾 ℹ️ Saving 0 opportunities to database...
2026-02-03 13:43:25.477 [arb-processor-67] DEBUG c.m.bet.ingestion.IngestionService - 💾 ℹ️ Processing 0 opportunities for database save...
2026-02-03 13:43:25.477 [arb-processor-67] DEBUG c.m.bet.ingestion.IngestionService - ℹ️ 💾 No opportunities to save
2026-02-03 13:43:25.477 [arb-processor-67] INFO  c.m.bet.ingestion.IngestionService - ✅ 📥 Live arbs ingestion completed: 0 opportunities saved in 216ms
2026-02-03 13:43:27.273 [arb-poller] INFO  c.m.bet.ingestion.IngestionService - 🔄 📥 [Poll #272] Starting live arbs fetch...
2026-02-03 13:43:27.274 [arb-processor-62] DEBUG c.m.bet.ingestion.IngestionService - 📥 Fetching live arbs from API...
2026-02-03 13:43:27.489 [arb-processor-62] DEBUG c.m.bet.ingestion.IngestionService - ✅ 📥 API returned 0 events
2026-02-03 13:43:27.489 [arb-processor-62] DEBUG c.m.bet.ingestion.IngestionService - 🔄 ⚡ ℹ️ Processing 0 events...
2026-02-03 13:43:27.489 [arb-processor-62] ERROR c.m.bet.ingestion.IngestionService - ❌ 🔄 Response validation failed: Errors: 1, Warnings: 1, Info: 1
2026-02-03 13:43:27.489 [arb-processor-62] WARN  c.m.bet.ingestion.IngestionService - ⚠️ 🔄 No events in response
2026-02-03 13:43:27.489 [arb-processor-62] DEBUG c.m.bet.ingestion.IngestionService - 🔄 ℹ️ Transforming 0 parsed items to entities...
2026-02-03 13:43:27.489 [arb-processor-62] DEBUG c.m.bet.ingestion.IngestionService - 💾 ℹ️ Saving 0 opportunities to database...
2026-02-03 13:43:27.489 [arb-processor-62] DEBUG c.m.bet.ingestion.IngestionService - 💾 ℹ️ Processing 0 opportunities for database save...
2026-02-03 13:43:27.489 [arb-processor-62] DEBUG c.m.bet.ingestion.IngestionService - ℹ️ 💾 No opportunities to save
2026-02-03 13:43:27.490 [arb-processor-62] INFO  c.m.bet.ingestion.IngestionService - ✅ 📥 Live arbs ingestion completed: 0 opportunities saved in 215ms
2026-02-03 13:43:29.284 [arb-poller] INFO  c.m.bet.ingestion.IngestionService - 🔄 📥 [Poll #273] Starting live arbs fetch...
2026-02-03 13:43:29.286 [arb-processor-66] DEBUG c.m.bet.ingestion.IngestionService - 📥 Fetching live arbs from API...
2026-02-03 13:43:29.507 [arb-processor-66] DEBUG c.m.bet.ingestion.IngestionService - ✅ 📥 API returned 0 events
2026-02-03 13:43:29.507 [arb-processor-66] DEBUG c.m.bet.ingestion.IngestionService - 🔄 ⚡ ℹ️ Processing 0 events...
2026-02-03 13:43:29.507 [arb-processor-66] ERROR c.m.bet.ingestion.IngestionService - ❌ 🔄 Response validation failed: Errors: 1, Warnings: 1, Info: 1
2026-02-03 13:43:29.507 [arb-processor-66] WARN  c.m.bet.ingestion.IngestionService - ⚠️ 🔄 No events in response
2026-02-03 13:43:29.507 [arb-processor-66] DEBUG c.m.bet.ingestion.IngestionService - 🔄 ℹ️ Transforming 0 parsed items to entities...
2026-02-03 13:43:29.508 [arb-processor-66] DEBUG c.m.bet.ingestion.IngestionService - 💾 ℹ️ Saving 0 opportunities to database...
2026-02-03 13:43:29.508 [arb-processor-66] DEBUG c.m.bet.ingestion.IngestionService - 💾 ℹ️ Processing 0 opportunities for database save...
2026-02-03 13:43:29.508 [arb-processor-66] DEBUG c.m.bet.ingestion.IngestionService - ℹ️ 💾 No opportunities to save
2026-02-03 13:43:29.508 [arb-processor-66] INFO  c.m.bet.ingestion.IngestionService - ✅ 📥 Live arbs ingestion completed: 0 opportunities saved in 222ms
2026-02-03 13:43:31.278 [arb-poller] INFO  c.m.bet.ingestion.IngestionService - 🔄 📥 [Poll #274] Starting live arbs fetch...
2026-02-03 13:43:31.279 [arb-processor-56] DEBUG c.m.bet.ingestion.IngestionService - 📥 Fetching live arbs from API...
2026-02-03 13:43:31.506 [arb-processor-56] DEBUG c.m.bet.ingestion.IngestionService - ✅ 📥 API returned 0 events
2026-02-03 13:43:31.507 [arb-processor-56] DEBUG c.m.bet.ingestion.IngestionService - 🔄 ⚡ ℹ️ Processing 0 events...
2026-02-03 13:43:31.507 [arb-processor-56] ERROR c.m.bet.ingestion.IngestionService - ❌ 🔄 Response validation failed: Errors: 1, Warnings: 1, Info: 1
2026-02-03 13:43:31.507 [arb-processor-56] WARN  c.m.bet.ingestion.IngestionService - ⚠️ 🔄 No events in response
2026-02-03 13:43:31.507 [arb-processor-56] DEBUG c.m.bet.ingestion.IngestionService - 🔄 ℹ️ Transforming 0 parsed items to entities...
2026-02-03 13:43:31.507 [arb-processor-56] DEBUG c.m.bet.ingestion.IngestionService - 💾 ℹ️ Saving 0 opportunities to database...
2026-02-03 13:43:31.507 [arb-processor-56] DEBUG c.m.bet.ingestion.IngestionService - 💾 ℹ️ Processing 0 opportunities for database save...
2026-02-03 13:43:31.507 [arb-processor-56] DEBUG c.m.bet.ingestion.IngestionService - ℹ️ 💾 No opportunities to save
2026-02-03 13:43:31.507 [arb-processor-56] INFO  c.m.bet.ingestion.IngestionService - ✅ 📥 Live arbs ingestion completed: 0 opportunities saved in 228ms
2026-02-03 13:43:33.263 [arb-poller] INFO  c.m.bet.ingestion.IngestionService - 🔄 📥 [Poll #275] Starting live arbs fetch...
2026-02-03 13:43:33.263 [arb-processor-67] DEBUG c.m.bet.ingestion.IngestionService - 📥 Fetching live arbs from API...
2026-02-03 13:43:33.489 [arb-processor-67] DEBUG c.m.bet.ingestion.IngestionService - ✅ 📥 API returned 0 events
2026-02-03 13:43:33.489 [arb-processor-67] DEBUG c.m.bet.ingestion.IngestionService - 🔄 ⚡ ℹ️ Processing 0 events...
2026-02-03 13:43:33.489 [arb-processor-67] ERROR c.m.bet.ingestion.IngestionService - ❌ 🔄 Response validation failed: Errors: 1, Warnings: 1, Info: 1
2026-02-03 13:43:33.489 [arb-processor-67] WARN  c.m.bet.ingestion.IngestionService - ⚠️ 🔄 No events in response
2026-02-03 13:43:33.489 [arb-processor-67] DEBUG c.m.bet.ingestion.IngestionService - 🔄 ℹ️ Transforming 0 parsed items to entities...
2026-02-03 13:43:33.489 [arb-processor-67] DEBUG c.m.bet.ingestion.IngestionService - 💾 ℹ️ Saving 0 opportunities to database...
2026-02-03 13:43:33.489 [arb-processor-67] DEBUG c.m.bet.ingestion.IngestionService - 💾 ℹ️ Processing 0 opportunities for database save...
2026-02-03 13:43:33.489 [arb-processor-67] DEBUG c.m.bet.ingestion.IngestionService - ℹ️ 💾 No opportunities to save
2026-02-03 13:43:33.489 [arb-processor-67] INFO  c.m.bet.ingestion.IngestionService - ✅ 📥 Live arbs ingestion completed: 0 opportunities saved in 226ms
2026-02-03 13:43:35.272 [arb-poller] INFO  c.m.bet.ingestion.IngestionService - 🔄 📥 [Poll #276] Starting live arbs fetch...
2026-02-03 13:43:35.274 [arb-processor-62] DEBUG c.m.bet.ingestion.IngestionService - 📥 Fetching live arbs from API...
2026-02-03 13:43:35.503 [arb-processor-62] DEBUG c.m.bet.ingestion.IngestionService - ✅ 📥 API returned 0 events
2026-02-03 13:43:35.503 [arb-processor-62] DEBUG c.m.bet.ingestion.IngestionService - 🔄 ⚡ ℹ️ Processing 0 events...
2026-02-03 13:43:35.503 [arb-processor-62] ERROR c.m.bet.ingestion.IngestionService - ❌ 🔄 Response validation failed: Errors: 1, Warnings: 1, Info: 1
2026-02-03 13:43:35.503 [arb-processor-62] WARN  c.m.bet.ingestion.IngestionService - ⚠️ 🔄 No events in response
2026-02-03 13:43:35.503 [arb-processor-62] DEBUG c.m.bet.ingestion.IngestionService - 🔄 ℹ️ Transforming 0 parsed items to entities...
2026-02-03 13:43:35.503 [arb-processor-62] DEBUG c.m.bet.ingestion.IngestionService - 💾 ℹ️ Saving 0 opportunities to database...
2026-02-03 13:43:35.503 [arb-processor-62] DEBUG c.m.bet.ingestion.IngestionService - 💾 ℹ️ Processing 0 opportunities for database save...
2026-02-03 13:43:35.503 [arb-processor-62] DEBUG c.m.bet.ingestion.IngestionService - ℹ️ 💾 No opportunities to save
2026-02-03 13:43:35.503 [arb-processor-62] INFO  c.m.bet.ingestion.IngestionService - ✅ 📥 Live arbs ingestion completed: 0 opportunities saved in 229ms
2026-02-03 13:43:37.295 [arb-poller] INFO  c.m.bet.ingestion.IngestionService - 🔄 📥 [Poll #277] Starting live arbs fetch...
2026-02-03 13:43:37.296 [arb-processor-66] DEBUG c.m.bet.ingestion.IngestionService - 📥 Fetching live arbs from API...
2026-02-03 13:43:37.536 [arb-processor-66] DEBUG c.m.bet.ingestion.IngestionService - ✅ 📥 API returned 0 events
2026-02-03 13:43:37.536 [arb-processor-66] DEBUG c.m.bet.ingestion.IngestionService - 🔄 ⚡ ℹ️ Processing 0 events...
2026-02-03 13:43:37.537 [arb-processor-66] ERROR c.m.bet.ingestion.IngestionService - ❌ 🔄 Response validation failed: Errors: 1, Warnings: 1, Info: 1
2026-02-03 13:43:37.537 [arb-processor-66] WARN  c.m.bet.ingestion.IngestionService - ⚠️ 🔄 No events in response
2026-02-03 13:43:37.537 [arb-processor-66] DEBUG c.m.bet.ingestion.IngestionService - 🔄 ℹ️ Transforming 0 parsed items to entities...
2026-02-03 13:43:37.537 [arb-processor-66] DEBUG c.m.bet.ingestion.IngestionService - 💾 ℹ️ Saving 0 opportunities to database...
2026-02-03 13:43:37.537 [arb-processor-66] DEBUG c.m.bet.ingestion.IngestionService - 💾 ℹ️ Processing 0 opportunities for database save...
2026-02-03 13:43:37.537 [arb-processor-66] DEBUG c.m.bet.ingestion.IngestionService - ℹ️ 💾 No opportunities to save
2026-02-03 13:43:37.537 [arb-processor-66] INFO  c.m.bet.ingestion.IngestionService - ✅ 📥 Live arbs ingestion completed: 0 opportunities saved in 241ms
2026-02-03 13:43:39.279 [arb-poller] INFO  c.m.bet.ingestion.IngestionService - 🔄 📥 [Poll #278] Starting live arbs fetch...
2026-02-03 13:43:39.281 [arb-processor-56] DEBUG c.m.bet.ingestion.IngestionService - 📥 Fetching live arbs from API...
2026-02-03 13:43:39.495 [arb-processor-56] DEBUG c.m.bet.ingestion.IngestionService - ✅ 📥 API returned 0 events
2026-02-03 13:43:39.495 [arb-processor-56] DEBUG c.m.bet.ingestion.IngestionService - 🔄 ⚡ ℹ️ Processing 0 events...
2026-02-03 13:43:39.495 [arb-processor-56] ERROR c.m.bet.ingestion.IngestionService - ❌ 🔄 Response validation failed: Errors: 1, Warnings: 1, Info: 1
2026-02-03 13:43:39.495 [arb-processor-56] WARN  c.m.bet.ingestion.IngestionService - ⚠️ 🔄 No events in response
2026-02-03 13:43:39.495 [arb-processor-56] DEBUG c.m.bet.ingestion.IngestionService - 🔄 ℹ️ Transforming 0 parsed items to entities...
2026-02-03 13:43:39.495 [arb-processor-56] DEBUG c.m.bet.ingestion.IngestionService - 💾 ℹ️ Saving 0 opportunities to database...
2026-02-03 13:43:39.495 [arb-processor-56] DEBUG c.m.bet.ingestion.IngestionService - 💾 ℹ️ Processing 0 opportunities for database save...
2026-02-03 13:43:39.495 [arb-processor-56] DEBUG c.m.bet.ingestion.IngestionService - ℹ️ 💾 No opportunities to save
2026-02-03 13:43:39.495 [arb-processor-56] INFO  c.m.bet.ingestion.IngestionService - ✅ 📥 Live arbs ingestion completed: 0 opportunities saved in 215ms
2026-02-03 13:43:41.277 [arb-poller] INFO  c.m.bet.ingestion.IngestionService - 🔄 📥 [Poll #279] Starting live arbs fetch...
2026-02-03 13:43:41.278 [arb-processor-67] DEBUG c.m.bet.ingestion.IngestionService - 📥 Fetching live arbs from API...
2026-02-03 13:43:41.489 [arb-processor-67] DEBUG c.m.bet.ingestion.IngestionService - ✅ 📥 API returned 0 events
2026-02-03 13:43:41.489 [arb-processor-67] DEBUG c.m.bet.ingestion.IngestionService - 🔄 ⚡ ℹ️ Processing 0 events...
2026-02-03 13:43:41.489 [arb-processor-67] ERROR c.m.bet.ingestion.IngestionService - ❌ 🔄 Response validation failed: Errors: 1, Warnings: 1, Info: 1
2026-02-03 13:43:41.489 [arb-processor-67] WARN  c.m.bet.ingestion.IngestionService - ⚠️ 🔄 No events in response
2026-02-03 13:43:41.490 [arb-processor-67] DEBUG c.m.bet.ingestion.IngestionService - 🔄 ℹ️ Transforming 0 parsed items to entities...
2026-02-03 13:43:41.490 [arb-processor-67] DEBUG c.m.bet.ingestion.IngestionService - 💾 ℹ️ Saving 0 opportunities to database...
2026-02-03 13:43:41.490 [arb-processor-67] DEBUG c.m.bet.ingestion.IngestionService - 💾 ℹ️ Processing 0 opportunities for database save...
2026-02-03 13:43:41.490 [arb-processor-67] DEBUG c.m.bet.ingestion.IngestionService - ℹ️ 💾 No opportunities to save
2026-02-03 13:43:41.490 [arb-processor-67] INFO  c.m.bet.ingestion.IngestionService - ✅ 📥 Live arbs ingestion completed: 0 opportunities saved in 212ms
2026-02-03 13:43:43.261 [arb-poller] INFO  c.m.bet.ingestion.IngestionService - 🔄 📥 [Poll #280] Starting live arbs fetch...
2026-02-03 13:43:43.261 [arb-processor-62] DEBUG c.m.bet.ingestion.IngestionService - 📥 Fetching live arbs from API...
2026-02-03 13:43:43.477 [arb-processor-62] DEBUG c.m.bet.ingestion.IngestionService - ✅ 📥 API returned 0 events
2026-02-03 13:43:43.477 [arb-processor-62] DEBUG c.m.bet.ingestion.IngestionService - 🔄 ⚡ ℹ️ Processing 0 events...
2026-02-03 13:43:43.477 [arb-processor-62] ERROR c.m.bet.ingestion.IngestionService - ❌ 🔄 Response validation failed: Errors: 1, Warnings: 1, Info: 1
2026-02-03 13:43:43.477 [arb-processor-62] WARN  c.m.bet.ingestion.IngestionService - ⚠️ 🔄 No events in response
2026-02-03 13:43:43.477 [arb-processor-62] DEBUG c.m.bet.ingestion.IngestionService - 🔄 ℹ️ Transforming 0 parsed items to entities...
2026-02-03 13:43:43.477 [arb-processor-62] DEBUG c.m.bet.ingestion.IngestionService - 💾 ℹ️ Saving 0 opportunities to database...
2026-02-03 13:43:43.477 [arb-processor-62] DEBUG c.m.bet.ingestion.IngestionService - 💾 ℹ️ Processing 0 opportunities for database save...
2026-02-03 13:43:43.477 [arb-processor-62] DEBUG c.m.bet.ingestion.IngestionService - ℹ️ 💾 No opportunities to save
2026-02-03 13:43:43.477 [arb-processor-62] INFO  c.m.bet.ingestion.IngestionService - ✅ 📥 Live arbs ingestion completed: 0 opportunities saved in 216ms
2026-02-03 13:43:45.323 [arb-poller] INFO  c.m.bet.ingestion.IngestionService - 🔄 📥 [Poll #281] Starting live arbs fetch...
2026-02-03 13:43:45.324 [arb-processor-66] DEBUG c.m.bet.ingestion.IngestionService - 📥 Fetching live arbs from API...
2026-02-03 13:43:45.540 [arb-processor-66] DEBUG c.m.bet.ingestion.IngestionService - ✅ 📥 API returned 0 events
2026-02-03 13:43:45.540 [arb-processor-66] DEBUG c.m.bet.ingestion.IngestionService - 🔄 ⚡ ℹ️ Processing 0 events...
2026-02-03 13:43:45.540 [arb-processor-66] ERROR c.m.bet.ingestion.IngestionService - ❌ 🔄 Response validation failed: Errors: 1, Warnings: 1, Info: 1
2026-02-03 13:43:45.540 [arb-processor-66] WARN  c.m.bet.ingestion.IngestionService - ⚠️ 🔄 No events in response
2026-02-03 13:43:45.540 [arb-processor-66] DEBUG c.m.bet.ingestion.IngestionService - 🔄 ℹ️ Transforming 0 parsed items to entities...
2026-02-03 13:43:45.541 [arb-processor-66] DEBUG c.m.bet.ingestion.IngestionService - 💾 ℹ️ Saving 0 opportunities to database...
2026-02-03 13:43:45.541 [arb-processor-66] DEBUG c.m.bet.ingestion.IngestionService - 💾 ℹ️ Processing 0 opportunities for database save...
2026-02-03 13:43:45.541 [arb-processor-66] DEBUG c.m.bet.ingestion.IngestionService - ℹ️ 💾 No opportunities to save
2026-02-03 13:43:45.541 [arb-processor-66] INFO  c.m.bet.ingestion.IngestionService - ✅ 📥 Live arbs ingestion completed: 0 opportunities saved in 217ms
2026-02-03 13:43:47.260 [arb-poller] INFO  c.m.bet.ingestion.IngestionService - 🔄 📥 [Poll #282] Starting live arbs fetch...
2026-02-03 13:43:47.260 [arb-processor-56] DEBUG c.m.bet.ingestion.IngestionService - 📥 Fetching live arbs from API...
2026-02-03 13:43:47.477 [arb-processor-56] DEBUG c.m.bet.ingestion.IngestionService - ✅ 📥 API returned 0 events
2026-02-03 13:43:47.477 [arb-processor-56] DEBUG c.m.bet.ingestion.IngestionService - 🔄 ⚡ ℹ️ Processing 0 events...
2026-02-03 13:43:47.477 [arb-processor-56] ERROR c.m.bet.ingestion.IngestionService - ❌ 🔄 Response validation failed: Errors: 1, Warnings: 1, Info: 1
2026-02-03 13:43:47.478 [arb-processor-56] WARN  c.m.bet.ingestion.IngestionService - ⚠️ 🔄 No events in response
2026-02-03 13:43:47.478 [arb-processor-56] DEBUG c.m.bet.ingestion.IngestionService - 🔄 ℹ️ Transforming 0 parsed items to entities...
2026-02-03 13:43:47.478 [arb-processor-56] DEBUG c.m.bet.ingestion.IngestionService - 💾 ℹ️ Saving 0 opportunities to database...
2026-02-03 13:43:47.478 [arb-processor-56] DEBUG c.m.bet.ingestion.IngestionService - 💾 ℹ️ Processing 0 opportunities for database save...
2026-02-03 13:43:47.478 [arb-processor-56] DEBUG c.m.bet.ingestion.IngestionService - ℹ️ 💾 No opportunities to save
2026-02-03 13:43:47.478 [arb-processor-56] INFO  c.m.bet.ingestion.IngestionService - ✅ 📥 Live arbs ingestion completed: 0 opportunities saved in 218ms
2026-02-03 13:43:49.322 [arb-poller] INFO  c.m.bet.ingestion.IngestionService - 🔄 📥 [Poll #283] Starting live arbs fetch...
2026-02-03 13:43:49.324 [arb-processor-67] DEBUG c.m.bet.ingestion.IngestionService - 📥 Fetching live arbs from API...
2026-02-03 13:43:49.545 [arb-processor-67] DEBUG c.m.bet.ingestion.IngestionService - ✅ 📥 API returned 0 events
2026-02-03 13:43:49.545 [arb-processor-67] DEBUG c.m.bet.ingestion.IngestionService - 🔄 ⚡ ℹ️ Processing 0 events...
2026-02-03 13:43:49.545 [arb-processor-67] ERROR c.m.bet.ingestion.IngestionService - ❌ 🔄 Response validation failed: Errors: 1, Warnings: 1, Info: 1
2026-02-03 13:43:49.545 [arb-processor-67] WARN  c.m.bet.ingestion.IngestionService - ⚠️ 🔄 No events in response
2026-02-03 13:43:49.545 [arb-processor-67] DEBUG c.m.bet.ingestion.IngestionService - 🔄 ℹ️ Transforming 0 parsed items to entities...
2026-02-03 13:43:49.545 [arb-processor-67] DEBUG c.m.bet.ingestion.IngestionService - 💾 ℹ️ Saving 0 opportunities to database...
2026-02-03 13:43:49.545 [arb-processor-67] DEBUG c.m.bet.ingestion.IngestionService - 💾 ℹ️ Processing 0 opportunities for database save...
2026-02-03 13:43:49.545 [arb-processor-67] DEBUG c.m.bet.ingestion.IngestionService - ℹ️ 💾 No opportunities to save
2026-02-03 13:43:49.545 [arb-processor-67] INFO  c.m.bet.ingestion.IngestionService - ✅ 📥 Live arbs ingestion completed: 0 opportunities saved in 221ms
2026-02-03 13:43:51.260 [arb-poller] INFO  c.m.bet.ingestion.IngestionService - 🔄 📥 [Poll #284] Starting live arbs fetch...
2026-02-03 13:43:51.260 [arb-processor-62] DEBUG c.m.bet.ingestion.IngestionService - 📥 Fetching live arbs from API...
2026-02-03 13:43:51.489 [arb-processor-62] DEBUG c.m.bet.ingestion.IngestionService - ✅ 📥 API returned 0 events
2026-02-03 13:43:51.490 [arb-processor-62] DEBUG c.m.bet.ingestion.IngestionService - 🔄 ⚡ ℹ️ Processing 0 events...
2026-02-03 13:43:51.490 [arb-processor-62] ERROR c.m.bet.ingestion.IngestionService - ❌ 🔄 Response validation failed: Errors: 1, Warnings: 1, Info: 1
2026-02-03 13:43:51.490 [arb-processor-62] WARN  c.m.bet.ingestion.IngestionService - ⚠️ 🔄 No events in response
2026-02-03 13:43:51.490 [arb-processor-62] DEBUG c.m.bet.ingestion.IngestionService - 🔄 ℹ️ Transforming 0 parsed items to entities...
2026-02-03 13:43:51.490 [arb-processor-62] DEBUG c.m.bet.ingestion.IngestionService - 💾 ℹ️ Saving 0 opportunities to database...
2026-02-03 13:43:51.490 [arb-processor-62] DEBUG c.m.bet.ingestion.IngestionService - 💾 ℹ️ Processing 0 opportunities for database save...
2026-02-03 13:43:51.490 [arb-processor-62] DEBUG c.m.bet.ingestion.IngestionService - ℹ️ 💾 No opportunities to save
2026-02-03 13:43:51.490 [arb-processor-62] INFO  c.m.bet.ingestion.IngestionService - ✅ 📥 Live arbs ingestion completed: 0 opportunities saved in 230ms
2026-02-03 13:43:53.264 [arb-poller] INFO  c.m.bet.ingestion.IngestionService - 🔄 📥 [Poll #285] Starting live arbs fetch...
2026-02-03 13:43:53.265 [arb-processor-66] DEBUG c.m.bet.ingestion.IngestionService - 📥 Fetching live arbs from API...
2026-02-03 13:43:53.472 [arb-processor-66] DEBUG c.m.bet.ingestion.IngestionService - ✅ 📥 API returned 0 events
2026-02-03 13:43:53.473 [arb-processor-66] DEBUG c.m.bet.ingestion.IngestionService - 🔄 ⚡ ℹ️ Processing 0 events...
2026-02-03 13:43:53.473 [arb-processor-66] ERROR c.m.bet.ingestion.IngestionService - ❌ 🔄 Response validation failed: Errors: 1, Warnings: 1, Info: 1
2026-02-03 13:43:53.473 [arb-processor-66] WARN  c.m.bet.ingestion.IngestionService - ⚠️ 🔄 No events in response
2026-02-03 13:43:53.473 [arb-processor-66] DEBUG c.m.bet.ingestion.IngestionService - 🔄 ℹ️ Transforming 0 parsed items to entities...
2026-02-03 13:43:53.473 [arb-processor-66] DEBUG c.m.bet.ingestion.IngestionService - 💾 ℹ️ Saving 0 opportunities to database...
2026-02-03 13:43:53.473 [arb-processor-66] DEBUG c.m.bet.ingestion.IngestionService - 💾 ℹ️ Processing 0 opportunities for database save...
2026-02-03 13:43:53.473 [arb-processor-66] DEBUG c.m.bet.ingestion.IngestionService - ℹ️ 💾 No opportunities to save
2026-02-03 13:43:53.473 [arb-processor-66] INFO  c.m.bet.ingestion.IngestionService - ✅ 📥 Live arbs ingestion completed: 0 opportunities saved in 208ms
2026-02-03 13:43:55.260 [arb-poller] INFO  c.m.bet.ingestion.IngestionService - 🔄 📥 [Poll #286] Starting live arbs fetch...
2026-02-03 13:43:55.260 [arb-processor-56] DEBUG c.m.bet.ingestion.IngestionService - 📥 Fetching live arbs from API...
2026-02-03 13:43:55.483 [arb-processor-56] DEBUG c.m.bet.ingestion.IngestionService - ✅ 📥 API returned 0 events
2026-02-03 13:43:55.483 [arb-processor-56] DEBUG c.m.bet.ingestion.IngestionService - 🔄 ⚡ ℹ️ Processing 0 events...
2026-02-03 13:43:55.486 [arb-processor-56] ERROR c.m.bet.ingestion.IngestionService - ❌ 🔄 Response validation failed: Errors: 1, Warnings: 1, Info: 1
2026-02-03 13:43:55.487 [arb-processor-56] WARN  c.m.bet.ingestion.IngestionService - ⚠️ 🔄 No events in response
2026-02-03 13:43:55.487 [arb-processor-56] DEBUG c.m.bet.ingestion.IngestionService - 🔄 ℹ️ Transforming 0 parsed items to entities...
2026-02-03 13:43:55.487 [arb-processor-56] DEBUG c.m.bet.ingestion.IngestionService - 💾 ℹ️ Saving 0 opportunities to database...
2026-02-03 13:43:55.487 [arb-processor-56] DEBUG c.m.bet.ingestion.IngestionService - 💾 ℹ️ Processing 0 opportunities for database save...
2026-02-03 13:43:55.487 [arb-processor-56] DEBUG c.m.bet.ingestion.IngestionService - ℹ️ 💾 No opportunities to save
2026-02-03 13:43:55.487 [arb-processor-56] INFO  c.m.bet.ingestion.IngestionService - ✅ 📥 Live arbs ingestion completed: 0 opportunities saved in 227ms
2026-02-03 13:43:57.260 [arb-poller] INFO  c.m.bet.ingestion.IngestionService - 🔄 📥 [Poll #287] Starting live arbs fetch...
2026-02-03 13:43:57.260 [arb-processor-67] DEBUG c.m.bet.ingestion.IngestionService - 📥 Fetching live arbs from API...
2026-02-03 13:43:57.460 [arb-processor-67] DEBUG c.m.bet.ingestion.IngestionService - ✅ 📥 API returned 0 events
2026-02-03 13:43:57.460 [arb-processor-67] DEBUG c.m.bet.ingestion.IngestionService - 🔄 ⚡ ℹ️ Processing 0 events...
2026-02-03 13:43:57.460 [arb-processor-67] ERROR c.m.bet.ingestion.IngestionService - ❌ 🔄 Response validation failed: Errors: 1, Warnings: 1, Info: 1
2026-02-03 13:43:57.460 [arb-processor-67] WARN  c.m.bet.ingestion.IngestionService - ⚠️ 🔄 No events in response
2026-02-03 13:43:57.460 [arb-processor-67] DEBUG c.m.bet.ingestion.IngestionService - 🔄 ℹ️ Transforming 0 parsed items to entities...
2026-02-03 13:43:57.460 [arb-processor-67] DEBUG c.m.bet.ingestion.IngestionService - 💾 ℹ️ Saving 0 opportunities to database...
2026-02-03 13:43:57.460 [arb-processor-67] DEBUG c.m.bet.ingestion.IngestionService - 💾 ℹ️ Processing 0 opportunities for database save...
2026-02-03 13:43:57.460 [arb-processor-67] DEBUG c.m.bet.ingestion.IngestionService - ℹ️ 💾 No opportunities to save
2026-02-03 13:43:57.460 [arb-processor-67] INFO  c.m.bet.ingestion.IngestionService - ✅ 📥 Live arbs ingestion completed: 0 opportunities saved in 200ms
2026-02-03 13:43:59.260 [arb-poller] INFO  c.m.bet.ingestion.IngestionService - 🔄 📥 [Poll #288] Starting live arbs fetch...
2026-02-03 13:43:59.260 [arb-processor-62] DEBUG c.m.bet.ingestion.IngestionService - 📥 Fetching live arbs from API...
2026-02-03 13:43:59.470 [arb-processor-62] DEBUG c.m.bet.ingestion.IngestionService - ✅ 📥 API returned 0 events
2026-02-03 13:43:59.470 [arb-processor-62] DEBUG c.m.bet.ingestion.IngestionService - 🔄 ⚡ ℹ️ Processing 0 events...
2026-02-03 13:43:59.470 [arb-processor-62] ERROR c.m.bet.ingestion.IngestionService - ❌ 🔄 Response validation failed: Errors: 1, Warnings: 1, Info: 1
2026-02-03 13:43:59.470 [arb-processor-62] WARN  c.m.bet.ingestion.IngestionService - ⚠️ 🔄 No events in response
2026-02-03 13:43:59.470 [arb-processor-62] DEBUG c.m.bet.ingestion.IngestionService - 🔄 ℹ️ Transforming 0 parsed items to entities...
2026-02-03 13:43:59.470 [arb-processor-62] DEBUG c.m.bet.ingestion.IngestionService - 💾 ℹ️ Saving 0 opportunities to database...
2026-02-03 13:43:59.470 [arb-processor-62] DEBUG c.m.bet.ingestion.IngestionService - 💾 ℹ️ Processing 0 opportunities for database save...
2026-02-03 13:43:59.470 [arb-processor-62] DEBUG c.m.bet.ingestion.IngestionService - ℹ️ 💾 No opportunities to save
2026-02-03 13:43:59.470 [arb-processor-62] INFO  c.m.bet.ingestion.IngestionService - ✅ 📥 Live arbs ingestion completed: 0 opportunities saved in 210ms
2026-02-03 13:44:01.499 [arb-poller] INFO  c.m.bet.ingestion.IngestionService - 🔄 📥 [Poll #289] Starting live arbs fetch...
2026-02-03 13:44:01.499 [arb-processor-66] DEBUG c.m.bet.ingestion.IngestionService - 📥 Fetching live arbs from API...
2026-02-03 13:44:01.696 [arb-processor-66] DEBUG c.m.bet.ingestion.IngestionService - ✅ 📥 API returned 0 events
2026-02-03 13:44:01.696 [arb-processor-66] DEBUG c.m.bet.ingestion.IngestionService - 🔄 ⚡ ℹ️ Processing 0 events...
2026-02-03 13:44:01.696 [arb-processor-66] ERROR c.m.bet.ingestion.IngestionService - ❌ 🔄 Response validation failed: Errors: 1, Warnings: 1, Info: 1
2026-02-03 13:44:01.696 [arb-processor-66] WARN  c.m.bet.ingestion.IngestionService - ⚠️ 🔄 No events in response
2026-02-03 13:44:01.696 [arb-processor-66] DEBUG c.m.bet.ingestion.IngestionService - 🔄 ℹ️ Transforming 0 parsed items to entities...
2026-02-03 13:44:01.697 [arb-processor-66] DEBUG c.m.bet.ingestion.IngestionService - 💾 ℹ️ Saving 0 opportunities to database...
2026-02-03 13:44:01.697 [arb-processor-66] DEBUG c.m.bet.ingestion.IngestionService - 💾 ℹ️ Processing 0 opportunities for database save...
2026-02-03 13:44:01.697 [arb-processor-66] DEBUG c.m.bet.ingestion.IngestionService - ℹ️ 💾 No opportunities to save
2026-02-03 13:44:01.697 [arb-processor-66] INFO  c.m.bet.ingestion.IngestionService - ✅ 📥 Live arbs ingestion completed: 0 opportunities saved in 198ms
2026-02-03 13:44:03.260 [arb-poller] INFO  c.m.bet.ingestion.IngestionService - 🔄 📥 [Poll #290] Starting live arbs fetch...
2026-02-03 13:44:03.260 [arb-processor-56] DEBUG c.m.bet.ingestion.IngestionService - 📥 Fetching live arbs from API...
2026-02-03 13:44:03.478 [arb-processor-56] DEBUG c.m.bet.ingestion.IngestionService - ✅ 📥 API returned 0 events
2026-02-03 13:44:03.478 [arb-processor-56] DEBUG c.m.bet.ingestion.IngestionService - 🔄 ⚡ ℹ️ Processing 0 events...
2026-02-03 13:44:03.478 [arb-processor-56] ERROR c.m.bet.ingestion.IngestionService - ❌ 🔄 Response validation failed: Errors: 1, Warnings: 1, Info: 1
2026-02-03 13:44:03.478 [arb-processor-56] WARN  c.m.bet.ingestion.IngestionService - ⚠️ 🔄 No events in response
2026-02-03 13:44:03.478 [arb-processor-56] DEBUG c.m.bet.ingestion.IngestionService - 🔄 ℹ️ Transforming 0 parsed items to entities...
2026-02-03 13:44:03.478 [arb-processor-56] DEBUG c.m.bet.ingestion.IngestionService - 💾 ℹ️ Saving 0 opportunities to database...
2026-02-03 13:44:03.478 [arb-processor-56] DEBUG c.m.bet.ingestion.IngestionService - 💾 ℹ️ Processing 0 opportunities for database save...
2026-02-03 13:44:03.478 [arb-processor-56] DEBUG c.m.bet.ingestion.IngestionService - ℹ️ 💾 No opportunities to save
2026-02-03 13:44:03.478 [arb-processor-56] INFO  c.m.bet.ingestion.IngestionService - ✅ 📥 Live arbs ingestion completed: 0 opportunities saved in 218ms
2026-02-03 13:44:05.266 [arb-poller] INFO  c.m.bet.ingestion.IngestionService - 🔄 📥 [Poll #291] Starting live arbs fetch...
2026-02-03 13:44:05.266 [arb-processor-67] DEBUG c.m.bet.ingestion.IngestionService - 📥 Fetching live arbs from API...
2026-02-03 13:44:05.476 [arb-processor-67] DEBUG c.m.bet.ingestion.IngestionService - ✅ 📥 API returned 0 events
2026-02-03 13:44:05.476 [arb-processor-67] DEBUG c.m.bet.ingestion.IngestionService - 🔄 ⚡ ℹ️ Processing 0 events...
2026-02-03 13:44:05.476 [arb-processor-67] ERROR c.m.bet.ingestion.IngestionService - ❌ 🔄 Response validation failed: Errors: 1, Warnings: 1, Info: 1
2026-02-03 13:44:05.476 [arb-processor-67] WARN  c.m.bet.ingestion.IngestionService - ⚠️ 🔄 No events in response
2026-02-03 13:44:05.476 [arb-processor-67] DEBUG c.m.bet.ingestion.IngestionService - 🔄 ℹ️ Transforming 0 parsed items to entities...
2026-02-03 13:44:05.476 [arb-processor-67] DEBUG c.m.bet.ingestion.IngestionService - 💾 ℹ️ Saving 0 opportunities to database...
2026-02-03 13:44:05.476 [arb-processor-67] DEBUG c.m.bet.ingestion.IngestionService - 💾 ℹ️ Processing 0 opportunities for database save...
2026-02-03 13:44:05.476 [arb-processor-67] DEBUG c.m.bet.ingestion.IngestionService - ℹ️ 💾 No opportunities to save
2026-02-03 13:44:05.477 [arb-processor-67] INFO  c.m.bet.ingestion.IngestionService - ✅ 📥 Live arbs ingestion completed: 0 opportunities saved in 211ms
2026-02-03 13:44:07.259 [arb-poller] INFO  c.m.bet.ingestion.IngestionService - 🔄 📥 [Poll #292] Starting live arbs fetch...
2026-02-03 13:44:07.260 [arb-processor-62] DEBUG c.m.bet.ingestion.IngestionService - 📥 Fetching live arbs from API...
2026-02-03 13:44:07.475 [arb-processor-62] DEBUG c.m.bet.ingestion.IngestionService - ✅ 📥 API returned 0 events
2026-02-03 13:44:07.475 [arb-processor-62] DEBUG c.m.bet.ingestion.IngestionService - 🔄 ⚡ ℹ️ Processing 0 events...
2026-02-03 13:44:07.475 [arb-processor-62] ERROR c.m.bet.ingestion.IngestionService - ❌ 🔄 Response validation failed: Errors: 1, Warnings: 1, Info: 1
2026-02-03 13:44:07.475 [arb-processor-62] WARN  c.m.bet.ingestion.IngestionService - ⚠️ 🔄 No events in response
2026-02-03 13:44:07.475 [arb-processor-62] DEBUG c.m.bet.ingestion.IngestionService - 🔄 ℹ️ Transforming 0 parsed items to entities...
2026-02-03 13:44:07.475 [arb-processor-62] DEBUG c.m.bet.ingestion.IngestionService - 💾 ℹ️ Saving 0 opportunities to database...
2026-02-03 13:44:07.475 [arb-processor-62] DEBUG c.m.bet.ingestion.IngestionService - 💾 ℹ️ Processing 0 opportunities for database save...
2026-02-03 13:44:07.475 [arb-processor-62] DEBUG c.m.bet.ingestion.IngestionService - ℹ️ 💾 No opportunities to save
2026-02-03 13:44:07.475 [arb-processor-62] INFO  c.m.bet.ingestion.IngestionService - ✅ 📥 Live arbs ingestion completed: 0 opportunities saved in 215ms
2026-02-03 13:44:09.262 [arb-poller] INFO  c.m.bet.ingestion.IngestionService - 🔄 📥 [Poll #293] Starting live arbs fetch...
2026-02-03 13:44:09.262 [arb-processor-66] DEBUG c.m.bet.ingestion.IngestionService - 📥 Fetching live arbs from API...
2026-02-03 13:44:09.478 [arb-processor-66] DEBUG c.m.bet.ingestion.IngestionService - ✅ 📥 API returned 0 events
2026-02-03 13:44:09.478 [arb-processor-66] DEBUG c.m.bet.ingestion.IngestionService - 🔄 ⚡ ℹ️ Processing 0 events...
2026-02-03 13:44:09.478 [arb-processor-66] ERROR c.m.bet.ingestion.IngestionService - ❌ 🔄 Response validation failed: Errors: 1, Warnings: 1, Info: 1
2026-02-03 13:44:09.478 [arb-processor-66] WARN  c.m.bet.ingestion.IngestionService - ⚠️ 🔄 No events in response
2026-02-03 13:44:09.478 [arb-processor-66] DEBUG c.m.bet.ingestion.IngestionService - 🔄 ℹ️ Transforming 0 parsed items to entities...
2026-02-03 13:44:09.478 [arb-processor-66] DEBUG c.m.bet.ingestion.IngestionService - 💾 ℹ️ Saving 0 opportunities to database...
2026-02-03 13:44:09.478 [arb-processor-66] DEBUG c.m.bet.ingestion.IngestionService - 💾 ℹ️ Processing 0 opportunities for database save...
2026-02-03 13:44:09.478 [arb-processor-66] DEBUG c.m.bet.ingestion.IngestionService - ℹ️ 💾 No opportunities to save
2026-02-03 13:44:09.478 [arb-processor-66] INFO  c.m.bet.ingestion.IngestionService - ✅ 📥 Live arbs ingestion completed: 0 opportunities saved in 216ms
2026-02-03 13:44:11.260 [arb-poller] INFO  c.m.bet.ingestion.IngestionService - 🔄 📥 [Poll #294] Starting live arbs fetch...
2026-02-03 13:44:11.260 [arb-processor-56] DEBUG c.m.bet.ingestion.IngestionService - 📥 Fetching live arbs from API...
2026-02-03 13:44:11.475 [arb-processor-56] DEBUG c.m.bet.ingestion.IngestionService - ✅ 📥 API returned 0 events
2026-02-03 13:44:11.475 [arb-processor-56] DEBUG c.m.bet.ingestion.IngestionService - 🔄 ⚡ ℹ️ Processing 0 events...
2026-02-03 13:44:11.475 [arb-processor-56] ERROR c.m.bet.ingestion.IngestionService - ❌ 🔄 Response validation failed: Errors: 1, Warnings: 1, Info: 1
2026-02-03 13:44:11.475 [arb-processor-56] WARN  c.m.bet.ingestion.IngestionService - ⚠️ 🔄 No events in response
2026-02-03 13:44:11.475 [arb-processor-56] DEBUG c.m.bet.ingestion.IngestionService - 🔄 ℹ️ Transforming 0 parsed items to entities...
2026-02-03 13:44:11.476 [arb-processor-56] DEBUG c.m.bet.ingestion.IngestionService - 💾 ℹ️ Saving 0 opportunities to database...
2026-02-03 13:44:11.476 [arb-processor-56] DEBUG c.m.bet.ingestion.IngestionService - 💾 ℹ️ Processing 0 opportunities for database save...
2026-02-03 13:44:11.476 [arb-processor-56] DEBUG c.m.bet.ingestion.IngestionService - ℹ️ 💾 No opportunities to save
2026-02-03 13:44:11.476 [arb-processor-56] INFO  c.m.bet.ingestion.IngestionService - ✅ 📥 Live arbs ingestion completed: 0 opportunities saved in 216ms
2026-02-03 13:44:13.267 [arb-poller] INFO  c.m.bet.ingestion.IngestionService - 🔄 📥 [Poll #295] Starting live arbs fetch...
2026-02-03 13:44:13.270 [arb-processor-67] DEBUG c.m.bet.ingestion.IngestionService - 📥 Fetching live arbs from API...
2026-02-03 13:44:13.479 [arb-processor-67] DEBUG c.m.bet.ingestion.IngestionService - ✅ 📥 API returned 0 events
2026-02-03 13:44:13.479 [arb-processor-67] DEBUG c.m.bet.ingestion.IngestionService - 🔄 ⚡ ℹ️ Processing 0 events...
2026-02-03 13:44:13.480 [arb-processor-67] ERROR c.m.bet.ingestion.IngestionService - ❌ 🔄 Response validation failed: Errors: 1, Warnings: 1, Info: 1
2026-02-03 13:44:13.480 [arb-processor-67] WARN  c.m.bet.ingestion.IngestionService - ⚠️ 🔄 No events in response
2026-02-03 13:44:13.480 [arb-processor-67] DEBUG c.m.bet.ingestion.IngestionService - 🔄 ℹ️ Transforming 0 parsed items to entities...
2026-02-03 13:44:13.480 [arb-processor-67] DEBUG c.m.bet.ingestion.IngestionService - 💾 ℹ️ Saving 0 opportunities to database...
2026-02-03 13:44:13.480 [arb-processor-67] DEBUG c.m.bet.ingestion.IngestionService - 💾 ℹ️ Processing 0 opportunities for database save...
2026-02-03 13:44:13.480 [arb-processor-67] DEBUG c.m.bet.ingestion.IngestionService - ℹ️ 💾 No opportunities to save
2026-02-03 13:44:13.480 [arb-processor-67] INFO  c.m.bet.ingestion.IngestionService - ✅ 📥 Live arbs ingestion completed: 0 opportunities saved in 210ms
2026-02-03 13:44:15.261 [arb-poller] INFO  c.m.bet.ingestion.IngestionService - 🔄 📥 [Poll #296] Starting live arbs fetch...
2026-02-03 13:44:15.261 [arb-processor-62] DEBUG c.m.bet.ingestion.IngestionService - 📥 Fetching live arbs from API...
2026-02-03 13:44:15.478 [arb-processor-62] DEBUG c.m.bet.ingestion.IngestionService - ✅ 📥 API returned 0 events
2026-02-03 13:44:15.478 [arb-processor-62] DEBUG c.m.bet.ingestion.IngestionService - 🔄 ⚡ ℹ️ Processing 0 events...
2026-02-03 13:44:15.478 [arb-processor-62] ERROR c.m.bet.ingestion.IngestionService - ❌ 🔄 Response validation failed: Errors: 1, Warnings: 1, Info: 1
2026-02-03 13:44:15.479 [arb-processor-62] WARN  c.m.bet.ingestion.IngestionService - ⚠️ 🔄 No events in response
2026-02-03 13:44:15.479 [arb-processor-62] DEBUG c.m.bet.ingestion.IngestionService - 🔄 ℹ️ Transforming 0 parsed items to entities...
2026-02-03 13:44:15.479 [arb-processor-62] DEBUG c.m.bet.ingestion.IngestionService - 💾 ℹ️ Saving 0 opportunities to database...
2026-02-03 13:44:15.479 [arb-processor-62] DEBUG c.m.bet.ingestion.IngestionService - 💾 ℹ️ Processing 0 opportunities for database save...
2026-02-03 13:44:15.479 [arb-processor-62] DEBUG c.m.bet.ingestion.IngestionService - ℹ️ 💾 No opportunities to save
2026-02-03 13:44:15.479 [arb-processor-62] INFO  c.m.bet.ingestion.IngestionService - ✅ 📥 Live arbs ingestion completed: 0 opportunities saved in 218ms
2026-02-03 13:44:17.261 [arb-poller] INFO  c.m.bet.ingestion.IngestionService - 🔄 📥 [Poll #297] Starting live arbs fetch...
2026-02-03 13:44:17.261 [arb-processor-66] DEBUG c.m.bet.ingestion.IngestionService - 📥 Fetching live arbs from API...
2026-02-03 13:44:17.571 [arb-processor-66] DEBUG c.m.bet.ingestion.IngestionService - ✅ 📥 API returned 0 events
2026-02-03 13:44:17.571 [arb-processor-66] DEBUG c.m.bet.ingestion.IngestionService - 🔄 ⚡ ℹ️ Processing 0 events...
2026-02-03 13:44:17.571 [arb-processor-66] ERROR c.m.bet.ingestion.IngestionService - ❌ 🔄 Response validation failed: Errors: 1, Warnings: 1, Info: 1
2026-02-03 13:44:17.571 [arb-processor-66] WARN  c.m.bet.ingestion.IngestionService - ⚠️ 🔄 No events in response
2026-02-03 13:44:17.571 [arb-processor-66] DEBUG c.m.bet.ingestion.IngestionService - 🔄 ℹ️ Transforming 0 parsed items to entities...
2026-02-03 13:44:17.571 [arb-processor-66] DEBUG c.m.bet.ingestion.IngestionService - 💾 ℹ️ Saving 0 opportunities to database...
2026-02-03 13:44:17.571 [arb-processor-66] DEBUG c.m.bet.ingestion.IngestionService - 💾 ℹ️ Processing 0 opportunities for database save...
2026-02-03 13:44:17.571 [arb-processor-66] DEBUG c.m.bet.ingestion.IngestionService - ℹ️ 💾 No opportunities to save
2026-02-03 13:44:17.571 [arb-processor-66] INFO  c.m.bet.ingestion.IngestionService - ✅ 📥 Live arbs ingestion completed: 0 opportunities saved in 310ms
2026-02-03 13:44:19.260 [arb-poller] INFO  c.m.bet.ingestion.IngestionService - 🔄 📥 [Poll #298] Starting live arbs fetch...
2026-02-03 13:44:19.260 [arb-processor-56] DEBUG c.m.bet.ingestion.IngestionService - 📥 Fetching live arbs from API...
2026-02-03 13:44:19.457 [arb-processor-56] DEBUG c.m.bet.ingestion.IngestionService - ✅ 📥 API returned 0 events
2026-02-03 13:44:19.457 [arb-processor-56] DEBUG c.m.bet.ingestion.IngestionService - 🔄 ⚡ ℹ️ Processing 0 events...
2026-02-03 13:44:19.457 [arb-processor-56] ERROR c.m.bet.ingestion.IngestionService - ❌ 🔄 Response validation failed: Errors: 1, Warnings: 1, Info: 1
2026-02-03 13:44:19.457 [arb-processor-56] WARN  c.m.bet.ingestion.IngestionService - ⚠️ 🔄 No events in response
2026-02-03 13:44:19.457 [arb-processor-56] DEBUG c.m.bet.ingestion.IngestionService - 🔄 ℹ️ Transforming 0 parsed items to entities...
2026-02-03 13:44:19.457 [arb-processor-56] DEBUG c.m.bet.ingestion.IngestionService - 💾 ℹ️ Saving 0 opportunities to database...
2026-02-03 13:44:19.458 [arb-processor-56] DEBUG c.m.bet.ingestion.IngestionService - 💾 ℹ️ Processing 0 opportunities for database save...
2026-02-03 13:44:19.458 [arb-processor-56] DEBUG c.m.bet.ingestion.IngestionService - ℹ️ 💾 No opportunities to save
2026-02-03 13:44:19.458 [arb-processor-56] INFO  c.m.bet.ingestion.IngestionService - ✅ 📥 Live arbs ingestion completed: 0 opportunities saved in 198ms
2026-02-03 13:44:21.261 [arb-poller] INFO  c.m.bet.ingestion.IngestionService - 🔄 📥 [Poll #299] Starting live arbs fetch...
2026-02-03 13:44:21.261 [arb-processor-67] DEBUG c.m.bet.ingestion.IngestionService - 📥 Fetching live arbs from API...
2026-02-03 13:44:21.479 [arb-processor-67] DEBUG c.m.bet.ingestion.IngestionService - ✅ 📥 API returned 0 events
2026-02-03 13:44:21.480 [arb-processor-67] DEBUG c.m.bet.ingestion.IngestionService - 🔄 ⚡ ℹ️ Processing 0 events...
2026-02-03 13:44:21.480 [arb-processor-67] ERROR c.m.bet.ingestion.IngestionService - ❌ 🔄 Response validation failed: Errors: 1, Warnings: 1, Info: 1
2026-02-03 13:44:21.480 [arb-processor-67] WARN  c.m.bet.ingestion.IngestionService - ⚠️ 🔄 No events in response
2026-02-03 13:44:21.480 [arb-processor-67] DEBUG c.m.bet.ingestion.IngestionService - 🔄 ℹ️ Transforming 0 parsed items to entities...
2026-02-03 13:44:21.480 [arb-processor-67] DEBUG c.m.bet.ingestion.IngestionService - 💾 ℹ️ Saving 0 opportunities to database...
2026-02-03 13:44:21.480 [arb-processor-67] DEBUG c.m.bet.ingestion.IngestionService - 💾 ℹ️ Processing 0 opportunities for database save...
2026-02-03 13:44:21.480 [arb-processor-67] DEBUG c.m.bet.ingestion.IngestionService - ℹ️ 💾 No opportunities to save
2026-02-03 13:44:21.480 [arb-processor-67] INFO  c.m.bet.ingestion.IngestionService - ✅ 📥 Live arbs ingestion completed: 0 opportunities saved in 219ms
2026-02-03 13:44:23.260 [arb-poller] INFO  c.m.bet.ingestion.IngestionService - 🔄 📥 [Poll #300] Starting live arbs fetch...
2026-02-03 13:44:23.261 [arb-processor-62] DEBUG c.m.bet.ingestion.IngestionService - 📥 Fetching live arbs from API...
2026-02-03 13:44:23.486 [arb-processor-62] DEBUG c.m.bet.ingestion.IngestionService - ✅ 📥 API returned 0 events
2026-02-03 13:44:23.486 [arb-processor-62] DEBUG c.m.bet.ingestion.IngestionService - 🔄 ⚡ ℹ️ Processing 0 events...
2026-02-03 13:44:23.486 [arb-processor-62] ERROR c.m.bet.ingestion.IngestionService - ❌ 🔄 Response validation failed: Errors: 1, Warnings: 1, Info: 1
2026-02-03 13:44:23.487 [arb-processor-62] WARN  c.m.bet.ingestion.IngestionService - ⚠️ 🔄 No events in response
2026-02-03 13:44:23.487 [arb-processor-62] DEBUG c.m.bet.ingestion.IngestionService - 🔄 ℹ️ Transforming 0 parsed items to entities...
2026-02-03 13:44:23.487 [arb-processor-62] DEBUG c.m.bet.ingestion.IngestionService - 💾 ℹ️ Saving 0 opportunities to database...
2026-02-03 13:44:23.487 [arb-processor-62] DEBUG c.m.bet.ingestion.IngestionService - 💾 ℹ️ Processing 0 opportunities for database save...
2026-02-03 13:44:23.487 [arb-processor-62] DEBUG c.m.bet.ingestion.IngestionService - ℹ️ 💾 No opportunities to save
2026-02-03 13:44:23.487 [arb-processor-62] INFO  c.m.bet.ingestion.IngestionService - ✅ 📥 Live arbs ingestion completed: 0 opportunities saved in 226ms
2026-02-03 13:44:23.497 [arb-processor-62] INFO  c.m.bet.ingestion.IngestionService - 📊 ℹ️ Current Statistics:
2026-02-03 13:44:23.497 [arb-processor-62] INFO  c.m.bet.ingestion.IngestionService - 📊 Total Active: 10
2026-02-03 13:44:23.498 [arb-processor-62] INFO  c.m.bet.ingestion.IngestionService - 📊 Fresh Active: 0 (0.0%)
2026-02-03 13:44:23.498 [arb-processor-62] INFO  c.m.bet.ingestion.IngestionService - 📊 Stale Active: 10 (100.0%)
2026-02-03 13:44:23.498 [arb-processor-62] INFO  c.m.bet.ingestion.IngestionService - 📊 Average Profit: 2.81%
2026-02-03 13:44:25.269 [arb-poller] INFO  c.m.bet.ingestion.IngestionService - 🔄 📥 [Poll #301] Starting live arbs fetch...
2026-02-03 13:44:25.270 [arb-processor-66] DEBUG c.m.bet.ingestion.IngestionService - 📥 Fetching live arbs from API...
2026-02-03 13:44:25.662 [arb-processor-66] DEBUG c.m.bet.ingestion.IngestionService - ✅ 📥 API returned 0 events
2026-02-03 13:44:25.662 [arb-processor-66] DEBUG c.m.bet.ingestion.IngestionService - 🔄 ⚡ ℹ️ Processing 0 events...
2026-02-03 13:44:25.662 [arb-processor-66] ERROR c.m.bet.ingestion.IngestionService - ❌ 🔄 Response validation failed: Errors: 1, Warnings: 1, Info: 1
2026-02-03 13:44:25.662 [arb-processor-66] WARN  c.m.bet.ingestion.IngestionService - ⚠️ 🔄 No events in response
2026-02-03 13:44:25.662 [arb-processor-66] DEBUG c.m.bet.ingestion.IngestionService - 🔄 ℹ️ Transforming 0 parsed items to entities...
2026-02-03 13:44:25.663 [arb-processor-66] DEBUG c.m.bet.ingestion.IngestionService - 💾 ℹ️ Saving 0 opportunities to database...
2026-02-03 13:44:25.663 [arb-processor-66] DEBUG c.m.bet.ingestion.IngestionService - 💾 ℹ️ Processing 0 opportunities for database save...
2026-02-03 13:44:25.663 [arb-processor-66] DEBUG c.m.bet.ingestion.IngestionService - ℹ️ 💾 No opportunities to save
2026-02-03 13:44:25.663 [arb-processor-66] INFO  c.m.bet.ingestion.IngestionService - ✅ 📥 Live arbs ingestion completed: 0 opportunities saved in 393ms
2026-02-03 13:44:27.260 [arb-poller] INFO  c.m.bet.ingestion.IngestionService - 🔄 📥 [Poll #302] Starting live arbs fetch...
2026-02-03 13:44:27.260 [arb-processor-56] DEBUG c.m.bet.ingestion.IngestionService - 📥 Fetching live arbs from API...
2026-02-03 13:44:27.546 [arb-processor-56] DEBUG c.m.bet.ingestion.IngestionService - ✅ 📥 API returned 0 events
2026-02-03 13:44:27.546 [arb-processor-56] DEBUG c.m.bet.ingestion.IngestionService - 🔄 ⚡ ℹ️ Processing 0 events...
2026-02-03 13:44:27.546 [arb-processor-56] ERROR c.m.bet.ingestion.IngestionService - ❌ 🔄 Response validation failed: Errors: 1, Warnings: 1, Info: 1
2026-02-03 13:44:27.546 [arb-processor-56] WARN  c.m.bet.ingestion.IngestionService - ⚠️ 🔄 No events in response
2026-02-03 13:44:27.546 [arb-processor-56] DEBUG c.m.bet.ingestion.IngestionService - 🔄 ℹ️ Transforming 0 parsed items to entities...
2026-02-03 13:44:27.546 [arb-processor-56] DEBUG c.m.bet.ingestion.IngestionService - 💾 ℹ️ Saving 0 opportunities to database...
2026-02-03 13:44:27.546 [arb-processor-56] DEBUG c.m.bet.ingestion.IngestionService - 💾 ℹ️ Processing 0 opportunities for database save...
2026-02-03 13:44:27.546 [arb-processor-56] DEBUG c.m.bet.ingestion.IngestionService - ℹ️ 💾 No opportunities to save
2026-02-03 13:44:27.546 [arb-processor-56] INFO  c.m.bet.ingestion.IngestionService - ✅ 📥 Live arbs ingestion completed: 0 opportunities saved in 286ms
2026-02-03 13:44:29.262 [arb-poller] INFO  c.m.bet.ingestion.IngestionService - 🔄 📥 [Poll #303] Starting live arbs fetch...
2026-02-03 13:44:29.262 [arb-processor-67] DEBUG c.m.bet.ingestion.IngestionService - 📥 Fetching live arbs from API...
2026-02-03 13:44:29.480 [arb-processor-67] DEBUG c.m.bet.ingestion.IngestionService - ✅ 📥 API returned 1 events
2026-02-03 13:44:29.480 [arb-processor-67] DEBUG c.m.bet.ingestion.IngestionService - 🔄 ⚡ ℹ️ Processing 1 events...
2026-02-03 13:44:29.480 [arb-processor-62] INFO  c.m.bet.ingestion.IngestionService - 🔄 ℹ️ Processing sub-event 1/2 (ID: 16193963498398203478)...
2026-02-03 13:44:29.480 [arb-processor-62] INFO  c.m.bet.ingestion.IngestionService - ℹ️ 🔄 Sub-event 16193963498398203478 bookmaker: SportyBet (ID: 43)
2026-02-03 13:44:29.481 [arb-processor-62] INFO  c.m.bet.ingestion.IngestionService - ✅ 🍪 Saved crumbs from SportyBet using key='oid' (3 entries)
2026-02-03 13:44:29.481 [arb-processor-62] INFO  c.m.bet.ingestion.IngestionService - 🍪 ℹ️ Using key='oid' = '1714' → selectedId='1714' for bookmaker: SportyBet (source: SportyBet)
2026-02-03 13:44:29.481 [arb-processor-62] DEBUG c.m.bet.ingestion.IngestionService - 🎯 🍪 Getting market outcome for bookmaker: SportyBet
2026-02-03 13:44:29.481 [arb-processor-62] WARN  c.m.bet.ingestion.IngestionService - ⚠️ 🎯 Market outcome returned null for bookmaker: SportyBet
2026-02-03 13:44:29.481 [arb-processor-62] INFO  c.m.bet.ingestion.IngestionService - 📎 Built URL for SportyBet: https://www.sportybet.com/ng/sport/darts/live/International/Modus Super Series/Self,_Archie_vs_Szaganski,_Radek/sr:match:68392168
2026-02-03 13:44:29.482 [arb-processor-62] INFO  c.m.bet.ingestion.IngestionService - ✅ Built outcome - bookMaker: SportyBet, outcome: '', odds: 2.5, url: ✓
2026-02-03 13:44:29.482 [arb-processor-62] INFO  c.m.bet.ingestion.IngestionService - 🔄 ℹ️ Processing sub-event 2/2 (ID: 16193963499185852281)...
2026-02-03 13:44:29.482 [arb-processor-62] INFO  c.m.bet.ingestion.IngestionService - ℹ️ 🔄 Sub-event 16193963499185852281 bookmaker: MSport (ID: 80)
2026-02-03 13:44:29.483 [arb-processor-62] INFO  c.m.bet.ingestion.IngestionService - 🍪 ℹ️ Using key='oid' = '1714' → selectedId='1714' for bookmaker: MSport (source: SportyBet)
2026-02-03 13:44:29.483 [arb-processor-62] DEBUG c.m.bet.ingestion.IngestionService - 🎯 🍪 Getting market outcome for bookmaker: MSport
2026-02-03 13:44:29.483 [arb-processor-62] WARN  c.m.bet.ingestion.IngestionService - ⚠️ 🎯 Market outcome returned null for bookmaker: MSport
2026-02-03 13:44:29.483 [arb-processor-62] INFO  c.m.bet.ingestion.IngestionService - 📎 Built URL for MSport: https://www.msport.com/ng/web/sports/Darts/live/International_Modus_Super_Series/Self__Archie_vs_Szaganski__Radek/sr:match:68392168
2026-02-03 13:44:29.483 [arb-processor-62] INFO  c.m.bet.ingestion.IngestionService - ✅ Built outcome - bookMaker: MSport, outcome: '', odds: 1.7, url: ✓
2026-02-03 13:44:29.483 [arb-processor-62] DEBUG c.m.bet.ingestion.IngestionService - ✅ 🔄 🎯 Converted event 16193966681786181372 to arb: SportyBet (2.5) vs MSport (1.7) | 1.19% profit | marketType='' | outcome=''
2026-02-03 13:44:29.483 [arb-processor-67] DEBUG c.m.bet.ingestion.IngestionService - ✅ ⚡ 🔄 Successfully converted 1 events to arbitrages
2026-02-03 13:44:29.483 [arb-processor-67] DEBUG c.m.bet.ingestion.IngestionService - 🔄 ℹ️ Transforming 1 parsed items to entities...
2026-02-03 13:44:29.483 [arb-processor-67] DEBUG c.m.bet.ingestion.IngestionService - 💾 ℹ️ Saving 1 opportunities to database...
2026-02-03 13:44:29.484 [arb-processor-67] DEBUG c.m.bet.ingestion.IngestionService - 💾 ℹ️ Processing 1 opportunities for database save...
2026-02-03 13:44:29.490 [arb-processor-67] INFO  c.m.bet.ingestion.IngestionService - ✅ 💾 Database save completed: 1 new, 0 updated, 0 skipped
2026-02-03 13:44:29.490 [arb-processor-67] INFO  c.m.bet.ingestion.IngestionService - ✅ 📥 Live arbs ingestion completed: 1 opportunities saved in 228ms
2026-02-03 13:44:31.260 [arb-poller] INFO  c.m.bet.ingestion.IngestionService - 🔄 📥 [Poll #304] Starting live arbs fetch...
2026-02-03 13:44:31.260 [arb-processor-66] DEBUG c.m.bet.ingestion.IngestionService - 📥 Fetching live arbs from API...
2026-02-03 13:44:31.469 [arb-processor-66] DEBUG c.m.bet.ingestion.IngestionService - ✅ 📥 API returned 1 events
2026-02-03 13:44:31.469 [arb-processor-66] DEBUG c.m.bet.ingestion.IngestionService - 🔄 ⚡ ℹ️ Processing 1 events...
2026-02-03 13:44:31.469 [arb-processor-56] INFO  c.m.bet.ingestion.IngestionService - 🔄 ℹ️ Processing sub-event 1/2 (ID: 16193963499185852281)...
2026-02-03 13:44:31.469 [arb-processor-56] INFO  c.m.bet.ingestion.IngestionService - ℹ️ 🔄 Sub-event 16193963499185852281 bookmaker: MSport (ID: 80)
2026-02-03 13:44:31.469 [arb-processor-56] INFO  c.m.bet.ingestion.IngestionService - ✅ 🍪 Saved crumbs from MSport using key='oid' (3 entries)
2026-02-03 13:44:31.470 [arb-processor-56] INFO  c.m.bet.ingestion.IngestionService - 🍪 ℹ️ Using key='oid' = '1714' → selectedId='1714' for bookmaker: MSport (source: MSport)
2026-02-03 13:44:31.470 [arb-processor-56] DEBUG c.m.bet.ingestion.IngestionService - 🎯 🍪 Getting market outcome for bookmaker: MSport
2026-02-03 13:44:31.470 [arb-processor-56] WARN  c.m.bet.ingestion.IngestionService - ⚠️ 🎯 Market outcome returned null for bookmaker: MSport
2026-02-03 13:44:31.470 [arb-processor-56] INFO  c.m.bet.ingestion.IngestionService - 📎 Built URL for MSport: https://www.msport.com/ng/web/sports/Darts/live/International_Modus_Super_Series/Self__Archie_vs_Szaganski__Radek/sr:match:68392168
2026-02-03 13:44:31.470 [arb-processor-56] INFO  c.m.bet.ingestion.IngestionService - ✅ Built outcome - bookMaker: MSport, outcome: '', odds: 2.5, url: ✓
2026-02-03 13:44:31.470 [arb-processor-56] INFO  c.m.bet.ingestion.IngestionService - 🔄 ℹ️ Processing sub-event 2/2 (ID: 16193963498813196322)...
2026-02-03 13:44:31.470 [arb-processor-56] INFO  c.m.bet.ingestion.IngestionService - ℹ️ 🔄 Sub-event 16193963498813196322 bookmaker: Betway (ID: 36)
2026-02-03 13:44:31.470 [arb-processor-56] INFO  c.m.bet.ingestion.IngestionService - 🍪 ℹ️ Using key='oid' = '1714' → selectedId='1714' for bookmaker: Betway (source: MSport)
2026-02-03 13:44:31.470 [arb-processor-56] DEBUG c.m.bet.ingestion.IngestionService - 🎯 🍪 Getting market outcome for bookmaker: Betway
2026-02-03 13:44:31.470 [arb-processor-56] ERROR c.m.bet.ingestion.IngestionService - No market outcome mapping for bookmaker: Betway
2026-02-03 13:44:31.470 [arb-processor-56] WARN  c.m.bet.ingestion.IngestionService - ⚠️ 🔄 Failed to convert event 16193966681786181372: No mapping for Betway
2026-02-03 13:44:31.471 [arb-processor-66] DEBUG c.m.bet.ingestion.IngestionService - ✅ ⚡ 🔄 Successfully converted 0 events to arbitrages
2026-02-03 13:44:31.471 [arb-processor-66] DEBUG c.m.bet.ingestion.IngestionService - 🔄 ℹ️ Transforming 0 parsed items to entities...
2026-02-03 13:44:31.471 [arb-processor-66] DEBUG c.m.bet.ingestion.IngestionService - 💾 ℹ️ Saving 0 opportunities to database...
2026-02-03 13:44:31.471 [arb-processor-66] DEBUG c.m.bet.ingestion.IngestionService - 💾 ℹ️ Processing 0 opportunities for database save...
2026-02-03 13:44:31.471 [arb-processor-66] DEBUG c.m.bet.ingestion.IngestionService - ℹ️ 💾 No opportunities to save
2026-02-03 13:44:31.471 [arb-processor-66] INFO  c.m.bet.ingestion.IngestionService - ✅ 📥 Live arbs ingestion completed: 0 opportunities saved in 211ms
2026-02-03 13:44:33.261 [arb-poller] INFO  c.m.bet.ingestion.IngestionService - 🔄 📥 [Poll #305] Starting live arbs fetch...
2026-02-03 13:44:33.263 [arb-processor-62] DEBUG c.m.bet.ingestion.IngestionService - 📥 Fetching live arbs from API...
2026-02-03 13:44:33.493 [arb-processor-62] DEBUG c.m.bet.ingestion.IngestionService - ✅ 📥 API returned 1 events
2026-02-03 13:44:33.493 [arb-processor-62] DEBUG c.m.bet.ingestion.IngestionService - 🔄 ⚡ ℹ️ Processing 1 events...
2026-02-03 13:44:33.494 [arb-processor-67] INFO  c.m.bet.ingestion.IngestionService - 🔄 ℹ️ Processing sub-event 1/2 (ID: 16193963499185852281)...
2026-02-03 13:44:33.494 [arb-processor-67] INFO  c.m.bet.ingestion.IngestionService - ℹ️ 🔄 Sub-event 16193963499185852281 bookmaker: MSport (ID: 80)
2026-02-03 13:44:33.494 [arb-processor-67] INFO  c.m.bet.ingestion.IngestionService - ✅ 🍪 Saved crumbs from MSport using key='oid' (3 entries)
2026-02-03 13:44:33.494 [arb-processor-67] INFO  c.m.bet.ingestion.IngestionService - 🍪 ℹ️ Using key='oid' = '1714' → selectedId='1714' for bookmaker: MSport (source: MSport)
2026-02-03 13:44:33.494 [arb-processor-67] DEBUG c.m.bet.ingestion.IngestionService - 🎯 🍪 Getting market outcome for bookmaker: MSport
2026-02-03 13:44:33.494 [arb-processor-67] WARN  c.m.bet.ingestion.IngestionService - ⚠️ 🎯 Market outcome returned null for bookmaker: MSport
2026-02-03 13:44:33.494 [arb-processor-67] INFO  c.m.bet.ingestion.IngestionService - 📎 Built URL for MSport: https://www.msport.com/ng/web/sports/Darts/live/International_Modus_Super_Series/Self__Archie_vs_Szaganski__Radek/sr:match:68392168
2026-02-03 13:44:33.494 [arb-processor-67] INFO  c.m.bet.ingestion.IngestionService - ✅ Built outcome - bookMaker: MSport, outcome: '', odds: 2.5, url: ✓
2026-02-03 13:44:33.494 [arb-processor-67] INFO  c.m.bet.ingestion.IngestionService - 🔄 ℹ️ Processing sub-event 2/2 (ID: 16193963498813196322)...
2026-02-03 13:44:33.495 [arb-processor-67] INFO  c.m.bet.ingestion.IngestionService - ℹ️ 🔄 Sub-event 16193963498813196322 bookmaker: Betway (ID: 36)
2026-02-03 13:44:33.495 [arb-processor-67] INFO  c.m.bet.ingestion.IngestionService - 🍪 ℹ️ Using key='oid' = '1714' → selectedId='1714' for bookmaker: Betway (source: MSport)
2026-02-03 13:44:33.495 [arb-processor-67] DEBUG c.m.bet.ingestion.IngestionService - 🎯 🍪 Getting market outcome for bookmaker: Betway
2026-02-03 13:44:33.495 [arb-processor-67] ERROR c.m.bet.ingestion.IngestionService - No market outcome mapping for bookmaker: Betway
2026-02-03 13:44:33.495 [arb-processor-67] WARN  c.m.bet.ingestion.IngestionService - ⚠️ 🔄 Failed to convert event 16193966681786181372: No mapping for Betway
2026-02-03 13:44:33.495 [arb-processor-62] DEBUG c.m.bet.ingestion.IngestionService - ✅ ⚡ 🔄 Successfully converted 0 events to arbitrages
2026-02-03 13:44:33.495 [arb-processor-62] DEBUG c.m.bet.ingestion.IngestionService - 🔄 ℹ️ Transforming 0 parsed items to entities...
2026-02-03 13:44:33.495 [arb-processor-62] DEBUG c.m.bet.ingestion.IngestionService - 💾 ℹ️ Saving 0 opportunities to database...
2026-02-03 13:44:33.495 [arb-processor-62] DEBUG c.m.bet.ingestion.IngestionService - 💾 ℹ️ Processing 0 opportunities for database save...
2026-02-03 13:44:33.495 [arb-processor-62] DEBUG c.m.bet.ingestion.IngestionService - ℹ️ 💾 No opportunities to save
2026-02-03 13:44:33.496 [arb-processor-62] INFO  c.m.bet.ingestion.IngestionService - ✅ 📥 Live arbs ingestion completed: 0 opportunities saved in 233ms
2026-02-03 13:44:35.260 [arb-poller] INFO  c.m.bet.ingestion.IngestionService - 🔄 📥 [Poll #306] Starting live arbs fetch...
2026-02-03 13:44:35.260 [arb-processor-56] DEBUG c.m.bet.ingestion.IngestionService - 📥 Fetching live arbs from API...
2026-02-03 13:44:35.607 [arb-processor-56] DEBUG c.m.bet.ingestion.IngestionService - ✅ 📥 API returned 0 events
2026-02-03 13:44:35.607 [arb-processor-56] DEBUG c.m.bet.ingestion.IngestionService - 🔄 ⚡ ℹ️ Processing 0 events...
2026-02-03 13:44:35.607 [arb-processor-56] ERROR c.m.bet.ingestion.IngestionService - ❌ 🔄 Response validation failed: Errors: 1, Warnings: 1, Info: 1
2026-02-03 13:44:35.607 [arb-processor-56] WARN  c.m.bet.ingestion.IngestionService - ⚠️ 🔄 No events in response
2026-02-03 13:44:35.607 [arb-processor-56] DEBUG c.m.bet.ingestion.IngestionService - 🔄 ℹ️ Transforming 0 parsed items to entities...
2026-02-03 13:44:35.607 [arb-processor-56] DEBUG c.m.bet.ingestion.IngestionService - 💾 ℹ️ Saving 0 opportunities to database...
2026-02-03 13:44:35.607 [arb-processor-56] DEBUG c.m.bet.ingestion.IngestionService - 💾 ℹ️ Processing 0 opportunities for database save...
2026-02-03 13:44:35.607 [arb-processor-56] DEBUG c.m.bet.ingestion.IngestionService - ℹ️ 💾 No opportunities to save
2026-02-03 13:44:35.607 [arb-processor-56] INFO  c.m.bet.ingestion.IngestionService - ✅ 📥 Live arbs ingestion completed: 0 opportunities saved in 347ms
2026-02-03 13:44:37.262 [arb-poller] INFO  c.m.bet.ingestion.IngestionService - 🔄 📥 [Poll #307] Starting live arbs fetch...
2026-02-03 13:44:37.263 [arb-processor-66] DEBUG c.m.bet.ingestion.IngestionService - 📥 Fetching live arbs from API...
2026-02-03 13:44:37.540 [arb-processor-66] DEBUG c.m.bet.ingestion.IngestionService - ✅ 📥 API returned 0 events
2026-02-03 13:44:37.540 [arb-processor-66] DEBUG c.m.bet.ingestion.IngestionService - 🔄 ⚡ ℹ️ Processing 0 events...
2026-02-03 13:44:37.540 [arb-processor-66] ERROR c.m.bet.ingestion.IngestionService - ❌ 🔄 Response validation failed: Errors: 1, Warnings: 1, Info: 1
2026-02-03 13:44:37.540 [arb-processor-66] WARN  c.m.bet.ingestion.IngestionService - ⚠️ 🔄 No events in response
2026-02-03 13:44:37.541 [arb-processor-66] DEBUG c.m.bet.ingestion.IngestionService - 🔄 ℹ️ Transforming 0 parsed items to entities...
2026-02-03 13:44:37.541 [arb-processor-66] DEBUG c.m.bet.ingestion.IngestionService - 💾 ℹ️ Saving 0 opportunities to database...
2026-02-03 13:44:37.541 [arb-processor-66] DEBUG c.m.bet.ingestion.IngestionService - 💾 ℹ️ Processing 0 opportunities for database save...
2026-02-03 13:44:37.541 [arb-processor-66] DEBUG c.m.bet.ingestion.IngestionService - ℹ️ 💾 No opportunities to save
2026-02-03 13:44:37.541 [arb-processor-66] INFO  c.m.bet.ingestion.IngestionService - ✅ 📥 Live arbs ingestion completed: 0 opportunities saved in 278ms
2026-02-03 13:44:39.260 [arb-poller] INFO  c.m.bet.ingestion.IngestionService - 🔄 📥 [Poll #308] Starting live arbs fetch...
2026-02-03 13:44:39.260 [arb-processor-67] DEBUG c.m.bet.ingestion.IngestionService - 📥 Fetching live arbs from API...
2026-02-03 13:44:39.501 [arb-processor-67] DEBUG c.m.bet.ingestion.IngestionService - ✅ 📥 API returned 2 events
2026-02-03 13:44:39.501 [arb-processor-67] DEBUG c.m.bet.ingestion.IngestionService - 🔄 ⚡ ℹ️ Processing 2 events...
2026-02-03 13:44:39.501 [arb-processor-62] INFO  c.m.bet.ingestion.IngestionService - 🔄 ℹ️ Processing sub-event 1/2 (ID: 16193963498173820503)...
2026-02-03 13:44:39.501 [arb-processor-56] INFO  c.m.bet.ingestion.IngestionService - 🔄 ℹ️ Processing sub-event 1/2 (ID: 16193963496715524112)...
2026-02-03 13:44:39.501 [arb-processor-62] INFO  c.m.bet.ingestion.IngestionService - ℹ️ 🔄 Sub-event 16193963498173820503 bookmaker: SportyBet (ID: 43)
2026-02-03 13:44:39.502 [arb-processor-56] INFO  c.m.bet.ingestion.IngestionService - ℹ️ 🔄 Sub-event 16193963496715524112 bookmaker: SportyBet (ID: 43)
2026-02-03 13:44:39.502 [arb-processor-62] INFO  c.m.bet.ingestion.IngestionService - ✅ 🍪 Saved crumbs from SportyBet using key='oid' (3 entries)
2026-02-03 13:44:39.502 [arb-processor-62] INFO  c.m.bet.ingestion.IngestionService - 🍪 ℹ️ Using key='oid' = '4' → selectedId='4' for bookmaker: SportyBet (source: SportyBet)
2026-02-03 13:44:39.502 [arb-processor-62] DEBUG c.m.bet.ingestion.IngestionService - 🎯 🍪 Getting market outcome for bookmaker: SportyBet
2026-02-03 13:44:39.502 [arb-processor-62] INFO  c.m.bet.ingestion.IngestionService - ✅ 🎯 Market resolved: marketType='1st game - winner', selectedId='4', outcome='Home'
2026-02-03 13:44:39.502 [arb-processor-56] INFO  c.m.bet.ingestion.IngestionService - ✅ 🍪 Saved crumbs from SportyBet using key='oid' (3 entries)
2026-02-03 13:44:39.502 [arb-processor-56] INFO  c.m.bet.ingestion.IngestionService - 🍪 ℹ️ Using key='oid' = '4' → selectedId='4' for bookmaker: SportyBet (source: SportyBet)
2026-02-03 13:44:39.502 [arb-processor-62] INFO  c.m.bet.ingestion.IngestionService - 📎 Built URL for SportyBet: https://www.sportybet.com/ng/sport/tableTennis/live/International/TT Cup/Sindler,_Jaroslav_vs_Krupnik_Jr,_Lukas/sr:match:68537348
2026-02-03 13:44:39.502 [arb-processor-56] DEBUG c.m.bet.ingestion.IngestionService - 🎯 🍪 Getting market outcome for bookmaker: SportyBet
2026-02-03 13:44:39.502 [arb-processor-56] INFO  c.m.bet.ingestion.IngestionService - ✅ 🎯 Market resolved: marketType='4th game - winner', selectedId='4', outcome='Home'
2026-02-03 13:44:39.502 [arb-processor-56] INFO  c.m.bet.ingestion.IngestionService - 📎 Built URL for SportyBet: https://www.sportybet.com/ng/sport/tableTennis/live/Ukraine/Setka Cup/Miroshnychenko,_Serhii_vs_Panchenko,_Bohdan/sr:match:B0QWDqbFZRn-FBmpQhxv1Jg
2026-02-03 13:44:39.502 [arb-processor-62] INFO  c.m.bet.ingestion.IngestionService - ✅ Built outcome - bookMaker: SportyBet, outcome: 'Home', odds: 9, url: ✓
2026-02-03 13:44:39.502 [arb-processor-62] INFO  c.m.bet.ingestion.IngestionService - 🔄 ℹ️ Processing sub-event 2/2 (ID: 16193963499511874752)...
2026-02-03 13:44:39.502 [arb-processor-56] INFO  c.m.bet.ingestion.IngestionService - ✅ Built outcome - bookMaker: SportyBet, outcome: 'Home', odds: 2.8, url: ✓
2026-02-03 13:44:39.503 [arb-processor-56] INFO  c.m.bet.ingestion.IngestionService - 🔄 ℹ️ Processing sub-event 2/2 (ID: 16193963498899838918)...
2026-02-03 13:44:39.503 [arb-processor-62] INFO  c.m.bet.ingestion.IngestionService - ℹ️ 🔄 Sub-event 16193963499511874752 bookmaker: Bet9ja (ID: 33)
2026-02-03 13:44:39.503 [arb-processor-56] INFO  c.m.bet.ingestion.IngestionService - ℹ️ 🔄 Sub-event 16193963498899838918 bookmaker: Betway (ID: 36)
2026-02-03 13:44:39.503 [arb-processor-56] INFO  c.m.bet.ingestion.IngestionService - 🍪 ℹ️ Using key='oid' = '4' → selectedId='4' for bookmaker: Betway (source: SportyBet)
2026-02-03 13:44:39.503 [arb-processor-56] DEBUG c.m.bet.ingestion.IngestionService - 🎯 🍪 Getting market outcome for bookmaker: Betway
2026-02-03 13:44:39.503 [arb-processor-62] INFO  c.m.bet.ingestion.IngestionService - 🍪 ℹ️ Using key='id2' = 'LIVETT_SW@1_2' → selectedId='2' for bookmaker: Bet9ja (source: own crumbs (post-underscore))
2026-02-03 13:44:39.503 [arb-processor-56] ERROR c.m.bet.ingestion.IngestionService - No market outcome mapping for bookmaker: Betway
2026-02-03 13:44:39.503 [arb-processor-62] DEBUG c.m.bet.ingestion.IngestionService - 🎯 🍪 Getting market outcome for bookmaker: Bet9ja
2026-02-03 13:44:39.503 [arb-processor-62] INFO  c.m.bet.ingestion.IngestionService - ✅ 🎯 Market resolved: marketType='Set 1 Winner', selectedId='2', outcome='Player 2'
2026-02-03 13:44:39.503 [arb-processor-62] DEBUG c.m.bet.ingestion.IngestionService - Built Bet9ja modern URL: https://sports.bet9ja.com/liveEvent/8675240
2026-02-03 13:44:39.503 [arb-processor-56] WARN  c.m.bet.ingestion.IngestionService - ⚠️ 🔄 Failed to convert event 16193963497195832035: No mapping for Betway
2026-02-03 13:44:39.503 [arb-processor-62] INFO  c.m.bet.ingestion.IngestionService - 📎 Built URL for Bet9ja: https://sports.bet9ja.com/liveEvent/8675240
2026-02-03 13:44:39.503 [arb-processor-62] INFO  c.m.bet.ingestion.IngestionService - ✅ Built outcome - bookMaker: Bet9ja, outcome: 'Player 2', odds: 1.17, url: ✓
2026-02-03 13:44:39.503 [arb-processor-62] DEBUG c.m.bet.ingestion.IngestionService - ✅ 🔄 🎯 Converted event 16193966762098888426 to arb: SportyBet (9) vs Bet9ja (1.17) | 3.54% profit | marketType='Set 1 Winner' | outcome='Player 2'
2026-02-03 13:44:39.503 [arb-processor-67] DEBUG c.m.bet.ingestion.IngestionService - ✅ ⚡ 🔄 Successfully converted 1 events to arbitrages
2026-02-03 13:44:39.504 [arb-processor-67] DEBUG c.m.bet.ingestion.IngestionService - 🔄 ℹ️ Transforming 1 parsed items to entities...
2026-02-03 13:44:39.504 [arb-processor-67] DEBUG c.m.bet.ingestion.IngestionService - 💾 ℹ️ Saving 1 opportunities to database...
2026-02-03 13:44:39.504 [arb-processor-67] DEBUG c.m.bet.ingestion.IngestionService - 💾 ℹ️ Processing 1 opportunities for database save...
2026-02-03 13:44:39.509 [arb-processor-67] INFO  c.m.bet.ingestion.IngestionService - ✅ 💾 Database save completed: 1 new, 0 updated, 0 skipped
2026-02-03 13:44:39.509 [arb-processor-67] INFO  c.m.bet.ingestion.IngestionService - ✅ 📥 Live arbs ingestion completed: 1 opportunities saved in 249ms
2026-02-03 13:44:41.261 [arb-poller] INFO  c.m.bet.ingestion.IngestionService - 🔄 📥 [Poll #309] Starting live arbs fetch...
2026-02-03 13:44:41.261 [arb-processor-66] DEBUG c.m.bet.ingestion.IngestionService - 📥 Fetching live arbs from API...
2026-02-03 13:44:41.959 [arb-processor-66] DEBUG c.m.bet.ingestion.IngestionService - ✅ 📥 API returned 1 events
2026-02-03 13:44:41.959 [arb-processor-66] DEBUG c.m.bet.ingestion.IngestionService - 🔄 ⚡ ℹ️ Processing 1 events...
2026-02-03 13:44:41.959 [arb-processor-56] INFO  c.m.bet.ingestion.IngestionService - 🔄 ℹ️ Processing sub-event 1/2 (ID: 16193963496715524112)...
2026-02-03 13:44:41.959 [arb-processor-56] INFO  c.m.bet.ingestion.IngestionService - ℹ️ 🔄 Sub-event 16193963496715524112 bookmaker: SportyBet (ID: 43)
2026-02-03 13:44:41.959 [arb-processor-56] INFO  c.m.bet.ingestion.IngestionService - ✅ 🍪 Saved crumbs from SportyBet using key='oid' (3 entries)
2026-02-03 13:44:41.959 [arb-processor-56] INFO  c.m.bet.ingestion.IngestionService - 🍪 ℹ️ Using key='oid' = '4' → selectedId='4' for bookmaker: SportyBet (source: SportyBet)
2026-02-03 13:44:41.959 [arb-processor-56] DEBUG c.m.bet.ingestion.IngestionService - 🎯 🍪 Getting market outcome for bookmaker: SportyBet
2026-02-03 13:44:41.959 [arb-processor-56] INFO  c.m.bet.ingestion.IngestionService - ✅ 🎯 Market resolved: marketType='4th game - winner', selectedId='4', outcome='Home'
2026-02-03 13:44:41.959 [arb-processor-56] INFO  c.m.bet.ingestion.IngestionService - 📎 Built URL for SportyBet: https://www.sportybet.com/ng/sport/tableTennis/live/Ukraine/Setka Cup/Miroshnychenko,_Serhii_vs_Panchenko,_Bohdan/sr:match:B0QWDqbFZRn-FBmpQhxv1Jg
2026-02-03 13:44:41.960 [arb-processor-56] INFO  c.m.bet.ingestion.IngestionService - ✅ Built outcome - bookMaker: SportyBet, outcome: 'Home', odds: 2.8, url: ✓
2026-02-03 13:44:41.960 [arb-processor-56] INFO  c.m.bet.ingestion.IngestionService - 🔄 ℹ️ Processing sub-event 2/2 (ID: 16193963498899838918)...
2026-02-03 13:44:41.960 [arb-processor-56] INFO  c.m.bet.ingestion.IngestionService - ℹ️ 🔄 Sub-event 16193963498899838918 bookmaker: Betway (ID: 36)
2026-02-03 13:44:41.960 [arb-processor-56] INFO  c.m.bet.ingestion.IngestionService - 🍪 ℹ️ Using key='oid' = '4' → selectedId='4' for bookmaker: Betway (source: SportyBet)
2026-02-03 13:44:41.960 [arb-processor-56] DEBUG c.m.bet.ingestion.IngestionService - 🎯 🍪 Getting market outcome for bookmaker: Betway
2026-02-03 13:44:41.960 [arb-processor-56] ERROR c.m.bet.ingestion.IngestionService - No market outcome mapping for bookmaker: Betway
2026-02-03 13:44:41.960 [arb-processor-56] WARN  c.m.bet.ingestion.IngestionService - ⚠️ 🔄 Failed to convert event 16193963497195832035: No mapping for Betway
2026-02-03 13:44:41.961 [arb-processor-66] DEBUG c.m.bet.ingestion.IngestionService - ✅ ⚡ 🔄 Successfully converted 0 events to arbitrages
2026-02-03 13:44:41.961 [arb-processor-66] DEBUG c.m.bet.ingestion.IngestionService - 🔄 ℹ️ Transforming 0 parsed items to entities...
2026-02-03 13:44:41.961 [arb-processor-66] DEBUG c.m.bet.ingestion.IngestionService - 💾 ℹ️ Saving 0 opportunities to database...
2026-02-03 13:44:41.961 [arb-processor-66] DEBUG c.m.bet.ingestion.IngestionService - 💾 ℹ️ Processing 0 opportunities for database save...
2026-02-03 13:44:41.961 [arb-processor-66] DEBUG c.m.bet.ingestion.IngestionService - ℹ️ 💾 No opportunities to save
2026-02-03 13:44:41.961 [arb-processor-66] INFO  c.m.bet.ingestion.IngestionService - ✅ 📥 Live arbs ingestion completed: 0 opportunities saved in 700ms
2026-02-03 13:44:43.262 [arb-poller] INFO  c.m.bet.ingestion.IngestionService - 🔄 📥 [Poll #310] Starting live arbs fetch...
2026-02-03 13:44:43.263 [arb-processor-62] DEBUG c.m.bet.ingestion.IngestionService - 📥 Fetching live arbs from API...
2026-02-03 13:44:43.473 [arb-processor-62] DEBUG c.m.bet.ingestion.IngestionService - ✅ 📥 API returned 0 events
2026-02-03 13:44:43.473 [arb-processor-62] DEBUG c.m.bet.ingestion.IngestionService - 🔄 ⚡ ℹ️ Processing 0 events...
2026-02-03 13:44:43.473 [arb-processor-62] ERROR c.m.bet.ingestion.IngestionService - ❌ 🔄 Response validation failed: Errors: 1, Warnings: 1, Info: 1
2026-02-03 13:44:43.473 [arb-processor-62] WARN  c.m.bet.ingestion.IngestionService - ⚠️ 🔄 No events in response
2026-02-03 13:44:43.473 [arb-processor-62] DEBUG c.m.bet.ingestion.IngestionService - 🔄 ℹ️ Transforming 0 parsed items to entities...
2026-02-03 13:44:43.473 [arb-processor-62] DEBUG c.m.bet.ingestion.IngestionService - 💾 ℹ️ Saving 0 opportunities to database...
2026-02-03 13:44:43.473 [arb-processor-62] DEBUG c.m.bet.ingestion.IngestionService - 💾 ℹ️ Processing 0 opportunities for database save...
2026-02-03 13:44:43.473 [arb-processor-62] DEBUG c.m.bet.ingestion.IngestionService - ℹ️ 💾 No opportunities to save
2026-02-03 13:44:43.473 [arb-processor-62] INFO  c.m.bet.ingestion.IngestionService - ✅ 📥 Live arbs ingestion completed: 0 opportunities saved in 210ms
2026-02-03 13:44:45.270 [arb-poller] INFO  c.m.bet.ingestion.IngestionService - 🔄 📥 [Poll #311] Starting live arbs fetch...
2026-02-03 13:44:45.271 [arb-processor-67] DEBUG c.m.bet.ingestion.IngestionService - 📥 Fetching live arbs from API...
2026-02-03 13:44:45.516 [arb-processor-67] DEBUG c.m.bet.ingestion.IngestionService - ✅ 📥 API returned 0 events
2026-02-03 13:44:45.517 [arb-processor-67] DEBUG c.m.bet.ingestion.IngestionService - 🔄 ⚡ ℹ️ Processing 0 events...
2026-02-03 13:44:45.517 [arb-processor-67] ERROR c.m.bet.ingestion.IngestionService - ❌ 🔄 Response validation failed: Errors: 1, Warnings: 1, Info: 1
2026-02-03 13:44:45.517 [arb-processor-67] WARN  c.m.bet.ingestion.IngestionService - ⚠️ 🔄 No events in response
2026-02-03 13:44:45.517 [arb-processor-67] DEBUG c.m.bet.ingestion.IngestionService - 🔄 ℹ️ Transforming 0 parsed items to entities...
2026-02-03 13:44:45.517 [arb-processor-67] DEBUG c.m.bet.ingestion.IngestionService - 💾 ℹ️ Saving 0 opportunities to database...
2026-02-03 13:44:45.517 [arb-processor-67] DEBUG c.m.bet.ingestion.IngestionService - 💾 ℹ️ Processing 0 opportunities for database save...
2026-02-03 13:44:45.517 [arb-processor-67] DEBUG c.m.bet.ingestion.IngestionService - ℹ️ 💾 No opportunities to save
2026-02-03 13:44:45.517 [arb-processor-67] INFO  c.m.bet.ingestion.IngestionService - ✅ 📥 Live arbs ingestion completed: 0 opportunities saved in 246ms
2026-02-03 13:44:47.260 [arb-poller] INFO  c.m.bet.ingestion.IngestionService - 🔄 📥 [Poll #312] Starting live arbs fetch...
2026-02-03 13:44:47.260 [arb-processor-56] DEBUG c.m.bet.ingestion.IngestionService - 📥 Fetching live arbs from API...
2026-02-03 13:44:47.464 [arb-processor-56] DEBUG c.m.bet.ingestion.IngestionService - ✅ 📥 API returned 0 events
2026-02-03 13:44:47.464 [arb-processor-56] DEBUG c.m.bet.ingestion.IngestionService - 🔄 ⚡ ℹ️ Processing 0 events...
2026-02-03 13:44:47.465 [arb-processor-56] ERROR c.m.bet.ingestion.IngestionService - ❌ 🔄 Response validation failed: Errors: 1, Warnings: 1, Info: 1
2026-02-03 13:44:47.465 [arb-processor-56] WARN  c.m.bet.ingestion.IngestionService - ⚠️ 🔄 No events in response
2026-02-03 13:44:47.465 [arb-processor-56] DEBUG c.m.bet.ingestion.IngestionService - 🔄 ℹ️ Transforming 0 parsed items to entities...
2026-02-03 13:44:47.465 [arb-processor-56] DEBUG c.m.bet.ingestion.IngestionService - 💾 ℹ️ Saving 0 opportunities to database...
2026-02-03 13:44:47.465 [arb-processor-56] DEBUG c.m.bet.ingestion.IngestionService - 💾 ℹ️ Processing 0 opportunities for database save...
2026-02-03 13:44:47.465 [arb-processor-56] DEBUG c.m.bet.ingestion.IngestionService - ℹ️ 💾 No opportunities to save
2026-02-03 13:44:47.465 [arb-processor-56] INFO  c.m.bet.ingestion.IngestionService - ✅ 📥 Live arbs ingestion completed: 0 opportunities saved in 205ms
2026-02-03 13:44:49.262 [arb-poller] INFO  c.m.bet.ingestion.IngestionService - 🔄 📥 [Poll #313] Starting live arbs fetch...
2026-02-03 13:44:49.262 [arb-processor-66] DEBUG c.m.bet.ingestion.IngestionService - 📥 Fetching live arbs from API...
2026-02-03 13:44:49.543 [arb-processor-66] DEBUG c.m.bet.ingestion.IngestionService - ✅ 📥 API returned 0 events
2026-02-03 13:44:49.544 [arb-processor-66] DEBUG c.m.bet.ingestion.IngestionService - 🔄 ⚡ ℹ️ Processing 0 events...
2026-02-03 13:44:49.546 [arb-processor-66] ERROR c.m.bet.ingestion.IngestionService - ❌ 🔄 Response validation failed: Errors: 1, Warnings: 1, Info: 1
2026-02-03 13:44:49.546 [arb-processor-66] WARN  c.m.bet.ingestion.IngestionService - ⚠️ 🔄 No events in response
2026-02-03 13:44:49.546 [arb-processor-66] DEBUG c.m.bet.ingestion.IngestionService - 🔄 ℹ️ Transforming 0 parsed items to entities...
2026-02-03 13:44:49.546 [arb-processor-66] DEBUG c.m.bet.ingestion.IngestionService - 💾 ℹ️ Saving 0 opportunities to database...
2026-02-03 13:44:49.547 [arb-processor-66] DEBUG c.m.bet.ingestion.IngestionService - 💾 ℹ️ Processing 0 opportunities for database save...
2026-02-03 13:44:49.547 [arb-processor-66] DEBUG c.m.bet.ingestion.IngestionService - ℹ️ 💾 No opportunities to save
2026-02-03 13:44:49.547 [arb-processor-66] INFO  c.m.bet.ingestion.IngestionService - ✅ 📥 Live arbs ingestion completed: 0 opportunities saved in 285ms
2026-02-03 13:44:51.261 [arb-poller] INFO  c.m.bet.ingestion.IngestionService - 🔄 📥 [Poll #314] Starting live arbs fetch...
2026-02-03 13:44:51.261 [arb-processor-62] DEBUG c.m.bet.ingestion.IngestionService - 📥 Fetching live arbs from API...
2026-02-03 13:44:51.458 [arb-processor-62] DEBUG c.m.bet.ingestion.IngestionService - ✅ 📥 API returned 0 events
2026-02-03 13:44:51.458 [arb-processor-62] DEBUG c.m.bet.ingestion.IngestionService - 🔄 ⚡ ℹ️ Processing 0 events...
2026-02-03 13:44:51.458 [arb-processor-62] ERROR c.m.bet.ingestion.IngestionService - ❌ 🔄 Response validation failed: Errors: 1, Warnings: 1, Info: 1
2026-02-03 13:44:51.458 [arb-processor-62] WARN  c.m.bet.ingestion.IngestionService - ⚠️ 🔄 No events in response
2026-02-03 13:44:51.458 [arb-processor-62] DEBUG c.m.bet.ingestion.IngestionService - 🔄 ℹ️ Transforming 0 parsed items to entities...
2026-02-03 13:44:51.458 [arb-processor-62] DEBUG c.m.bet.ingestion.IngestionService - 💾 ℹ️ Saving 0 opportunities to database...
2026-02-03 13:44:51.458 [arb-processor-62] DEBUG c.m.bet.ingestion.IngestionService - 💾 ℹ️ Processing 0 opportunities for database save...
2026-02-03 13:44:51.459 [arb-processor-62] DEBUG c.m.bet.ingestion.IngestionService - ℹ️ 💾 No opportunities to save
2026-02-03 13:44:51.459 [arb-processor-62] INFO  c.m.bet.ingestion.IngestionService - ✅ 📥 Live arbs ingestion completed: 0 opportunities saved in 198ms
2026-02-03 13:44:53.293 [arb-poller] INFO  c.m.bet.ingestion.IngestionService - 🔄 📥 [Poll #315] Starting live arbs fetch...
2026-02-03 13:44:53.298 [arb-processor-67] DEBUG c.m.bet.ingestion.IngestionService - 📥 Fetching live arbs from API...
2026-02-03 13:44:53.498 [arb-processor-67] DEBUG c.m.bet.ingestion.IngestionService - ✅ 📥 API returned 0 events
2026-02-03 13:44:53.498 [arb-processor-67] DEBUG c.m.bet.ingestion.IngestionService - 🔄 ⚡ ℹ️ Processing 0 events...
2026-02-03 13:44:53.498 [arb-processor-67] ERROR c.m.bet.ingestion.IngestionService - ❌ 🔄 Response validation failed: Errors: 1, Warnings: 1, Info: 1
2026-02-03 13:44:53.498 [arb-processor-67] WARN  c.m.bet.ingestion.IngestionService - ⚠️ 🔄 No events in response
2026-02-03 13:44:53.498 [arb-processor-67] DEBUG c.m.bet.ingestion.IngestionService - 🔄 ℹ️ Transforming 0 parsed items to entities...
2026-02-03 13:44:53.498 [arb-processor-67] DEBUG c.m.bet.ingestion.IngestionService - 💾 ℹ️ Saving 0 opportunities to database...
2026-02-03 13:44:53.498 [arb-processor-67] DEBUG c.m.bet.ingestion.IngestionService - 💾 ℹ️ Processing 0 opportunities for database save...
2026-02-03 13:44:53.498 [arb-processor-67] DEBUG c.m.bet.ingestion.IngestionService - ℹ️ 💾 No opportunities to save
2026-02-03 13:44:53.498 [arb-processor-67] INFO  c.m.bet.ingestion.IngestionService - ✅ 📥 Live arbs ingestion completed: 0 opportunities saved in 200ms
2026-02-03 13:44:55.262 [arb-poller] INFO  c.m.bet.ingestion.IngestionService - 🔄 📥 [Poll #316] Starting live arbs fetch...
2026-02-03 13:44:55.262 [arb-processor-56] DEBUG c.m.bet.ingestion.IngestionService - 📥 Fetching live arbs from API...
2026-02-03 13:44:55.479 [arb-processor-56] DEBUG c.m.bet.ingestion.IngestionService - ✅ 📥 API returned 0 events
2026-02-03 13:44:55.479 [arb-processor-56] DEBUG c.m.bet.ingestion.IngestionService - 🔄 ⚡ ℹ️ Processing 0 events...
2026-02-03 13:44:55.480 [arb-processor-56] ERROR c.m.bet.ingestion.IngestionService - ❌ 🔄 Response validation failed: Errors: 1, Warnings: 1, Info: 1
2026-02-03 13:44:55.480 [arb-processor-56] WARN  c.m.bet.ingestion.IngestionService - ⚠️ 🔄 No events in response
2026-02-03 13:44:55.480 [arb-processor-56] DEBUG c.m.bet.ingestion.IngestionService - 🔄 ℹ️ Transforming 0 parsed items to entities...
2026-02-03 13:44:55.480 [arb-processor-56] DEBUG c.m.bet.ingestion.IngestionService - 💾 ℹ️ Saving 0 opportunities to database...
2026-02-03 13:44:55.480 [arb-processor-56] DEBUG c.m.bet.ingestion.IngestionService - 💾 ℹ️ Processing 0 opportunities for database save...
2026-02-03 13:44:55.480 [arb-processor-56] DEBUG c.m.bet.ingestion.IngestionService - ℹ️ 💾 No opportunities to save
2026-02-03 13:44:55.480 [arb-processor-56] INFO  c.m.bet.ingestion.IngestionService - ✅ 📥 Live arbs ingestion completed: 0 opportunities saved in 218ms
2026-02-03 13:44:57.264 [arb-poller] INFO  c.m.bet.ingestion.IngestionService - 🔄 📥 [Poll #317] Starting live arbs fetch...
2026-02-03 13:44:57.264 [arb-processor-66] DEBUG c.m.bet.ingestion.IngestionService - 📥 Fetching live arbs from API...
2026-02-03 13:44:57.508 [arb-processor-66] DEBUG c.m.bet.ingestion.IngestionService - ✅ 📥 API returned 0 events
2026-02-03 13:44:57.508 [arb-processor-66] DEBUG c.m.bet.ingestion.IngestionService - 🔄 ⚡ ℹ️ Processing 0 events...
2026-02-03 13:44:57.508 [arb-processor-66] ERROR c.m.bet.ingestion.IngestionService - ❌ 🔄 Response validation failed: Errors: 1, Warnings: 1, Info: 1
2026-02-03 13:44:57.508 [arb-processor-66] WARN  c.m.bet.ingestion.IngestionService - ⚠️ 🔄 No events in response
2026-02-03 13:44:57.508 [arb-processor-66] DEBUG c.m.bet.ingestion.IngestionService - 🔄 ℹ️ Transforming 0 parsed items to entities...
2026-02-03 13:44:57.508 [arb-processor-66] DEBUG c.m.bet.ingestion.IngestionService - 💾 ℹ️ Saving 0 opportunities to database...
2026-02-03 13:44:57.508 [arb-processor-66] DEBUG c.m.bet.ingestion.IngestionService - 💾 ℹ️ Processing 0 opportunities for database save...
2026-02-03 13:44:57.508 [arb-processor-66] DEBUG c.m.bet.ingestion.IngestionService - ℹ️ 💾 No opportunities to save
2026-02-03 13:44:57.509 [arb-processor-66] INFO  c.m.bet.ingestion.IngestionService - ✅ 📥 Live arbs ingestion completed: 0 opportunities saved in 245ms
2026-02-03 13:44:59.263 [arb-poller] INFO  c.m.bet.ingestion.IngestionService - 🔄 📥 [Poll #318] Starting live arbs fetch...
2026-02-03 13:44:59.264 [arb-processor-62] DEBUG c.m.bet.ingestion.IngestionService - 📥 Fetching live arbs from API...
2026-02-03 13:44:59.493 [arb-processor-62] DEBUG c.m.bet.ingestion.IngestionService - ✅ 📥 API returned 0 events
2026-02-03 13:44:59.493 [arb-processor-62] DEBUG c.m.bet.ingestion.IngestionService - 🔄 ⚡ ℹ️ Processing 0 events...
2026-02-03 13:44:59.493 [arb-processor-62] ERROR c.m.bet.ingestion.IngestionService - ❌ 🔄 Response validation failed: Errors: 1, Warnings: 1, Info: 1
2026-02-03 13:44:59.493 [arb-processor-62] WARN  c.m.bet.ingestion.IngestionService - ⚠️ 🔄 No events in response
2026-02-03 13:44:59.493 [arb-processor-62] DEBUG c.m.bet.ingestion.IngestionService - 🔄 ℹ️ Transforming 0 parsed items to entities...
2026-02-03 13:44:59.493 [arb-processor-62] DEBUG c.m.bet.ingestion.IngestionService - 💾 ℹ️ Saving 0 opportunities to database...
2026-02-03 13:44:59.493 [arb-processor-62] DEBUG c.m.bet.ingestion.IngestionService - 💾 ℹ️ Processing 0 opportunities for database save...
2026-02-03 13:44:59.493 [arb-processor-62] DEBUG c.m.bet.ingestion.IngestionService - ℹ️ 💾 No opportunities to save
2026-02-03 13:44:59.493 [arb-processor-62] INFO  c.m.bet.ingestion.IngestionService - ✅ 📥 Live arbs ingestion completed: 0 opportunities saved in 229ms
2026-02-03 13:45:01.260 [arb-poller] INFO  c.m.bet.ingestion.IngestionService - 🔄 📥 [Poll #319] Starting live arbs fetch...
2026-02-03 13:45:01.260 [arb-processor-67] DEBUG c.m.bet.ingestion.IngestionService - 📥 Fetching live arbs from API...
2026-02-03 13:45:01.483 [arb-processor-67] DEBUG c.m.bet.ingestion.IngestionService - ✅ 📥 API returned 0 events
2026-02-03 13:45:01.483 [arb-processor-67] DEBUG c.m.bet.ingestion.IngestionService - 🔄 ⚡ ℹ️ Processing 0 events...
2026-02-03 13:45:01.483 [arb-processor-67] ERROR c.m.bet.ingestion.IngestionService - ❌ 🔄 Response validation failed: Errors: 1, Warnings: 1, Info: 1
2026-02-03 13:45:01.483 [arb-processor-67] WARN  c.m.bet.ingestion.IngestionService - ⚠️ 🔄 No events in response
2026-02-03 13:45:01.483 [arb-processor-67] DEBUG c.m.bet.ingestion.IngestionService - 🔄 ℹ️ Transforming 0 parsed items to entities...
2026-02-03 13:45:01.483 [arb-processor-67] DEBUG c.m.bet.ingestion.IngestionService - 💾 ℹ️ Saving 0 opportunities to database...
2026-02-03 13:45:01.483 [arb-processor-67] DEBUG c.m.bet.ingestion.IngestionService - 💾 ℹ️ Processing 0 opportunities for database save...
2026-02-03 13:45:01.483 [arb-processor-67] DEBUG c.m.bet.ingestion.IngestionService - ℹ️ 💾 No opportunities to save
2026-02-03 13:45:01.483 [arb-processor-67] INFO  c.m.bet.ingestion.IngestionService - ✅ 📥 Live arbs ingestion completed: 0 opportunities saved in 223ms
2026-02-03 13:45:03.260 [arb-poller] INFO  c.m.bet.ingestion.IngestionService - 🔄 📥 [Poll #320] Starting live arbs fetch...
2026-02-03 13:45:03.260 [arb-processor-56] DEBUG c.m.bet.ingestion.IngestionService - 📥 Fetching live arbs from API...
2026-02-03 13:45:03.488 [arb-processor-56] DEBUG c.m.bet.ingestion.IngestionService - ✅ 📥 API returned 0 events
2026-02-03 13:45:03.489 [arb-processor-56] DEBUG c.m.bet.ingestion.IngestionService - 🔄 ⚡ ℹ️ Processing 0 events...
2026-02-03 13:45:03.489 [arb-processor-56] ERROR c.m.bet.ingestion.IngestionService - ❌ 🔄 Response validation failed: Errors: 1, Warnings: 1, Info: 1
2026-02-03 13:45:03.489 [arb-processor-56] WARN  c.m.bet.ingestion.IngestionService - ⚠️ 🔄 No events in response
2026-02-03 13:45:03.489 [arb-processor-56] DEBUG c.m.bet.ingestion.IngestionService - 🔄 ℹ️ Transforming 0 parsed items to entities...
2026-02-03 13:45:03.490 [arb-processor-56] DEBUG c.m.bet.ingestion.IngestionService - 💾 ℹ️ Saving 0 opportunities to database...
2026-02-03 13:45:03.490 [arb-processor-56] DEBUG c.m.bet.ingestion.IngestionService - 💾 ℹ️ Processing 0 opportunities for database save...
2026-02-03 13:45:03.490 [arb-processor-56] DEBUG c.m.bet.ingestion.IngestionService - ℹ️ 💾 No opportunities to save
2026-02-03 13:45:03.490 [arb-processor-56] INFO  c.m.bet.ingestion.IngestionService - ✅ 📥 Live arbs ingestion completed: 0 opportunities saved in 230ms
2026-02-03 13:45:05.265 [arb-poller] INFO  c.m.bet.ingestion.IngestionService - 🔄 📥 [Poll #321] Starting live arbs fetch...
2026-02-03 13:45:05.267 [arb-processor-66] DEBUG c.m.bet.ingestion.IngestionService - 📥 Fetching live arbs from API...
2026-02-03 13:45:05.493 [arb-processor-66] DEBUG c.m.bet.ingestion.IngestionService - ✅ 📥 API returned 0 events
2026-02-03 13:45:05.493 [arb-processor-66] DEBUG c.m.bet.ingestion.IngestionService - 🔄 ⚡ ℹ️ Processing 0 events...
2026-02-03 13:45:05.493 [arb-processor-66] ERROR c.m.bet.ingestion.IngestionService - ❌ 🔄 Response validation failed: Errors: 1, Warnings: 1, Info: 1
2026-02-03 13:45:05.493 [arb-processor-66] WARN  c.m.bet.ingestion.IngestionService - ⚠️ 🔄 No events in response
2026-02-03 13:45:05.493 [arb-processor-66] DEBUG c.m.bet.ingestion.IngestionService - 🔄 ℹ️ Transforming 0 parsed items to entities...
2026-02-03 13:45:05.493 [arb-processor-66] DEBUG c.m.bet.ingestion.IngestionService - 💾 ℹ️ Saving 0 opportunities to database...
2026-02-03 13:45:05.493 [arb-processor-66] DEBUG c.m.bet.ingestion.IngestionService - 💾 ℹ️ Processing 0 opportunities for database save...
2026-02-03 13:45:05.493 [arb-processor-66] DEBUG c.m.bet.ingestion.IngestionService - ℹ️ 💾 No opportunities to save
2026-02-03 13:45:05.494 [arb-processor-66] INFO  c.m.bet.ingestion.IngestionService - ✅ 📥 Live arbs ingestion completed: 0 opportunities saved in 227ms
2026-02-03 13:45:07.263 [arb-poller] INFO  c.m.bet.ingestion.IngestionService - 🔄 📥 [Poll #322] Starting live arbs fetch...
2026-02-03 13:45:07.264 [arb-processor-62] DEBUG c.m.bet.ingestion.IngestionService - 📥 Fetching live arbs from API...
2026-02-03 13:45:08.440 [arb-processor-62] DEBUG c.m.bet.ingestion.IngestionService - ✅ 📥 API returned 0 events
2026-02-03 13:45:08.440 [arb-processor-62] DEBUG c.m.bet.ingestion.IngestionService - 🔄 ⚡ ℹ️ Processing 0 events...
2026-02-03 13:45:08.440 [arb-processor-62] ERROR c.m.bet.ingestion.IngestionService - ❌ 🔄 Response validation failed: Errors: 1, Warnings: 1, Info: 1
2026-02-03 13:45:08.440 [arb-processor-62] WARN  c.m.bet.ingestion.IngestionService - ⚠️ 🔄 No events in response
2026-02-03 13:45:08.440 [arb-processor-62] DEBUG c.m.bet.ingestion.IngestionService - 🔄 ℹ️ Transforming 0 parsed items to entities...
2026-02-03 13:45:08.440 [arb-processor-62] DEBUG c.m.bet.ingestion.IngestionService - 💾 ℹ️ Saving 0 opportunities to database...
2026-02-03 13:45:08.440 [arb-processor-62] DEBUG c.m.bet.ingestion.IngestionService - 💾 ℹ️ Processing 0 opportunities for database save...
2026-02-03 13:45:08.440 [arb-processor-62] DEBUG c.m.bet.ingestion.IngestionService - ℹ️ 💾 No opportunities to save
2026-02-03 13:45:08.440 [arb-processor-62] INFO  c.m.bet.ingestion.IngestionService - ✅ 📥 Live arbs ingestion completed: 0 opportunities saved in 1176ms
2026-02-03 13:45:09.260 [arb-poller] INFO  c.m.bet.ingestion.IngestionService - 🔄 📥 [Poll #323] Starting live arbs fetch...
2026-02-03 13:45:09.260 [arb-processor-67] DEBUG c.m.bet.ingestion.IngestionService - 📥 Fetching live arbs from API...
2026-02-03 13:45:11.267 [arb-poller] INFO  c.m.bet.ingestion.IngestionService - 🔄 📥 [Poll #324] Starting live arbs fetch...
2026-02-03 13:45:11.268 [arb-poller] DEBUG c.m.bet.ingestion.IngestionService - ⚠️ 🔄 [Poll #324] Previous ingestion still running, skipping
2026-02-03 13:45:13.275 [arb-poller] INFO  c.m.bet.ingestion.IngestionService - 🔄 📥 [Poll #325] Starting live arbs fetch...
2026-02-03 13:45:13.277 [arb-poller] DEBUG c.m.bet.ingestion.IngestionService - ⚠️ 🔄 [Poll #325] Previous ingestion still running, skipping
2026-02-03 13:45:15.262 [arb-poller] INFO  c.m.bet.ingestion.IngestionService - 🔄 📥 [Poll #326] Starting live arbs fetch...
2026-02-03 13:45:15.262 [arb-poller] DEBUG c.m.bet.ingestion.IngestionService - ⚠️ 🔄 [Poll #326] Previous ingestion still running, skipping
2026-02-03 13:45:16.795 [arb-processor-67] DEBUG c.m.bet.ingestion.IngestionService - ✅ 📥 API returned 0 events
2026-02-03 13:45:16.795 [arb-processor-67] DEBUG c.m.bet.ingestion.IngestionService - 🔄 ⚡ ℹ️ Processing 0 events...
2026-02-03 13:45:16.795 [arb-processor-67] ERROR c.m.bet.ingestion.IngestionService - ❌ 🔄 Response validation failed: Errors: 1, Warnings: 1, Info: 1
2026-02-03 13:45:16.795 [arb-processor-67] WARN  c.m.bet.ingestion.IngestionService - ⚠️ 🔄 No events in response
2026-02-03 13:45:16.795 [arb-processor-67] DEBUG c.m.bet.ingestion.IngestionService - 🔄 ℹ️ Transforming 0 parsed items to entities...
2026-02-03 13:45:16.796 [arb-processor-67] DEBUG c.m.bet.ingestion.IngestionService - 💾 ℹ️ Saving 0 opportunities to database...
2026-02-03 13:45:16.796 [arb-processor-67] DEBUG c.m.bet.ingestion.IngestionService - 💾 ℹ️ Processing 0 opportunities for database save...
2026-02-03 13:45:16.796 [arb-processor-67] DEBUG c.m.bet.ingestion.IngestionService - ℹ️ 💾 No opportunities to save
2026-02-03 13:45:16.796 [arb-processor-67] INFO  c.m.bet.ingestion.IngestionService - ✅ 📥 Live arbs ingestion completed: 0 opportunities saved in 7536ms
2026-02-03 13:45:17.263 [arb-poller] INFO  c.m.bet.ingestion.IngestionService - 🔄 📥 [Poll #327] Starting live arbs fetch...
2026-02-03 13:45:17.263 [arb-processor-56] DEBUG c.m.bet.ingestion.IngestionService - 📥 Fetching live arbs from API...
2026-02-03 13:45:17.467 [arb-processor-56] DEBUG c.m.bet.ingestion.IngestionService - ✅ 📥 API returned 0 events
2026-02-03 13:45:17.467 [arb-processor-56] DEBUG c.m.bet.ingestion.IngestionService - 🔄 ⚡ ℹ️ Processing 0 events...
2026-02-03 13:45:17.467 [arb-processor-56] ERROR c.m.bet.ingestion.IngestionService - ❌ 🔄 Response validation failed: Errors: 1, Warnings: 1, Info: 1
2026-02-03 13:45:17.467 [arb-processor-56] WARN  c.m.bet.ingestion.IngestionService - ⚠️ 🔄 No events in response
2026-02-03 13:45:17.467 [arb-processor-56] DEBUG c.m.bet.ingestion.IngestionService - 🔄 ℹ️ Transforming 0 parsed items to entities...
2026-02-03 13:45:17.467 [arb-processor-56] DEBUG c.m.bet.ingestion.IngestionService - 💾 ℹ️ Saving 0 opportunities to database...
2026-02-03 13:45:17.467 [arb-processor-56] DEBUG c.m.bet.ingestion.IngestionService - 💾 ℹ️ Processing 0 opportunities for database save...
2026-02-03 13:45:17.467 [arb-processor-56] DEBUG c.m.bet.ingestion.IngestionService - ℹ️ 💾 No opportunities to save
2026-02-03 13:45:17.467 [arb-processor-56] INFO  c.m.bet.ingestion.IngestionService - ✅ 📥 Live arbs ingestion completed: 0 opportunities saved in 204ms
2026-02-03 13:45:19.262 [arb-poller] INFO  c.m.bet.ingestion.IngestionService - 🔄 📥 [Poll #328] Starting live arbs fetch...
2026-02-03 13:45:19.262 [arb-processor-66] DEBUG c.m.bet.ingestion.IngestionService - 📥 Fetching live arbs from API...
2026-02-03 13:45:19.561 [arb-processor-66] DEBUG c.m.bet.ingestion.IngestionService - ✅ 📥 API returned 0 events
2026-02-03 13:45:19.561 [arb-processor-66] DEBUG c.m.bet.ingestion.IngestionService - 🔄 ⚡ ℹ️ Processing 0 events...
2026-02-03 13:45:19.566 [arb-processor-66] ERROR c.m.bet.ingestion.IngestionService - ❌ 🔄 Response validation failed: Errors: 1, Warnings: 1, Info: 1
2026-02-03 13:45:19.566 [arb-processor-66] WARN  c.m.bet.ingestion.IngestionService - ⚠️ 🔄 No events in response
2026-02-03 13:45:19.566 [arb-processor-66] DEBUG c.m.bet.ingestion.IngestionService - 🔄 ℹ️ Transforming 0 parsed items to entities...
2026-02-03 13:45:19.566 [arb-processor-66] DEBUG c.m.bet.ingestion.IngestionService - 💾 ℹ️ Saving 0 opportunities to database...
2026-02-03 13:45:19.566 [arb-processor-66] DEBUG c.m.bet.ingestion.IngestionService - 💾 ℹ️ Processing 0 opportunities for database save...
2026-02-03 13:45:19.566 [arb-processor-66] DEBUG c.m.bet.ingestion.IngestionService - ℹ️ 💾 No opportunities to save
2026-02-03 13:45:19.566 [arb-processor-66] INFO  c.m.bet.ingestion.IngestionService - ✅ 📥 Live arbs ingestion completed: 0 opportunities saved in 304ms
2026-02-03 13:45:21.261 [arb-poller] INFO  c.m.bet.ingestion.IngestionService - 🔄 📥 [Poll #329] Starting live arbs fetch...
2026-02-03 13:45:21.262 [arb-processor-62] DEBUG c.m.bet.ingestion.IngestionService - 📥 Fetching live arbs from API...
2026-02-03 13:45:22.984 [arb-processor-62] DEBUG c.m.bet.ingestion.IngestionService - ✅ 📥 API returned 0 events
2026-02-03 13:45:22.984 [arb-processor-62] DEBUG c.m.bet.ingestion.IngestionService - 🔄 ⚡ ℹ️ Processing 0 events...
2026-02-03 13:45:22.984 [arb-processor-62] ERROR c.m.bet.ingestion.IngestionService - ❌ 🔄 Response validation failed: Errors: 1, Warnings: 1, Info: 1
2026-02-03 13:45:22.984 [arb-processor-62] WARN  c.m.bet.ingestion.IngestionService - ⚠️ 🔄 No events in response
2026-02-03 13:45:22.984 [arb-processor-62] DEBUG c.m.bet.ingestion.IngestionService - 🔄 ℹ️ Transforming 0 parsed items to entities...
2026-02-03 13:45:22.985 [arb-processor-62] DEBUG c.m.bet.ingestion.IngestionService - 💾 ℹ️ Saving 0 opportunities to database...
2026-02-03 13:45:22.985 [arb-processor-62] DEBUG c.m.bet.ingestion.IngestionService - 💾 ℹ️ Processing 0 opportunities for database save...
2026-02-03 13:45:22.985 [arb-processor-62] DEBUG c.m.bet.ingestion.IngestionService - ℹ️ 💾 No opportunities to save
2026-02-03 13:45:22.985 [arb-processor-62] INFO  c.m.bet.ingestion.IngestionService - ✅ 📥 Live arbs ingestion completed: 0 opportunities saved in 1723ms
2026-02-03 13:45:23.265 [arb-poller] INFO  c.m.bet.ingestion.IngestionService - 🔄 📥 [Poll #330] Starting live arbs fetch...
2026-02-03 13:45:23.265 [arb-processor-67] DEBUG c.m.bet.ingestion.IngestionService - 📥 Fetching live arbs from API...
2026-02-03 13:45:23.530 [arb-processor-67] DEBUG c.m.bet.ingestion.IngestionService - ✅ 📥 API returned 0 events
2026-02-03 13:45:23.530 [arb-processor-67] DEBUG c.m.bet.ingestion.IngestionService - 🔄 ⚡ ℹ️ Processing 0 events...
2026-02-03 13:45:23.531 [arb-processor-67] ERROR c.m.bet.ingestion.IngestionService - ❌ 🔄 Response validation failed: Errors: 1, Warnings: 1, Info: 1
2026-02-03 13:45:23.531 [arb-processor-67] WARN  c.m.bet.ingestion.IngestionService - ⚠️ 🔄 No events in response
2026-02-03 13:45:23.531 [arb-processor-67] DEBUG c.m.bet.ingestion.IngestionService - 🔄 ℹ️ Transforming 0 parsed items to entities...
2026-02-03 13:45:23.531 [arb-processor-67] DEBUG c.m.bet.ingestion.IngestionService - 💾 ℹ️ Saving 0 opportunities to database...
2026-02-03 13:45:23.531 [arb-processor-67] DEBUG c.m.bet.ingestion.IngestionService - 💾 ℹ️ Processing 0 opportunities for database save...
2026-02-03 13:45:23.531 [arb-processor-67] DEBUG c.m.bet.ingestion.IngestionService - ℹ️ 💾 No opportunities to save
2026-02-03 13:45:23.531 [arb-processor-67] INFO  c.m.bet.ingestion.IngestionService - ✅ 📥 Live arbs ingestion completed: 0 opportunities saved in 266ms
2026-02-03 13:45:23.538 [arb-processor-67] INFO  c.m.bet.ingestion.IngestionService - 📊 ℹ️ Current Statistics:
2026-02-03 13:45:23.539 [arb-processor-67] INFO  c.m.bet.ingestion.IngestionService - 📊 Total Active: 12
2026-02-03 13:45:23.539 [arb-processor-67] INFO  c.m.bet.ingestion.IngestionService - 📊 Fresh Active: 0 (0.0%)
2026-02-03 13:45:23.539 [arb-processor-67] INFO  c.m.bet.ingestion.IngestionService - 📊 Stale Active: 12 (100.0%)
2026-02-03 13:45:23.539 [arb-processor-67] INFO  c.m.bet.ingestion.IngestionService - 📊 Average Profit: 2.74%
2026-02-03 13:45:25.263 [arb-poller] INFO  c.m.bet.ingestion.IngestionService - 🔄 📥 [Poll #331] Starting live arbs fetch...
2026-02-03 13:45:25.263 [arb-processor-56] DEBUG c.m.bet.ingestion.IngestionService - 📥 Fetching live arbs from API...
2026-02-03 13:45:25.493 [arb-processor-56] DEBUG c.m.bet.ingestion.IngestionService - ✅ 📥 API returned 0 events
2026-02-03 13:45:25.493 [arb-processor-56] DEBUG c.m.bet.ingestion.IngestionService - 🔄 ⚡ ℹ️ Processing 0 events...
2026-02-03 13:45:25.496 [arb-processor-56] ERROR c.m.bet.ingestion.IngestionService - ❌ 🔄 Response validation failed: Errors: 1, Warnings: 1, Info: 1
2026-02-03 13:45:25.496 [arb-processor-56] WARN  c.m.bet.ingestion.IngestionService - ⚠️ 🔄 No events in response
2026-02-03 13:45:25.496 [arb-processor-56] DEBUG c.m.bet.ingestion.IngestionService - 🔄 ℹ️ Transforming 0 parsed items to entities...
2026-02-03 13:45:25.496 [arb-processor-56] DEBUG c.m.bet.ingestion.IngestionService - 💾 ℹ️ Saving 0 opportunities to database...
2026-02-03 13:45:25.496 [arb-processor-56] DEBUG c.m.bet.ingestion.IngestionService - 💾 ℹ️ Processing 0 opportunities for database save...
2026-02-03 13:45:25.496 [arb-processor-56] DEBUG c.m.bet.ingestion.IngestionService - ℹ️ 💾 No opportunities to save
2026-02-03 13:45:25.496 [arb-processor-56] INFO  c.m.bet.ingestion.IngestionService - ✅ 📥 Live arbs ingestion completed: 0 opportunities saved in 233ms
2026-02-03 13:45:27.301 [arb-poller] INFO  c.m.bet.ingestion.IngestionService - 🔄 📥 [Poll #332] Starting live arbs fetch...
2026-02-03 13:45:27.301 [arb-processor-66] DEBUG c.m.bet.ingestion.IngestionService - 📥 Fetching live arbs from API...
2026-02-03 13:45:27.522 [arb-processor-66] DEBUG c.m.bet.ingestion.IngestionService - ✅ 📥 API returned 1 events
2026-02-03 13:45:27.523 [arb-processor-66] DEBUG c.m.bet.ingestion.IngestionService - 🔄 ⚡ ℹ️ Processing 1 events...
2026-02-03 13:45:27.523 [arb-processor-62] INFO  c.m.bet.ingestion.IngestionService - 🔄 ℹ️ Processing sub-event 1/2 (ID: 16193959101007047205)...
2026-02-03 13:45:27.523 [arb-processor-62] INFO  c.m.bet.ingestion.IngestionService - ℹ️ 🔄 Sub-event 16193959101007047205 bookmaker: SportyBet (ID: 43)
2026-02-03 13:45:27.523 [arb-processor-62] INFO  c.m.bet.ingestion.IngestionService - ✅ 🍪 Saved crumbs from SportyBet using key='oid' (3 entries)
2026-02-03 13:45:27.523 [arb-processor-62] INFO  c.m.bet.ingestion.IngestionService - 🍪 ℹ️ Using key='oid' = '13' → selectedId='13' for bookmaker: SportyBet (source: SportyBet)
2026-02-03 13:45:27.523 [arb-processor-62] DEBUG c.m.bet.ingestion.IngestionService - 🎯 🍪 Getting market outcome for bookmaker: SportyBet
2026-02-03 13:45:27.523 [arb-processor-62] INFO  c.m.bet.ingestion.IngestionService - ✅ 🎯 Market resolved: marketType='3rd quarter - Over/Under', selectedId='13', outcome='Under 45.5'
2026-02-03 13:45:27.523 [arb-processor-62] INFO  c.m.bet.ingestion.IngestionService - 📎 Built URL for SportyBet: https://www.sportybet.com/ng/sport/basketball/live/China/CBA/Guangdong_Southern_Tigers_vs_Shanghai_Sharks/sr:match:64981054
2026-02-03 13:45:27.524 [arb-processor-62] INFO  c.m.bet.ingestion.IngestionService - ✅ Built outcome - bookMaker: SportyBet, outcome: 'Under 45.5', odds: 2.1, url: ✓
2026-02-03 13:45:27.524 [arb-processor-62] INFO  c.m.bet.ingestion.IngestionService - 🔄 ℹ️ Processing sub-event 2/2 (ID: 16193959100364180437)...
2026-02-03 13:45:27.524 [arb-processor-62] INFO  c.m.bet.ingestion.IngestionService - ℹ️ 🔄 Sub-event 16193959100364180437 bookmaker: Betway (ID: 36)
2026-02-03 13:45:27.524 [arb-processor-62] INFO  c.m.bet.ingestion.IngestionService - 🍪 ℹ️ Using key='oid' = '13' → selectedId='13' for bookmaker: Betway (source: SportyBet)
2026-02-03 13:45:27.524 [arb-processor-62] DEBUG c.m.bet.ingestion.IngestionService - 🎯 🍪 Getting market outcome for bookmaker: Betway
2026-02-03 13:45:27.524 [arb-processor-62] ERROR c.m.bet.ingestion.IngestionService - No market outcome mapping for bookmaker: Betway
2026-02-03 13:45:27.524 [arb-processor-62] WARN  c.m.bet.ingestion.IngestionService - ⚠️ 🔄 Failed to convert event 16193959249739519960: No mapping for Betway
2026-02-03 13:45:27.524 [arb-processor-66] DEBUG c.m.bet.ingestion.IngestionService - ✅ ⚡ 🔄 Successfully converted 0 events to arbitrages
2026-02-03 13:45:27.524 [arb-processor-66] DEBUG c.m.bet.ingestion.IngestionService - 🔄 ℹ️ Transforming 0 parsed items to entities...
2026-02-03 13:45:27.524 [arb-processor-66] DEBUG c.m.bet.ingestion.IngestionService - 💾 ℹ️ Saving 0 opportunities to database...
2026-02-03 13:45:27.524 [arb-processor-66] DEBUG c.m.bet.ingestion.IngestionService - 💾 ℹ️ Processing 0 opportunities for database save...
2026-02-03 13:45:27.524 [arb-processor-66] DEBUG c.m.bet.ingestion.IngestionService - ℹ️ 💾 No opportunities to save
2026-02-03 13:45:27.524 [arb-processor-66] INFO  c.m.bet.ingestion.IngestionService - ✅ 📥 Live arbs ingestion completed: 0 opportunities saved in 223ms
2026-02-03 13:45:29.264 [arb-poller] INFO  c.m.bet.ingestion.IngestionService - 🔄 📥 [Poll #333] Starting live arbs fetch...
2026-02-03 13:45:29.264 [arb-processor-67] DEBUG c.m.bet.ingestion.IngestionService - 📥 Fetching live arbs from API...
2026-02-03 13:45:29.492 [arb-processor-67] DEBUG c.m.bet.ingestion.IngestionService - ✅ 📥 API returned 0 events
2026-02-03 13:45:29.493 [arb-processor-67] DEBUG c.m.bet.ingestion.IngestionService - 🔄 ⚡ ℹ️ Processing 0 events...
2026-02-03 13:45:29.493 [arb-processor-67] ERROR c.m.bet.ingestion.IngestionService - ❌ 🔄 Response validation failed: Errors: 1, Warnings: 1, Info: 1
2026-02-03 13:45:29.493 [arb-processor-67] WARN  c.m.bet.ingestion.IngestionService - ⚠️ 🔄 No events in response
2026-02-03 13:45:29.493 [arb-processor-67] DEBUG c.m.bet.ingestion.IngestionService - 🔄 ℹ️ Transforming 0 parsed items to entities...
2026-02-03 13:45:29.493 [arb-processor-67] DEBUG c.m.bet.ingestion.IngestionService - 💾 ℹ️ Saving 0 opportunities to database...
2026-02-03 13:45:29.493 [arb-processor-67] DEBUG c.m.bet.ingestion.IngestionService - 💾 ℹ️ Processing 0 opportunities for database save...
2026-02-03 13:45:29.493 [arb-processor-67] DEBUG c.m.bet.ingestion.IngestionService - ℹ️ 💾 No opportunities to save
2026-02-03 13:45:29.493 [arb-processor-67] INFO  c.m.bet.ingestion.IngestionService - ✅ 📥 Live arbs ingestion completed: 0 opportunities saved in 229ms
2026-02-03 13:45:31.270 [arb-poller] INFO  c.m.bet.ingestion.IngestionService - 🔄 📥 [Poll #334] Starting live arbs fetch...
2026-02-03 13:45:31.271 [arb-processor-56] DEBUG c.m.bet.ingestion.IngestionService - 📥 Fetching live arbs from API...
2026-02-03 13:45:31.549 [arb-processor-56] DEBUG c.m.bet.ingestion.IngestionService - ✅ 📥 API returned 0 events
2026-02-03 13:45:31.549 [arb-processor-56] DEBUG c.m.bet.ingestion.IngestionService - 🔄 ⚡ ℹ️ Processing 0 events...
2026-02-03 13:45:31.549 [arb-processor-56] ERROR c.m.bet.ingestion.IngestionService - ❌ 🔄 Response validation failed: Errors: 1, Warnings: 1, Info: 1
2026-02-03 13:45:31.549 [arb-processor-56] WARN  c.m.bet.ingestion.IngestionService - ⚠️ 🔄 No events in response
2026-02-03 13:45:31.549 [arb-processor-56] DEBUG c.m.bet.ingestion.IngestionService - 🔄 ℹ️ Transforming 0 parsed items to entities...
2026-02-03 13:45:31.549 [arb-processor-56] DEBUG c.m.bet.ingestion.IngestionService - 💾 ℹ️ Saving 0 opportunities to database...
2026-02-03 13:45:31.549 [arb-processor-56] DEBUG c.m.bet.ingestion.IngestionService - 💾 ℹ️ Processing 0 opportunities for database save...
2026-02-03 13:45:31.549 [arb-processor-56] DEBUG c.m.bet.ingestion.IngestionService - ℹ️ 💾 No opportunities to save
2026-02-03 13:45:31.549 [arb-processor-56] INFO  c.m.bet.ingestion.IngestionService - ✅ 📥 Live arbs ingestion completed: 0 opportunities saved in 278ms
2026-02-03 13:45:33.260 [arb-poller] INFO  c.m.bet.ingestion.IngestionService - 🔄 📥 [Poll #335] Starting live arbs fetch...
2026-02-03 13:45:33.260 [arb-processor-62] DEBUG c.m.bet.ingestion.IngestionService - 📥 Fetching live arbs from API...
2026-02-03 13:45:33.502 [arb-processor-62] DEBUG c.m.bet.ingestion.IngestionService - ✅ 📥 API returned 0 events
2026-02-03 13:45:33.502 [arb-processor-62] DEBUG c.m.bet.ingestion.IngestionService - 🔄 ⚡ ℹ️ Processing 0 events...
2026-02-03 13:45:33.502 [arb-processor-62] ERROR c.m.bet.ingestion.IngestionService - ❌ 🔄 Response validation failed: Errors: 1, Warnings: 1, Info: 1
2026-02-03 13:45:33.502 [arb-processor-62] WARN  c.m.bet.ingestion.IngestionService - ⚠️ 🔄 No events in response
2026-02-03 13:45:33.502 [arb-processor-62] DEBUG c.m.bet.ingestion.IngestionService - 🔄 ℹ️ Transforming 0 parsed items to entities...
2026-02-03 13:45:33.502 [arb-processor-62] DEBUG c.m.bet.ingestion.IngestionService - 💾 ℹ️ Saving 0 opportunities to database...
2026-02-03 13:45:33.502 [arb-processor-62] DEBUG c.m.bet.ingestion.IngestionService - 💾 ℹ️ Processing 0 opportunities for database save...
2026-02-03 13:45:33.502 [arb-processor-62] DEBUG c.m.bet.ingestion.IngestionService - ℹ️ 💾 No opportunities to save
2026-02-03 13:45:33.502 [arb-processor-62] INFO  c.m.bet.ingestion.IngestionService - ✅ 📥 Live arbs ingestion completed: 0 opportunities saved in 242ms
2026-02-03 13:45:35.261 [arb-poller] INFO  c.m.bet.ingestion.IngestionService - 🔄 📥 [Poll #336] Starting live arbs fetch...
2026-02-03 13:45:35.262 [arb-processor-66] DEBUG c.m.bet.ingestion.IngestionService - 📥 Fetching live arbs from API...
2026-02-03 13:45:37.260 [arb-poller] INFO  c.m.bet.ingestion.IngestionService - 🔄 📥 [Poll #337] Starting live arbs fetch...
2026-02-03 13:45:37.260 [arb-poller] DEBUG c.m.bet.ingestion.IngestionService - ⚠️ 🔄 [Poll #337] Previous ingestion still running, skipping
2026-02-03 13:45:39.263 [arb-poller] INFO  c.m.bet.ingestion.IngestionService - 🔄 📥 [Poll #338] Starting live arbs fetch...
2026-02-03 13:45:39.265 [arb-poller] DEBUG c.m.bet.ingestion.IngestionService - ⚠️ 🔄 [Poll #338] Previous ingestion still running, skipping
2026-02-03 13:45:41.272 [arb-poller] INFO  c.m.bet.ingestion.IngestionService - 🔄 📥 [Poll #339] Starting live arbs fetch...
2026-02-03 13:45:41.273 [arb-poller] DEBUG c.m.bet.ingestion.IngestionService - ⚠️ 🔄 [Poll #339] Previous ingestion still running, skipping
2026-02-03 13:45:43.260 [arb-poller] INFO  c.m.bet.ingestion.IngestionService - 🔄 📥 [Poll #340] Starting live arbs fetch...
2026-02-03 13:45:43.260 [arb-poller] DEBUG c.m.bet.ingestion.IngestionService - ⚠️ 🔄 [Poll #340] Previous ingestion still running, skipping
2026-02-03 13:45:45.270 [arb-poller] INFO  c.m.bet.ingestion.IngestionService - 🔄 📥 [Poll #341] Starting live arbs fetch...
2026-02-03 13:45:45.270 [arb-poller] DEBUG c.m.bet.ingestion.IngestionService - ⚠️ 🔄 [Poll #341] Previous ingestion still running, skipping
2026-02-03 13:45:47.261 [arb-poller] INFO  c.m.bet.ingestion.IngestionService - 🔄 📥 [Poll #342] Starting live arbs fetch...
2026-02-03 13:45:47.261 [arb-poller] DEBUG c.m.bet.ingestion.IngestionService - ⚠️ 🔄 [Poll #342] Previous ingestion still running, skipping
2026-02-03 13:45:49.260 [arb-poller] INFO  c.m.bet.ingestion.IngestionService - 🔄 📥 [Poll #343] Starting live arbs fetch...
2026-02-03 13:45:49.261 [arb-poller] DEBUG c.m.bet.ingestion.IngestionService - ⚠️ 🔄 [Poll #343] Previous ingestion still running, skipping
2026-02-03 13:45:51.261 [arb-poller] INFO  c.m.bet.ingestion.IngestionService - 🔄 📥 [Poll #344] Starting live arbs fetch...
2026-02-03 13:45:51.261 [arb-poller] DEBUG c.m.bet.ingestion.IngestionService - ⚠️ 🔄 [Poll #344] Previous ingestion still running, skipping
2026-02-03 13:45:52.857 [arb-processor-66] DEBUG c.m.bet.ingestion.IngestionService - ✅ 📥 API returned 0 events
2026-02-03 13:45:52.857 [arb-processor-66] DEBUG c.m.bet.ingestion.IngestionService - 🔄 ⚡ ℹ️ Processing 0 events...
2026-02-03 13:45:52.857 [arb-processor-66] ERROR c.m.bet.ingestion.IngestionService - ❌ 🔄 Response validation failed: Errors: 1, Warnings: 1, Info: 1
2026-02-03 13:45:52.857 [arb-processor-66] WARN  c.m.bet.ingestion.IngestionService - ⚠️ 🔄 No events in response
2026-02-03 13:45:52.857 [arb-processor-66] DEBUG c.m.bet.ingestion.IngestionService - 🔄 ℹ️ Transforming 0 parsed items to entities...
2026-02-03 13:45:52.857 [arb-processor-66] DEBUG c.m.bet.ingestion.IngestionService - 💾 ℹ️ Saving 0 opportunities to database...
2026-02-03 13:45:52.857 [arb-processor-66] DEBUG c.m.bet.ingestion.IngestionService - 💾 ℹ️ Processing 0 opportunities for database save...
2026-02-03 13:45:52.857 [arb-processor-66] DEBUG c.m.bet.ingestion.IngestionService - ℹ️ 💾 No opportunities to save
2026-02-03 13:45:52.858 [arb-processor-66] INFO  c.m.bet.ingestion.IngestionService - ✅ 📥 Live arbs ingestion completed: 0 opportunities saved in 17596ms
2026-02-03 13:45:53.260 [arb-poller] INFO  c.m.bet.ingestion.IngestionService - 🔄 📥 [Poll #345] Starting live arbs fetch...
2026-02-03 13:45:53.261 [arb-processor-67] DEBUG c.m.bet.ingestion.IngestionService - 📥 Fetching live arbs from API...
2026-02-03 13:45:53.565 [arb-processor-67] DEBUG c.m.bet.ingestion.IngestionService - ✅ 📥 API returned 0 events
2026-02-03 13:45:53.565 [arb-processor-67] DEBUG c.m.bet.ingestion.IngestionService - 🔄 ⚡ ℹ️ Processing 0 events...
2026-02-03 13:45:53.565 [arb-processor-67] ERROR c.m.bet.ingestion.IngestionService - ❌ 🔄 Response validation failed: Errors: 1, Warnings: 1, Info: 1
2026-02-03 13:45:53.565 [arb-processor-67] WARN  c.m.bet.ingestion.IngestionService - ⚠️ 🔄 No events in response
2026-02-03 13:45:53.565 [arb-processor-67] DEBUG c.m.bet.ingestion.IngestionService - 🔄 ℹ️ Transforming 0 parsed items to entities...
2026-02-03 13:45:53.565 [arb-processor-67] DEBUG c.m.bet.ingestion.IngestionService - 💾 ℹ️ Saving 0 opportunities to database...
2026-02-03 13:45:53.565 [arb-processor-67] DEBUG c.m.bet.ingestion.IngestionService - 💾 ℹ️ Processing 0 opportunities for database save...
2026-02-03 13:45:53.565 [arb-processor-67] DEBUG c.m.bet.ingestion.IngestionService - ℹ️ 💾 No opportunities to save
2026-02-03 13:45:53.566 [arb-processor-67] INFO  c.m.bet.ingestion.IngestionService - ✅ 📥 Live arbs ingestion completed: 0 opportunities saved in 305ms
2026-02-03 13:45:55.261 [arb-poller] INFO  c.m.bet.ingestion.IngestionService - 🔄 📥 [Poll #346] Starting live arbs fetch...
2026-02-03 13:45:55.262 [arb-processor-56] DEBUG c.m.bet.ingestion.IngestionService - 📥 Fetching live arbs from API...
2026-02-03 13:45:55.491 [arb-processor-56] DEBUG c.m.bet.ingestion.IngestionService - ✅ 📥 API returned 0 events
2026-02-03 13:45:55.491 [arb-processor-56] DEBUG c.m.bet.ingestion.IngestionService - 🔄 ⚡ ℹ️ Processing 0 events...
2026-02-03 13:45:55.492 [arb-processor-56] ERROR c.m.bet.ingestion.IngestionService - ❌ 🔄 Response validation failed: Errors: 1, Warnings: 1, Info: 1
2026-02-03 13:45:55.492 [arb-processor-56] WARN  c.m.bet.ingestion.IngestionService - ⚠️ 🔄 No events in response
2026-02-03 13:45:55.492 [arb-processor-56] DEBUG c.m.bet.ingestion.IngestionService - 🔄 ℹ️ Transforming 0 parsed items to entities...
2026-02-03 13:45:55.492 [arb-processor-56] DEBUG c.m.bet.ingestion.IngestionService - 💾 ℹ️ Saving 0 opportunities to database...
2026-02-03 13:45:55.492 [arb-processor-56] DEBUG c.m.bet.ingestion.IngestionService - 💾 ℹ️ Processing 0 opportunities for database save...
2026-02-03 13:45:55.493 [arb-processor-56] DEBUG c.m.bet.ingestion.IngestionService - ℹ️ 💾 No opportunities to save
2026-02-03 13:45:55.493 [arb-processor-56] INFO  c.m.bet.ingestion.IngestionService - ✅ 📥 Live arbs ingestion completed: 0 opportunities saved in 231ms
