2026-02-14 15:42:30.769 - 🚀 ℹ️ Initializing IngestionService...
2026-02-14 15:42:30.769 - ✅ ⚡ Thread pool created with 4 threads
2026-02-14 15:42:30.769 - ✅ 🔄 Polling scheduler initialized
2026-02-14 15:45:26.745 - 🚀 ℹ️ Application ready - starting polling...
2026-02-14 15:45:26.745 - 🚀 🔄 ℹ️ Starting live arbs polling every 2 seconds...
2026-02-14 15:45:26.833 - ✅ 🔄 Polling started successfully
2026-02-14 15:45:26.932 - 🔄 📥 [Poll #1] Starting live arbs fetch...
2026-02-14 15:45:26.939 - 📥 Fetching live arbs from API...
2026-02-14 15:45:28.839 - 🔄 📥 [Poll #2] Starting live arbs fetch...
2026-02-14 15:45:28.839 - ⚠️ 🔄 [Poll #2] Previous ingestion still running, skipping
2026-02-14 15:45:32.219 - 🔄 📥 [Poll #3] Starting live arbs fetch...
2026-02-14 15:45:32.219 - ⚠️ 🔄 [Poll #3] Previous ingestion still running, skipping
2026-02-14 15:45:32.834 - 🔄 📥 [Poll #4] Starting live arbs fetch...
2026-02-14 15:45:32.834 - ⚠️ 🔄 [Poll #4] Previous ingestion still running, skipping
2026-02-14 15:45:34.842 - 🔄 📥 [Poll #5] Starting live arbs fetch...
2026-02-14 15:45:34.842 - ⚠️ 🔄 [Poll #5] Previous ingestion still running, skipping
2026-02-14 15:45:36.845 - 🔄 📥 [Poll #6] Starting live arbs fetch...
2026-02-14 15:45:36.846 - ⚠️ 🔄 [Poll #6] Previous ingestion still running, skipping
2026-02-14 15:45:38.846 - 🔄 📥 [Poll #7] Starting live arbs fetch...
2026-02-14 15:45:38.846 - ⚠️ 🔄 [Poll #7] Previous ingestion still running, skipping
2026-02-14 15:45:40.843 - 🔄 📥 [Poll #8] Starting live arbs fetch...
2026-02-14 15:45:40.843 - ⚠️ 🔄 [Poll #8] Previous ingestion still running, skipping
2026-02-14 15:45:44.333 - 🔄 📥 [Poll #9] Starting live arbs fetch...
2026-02-14 15:45:44.334 - ⚠️ 🔄 [Poll #9] Previous ingestion still running, skipping
2026-02-14 15:45:44.844 - 🔄 📥 [Poll #10] Starting live arbs fetch...
2026-02-14 15:45:44.845 - ⚠️ 🔄 [Poll #10] Previous ingestion still running, skipping
2026-02-14 15:45:49.353 - 🔄 📥 [Poll #11] Starting live arbs fetch...
2026-02-14 15:45:49.355 - ⚠️ 🔄 [Poll #11] Previous ingestion still running, skipping
2026-02-14 15:45:49.357 - 🔄 📥 [Poll #12] Starting live arbs fetch...
2026-02-14 15:45:49.358 - ⚠️ 🔄 [Poll #12] Previous ingestion still running, skipping
2026-02-14 15:45:50.834 - 🔄 📥 [Poll #13] Starting live arbs fetch...
2026-02-14 15:45:50.834 - ⚠️ 🔄 [Poll #13] Previous ingestion still running, skipping
2026-02-14 15:45:52.842 - 🔄 📥 [Poll #14] Starting live arbs fetch...
2026-02-14 15:45:52.844 - ⚠️ 🔄 [Poll #14] Previous ingestion still running, skipping
2026-02-14 15:45:54.833 - 🔄 📥 [Poll #15] Starting live arbs fetch...
2026-02-14 15:45:54.833 - ⚠️ 🔄 [Poll #15] Previous ingestion still running, skipping
2026-02-14 15:45:56.833 - 🔄 📥 [Poll #16] Starting live arbs fetch...
2026-02-14 15:45:56.833 - ⚠️ 🔄 [Poll #16] Previous ingestion still running, skipping
2026-02-14 15:45:59.101 - 🔄 📥 [Poll #17] Starting live arbs fetch...
2026-02-14 15:45:59.101 - ⚠️ 🔄 [Poll #17] Previous ingestion still running, skipping
2026-02-14 15:46:01.052 - 🔄 📥 [Poll #18] Starting live arbs fetch...
2026-02-14 15:46:01.052 - ⚠️ 🔄 [Poll #18] Previous ingestion still running, skipping
2026-02-14 15:46:02.835 - 🔄 📥 [Poll #19] Starting live arbs fetch...
2026-02-14 15:46:02.835 - ⚠️ 🔄 [Poll #19] Previous ingestion still running, skipping
2026-02-14 15:46:04.868 - 🔄 📥 [Poll #20] Starting live arbs fetch...
2026-02-14 15:46:04.868 - ⚠️ 🔄 [Poll #20] Previous ingestion still running, skipping
2026-02-14 15:46:06.839 - 🔄 📥 [Poll #21] Starting live arbs fetch...
2026-02-14 15:46:06.839 - ⚠️ 🔄 [Poll #21] Previous ingestion still running, skipping
2026-02-14 15:46:08.836 - 🔄 📥 [Poll #22] Starting live arbs fetch...
2026-02-14 15:46:08.836 - ⚠️ 🔄 [Poll #22] Previous ingestion still running, skipping
2026-02-14 15:46:10.842 - 🔄 📥 [Poll #23] Starting live arbs fetch...
2026-02-14 15:46:10.842 - ⚠️ 🔄 [Poll #23] Previous ingestion still running, skipping
2026-02-14 15:46:12.834 - 🔄 📥 [Poll #24] Starting live arbs fetch...
2026-02-14 15:46:12.834 - ⚠️ 🔄 [Poll #24] Previous ingestion still running, skipping
2026-02-14 15:46:14.834 - 🔄 📥 [Poll #25] Starting live arbs fetch...
2026-02-14 15:46:14.834 - ⚠️ 🔄 [Poll #25] Previous ingestion still running, skipping
2026-02-14 15:46:16.836 - 🔄 📥 [Poll #26] Starting live arbs fetch...
2026-02-14 15:46:16.837 - ⚠️ 🔄 [Poll #26] Previous ingestion still running, skipping
2026-02-14 15:46:18.834 - 🔄 📥 [Poll #27] Starting live arbs fetch...
2026-02-14 15:46:18.834 - ⚠️ 🔄 [Poll #27] Previous ingestion still running, skipping
2026-02-14 15:46:20.848 - 🔄 📥 [Poll #28] Starting live arbs fetch...
2026-02-14 15:46:20.848 - ⚠️ 🔄 [Poll #28] Previous ingestion still running, skipping
2026-02-14 15:46:22.837 - 🔄 📥 [Poll #29] Starting live arbs fetch...
2026-02-14 15:46:22.837 - ⚠️ 🔄 [Poll #29] Previous ingestion still running, skipping
2026-02-14 15:46:25.093 - 🔄 📥 [Poll #30] Starting live arbs fetch...
2026-02-14 15:46:25.093 - ⚠️ 🔄 [Poll #30] Previous ingestion still running, skipping
2026-02-14 15:46:26.844 - 🔄 📥 [Poll #31] Starting live arbs fetch...
2026-02-14 15:46:26.844 - ⚠️ 🔄 [Poll #31] Previous ingestion still running, skipping
2026-02-14 15:46:28.834 - 🔄 📥 [Poll #32] Starting live arbs fetch...
2026-02-14 15:46:28.834 - ⚠️ 🔄 [Poll #32] Previous ingestion still running, skipping
2026-02-14 15:46:31.088 - 🔄 📥 [Poll #33] Starting live arbs fetch...
2026-02-14 15:46:31.088 - ⚠️ 🔄 [Poll #33] Previous ingestion still running, skipping
2026-02-14 15:46:32.842 - 🔄 📥 [Poll #34] Starting live arbs fetch...
2026-02-14 15:46:32.842 - ⚠️ 🔄 [Poll #34] Previous ingestion still running, skipping
2026-02-14 15:46:34.845 - 🔄 📥 [Poll #35] Starting live arbs fetch...
2026-02-14 15:46:34.845 - ⚠️ 🔄 [Poll #35] Previous ingestion still running, skipping
2026-02-14 15:46:37.044 - 🔄 📥 [Poll #36] Starting live arbs fetch...
2026-02-14 15:46:37.045 - ⚠️ 🔄 [Poll #36] Previous ingestion still running, skipping
2026-02-14 15:46:38.847 - 🔄 📥 [Poll #37] Starting live arbs fetch...
2026-02-14 15:46:38.847 - ⚠️ 🔄 [Poll #37] Previous ingestion still running, skipping
2026-02-14 15:46:40.970 - 🔄 📥 [Poll #38] Starting live arbs fetch...
2026-02-14 15:46:40.973 - ⚠️ 🔄 [Poll #38] Previous ingestion still running, skipping
2026-02-14 15:46:42.880 - 🔄 📥 [Poll #39] Starting live arbs fetch...
2026-02-14 15:46:42.885 - ⚠️ 🔄 [Poll #39] Previous ingestion still running, skipping
2026-02-14 15:46:43.883 - ❌ 📥 Failed to fetch live arbs: Remote host terminated the handshake
javax.net.ssl.SSLHandshakeException: Remote host terminated the handshake
	at java.base/sun.security.ssl.SSLSocketImpl.handleEOF(SSLSocketImpl.java:1719)
	at java.base/sun.security.ssl.SSLSocketImpl.decode(SSLSocketImpl.java:1518)
	at java.base/sun.security.ssl.SSLSocketImpl.readHandshakeRecord(SSLSocketImpl.java:1425)
	at java.base/sun.security.ssl.SSLSocketImpl.startHandshake(SSLSocketImpl.java:455)
	at java.base/sun.security.ssl.SSLSocketImpl.startHandshake(SSLSocketImpl.java:426)
	at okhttp3.internal.connection.RealConnection.connectTls(RealConnection.kt:379)
	at okhttp3.internal.connection.RealConnection.establishProtocol(RealConnection.kt:337)
	at okhttp3.internal.connection.RealConnection.connect(RealConnection.kt:209)
	at okhttp3.internal.connection.ExchangeFinder.findConnection(ExchangeFinder.kt:226)
	at okhttp3.internal.connection.ExchangeFinder.findHealthyConnection(ExchangeFinder.kt:106)
	at okhttp3.internal.connection.ExchangeFinder.find(ExchangeFinder.kt:74)
	at okhttp3.internal.connection.RealCall.initExchange$okhttp(RealCall.kt:255)
	at okhttp3.internal.connection.ConnectInterceptor.intercept(ConnectInterceptor.kt:32)
	at okhttp3.internal.http.RealInterceptorChain.proceed(RealInterceptorChain.kt:109)
	at okhttp3.internal.cache.CacheInterceptor.intercept(CacheInterceptor.kt:95)
	at okhttp3.internal.http.RealInterceptorChain.proceed(RealInterceptorChain.kt:109)
	at okhttp3.internal.http.BridgeInterceptor.intercept(BridgeInterceptor.kt:83)
	at okhttp3.internal.http.RealInterceptorChain.proceed(RealInterceptorChain.kt:109)
	at okhttp3.internal.http.RetryAndFollowUpInterceptor.intercept(RetryAndFollowUpInterceptor.kt:76)
	at okhttp3.internal.http.RealInterceptorChain.proceed(RealInterceptorChain.kt:109)
	at com.mouse.bet.client.BreakingBetClient.lambda$rebuildOkHttpClient$1(BreakingBetClient.java:326)
	at okhttp3.internal.http.RealInterceptorChain.proceed(RealInterceptorChain.kt:109)
	at com.mouse.bet.interceptor.SimpleHttpLoggingInterceptor.intercept(SimpleHttpLoggingInterceptor.java:27)
	at okhttp3.internal.http.RealInterceptorChain.proceed(RealInterceptorChain.kt:109)
	at okhttp3.internal.connection.RealCall.getResponseWithInterceptorChain$okhttp(RealCall.kt:201)
	at okhttp3.internal.connection.RealCall.execute(RealCall.kt:154)
	at com.mouse.bet.client.BreakingBetClient.fetchLiveArbs(BreakingBetClient.java:357)
	at com.mouse.bet.client.BreakingBetClient.fetchLiveArbsAsObject(BreakingBetClient.java:363)
	at com.mouse.bet.ingestion.IngestionService.executeIngestion(IngestionService.java:245)
	at com.mouse.bet.ingestion.IngestionService.lambda$pollLiveArbs$2(IngestionService.java:194)
	at java.base/java.util.concurrent.CompletableFuture$AsyncRun.run(CompletableFuture.java:1804)
	at java.base/java.util.concurrent.ThreadPoolExecutor.runWorker(ThreadPoolExecutor.java:1136)
	at java.base/java.util.concurrent.ThreadPoolExecutor$Worker.run(ThreadPoolExecutor.java:635)
	at java.base/java.lang.Thread.run(Thread.java:840)
	Suppressed: java.net.SocketException: An established connection was aborted by the software in your host machine
		at java.base/sun.nio.ch.NioSocketImpl.implWrite(NioSocketImpl.java:425)
		at java.base/sun.nio.ch.NioSocketImpl.write(NioSocketImpl.java:445)
		at java.base/sun.nio.ch.NioSocketImpl$2.write(NioSocketImpl.java:831)
		at java.base/java.net.Socket$SocketOutputStream.write(Socket.java:1035)
		at java.base/sun.security.ssl.SSLSocketOutputRecord.encodeAlert(SSLSocketOutputRecord.java:81)
		at java.base/sun.security.ssl.TransportContext.fatal(TransportContext.java:419)
		at java.base/sun.security.ssl.TransportContext.fatal(TransportContext.java:326)
		at java.base/sun.security.ssl.SSLSocketImpl.startHandshake(SSLSocketImpl.java:467)
		... 30 common frames omitted
Caused by: java.io.EOFException: SSL peer shut down incorrectly
	at java.base/sun.security.ssl.SSLSocketInputRecord.read(SSLSocketInputRecord.java:489)
	at java.base/sun.security.ssl.SSLSocketInputRecord.readHeader(SSLSocketInputRecord.java:478)
	at java.base/sun.security.ssl.SSLSocketInputRecord.decode(SSLSocketInputRecord.java:160)
	at java.base/sun.security.ssl.SSLTransport.decode(SSLTransport.java:111)
	at java.base/sun.security.ssl.SSLSocketImpl.decode(SSLSocketImpl.java:1510)
	... 32 common frames omitted
2026-02-14 15:46:44.837 - 🔄 📥 [Poll #40] Starting live arbs fetch...
2026-02-14 15:46:44.838 - 📥 Fetching live arbs from API...
2026-02-14 15:46:46.836 - 🔄 📥 [Poll #41] Starting live arbs fetch...
2026-02-14 15:46:46.836 - ⚠️ 🔄 [Poll #41] Previous ingestion still running, skipping
2026-02-14 15:46:48.842 - 🔄 📥 [Poll #42] Starting live arbs fetch...
2026-02-14 15:46:48.842 - ⚠️ 🔄 [Poll #42] Previous ingestion still running, skipping
2026-02-14 15:46:50.834 - 🔄 📥 [Poll #43] Starting live arbs fetch...
2026-02-14 15:46:50.834 - ⚠️ 🔄 [Poll #43] Previous ingestion still running, skipping
2026-02-14 15:46:52.834 - 🔄 📥 [Poll #44] Starting live arbs fetch...
2026-02-14 15:46:52.834 - ⚠️ 🔄 [Poll #44] Previous ingestion still running, skipping
2026-02-14 15:46:54.834 - 🔄 📥 [Poll #45] Starting live arbs fetch...
2026-02-14 15:46:54.834 - ⚠️ 🔄 [Poll #45] Previous ingestion still running, skipping
2026-02-14 15:46:56.856 - 🔄 📥 [Poll #46] Starting live arbs fetch...
2026-02-14 15:46:56.856 - ⚠️ 🔄 [Poll #46] Previous ingestion still running, skipping
2026-02-14 15:46:57.019 - ✅ 📥 API returned 1 events
2026-02-14 15:46:57.019 - 🔄 ⚡ ℹ️ Processing 1 events...
2026-02-14 15:46:58.837 - 🔄 📥 [Poll #47] Starting live arbs fetch...
2026-02-14 15:46:58.837 - ⚠️ 🔄 [Poll #47] Previous ingestion still running, skipping
2026-02-14 15:47:00.438 - 🔄 ℹ️ Processing sub-event 1/2 (ID: 16193963499563775588)...
2026-02-14 15:47:00.438 - ℹ️ 🔄 Sub-event 16193963499563775588 bookmaker: MSport (ID: 80)
2026-02-14 15:47:00.837 - 🔄 📥 [Poll #48] Starting live arbs fetch...
2026-02-14 15:47:00.837 - ⚠️ 🔄 [Poll #48] Previous ingestion still running, skipping
2026-02-14 15:47:01.019 - ✅ 🍪 Saved crumbs from MSport using key='oid' (3 entries)
2026-02-14 15:47:01.019 - 🍪 ℹ️ Using key='oid' = '5' → selectedId='5' for bookmaker: MSport (source: MSport)
2026-02-14 15:47:01.019 - 🎯 🍪 Getting market outcome for bookmaker: MSport
2026-02-14 15:47:01.518 - ✅ 🎯 Market resolved: marketType='4th game - winner', selectedId='5', outcome='Away'
2026-02-14 15:47:01.853 - 📎 Built URL for MSport: https://www.msport.com/ng/web/sports/Table%20Tennis/live/Czech_Republic_Czech_Liga_Pro/Trojan__Frantisek_vs_Pospisil__Milos/sr:match:68960724
2026-02-14 15:47:02.473 - ✅ Built outcome - bookMaker: MSport, outcome: 'Away', odds: 3.05, url: ✓
2026-02-14 15:47:02.707 - 🔄 ℹ️ Processing sub-event 2/2 (ID: 16193963496683585996)...
2026-02-14 15:47:02.707 - ℹ️ 🔄 Sub-event 16193963496683585996 bookmaker: Bet9ja (ID: 33)
2026-02-14 15:47:02.707 - 🍪 ℹ️ Using key='id2' = 'LIVETT_SW@4_1' → selectedId='1' for bookmaker: Bet9ja (source: own crumbs (post-underscore))
2026-02-14 15:47:02.707 - 🎯 🍪 Getting market outcome for bookmaker: Bet9ja
2026-02-14 15:47:02.707 - ✅ 🎯 Market resolved: marketType='Set Winner', selectedId='1', outcome='1'
2026-02-14 15:47:02.707 - Built Bet9ja modern URL: https://sports.bet9ja.com/liveEvent/8751287
2026-02-14 15:47:02.708 - 📎 Built URL for Bet9ja: https://sports.bet9ja.com/liveEvent/8751287
2026-02-14 15:47:02.708 - ✅ Built outcome - bookMaker: Bet9ja, outcome: '1', odds: 2, url: ✓
2026-02-14 15:47:02.840 - 🔄 📥 [Poll #49] Starting live arbs fetch...
2026-02-14 15:47:02.841 - ⚠️ 🔄 [Poll #49] Previous ingestion still running, skipping
2026-02-14 15:47:02.858 - ✅ 🔄 🎯 Converted event 16193963602855501600 to arb: MSport (3.05) vs Bet9ja (2) | 20.79% profit | marketType='Set Winner' | outcome='1'
2026-02-14 15:47:02.859 - ✅ ⚡ 🔄 Successfully converted 1 events to arbitrages
2026-02-14 15:47:02.859 - 🔄 ℹ️ Transforming 1 parsed items to entities...
2026-02-14 15:47:02.860 - 💾 ℹ️ Saving 1 opportunities to database...
2026-02-14 15:47:02.860 - 💾 ℹ️ Processing 1 opportunities for database save...
2026-02-14 15:47:04.845 - 🔄 📥 [Poll #50] Starting live arbs fetch...
2026-02-14 15:47:04.845 - ⚠️ 🔄 [Poll #50] Previous ingestion still running, skipping
2026-02-14 15:47:06.837 - 🔄 📥 [Poll #51] Starting live arbs fetch...
2026-02-14 15:47:06.837 - ⚠️ 🔄 [Poll #51] Previous ingestion still running, skipping
2026-02-14 15:47:08.847 - 🔄 📥 [Poll #52] Starting live arbs fetch...
2026-02-14 15:47:08.847 - ⚠️ 🔄 [Poll #52] Previous ingestion still running, skipping
2026-02-14 15:47:10.834 - 🔄 📥 [Poll #53] Starting live arbs fetch...
2026-02-14 15:47:10.834 - ⚠️ 🔄 [Poll #53] Previous ingestion still running, skipping
2026-02-14 15:47:12.833 - 🔄 📥 [Poll #54] Starting live arbs fetch...
2026-02-14 15:47:12.833 - ⚠️ 🔄 [Poll #54] Previous ingestion still running, skipping
2026-02-14 15:47:14.844 - 🔄 📥 [Poll #55] Starting live arbs fetch...
2026-02-14 15:47:14.844 - ⚠️ 🔄 [Poll #55] Previous ingestion still running, skipping
2026-02-14 15:47:16.298 - ⚠️ 💾 Failed to save opportunity 16193963602855501600:14:8;22277:::-2252780577025965620;22278:::-2252780574145776028;: Transaction timeout expired
2026-02-14 15:47:16.298 - ✅ 💾 Database save completed: 0 new, 0 updated, 1 skipped
2026-02-14 15:47:16.298 - ✅ 📥 Live arbs ingestion completed: 0 opportunities saved in 31460ms
2026-02-14 15:47:16.834 - 🔄 📥 [Poll #56] Starting live arbs fetch...
2026-02-14 15:47:16.835 - 📥 Fetching live arbs from API...
2026-02-14 15:47:17.061 - ✅ 📥 API returned 1 events
2026-02-14 15:47:17.061 - 🔄 ⚡ ℹ️ Processing 1 events...
2026-02-14 15:47:17.061 - 🔄 ℹ️ Processing sub-event 1/2 (ID: 16193963499563775588)...
2026-02-14 15:47:17.061 - ℹ️ 🔄 Sub-event 16193963499563775588 bookmaker: MSport (ID: 80)
2026-02-14 15:47:17.061 - ✅ 🍪 Saved crumbs from MSport using key='oid' (3 entries)
2026-02-14 15:47:17.061 - 🍪 ℹ️ Using key='oid' = '5' → selectedId='5' for bookmaker: MSport (source: MSport)
2026-02-14 15:47:17.061 - 🎯 🍪 Getting market outcome for bookmaker: MSport
2026-02-14 15:47:17.061 - ✅ 🎯 Market resolved: marketType='4th game - winner', selectedId='5', outcome='Away'
2026-02-14 15:47:17.062 - 📎 Built URL for MSport: https://www.msport.com/ng/web/sports/Table%20Tennis/live/Czech_Republic_Czech_Liga_Pro/Trojan__Frantisek_vs_Pospisil__Milos/sr:match:68960724
2026-02-14 15:47:17.062 - ✅ Built outcome - bookMaker: MSport, outcome: 'Away', odds: 3.05, url: ✓
2026-02-14 15:47:17.062 - 🔄 ℹ️ Processing sub-event 2/2 (ID: 16193963496683585996)...
2026-02-14 15:47:17.062 - ℹ️ 🔄 Sub-event 16193963496683585996 bookmaker: Bet9ja (ID: 33)
2026-02-14 15:47:17.063 - 🍪 ℹ️ Using key='id2' = 'LIVETT_SW@4_1' → selectedId='1' for bookmaker: Bet9ja (source: own crumbs (post-underscore))
2026-02-14 15:47:17.064 - 🎯 🍪 Getting market outcome for bookmaker: Bet9ja
2026-02-14 15:47:17.064 - ✅ 🎯 Market resolved: marketType='Set Winner', selectedId='1', outcome='1'
2026-02-14 15:47:17.064 - Built Bet9ja modern URL: https://sports.bet9ja.com/liveEvent/8751287
2026-02-14 15:47:17.064 - 📎 Built URL for Bet9ja: https://sports.bet9ja.com/liveEvent/8751287
2026-02-14 15:47:17.064 - ✅ Built outcome - bookMaker: Bet9ja, outcome: '1', odds: 2, url: ✓
2026-02-14 15:47:17.064 - ✅ 🔄 🎯 Converted event 16193963602855501600 to arb: MSport (3.05) vs Bet9ja (2) | 20.79% profit | marketType='Set Winner' | outcome='1'
2026-02-14 15:47:17.064 - ✅ ⚡ 🔄 Successfully converted 1 events to arbitrages
2026-02-14 15:47:17.064 - 🔄 ℹ️ Transforming 1 parsed items to entities...
2026-02-14 15:47:17.065 - 💾 ℹ️ Saving 1 opportunities to database...
2026-02-14 15:47:17.065 - 💾 ℹ️ Processing 1 opportunities for database save...
2026-02-14 15:47:18.840 - 🔄 📥 [Poll #57] Starting live arbs fetch...
2026-02-14 15:47:18.843 - ⚠️ 🔄 [Poll #57] Previous ingestion still running, skipping
2026-02-14 15:47:20.834 - 🔄 📥 [Poll #58] Starting live arbs fetch...
2026-02-14 15:47:20.834 - ⚠️ 🔄 [Poll #58] Previous ingestion still running, skipping
2026-02-14 15:47:22.834 - 🔄 📥 [Poll #59] Starting live arbs fetch...
2026-02-14 15:47:22.834 - ⚠️ 🔄 [Poll #59] Previous ingestion still running, skipping
2026-02-14 15:47:24.109 - ✅ 💾 Database save completed: 1 new, 0 updated, 0 skipped
2026-02-14 15:47:24.109 - ✅ 📥 Live arbs ingestion completed: 1 opportunities saved in 7274ms
2026-02-14 15:47:24.865 - 🔄 📥 [Poll #60] Starting live arbs fetch...
2026-02-14 15:47:24.866 - 📥 Fetching live arbs from API...
2026-02-14 15:47:25.067 - ✅ 📥 API returned 1 events
2026-02-14 15:47:25.067 - 🔄 ⚡ ℹ️ Processing 1 events...
2026-02-14 15:47:25.068 - 🔄 ℹ️ Processing sub-event 1/2 (ID: 16193963499563775588)...
2026-02-14 15:47:25.068 - ℹ️ 🔄 Sub-event 16193963499563775588 bookmaker: MSport (ID: 80)
2026-02-14 15:47:25.069 - ✅ 🍪 Saved crumbs from MSport using key='oid' (3 entries)
2026-02-14 15:47:25.069 - 🍪 ℹ️ Using key='oid' = '5' → selectedId='5' for bookmaker: MSport (source: MSport)
2026-02-14 15:47:25.069 - 🎯 🍪 Getting market outcome for bookmaker: MSport
2026-02-14 15:47:25.069 - ✅ 🎯 Market resolved: marketType='4th game - winner', selectedId='5', outcome='Away'
2026-02-14 15:47:25.069 - 📎 Built URL for MSport: https://www.msport.com/ng/web/sports/Table%20Tennis/live/Czech_Republic_Czech_Liga_Pro/Trojan__Frantisek_vs_Pospisil__Milos/sr:match:68960724
2026-02-14 15:47:25.070 - ✅ Built outcome - bookMaker: MSport, outcome: 'Away', odds: 3.05, url: ✓
2026-02-14 15:47:25.070 - 🔄 ℹ️ Processing sub-event 2/2 (ID: 16193963496683585996)...
2026-02-14 15:47:25.070 - ℹ️ 🔄 Sub-event 16193963496683585996 bookmaker: Bet9ja (ID: 33)
2026-02-14 15:47:25.070 - 🍪 ℹ️ Using key='id2' = 'LIVETT_SW@4_1' → selectedId='1' for bookmaker: Bet9ja (source: own crumbs (post-underscore))
2026-02-14 15:47:25.070 - 🎯 🍪 Getting market outcome for bookmaker: Bet9ja
2026-02-14 15:47:25.070 - ✅ 🎯 Market resolved: marketType='Set Winner', selectedId='1', outcome='1'
2026-02-14 15:47:25.070 - Built Bet9ja modern URL: https://sports.bet9ja.com/liveEvent/8751287
2026-02-14 15:47:25.070 - 📎 Built URL for Bet9ja: https://sports.bet9ja.com/liveEvent/8751287
2026-02-14 15:47:25.071 - ✅ Built outcome - bookMaker: Bet9ja, outcome: '1', odds: 2, url: ✓
2026-02-14 15:47:25.071 - ✅ 🔄 🎯 Converted event 16193963602855501600 to arb: MSport (3.05) vs Bet9ja (2) | 20.79% profit | marketType='Set Winner' | outcome='1'
2026-02-14 15:47:25.071 - ✅ ⚡ 🔄 Successfully converted 1 events to arbitrages
2026-02-14 15:47:25.071 - 🔄 ℹ️ Transforming 1 parsed items to entities...
2026-02-14 15:47:25.071 - 💾 ℹ️ Saving 1 opportunities to database...
2026-02-14 15:47:25.071 - 💾 ℹ️ Processing 1 opportunities for database save...
2026-02-14 15:47:26.834 - 🔄 📥 [Poll #61] Starting live arbs fetch...
2026-02-14 15:47:26.834 - ⚠️ 🔄 [Poll #61] Previous ingestion still running, skipping
2026-02-14 15:47:28.835 - 🔄 📥 [Poll #62] Starting live arbs fetch...
2026-02-14 15:47:28.835 - ⚠️ 🔄 [Poll #62] Previous ingestion still running, skipping
2026-02-14 15:47:30.835 - 🔄 📥 [Poll #63] Starting live arbs fetch...
2026-02-14 15:47:30.835 - ⚠️ 🔄 [Poll #63] Previous ingestion still running, skipping
2026-02-14 15:47:32.254 - ✅ 💾 Database save completed: 0 new, 1 updated, 0 skipped
2026-02-14 15:47:32.254 - ✅ 📥 Live arbs ingestion completed: 1 opportunities saved in 7388ms
2026-02-14 15:47:32.885 - 🔄 📥 [Poll #64] Starting live arbs fetch...
2026-02-14 15:47:32.886 - 📥 Fetching live arbs from API...
2026-02-14 15:47:33.122 - ✅ 📥 API returned 0 events
2026-02-14 15:47:33.122 - 🔄 ⚡ ℹ️ Processing 0 events...
2026-02-14 15:47:33.123 - ❌ 🔄 Response validation failed: Errors: 1, Warnings: 1, Info: 1
2026-02-14 15:47:33.123 - ⚠️ 🔄 No events in response
2026-02-14 15:47:33.123 - 🔄 ℹ️ Transforming 0 parsed items to entities...
2026-02-14 15:47:33.123 - 💾 ℹ️ Saving 0 opportunities to database...
2026-02-14 15:47:33.123 - 💾 ℹ️ Processing 0 opportunities for database save...
2026-02-14 15:47:33.123 - ℹ️ 💾 No opportunities to save
2026-02-14 15:47:33.123 - ✅ 📥 Live arbs ingestion completed: 0 opportunities saved in 237ms
2026-02-14 15:47:34.987 - 🔄 📥 [Poll #65] Starting live arbs fetch...
2026-02-14 15:47:34.988 - 📥 Fetching live arbs from API...
2026-02-14 15:47:35.202 - ✅ 📥 API returned 0 events
2026-02-14 15:47:35.202 - 🔄 ⚡ ℹ️ Processing 0 events...
2026-02-14 15:47:35.202 - ❌ 🔄 Response validation failed: Errors: 1, Warnings: 1, Info: 1
2026-02-14 15:47:35.203 - ⚠️ 🔄 No events in response
2026-02-14 15:47:35.203 - 🔄 ℹ️ Transforming 0 parsed items to entities...
2026-02-14 15:47:35.203 - 💾 ℹ️ Saving 0 opportunities to database...
2026-02-14 15:47:35.203 - 💾 ℹ️ Processing 0 opportunities for database save...
2026-02-14 15:47:35.203 - ℹ️ 💾 No opportunities to save
2026-02-14 15:47:35.203 - ✅ 📥 Live arbs ingestion completed: 0 opportunities saved in 215ms
2026-02-14 15:47:36.838 - 🔄 📥 [Poll #66] Starting live arbs fetch...
2026-02-14 15:47:36.838 - 📥 Fetching live arbs from API...
2026-02-14 15:47:37.057 - ✅ 📥 API returned 0 events
2026-02-14 15:47:37.057 - 🔄 ⚡ ℹ️ Processing 0 events...
2026-02-14 15:47:37.058 - ❌ 🔄 Response validation failed: Errors: 1, Warnings: 1, Info: 1
2026-02-14 15:47:37.058 - ⚠️ 🔄 No events in response
2026-02-14 15:47:37.058 - 🔄 ℹ️ Transforming 0 parsed items to entities...
2026-02-14 15:47:37.058 - 💾 ℹ️ Saving 0 opportunities to database...
2026-02-14 15:47:37.058 - 💾 ℹ️ Processing 0 opportunities for database save...
2026-02-14 15:47:37.058 - ℹ️ 💾 No opportunities to save
2026-02-14 15:47:37.058 - ✅ 📥 Live arbs ingestion completed: 0 opportunities saved in 220ms
2026-02-14 15:47:38.833 - 🔄 📥 [Poll #67] Starting live arbs fetch...
2026-02-14 15:47:38.834 - 📥 Fetching live arbs from API...
2026-02-14 15:47:39.080 - ✅ 📥 API returned 0 events
2026-02-14 15:47:39.080 - 🔄 ⚡ ℹ️ Processing 0 events...
2026-02-14 15:47:39.081 - ❌ 🔄 Response validation failed: Errors: 1, Warnings: 1, Info: 1
2026-02-14 15:47:39.081 - ⚠️ 🔄 No events in response
2026-02-14 15:47:39.081 - 🔄 ℹ️ Transforming 0 parsed items to entities...
2026-02-14 15:47:39.081 - 💾 ℹ️ Saving 0 opportunities to database...
2026-02-14 15:47:39.081 - 💾 ℹ️ Processing 0 opportunities for database save...
2026-02-14 15:47:39.081 - ℹ️ 💾 No opportunities to save
2026-02-14 15:47:39.081 - ✅ 📥 Live arbs ingestion completed: 0 opportunities saved in 247ms
2026-02-14 15:47:40.834 - 🔄 📥 [Poll #68] Starting live arbs fetch...
2026-02-14 15:47:40.834 - 📥 Fetching live arbs from API...
2026-02-14 15:47:41.059 - ✅ 📥 API returned 0 events
2026-02-14 15:47:41.059 - 🔄 ⚡ ℹ️ Processing 0 events...
2026-02-14 15:47:41.059 - ❌ 🔄 Response validation failed: Errors: 1, Warnings: 1, Info: 1
2026-02-14 15:47:41.059 - ⚠️ 🔄 No events in response
2026-02-14 15:47:41.059 - 🔄 ℹ️ Transforming 0 parsed items to entities...
2026-02-14 15:47:41.059 - 💾 ℹ️ Saving 0 opportunities to database...
2026-02-14 15:47:41.060 - 💾 ℹ️ Processing 0 opportunities for database save...
2026-02-14 15:47:41.060 - ℹ️ 💾 No opportunities to save
2026-02-14 15:47:41.060 - ✅ 📥 Live arbs ingestion completed: 0 opportunities saved in 226ms
2026-02-14 15:47:42.836 - 🔄 📥 [Poll #69] Starting live arbs fetch...
2026-02-14 15:47:42.837 - 📥 Fetching live arbs from API...
2026-02-14 15:47:43.043 - ✅ 📥 API returned 0 events
2026-02-14 15:47:43.043 - 🔄 ⚡ ℹ️ Processing 0 events...
2026-02-14 15:47:43.043 - ❌ 🔄 Response validation failed: Errors: 1, Warnings: 1, Info: 1
2026-02-14 15:47:43.043 - ⚠️ 🔄 No events in response
2026-02-14 15:47:43.043 - 🔄 ℹ️ Transforming 0 parsed items to entities...
2026-02-14 15:47:43.043 - 💾 ℹ️ Saving 0 opportunities to database...
2026-02-14 15:47:43.043 - 💾 ℹ️ Processing 0 opportunities for database save...
2026-02-14 15:47:43.043 - ℹ️ 💾 No opportunities to save
2026-02-14 15:47:43.043 - ✅ 📥 Live arbs ingestion completed: 0 opportunities saved in 206ms
2026-02-14 15:47:44.835 - 🔄 📥 [Poll #70] Starting live arbs fetch...
2026-02-14 15:47:44.837 - 📥 Fetching live arbs from API...
2026-02-14 15:47:45.055 - ✅ 📥 API returned 0 events
2026-02-14 15:47:45.055 - 🔄 ⚡ ℹ️ Processing 0 events...
2026-02-14 15:47:45.055 - ❌ 🔄 Response validation failed: Errors: 1, Warnings: 1, Info: 1
2026-02-14 15:47:45.055 - ⚠️ 🔄 No events in response
2026-02-14 15:47:45.055 - 🔄 ℹ️ Transforming 0 parsed items to entities...
2026-02-14 15:47:45.055 - 💾 ℹ️ Saving 0 opportunities to database...
2026-02-14 15:47:45.055 - 💾 ℹ️ Processing 0 opportunities for database save...
2026-02-14 15:47:45.055 - ℹ️ 💾 No opportunities to save
2026-02-14 15:47:45.056 - ✅ 📥 Live arbs ingestion completed: 0 opportunities saved in 220ms
2026-02-14 15:47:46.834 - 🔄 📥 [Poll #71] Starting live arbs fetch...
2026-02-14 15:47:46.834 - 📥 Fetching live arbs from API...
2026-02-14 15:47:47.141 - ✅ 📥 API returned 0 events
2026-02-14 15:47:47.141 - 🔄 ⚡ ℹ️ Processing 0 events...
2026-02-14 15:47:47.141 - ❌ 🔄 Response validation failed: Errors: 1, Warnings: 1, Info: 1
2026-02-14 15:47:47.142 - ⚠️ 🔄 No events in response
2026-02-14 15:47:47.142 - 🔄 ℹ️ Transforming 0 parsed items to entities...
2026-02-14 15:47:47.142 - 💾 ℹ️ Saving 0 opportunities to database...
2026-02-14 15:47:47.142 - 💾 ℹ️ Processing 0 opportunities for database save...
2026-02-14 15:47:47.142 - ℹ️ 💾 No opportunities to save
2026-02-14 15:47:47.142 - ✅ 📥 Live arbs ingestion completed: 0 opportunities saved in 308ms
2026-02-14 15:47:48.843 - 🔄 📥 [Poll #72] Starting live arbs fetch...
2026-02-14 15:47:48.843 - 📥 Fetching live arbs from API...
2026-02-14 15:47:49.057 - ✅ 📥 API returned 0 events
2026-02-14 15:47:49.058 - 🔄 ⚡ ℹ️ Processing 0 events...
2026-02-14 15:47:49.058 - ❌ 🔄 Response validation failed: Errors: 1, Warnings: 1, Info: 1
2026-02-14 15:47:49.058 - ⚠️ 🔄 No events in response
2026-02-14 15:47:49.058 - 🔄 ℹ️ Transforming 0 parsed items to entities...
2026-02-14 15:47:49.058 - 💾 ℹ️ Saving 0 opportunities to database...
2026-02-14 15:47:49.059 - 💾 ℹ️ Processing 0 opportunities for database save...
2026-02-14 15:47:49.059 - ℹ️ 💾 No opportunities to save
2026-02-14 15:47:49.059 - ✅ 📥 Live arbs ingestion completed: 0 opportunities saved in 216ms
2026-02-14 15:47:50.843 - 🔄 📥 [Poll #73] Starting live arbs fetch...
2026-02-14 15:47:50.843 - 📥 Fetching live arbs from API...
2026-02-14 15:47:51.162 - ✅ 📥 API returned 0 events
2026-02-14 15:47:51.162 - 🔄 ⚡ ℹ️ Processing 0 events...
2026-02-14 15:47:51.162 - ❌ 🔄 Response validation failed: Errors: 1, Warnings: 1, Info: 1
2026-02-14 15:47:51.162 - ⚠️ 🔄 No events in response
2026-02-14 15:47:51.162 - 🔄 ℹ️ Transforming 0 parsed items to entities...
2026-02-14 15:47:51.163 - 💾 ℹ️ Saving 0 opportunities to database...
2026-02-14 15:47:51.163 - 💾 ℹ️ Processing 0 opportunities for database save...
2026-02-14 15:47:51.163 - ℹ️ 💾 No opportunities to save
2026-02-14 15:47:51.163 - ✅ 📥 Live arbs ingestion completed: 0 opportunities saved in 320ms
2026-02-14 15:47:52.839 - 🔄 📥 [Poll #74] Starting live arbs fetch...
2026-02-14 15:47:52.841 - 📥 Fetching live arbs from API...
2026-02-14 15:47:53.069 - ✅ 📥 API returned 0 events
2026-02-14 15:47:53.069 - 🔄 ⚡ ℹ️ Processing 0 events...
2026-02-14 15:47:53.069 - ❌ 🔄 Response validation failed: Errors: 1, Warnings: 1, Info: 1
2026-02-14 15:47:53.069 - ⚠️ 🔄 No events in response
2026-02-14 15:47:53.069 - 🔄 ℹ️ Transforming 0 parsed items to entities...
2026-02-14 15:47:53.069 - 💾 ℹ️ Saving 0 opportunities to database...
2026-02-14 15:47:53.069 - 💾 ℹ️ Processing 0 opportunities for database save...
2026-02-14 15:47:53.069 - ℹ️ 💾 No opportunities to save
2026-02-14 15:47:53.069 - ✅ 📥 Live arbs ingestion completed: 0 opportunities saved in 228ms
2026-02-14 15:47:54.834 - 🔄 📥 [Poll #75] Starting live arbs fetch...
2026-02-14 15:47:54.836 - 📥 Fetching live arbs from API...
2026-02-14 15:47:55.052 - ✅ 📥 API returned 0 events
2026-02-14 15:47:55.052 - 🔄 ⚡ ℹ️ Processing 0 events...
2026-02-14 15:47:55.052 - ❌ 🔄 Response validation failed: Errors: 1, Warnings: 1, Info: 1
2026-02-14 15:47:55.052 - ⚠️ 🔄 No events in response
2026-02-14 15:47:55.052 - 🔄 ℹ️ Transforming 0 parsed items to entities...
2026-02-14 15:47:55.052 - 💾 ℹ️ Saving 0 opportunities to database...
2026-02-14 15:47:55.052 - 💾 ℹ️ Processing 0 opportunities for database save...
2026-02-14 15:47:55.052 - ℹ️ 💾 No opportunities to save
2026-02-14 15:47:55.052 - ✅ 📥 Live arbs ingestion completed: 0 opportunities saved in 216ms
2026-02-14 15:47:56.833 - 🔄 📥 [Poll #76] Starting live arbs fetch...
2026-02-14 15:47:56.833 - 📥 Fetching live arbs from API...
2026-02-14 15:47:57.052 - ✅ 📥 API returned 0 events
2026-02-14 15:47:57.052 - 🔄 ⚡ ℹ️ Processing 0 events...
2026-02-14 15:47:57.053 - ❌ 🔄 Response validation failed: Errors: 1, Warnings: 1, Info: 1
2026-02-14 15:47:57.053 - ⚠️ 🔄 No events in response
2026-02-14 15:47:57.053 - 🔄 ℹ️ Transforming 0 parsed items to entities...
2026-02-14 15:47:57.053 - 💾 ℹ️ Saving 0 opportunities to database...
2026-02-14 15:47:57.053 - 💾 ℹ️ Processing 0 opportunities for database save...
2026-02-14 15:47:57.053 - ℹ️ 💾 No opportunities to save
2026-02-14 15:47:57.053 - ✅ 📥 Live arbs ingestion completed: 0 opportunities saved in 220ms
2026-02-14 15:47:58.847 - 🔄 📥 [Poll #77] Starting live arbs fetch...
2026-02-14 15:47:58.847 - 📥 Fetching live arbs from API...
2026-02-14 15:47:59.061 - ✅ 📥 API returned 0 events
2026-02-14 15:47:59.061 - 🔄 ⚡ ℹ️ Processing 0 events...
2026-02-14 15:47:59.061 - ❌ 🔄 Response validation failed: Errors: 1, Warnings: 1, Info: 1
2026-02-14 15:47:59.061 - ⚠️ 🔄 No events in response
2026-02-14 15:47:59.061 - 🔄 ℹ️ Transforming 0 parsed items to entities...
2026-02-14 15:47:59.061 - 💾 ℹ️ Saving 0 opportunities to database...
2026-02-14 15:47:59.061 - 💾 ℹ️ Processing 0 opportunities for database save...
2026-02-14 15:47:59.061 - ℹ️ 💾 No opportunities to save
2026-02-14 15:47:59.061 - ✅ 📥 Live arbs ingestion completed: 0 opportunities saved in 214ms
2026-02-14 15:48:00.836 - 🔄 📥 [Poll #78] Starting live arbs fetch...
2026-02-14 15:48:00.836 - 📥 Fetching live arbs from API...
2026-02-14 15:48:01.039 - ✅ 📥 API returned 0 events
2026-02-14 15:48:01.039 - 🔄 ⚡ ℹ️ Processing 0 events...
2026-02-14 15:48:01.040 - ❌ 🔄 Response validation failed: Errors: 1, Warnings: 1, Info: 1
2026-02-14 15:48:01.040 - ⚠️ 🔄 No events in response
2026-02-14 15:48:01.040 - 🔄 ℹ️ Transforming 0 parsed items to entities...
2026-02-14 15:48:01.040 - 💾 ℹ️ Saving 0 opportunities to database...
2026-02-14 15:48:01.040 - 💾 ℹ️ Processing 0 opportunities for database save...
2026-02-14 15:48:01.040 - ℹ️ 💾 No opportunities to save
2026-02-14 15:48:01.040 - ✅ 📥 Live arbs ingestion completed: 0 opportunities saved in 204ms
2026-02-14 15:48:02.839 - 🔄 📥 [Poll #79] Starting live arbs fetch...
2026-02-14 15:48:02.840 - 📥 Fetching live arbs from API...
2026-02-14 15:48:03.042 - ✅ 📥 API returned 0 events
2026-02-14 15:48:03.042 - 🔄 ⚡ ℹ️ Processing 0 events...
2026-02-14 15:48:03.043 - ❌ 🔄 Response validation failed: Errors: 1, Warnings: 1, Info: 1
2026-02-14 15:48:03.043 - ⚠️ 🔄 No events in response
2026-02-14 15:48:03.043 - 🔄 ℹ️ Transforming 0 parsed items to entities...
2026-02-14 15:48:03.043 - 💾 ℹ️ Saving 0 opportunities to database...
2026-02-14 15:48:03.043 - 💾 ℹ️ Processing 0 opportunities for database save...
2026-02-14 15:48:03.043 - ℹ️ 💾 No opportunities to save
2026-02-14 15:48:03.043 - ✅ 📥 Live arbs ingestion completed: 0 opportunities saved in 203ms
2026-02-14 15:48:04.840 - 🔄 📥 [Poll #80] Starting live arbs fetch...
2026-02-14 15:48:04.841 - 📥 Fetching live arbs from API...
2026-02-14 15:48:05.076 - ✅ 📥 API returned 0 events
2026-02-14 15:48:05.077 - 🔄 ⚡ ℹ️ Processing 0 events...
2026-02-14 15:48:05.077 - ❌ 🔄 Response validation failed: Errors: 1, Warnings: 1, Info: 1
2026-02-14 15:48:05.077 - ⚠️ 🔄 No events in response
2026-02-14 15:48:05.077 - 🔄 ℹ️ Transforming 0 parsed items to entities...
2026-02-14 15:48:05.078 - 💾 ℹ️ Saving 0 opportunities to database...
2026-02-14 15:48:05.078 - 💾 ℹ️ Processing 0 opportunities for database save...
2026-02-14 15:48:05.078 - ℹ️ 💾 No opportunities to save
2026-02-14 15:48:05.078 - ✅ 📥 Live arbs ingestion completed: 0 opportunities saved in 237ms
2026-02-14 15:48:06.840 - 🔄 📥 [Poll #81] Starting live arbs fetch...
2026-02-14 15:48:06.841 - 📥 Fetching live arbs from API...
2026-02-14 15:48:07.091 - ✅ 📥 API returned 0 events
2026-02-14 15:48:07.091 - 🔄 ⚡ ℹ️ Processing 0 events...
2026-02-14 15:48:07.091 - ❌ 🔄 Response validation failed: Errors: 1, Warnings: 1, Info: 1
2026-02-14 15:48:07.091 - ⚠️ 🔄 No events in response
2026-02-14 15:48:07.091 - 🔄 ℹ️ Transforming 0 parsed items to entities...
2026-02-14 15:48:07.092 - 💾 ℹ️ Saving 0 opportunities to database...
2026-02-14 15:48:07.092 - 💾 ℹ️ Processing 0 opportunities for database save...
2026-02-14 15:48:07.092 - ℹ️ 💾 No opportunities to save
2026-02-14 15:48:07.092 - ✅ 📥 Live arbs ingestion completed: 0 opportunities saved in 251ms
2026-02-14 15:48:08.840 - 🔄 📥 [Poll #82] Starting live arbs fetch...
2026-02-14 15:48:08.841 - 📥 Fetching live arbs from API...
2026-02-14 15:48:09.043 - ✅ 📥 API returned 0 events
2026-02-14 15:48:09.043 - 🔄 ⚡ ℹ️ Processing 0 events...
2026-02-14 15:48:09.043 - ❌ 🔄 Response validation failed: Errors: 1, Warnings: 1, Info: 1
2026-02-14 15:48:09.043 - ⚠️ 🔄 No events in response
2026-02-14 15:48:09.043 - 🔄 ℹ️ Transforming 0 parsed items to entities...
2026-02-14 15:48:09.043 - 💾 ℹ️ Saving 0 opportunities to database...
2026-02-14 15:48:09.043 - 💾 ℹ️ Processing 0 opportunities for database save...
2026-02-14 15:48:09.043 - ℹ️ 💾 No opportunities to save
2026-02-14 15:48:09.043 - ✅ 📥 Live arbs ingestion completed: 0 opportunities saved in 202ms
2026-02-14 15:48:10.842 - 🔄 📥 [Poll #83] Starting live arbs fetch...
2026-02-14 15:48:10.842 - 📥 Fetching live arbs from API...
2026-02-14 15:48:11.121 - ✅ 📥 API returned 1 events
2026-02-14 15:48:11.122 - 🔄 ⚡ ℹ️ Processing 1 events...
2026-02-14 15:48:11.122 - 🔄 ℹ️ Processing sub-event 1/2 (ID: 16193963496482210257)...
2026-02-14 15:48:11.122 - ℹ️ 🔄 Sub-event 16193963496482210257 bookmaker: MSport (ID: 80)
2026-02-14 15:48:11.122 - ✅ 🍪 Saved crumbs from MSport using key='oid' (3 entries)
2026-02-14 15:48:11.123 - 🍪 ℹ️ Using key='oid' = '5' → selectedId='5' for bookmaker: MSport (source: MSport)
2026-02-14 15:48:11.123 - 🎯 🍪 Getting market outcome for bookmaker: MSport
2026-02-14 15:48:11.123 - ✅ 🎯 Market resolved: marketType='3rd game - winner', selectedId='5', outcome='Away'
2026-02-14 15:48:11.123 - 📎 Built URL for MSport: https://www.msport.com/ng/web/sports/Table%20Tennis/live/International_TT_Cup/Sochor__Miroslav_vs_Moravec__Ladislav/sr:match:68960812
2026-02-14 15:48:11.123 - ✅ Built outcome - bookMaker: MSport, outcome: 'Away', odds: 5.6, url: ✓
2026-02-14 15:48:11.123 - 🔄 ℹ️ Processing sub-event 2/2 (ID: 16193963499357911031)...
2026-02-14 15:48:11.123 - ℹ️ 🔄 Sub-event 16193963499357911031 bookmaker: Bet9ja (ID: 33)
2026-02-14 15:48:11.123 - 🍪 ℹ️ Using key='id2' = 'LIVETT_SW@3_1' → selectedId='1' for bookmaker: Bet9ja (source: own crumbs (post-underscore))
2026-02-14 15:48:11.123 - 🎯 🍪 Getting market outcome for bookmaker: Bet9ja
2026-02-14 15:48:11.123 - ✅ 🎯 Market resolved: marketType='Set Winner', selectedId='1', outcome='1'
2026-02-14 15:48:11.124 - Built Bet9ja modern URL: https://sports.bet9ja.com/liveEvent/8751307
2026-02-14 15:48:11.124 - 📎 Built URL for Bet9ja: https://sports.bet9ja.com/liveEvent/8751307
2026-02-14 15:48:11.124 - ✅ Built outcome - bookMaker: Bet9ja, outcome: '1', odds: 1.42, url: ✓
2026-02-14 15:48:11.124 - ✅ 🔄 🎯 Converted event 16193963701169080226 to arb: MSport (5.6) vs Bet9ja (1.42) | 13.28% profit | marketType='Set Winner' | outcome='1'
2026-02-14 15:48:11.124 - ✅ ⚡ 🔄 Successfully converted 1 events to arbitrages
2026-02-14 15:48:11.124 - 🔄 ℹ️ Transforming 1 parsed items to entities...
2026-02-14 15:48:11.124 - 💾 ℹ️ Saving 1 opportunities to database...
2026-02-14 15:48:11.124 - 💾 ℹ️ Processing 1 opportunities for database save...
2026-02-14 15:48:11.131 - ✅ 💾 Database save completed: 1 new, 0 updated, 0 skipped
2026-02-14 15:48:11.131 - ✅ 📥 Live arbs ingestion completed: 1 opportunities saved in 289ms
2026-02-14 15:48:12.839 - 🔄 📥 [Poll #84] Starting live arbs fetch...
2026-02-14 15:48:12.839 - 📥 Fetching live arbs from API...
2026-02-14 15:48:14.842 - 🔄 📥 [Poll #85] Starting live arbs fetch...
2026-02-14 15:48:16.460 - ⚠️ 🔄 [Poll #85] Previous ingestion still running, skipping
2026-02-14 15:48:16.461 - ✅ 📥 API returned 1 events
2026-02-14 15:48:16.461 - 🔄 ⚡ ℹ️ Processing 1 events...
2026-02-14 15:48:16.462 - 🔄 ℹ️ Processing sub-event 1/2 (ID: 16193963496482210257)...
2026-02-14 15:48:16.462 - ℹ️ 🔄 Sub-event 16193963496482210257 bookmaker: MSport (ID: 80)
2026-02-14 15:48:16.462 - ✅ 🍪 Saved crumbs from MSport using key='oid' (3 entries)
2026-02-14 15:48:16.462 - 🍪 ℹ️ Using key='oid' = '5' → selectedId='5' for bookmaker: MSport (source: MSport)
2026-02-14 15:48:16.462 - 🎯 🍪 Getting market outcome for bookmaker: MSport
2026-02-14 15:48:16.462 - ✅ 🎯 Market resolved: marketType='3rd game - winner', selectedId='5', outcome='Away'
2026-02-14 15:48:16.462 - 📎 Built URL for MSport: https://www.msport.com/ng/web/sports/Table%20Tennis/live/International_TT_Cup/Sochor__Miroslav_vs_Moravec__Ladislav/sr:match:68960812
2026-02-14 15:48:16.462 - ✅ Built outcome - bookMaker: MSport, outcome: 'Away', odds: 5.6, url: ✓
2026-02-14 15:48:16.462 - 🔄 ℹ️ Processing sub-event 2/2 (ID: 16193963499357911031)...
2026-02-14 15:48:16.462 - ℹ️ 🔄 Sub-event 16193963499357911031 bookmaker: Bet9ja (ID: 33)
2026-02-14 15:48:16.463 - 🍪 ℹ️ Using key='id2' = 'LIVETT_SW@3_1' → selectedId='1' for bookmaker: Bet9ja (source: own crumbs (post-underscore))
2026-02-14 15:48:16.463 - 🎯 🍪 Getting market outcome for bookmaker: Bet9ja
2026-02-14 15:48:16.463 - ✅ 🎯 Market resolved: marketType='Set Winner', selectedId='1', outcome='1'
2026-02-14 15:48:16.463 - Built Bet9ja modern URL: https://sports.bet9ja.com/liveEvent/8751307
2026-02-14 15:48:16.463 - 📎 Built URL for Bet9ja: https://sports.bet9ja.com/liveEvent/8751307
2026-02-14 15:48:16.463 - ✅ Built outcome - bookMaker: Bet9ja, outcome: '1', odds: 1.42, url: ✓
2026-02-14 15:48:16.463 - ✅ 🔄 🎯 Converted event 16193963701169080226 to arb: MSport (5.6) vs Bet9ja (1.42) | 13.28% profit | marketType='Set Winner' | outcome='1'
2026-02-14 15:48:16.463 - ✅ ⚡ 🔄 Successfully converted 1 events to arbitrages
2026-02-14 15:48:16.463 - 🔄 ℹ️ Transforming 1 parsed items to entities...
2026-02-14 15:48:16.464 - 💾 ℹ️ Saving 1 opportunities to database...
2026-02-14 15:48:16.837 - 🔄 📥 [Poll #86] Starting live arbs fetch...
2026-02-14 15:48:17.510 - 💾 ℹ️ Processing 1 opportunities for database save...
2026-02-14 15:48:17.510 - ⚠️ 🔄 [Poll #86] Previous ingestion still running, skipping
2026-02-14 15:48:17.548 - ✅ 💾 Database save completed: 0 new, 1 updated, 0 skipped
2026-02-14 15:48:17.548 - ✅ 📥 Live arbs ingestion completed: 1 opportunities saved in 4709ms
2026-02-14 15:48:18.835 - 🔄 📥 [Poll #87] Starting live arbs fetch...
2026-02-14 15:48:18.835 - 📥 Fetching live arbs from API...
2026-02-14 15:48:19.055 - ✅ 📥 API returned 0 events
2026-02-14 15:48:19.055 - 🔄 ⚡ ℹ️ Processing 0 events...
2026-02-14 15:48:19.055 - ❌ 🔄 Response validation failed: Errors: 1, Warnings: 1, Info: 1
2026-02-14 15:48:19.055 - ⚠️ 🔄 No events in response
2026-02-14 15:48:19.055 - 🔄 ℹ️ Transforming 0 parsed items to entities...
2026-02-14 15:48:19.055 - 💾 ℹ️ Saving 0 opportunities to database...
2026-02-14 15:48:19.055 - 💾 ℹ️ Processing 0 opportunities for database save...
2026-02-14 15:48:19.055 - ℹ️ 💾 No opportunities to save
2026-02-14 15:48:19.055 - ✅ 📥 Live arbs ingestion completed: 0 opportunities saved in 220ms
2026-02-14 15:48:20.843 - 🔄 📥 [Poll #88] Starting live arbs fetch...
2026-02-14 15:48:20.843 - 📥 Fetching live arbs from API...
2026-02-14 15:48:21.132 - ✅ 📥 API returned 0 events
2026-02-14 15:48:21.133 - 🔄 ⚡ ℹ️ Processing 0 events...
2026-02-14 15:48:21.133 - ❌ 🔄 Response validation failed: Errors: 1, Warnings: 1, Info: 1
2026-02-14 15:48:21.134 - ⚠️ 🔄 No events in response
2026-02-14 15:48:21.134 - 🔄 ℹ️ Transforming 0 parsed items to entities...
2026-02-14 15:48:21.134 - 💾 ℹ️ Saving 0 opportunities to database...
2026-02-14 15:48:21.134 - 💾 ℹ️ Processing 0 opportunities for database save...
2026-02-14 15:48:21.134 - ℹ️ 💾 No opportunities to save
2026-02-14 15:48:21.134 - ✅ 📥 Live arbs ingestion completed: 0 opportunities saved in 291ms
2026-02-14 15:48:22.836 - 🔄 📥 [Poll #89] Starting live arbs fetch...
2026-02-14 15:48:22.837 - 📥 Fetching live arbs from API...
2026-02-14 15:48:23.042 - ✅ 📥 API returned 0 events
2026-02-14 15:48:23.042 - 🔄 ⚡ ℹ️ Processing 0 events...
2026-02-14 15:48:23.042 - ❌ 🔄 Response validation failed: Errors: 1, Warnings: 1, Info: 1
2026-02-14 15:48:23.042 - ⚠️ 🔄 No events in response
2026-02-14 15:48:23.042 - 🔄 ℹ️ Transforming 0 parsed items to entities...
2026-02-14 15:48:23.042 - 💾 ℹ️ Saving 0 opportunities to database...
2026-02-14 15:48:23.042 - 💾 ℹ️ Processing 0 opportunities for database save...
2026-02-14 15:48:23.042 - ℹ️ 💾 No opportunities to save
2026-02-14 15:48:23.042 - ✅ 📥 Live arbs ingestion completed: 0 opportunities saved in 205ms
2026-02-14 15:48:24.843 - 🔄 📥 [Poll #90] Starting live arbs fetch...
2026-02-14 15:48:24.843 - 📥 Fetching live arbs from API...
2026-02-14 15:48:25.157 - ✅ 📥 API returned 0 events
2026-02-14 15:48:25.157 - 🔄 ⚡ ℹ️ Processing 0 events...
2026-02-14 15:48:25.157 - ❌ 🔄 Response validation failed: Errors: 1, Warnings: 1, Info: 1
2026-02-14 15:48:25.157 - ⚠️ 🔄 No events in response
2026-02-14 15:48:25.157 - 🔄 ℹ️ Transforming 0 parsed items to entities...
2026-02-14 15:48:25.157 - 💾 ℹ️ Saving 0 opportunities to database...
2026-02-14 15:48:25.157 - 💾 ℹ️ Processing 0 opportunities for database save...
2026-02-14 15:48:25.158 - ℹ️ 💾 No opportunities to save
2026-02-14 15:48:25.158 - ✅ 📥 Live arbs ingestion completed: 0 opportunities saved in 315ms
2026-02-14 15:48:26.836 - 🔄 📥 [Poll #91] Starting live arbs fetch...
2026-02-14 15:48:26.837 - ⚠️ 🔄 [Poll #91] Previous ingestion still running, skipping
2026-02-14 15:48:27.244 - 📊 ℹ️ Current Statistics:
2026-02-14 15:48:27.244 - 📊 Total Active: 2
2026-02-14 15:48:27.245 - 📊 Fresh Active: 0 (0.0%)
2026-02-14 15:48:27.245 - 📊 Stale Active: 2 (100.0%)
2026-02-14 15:48:27.245 - 📊 Average Profit: 17.04%
2026-02-14 15:48:28.835 - 🔄 📥 [Poll #92] Starting live arbs fetch...
2026-02-14 15:48:28.836 - 📥 Fetching live arbs from API...
2026-02-14 15:48:29.047 - ✅ 📥 API returned 0 events
2026-02-14 15:48:29.047 - 🔄 ⚡ ℹ️ Processing 0 events...
2026-02-14 15:48:29.047 - ❌ 🔄 Response validation failed: Errors: 1, Warnings: 1, Info: 1
2026-02-14 15:48:29.048 - ⚠️ 🔄 No events in response
2026-02-14 15:48:29.048 - 🔄 ℹ️ Transforming 0 parsed items to entities...
2026-02-14 15:48:29.048 - 💾 ℹ️ Saving 0 opportunities to database...
2026-02-14 15:48:29.048 - 💾 ℹ️ Processing 0 opportunities for database save...
2026-02-14 15:48:29.048 - ℹ️ 💾 No opportunities to save
2026-02-14 15:48:29.048 - ✅ 📥 Live arbs ingestion completed: 0 opportunities saved in 212ms
2026-02-14 15:48:30.841 - 🔄 📥 [Poll #93] Starting live arbs fetch...
2026-02-14 15:48:30.841 - 📥 Fetching live arbs from API...
2026-02-14 15:48:31.046 - ✅ 📥 API returned 0 events
2026-02-14 15:48:31.046 - 🔄 ⚡ ℹ️ Processing 0 events...
2026-02-14 15:48:31.046 - ❌ 🔄 Response validation failed: Errors: 1, Warnings: 1, Info: 1
2026-02-14 15:48:31.046 - ⚠️ 🔄 No events in response
2026-02-14 15:48:31.047 - 🔄 ℹ️ Transforming 0 parsed items to entities...
2026-02-14 15:48:31.047 - 💾 ℹ️ Saving 0 opportunities to database...
2026-02-14 15:48:31.047 - 💾 ℹ️ Processing 0 opportunities for database save...
2026-02-14 15:48:31.047 - ℹ️ 💾 No opportunities to save
2026-02-14 15:48:31.047 - ✅ 📥 Live arbs ingestion completed: 0 opportunities saved in 206ms
2026-02-14 15:48:32.834 - 🔄 📥 [Poll #94] Starting live arbs fetch...
2026-02-14 15:48:32.835 - 📥 Fetching live arbs from API...
2026-02-14 15:48:33.081 - ✅ 📥 API returned 0 events
2026-02-14 15:48:33.081 - 🔄 ⚡ ℹ️ Processing 0 events...
2026-02-14 15:48:33.082 - ❌ 🔄 Response validation failed: Errors: 1, Warnings: 1, Info: 1
2026-02-14 15:48:33.082 - ⚠️ 🔄 No events in response
2026-02-14 15:48:33.082 - 🔄 ℹ️ Transforming 0 parsed items to entities...
2026-02-14 15:48:33.082 - 💾 ℹ️ Saving 0 opportunities to database...
2026-02-14 15:48:33.082 - 💾 ℹ️ Processing 0 opportunities for database save...
2026-02-14 15:48:33.082 - ℹ️ 💾 No opportunities to save
2026-02-14 15:48:33.082 - ✅ 📥 Live arbs ingestion completed: 0 opportunities saved in 247ms
2026-02-14 15:48:34.834 - 🔄 📥 [Poll #95] Starting live arbs fetch...
2026-02-14 15:48:34.834 - 📥 Fetching live arbs from API...
2026-02-14 15:48:35.045 - ✅ 📥 API returned 0 events
2026-02-14 15:48:35.045 - 🔄 ⚡ ℹ️ Processing 0 events...
2026-02-14 15:48:35.045 - ❌ 🔄 Response validation failed: Errors: 1, Warnings: 1, Info: 1
2026-02-14 15:48:35.045 - ⚠️ 🔄 No events in response
2026-02-14 15:48:35.045 - 🔄 ℹ️ Transforming 0 parsed items to entities...
2026-02-14 15:48:35.045 - 💾 ℹ️ Saving 0 opportunities to database...
2026-02-14 15:48:35.045 - 💾 ℹ️ Processing 0 opportunities for database save...
2026-02-14 15:48:35.045 - ℹ️ 💾 No opportunities to save
2026-02-14 15:48:35.045 - ✅ 📥 Live arbs ingestion completed: 0 opportunities saved in 211ms
2026-02-14 15:48:36.834 - 🔄 📥 [Poll #96] Starting live arbs fetch...
2026-02-14 15:48:37.379 - 📥 Fetching live arbs from API...
2026-02-14 15:48:37.687 - ✅ 📥 API returned 0 events
2026-02-14 15:48:37.687 - 🔄 ⚡ ℹ️ Processing 0 events...
2026-02-14 15:48:37.687 - ❌ 🔄 Response validation failed: Errors: 1, Warnings: 1, Info: 1
2026-02-14 15:48:37.687 - ⚠️ 🔄 No events in response
2026-02-14 15:48:37.687 - 🔄 ℹ️ Transforming 0 parsed items to entities...
2026-02-14 15:48:37.687 - 💾 ℹ️ Saving 0 opportunities to database...
2026-02-14 15:48:37.687 - 💾 ℹ️ Processing 0 opportunities for database save...
2026-02-14 15:48:37.687 - ℹ️ 💾 No opportunities to save
2026-02-14 15:48:37.687 - ✅ 📥 Live arbs ingestion completed: 0 opportunities saved in 308ms
2026-02-14 15:48:38.835 - 🔄 📥 [Poll #97] Starting live arbs fetch...
2026-02-14 15:48:38.835 - 📥 Fetching live arbs from API...
2026-02-14 15:48:39.066 - ✅ 📥 API returned 0 events
2026-02-14 15:48:39.066 - 🔄 ⚡ ℹ️ Processing 0 events...
2026-02-14 15:48:39.066 - ❌ 🔄 Response validation failed: Errors: 1, Warnings: 1, Info: 1
2026-02-14 15:48:39.066 - ⚠️ 🔄 No events in response
2026-02-14 15:48:39.066 - 🔄 ℹ️ Transforming 0 parsed items to entities...
2026-02-14 15:48:39.066 - 💾 ℹ️ Saving 0 opportunities to database...
2026-02-14 15:48:39.066 - 💾 ℹ️ Processing 0 opportunities for database save...
2026-02-14 15:48:39.066 - ℹ️ 💾 No opportunities to save
2026-02-14 15:48:39.066 - ✅ 📥 Live arbs ingestion completed: 0 opportunities saved in 231ms
2026-02-14 15:48:40.833 - 🔄 📥 [Poll #98] Starting live arbs fetch...
2026-02-14 15:48:40.833 - 📥 Fetching live arbs from API...
2026-02-14 15:48:42.202 - ✅ 📥 API returned 0 events
2026-02-14 15:48:42.202 - 🔄 ⚡ ℹ️ Processing 0 events...
2026-02-14 15:48:42.202 - ❌ 🔄 Response validation failed: Errors: 1, Warnings: 1, Info: 1
2026-02-14 15:48:42.203 - ⚠️ 🔄 No events in response
2026-02-14 15:48:42.203 - 🔄 ℹ️ Transforming 0 parsed items to entities...
2026-02-14 15:48:42.203 - 💾 ℹ️ Saving 0 opportunities to database...
2026-02-14 15:48:42.203 - 💾 ℹ️ Processing 0 opportunities for database save...
2026-02-14 15:48:42.203 - ℹ️ 💾 No opportunities to save
2026-02-14 15:48:42.203 - ✅ 📥 Live arbs ingestion completed: 0 opportunities saved in 1370ms
2026-02-14 15:48:42.882 - 🔄 📥 [Poll #99] Starting live arbs fetch...
2026-02-14 15:48:42.883 - 📥 Fetching live arbs from API...
2026-02-14 15:48:43.153 - ✅ 📥 API returned 0 events
2026-02-14 15:48:43.153 - 🔄 ⚡ ℹ️ Processing 0 events...
2026-02-14 15:48:43.154 - ❌ 🔄 Response validation failed: Errors: 1, Warnings: 1, Info: 1
2026-02-14 15:48:43.154 - ⚠️ 🔄 No events in response
2026-02-14 15:48:43.154 - 🔄 ℹ️ Transforming 0 parsed items to entities...
2026-02-14 15:48:43.155 - 💾 ℹ️ Saving 0 opportunities to database...
2026-02-14 15:48:43.158 - 💾 ℹ️ Processing 0 opportunities for database save...
2026-02-14 15:48:43.159 - ℹ️ 💾 No opportunities to save
2026-02-14 15:48:43.159 - ✅ 📥 Live arbs ingestion completed: 0 opportunities saved in 277ms
2026-02-14 15:48:44.844 - 🔄 📥 [Poll #100] Starting live arbs fetch...
2026-02-14 15:48:44.845 - 📥 Fetching live arbs from API...
2026-02-14 15:48:45.130 - ✅ 📥 API returned 0 events
2026-02-14 15:48:45.130 - 🔄 ⚡ ℹ️ Processing 0 events...
2026-02-14 15:48:45.130 - ❌ 🔄 Response validation failed: Errors: 1, Warnings: 1, Info: 1
2026-02-14 15:48:45.130 - ⚠️ 🔄 No events in response
2026-02-14 15:48:45.130 - 🔄 ℹ️ Transforming 0 parsed items to entities...
2026-02-14 15:48:45.130 - 💾 ℹ️ Saving 0 opportunities to database...
2026-02-14 15:48:45.130 - 💾 ℹ️ Processing 0 opportunities for database save...
2026-02-14 15:48:45.130 - ℹ️ 💾 No opportunities to save
2026-02-14 15:48:45.130 - ✅ 📥 Live arbs ingestion completed: 0 opportunities saved in 285ms
2026-02-14 15:48:46.834 - 🔄 📥 [Poll #101] Starting live arbs fetch...
2026-02-14 15:48:46.834 - 📥 Fetching live arbs from API...
2026-02-14 15:48:47.042 - ✅ 📥 API returned 0 events
2026-02-14 15:48:47.042 - 🔄 ⚡ ℹ️ Processing 0 events...
2026-02-14 15:48:47.042 - ❌ 🔄 Response validation failed: Errors: 1, Warnings: 1, Info: 1
2026-02-14 15:48:47.042 - ⚠️ 🔄 No events in response
2026-02-14 15:48:47.042 - 🔄 ℹ️ Transforming 0 parsed items to entities...
2026-02-14 15:48:47.042 - 💾 ℹ️ Saving 0 opportunities to database...
2026-02-14 15:48:47.042 - 💾 ℹ️ Processing 0 opportunities for database save...
2026-02-14 15:48:47.042 - ℹ️ 💾 No opportunities to save
2026-02-14 15:48:47.042 - ✅ 📥 Live arbs ingestion completed: 0 opportunities saved in 208ms
2026-02-14 15:48:48.834 - 🔄 📥 [Poll #102] Starting live arbs fetch...
2026-02-14 15:48:48.834 - 📥 Fetching live arbs from API...
2026-02-14 15:48:49.064 - ✅ 📥 API returned 0 events
2026-02-14 15:48:49.064 - 🔄 ⚡ ℹ️ Processing 0 events...
2026-02-14 15:48:49.064 - ❌ 🔄 Response validation failed: Errors: 1, Warnings: 1, Info: 1
2026-02-14 15:48:49.064 - ⚠️ 🔄 No events in response
2026-02-14 15:48:49.064 - 🔄 ℹ️ Transforming 0 parsed items to entities...
2026-02-14 15:48:49.064 - 💾 ℹ️ Saving 0 opportunities to database...
2026-02-14 15:48:49.064 - 💾 ℹ️ Processing 0 opportunities for database save...
2026-02-14 15:48:49.064 - ℹ️ 💾 No opportunities to save
2026-02-14 15:48:49.064 - ✅ 📥 Live arbs ingestion completed: 0 opportunities saved in 230ms
2026-02-14 15:48:50.835 - 🔄 📥 [Poll #103] Starting live arbs fetch...
2026-02-14 15:48:50.835 - 📥 Fetching live arbs from API...
2026-02-14 15:48:51.053 - ✅ 📥 API returned 0 events
2026-02-14 15:48:51.053 - 🔄 ⚡ ℹ️ Processing 0 events...
2026-02-14 15:48:51.053 - ❌ 🔄 Response validation failed: Errors: 1, Warnings: 1, Info: 1
2026-02-14 15:48:51.053 - ⚠️ 🔄 No events in response
2026-02-14 15:48:51.054 - 🔄 ℹ️ Transforming 0 parsed items to entities...
2026-02-14 15:48:51.054 - 💾 ℹ️ Saving 0 opportunities to database...
2026-02-14 15:48:51.054 - 💾 ℹ️ Processing 0 opportunities for database save...
2026-02-14 15:48:51.054 - ℹ️ 💾 No opportunities to save
2026-02-14 15:48:51.055 - ✅ 📥 Live arbs ingestion completed: 0 opportunities saved in 220ms
2026-02-14 15:48:52.834 - 🔄 📥 [Poll #104] Starting live arbs fetch...
2026-02-14 15:48:52.834 - 📥 Fetching live arbs from API...
2026-02-14 15:48:53.045 - ✅ 📥 API returned 0 events
2026-02-14 15:48:53.045 - 🔄 ⚡ ℹ️ Processing 0 events...
2026-02-14 15:48:53.045 - ❌ 🔄 Response validation failed: Errors: 1, Warnings: 1, Info: 1
2026-02-14 15:48:53.045 - ⚠️ 🔄 No events in response
2026-02-14 15:48:53.046 - 🔄 ℹ️ Transforming 0 parsed items to entities...
2026-02-14 15:48:53.046 - 💾 ℹ️ Saving 0 opportunities to database...
2026-02-14 15:48:53.046 - 💾 ℹ️ Processing 0 opportunities for database save...
2026-02-14 15:48:53.046 - ℹ️ 💾 No opportunities to save
2026-02-14 15:48:53.046 - ✅ 📥 Live arbs ingestion completed: 0 opportunities saved in 212ms
2026-02-14 15:48:54.833 - 🔄 📥 [Poll #105] Starting live arbs fetch...
2026-02-14 15:48:54.833 - 📥 Fetching live arbs from API...
2026-02-14 15:48:55.047 - ✅ 📥 API returned 0 events
2026-02-14 15:48:55.047 - 🔄 ⚡ ℹ️ Processing 0 events...
2026-02-14 15:48:55.047 - ❌ 🔄 Response validation failed: Errors: 1, Warnings: 1, Info: 1
2026-02-14 15:48:55.047 - ⚠️ 🔄 No events in response
2026-02-14 15:48:55.047 - 🔄 ℹ️ Transforming 0 parsed items to entities...
2026-02-14 15:48:55.047 - 💾 ℹ️ Saving 0 opportunities to database...
2026-02-14 15:48:55.047 - 💾 ℹ️ Processing 0 opportunities for database save...
2026-02-14 15:48:55.047 - ℹ️ 💾 No opportunities to save
2026-02-14 15:48:55.047 - ✅ 📥 Live arbs ingestion completed: 0 opportunities saved in 214ms
2026-02-14 15:48:56.833 - 🔄 📥 [Poll #106] Starting live arbs fetch...
2026-02-14 15:48:56.833 - 📥 Fetching live arbs from API...
2026-02-14 15:48:57.041 - ✅ 📥 API returned 0 events
2026-02-14 15:48:57.041 - 🔄 ⚡ ℹ️ Processing 0 events...
2026-02-14 15:48:57.042 - ❌ 🔄 Response validation failed: Errors: 1, Warnings: 1, Info: 1
2026-02-14 15:48:57.042 - ⚠️ 🔄 No events in response
2026-02-14 15:48:57.042 - 🔄 ℹ️ Transforming 0 parsed items to entities...
2026-02-14 15:48:57.042 - 💾 ℹ️ Saving 0 opportunities to database...
2026-02-14 15:48:57.042 - 💾 ℹ️ Processing 0 opportunities for database save...
2026-02-14 15:48:57.042 - ℹ️ 💾 No opportunities to save
2026-02-14 15:48:57.042 - ✅ 📥 Live arbs ingestion completed: 0 opportunities saved in 209ms
2026-02-14 15:48:58.833 - 🔄 📥 [Poll #107] Starting live arbs fetch...
2026-02-14 15:48:58.833 - 📥 Fetching live arbs from API...
2026-02-14 15:48:59.041 - ✅ 📥 API returned 0 events
2026-02-14 15:48:59.041 - 🔄 ⚡ ℹ️ Processing 0 events...
2026-02-14 15:48:59.042 - ❌ 🔄 Response validation failed: Errors: 1, Warnings: 1, Info: 1
2026-02-14 15:48:59.042 - ⚠️ 🔄 No events in response
2026-02-14 15:48:59.042 - 🔄 ℹ️ Transforming 0 parsed items to entities...
2026-02-14 15:48:59.042 - 💾 ℹ️ Saving 0 opportunities to database...
2026-02-14 15:48:59.042 - 💾 ℹ️ Processing 0 opportunities for database save...
2026-02-14 15:48:59.042 - ℹ️ 💾 No opportunities to save
2026-02-14 15:48:59.042 - ✅ 📥 Live arbs ingestion completed: 0 opportunities saved in 209ms
2026-02-14 15:49:00.835 - 🔄 📥 [Poll #108] Starting live arbs fetch...
2026-02-14 15:49:00.835 - 📥 Fetching live arbs from API...
2026-02-14 15:49:01.059 - ✅ 📥 API returned 0 events
2026-02-14 15:49:01.059 - 🔄 ⚡ ℹ️ Processing 0 events...
2026-02-14 15:49:01.059 - ❌ 🔄 Response validation failed: Errors: 1, Warnings: 1, Info: 1
2026-02-14 15:49:01.059 - ⚠️ 🔄 No events in response
2026-02-14 15:49:01.059 - 🔄 ℹ️ Transforming 0 parsed items to entities...
2026-02-14 15:49:01.059 - 💾 ℹ️ Saving 0 opportunities to database...
2026-02-14 15:49:01.059 - 💾 ℹ️ Processing 0 opportunities for database save...
2026-02-14 15:49:01.059 - ℹ️ 💾 No opportunities to save
2026-02-14 15:49:01.059 - ✅ 📥 Live arbs ingestion completed: 0 opportunities saved in 224ms
2026-02-14 15:49:02.834 - 🔄 📥 [Poll #109] Starting live arbs fetch...
2026-02-14 15:49:02.834 - 📥 Fetching live arbs from API...
2026-02-14 15:49:03.101 - ✅ 📥 API returned 0 events
2026-02-14 15:49:03.101 - 🔄 ⚡ ℹ️ Processing 0 events...
2026-02-14 15:49:03.102 - ❌ 🔄 Response validation failed: Errors: 1, Warnings: 1, Info: 1
2026-02-14 15:49:03.102 - ⚠️ 🔄 No events in response
2026-02-14 15:49:03.103 - 🔄 ℹ️ Transforming 0 parsed items to entities...
2026-02-14 15:49:03.103 - 💾 ℹ️ Saving 0 opportunities to database...
2026-02-14 15:49:03.103 - 💾 ℹ️ Processing 0 opportunities for database save...
2026-02-14 15:49:03.103 - ℹ️ 💾 No opportunities to save
2026-02-14 15:49:03.103 - ✅ 📥 Live arbs ingestion completed: 0 opportunities saved in 269ms
2026-02-14 15:49:04.834 - 🔄 📥 [Poll #110] Starting live arbs fetch...
2026-02-14 15:49:04.834 - 📥 Fetching live arbs from API...
2026-02-14 15:49:05.032 - ✅ 📥 API returned 0 events
2026-02-14 15:49:05.032 - 🔄 ⚡ ℹ️ Processing 0 events...
2026-02-14 15:49:05.032 - ❌ 🔄 Response validation failed: Errors: 1, Warnings: 1, Info: 1
2026-02-14 15:49:05.032 - ⚠️ 🔄 No events in response
2026-02-14 15:49:05.032 - 🔄 ℹ️ Transforming 0 parsed items to entities...
2026-02-14 15:49:05.032 - 💾 ℹ️ Saving 0 opportunities to database...
2026-02-14 15:49:05.032 - 💾 ℹ️ Processing 0 opportunities for database save...
2026-02-14 15:49:05.032 - ℹ️ 💾 No opportunities to save
2026-02-14 15:49:05.032 - ✅ 📥 Live arbs ingestion completed: 0 opportunities saved in 198ms
2026-02-14 15:49:06.838 - 🔄 📥 [Poll #111] Starting live arbs fetch...
2026-02-14 15:49:06.838 - 📥 Fetching live arbs from API...
2026-02-14 15:49:07.120 - ✅ 📥 API returned 0 events
2026-02-14 15:49:07.120 - 🔄 ⚡ ℹ️ Processing 0 events...
2026-02-14 15:49:07.120 - ❌ 🔄 Response validation failed: Errors: 1, Warnings: 1, Info: 1
2026-02-14 15:49:07.120 - ⚠️ 🔄 No events in response
2026-02-14 15:49:07.120 - 🔄 ℹ️ Transforming 0 parsed items to entities...
2026-02-14 15:49:07.120 - 💾 ℹ️ Saving 0 opportunities to database...
2026-02-14 15:49:07.120 - 💾 ℹ️ Processing 0 opportunities for database save...
2026-02-14 15:49:07.120 - ℹ️ 💾 No opportunities to save
2026-02-14 15:49:07.120 - ✅ 📥 Live arbs ingestion completed: 0 opportunities saved in 282ms
2026-02-14 15:49:08.834 - 🔄 📥 [Poll #112] Starting live arbs fetch...
2026-02-14 15:49:08.834 - 📥 Fetching live arbs from API...
2026-02-14 15:49:09.026 - ✅ 📥 API returned 0 events
2026-02-14 15:49:09.026 - 🔄 ⚡ ℹ️ Processing 0 events...
2026-02-14 15:49:09.026 - ❌ 🔄 Response validation failed: Errors: 1, Warnings: 1, Info: 1
2026-02-14 15:49:09.026 - ⚠️ 🔄 No events in response
2026-02-14 15:49:09.026 - 🔄 ℹ️ Transforming 0 parsed items to entities...
2026-02-14 15:49:09.026 - 💾 ℹ️ Saving 0 opportunities to database...
2026-02-14 15:49:09.026 - 💾 ℹ️ Processing 0 opportunities for database save...
2026-02-14 15:49:09.026 - ℹ️ 💾 No opportunities to save
2026-02-14 15:49:09.026 - ✅ 📥 Live arbs ingestion completed: 0 opportunities saved in 192ms
2026-02-14 15:49:10.839 - 🔄 📥 [Poll #113] Starting live arbs fetch...
2026-02-14 15:49:10.839 - 📥 Fetching live arbs from API...
2026-02-14 15:49:11.049 - ✅ 📥 API returned 0 events
2026-02-14 15:49:11.049 - 🔄 ⚡ ℹ️ Processing 0 events...
2026-02-14 15:49:11.049 - ❌ 🔄 Response validation failed: Errors: 1, Warnings: 1, Info: 1
2026-02-14 15:49:11.049 - ⚠️ 🔄 No events in response
2026-02-14 15:49:11.050 - 🔄 ℹ️ Transforming 0 parsed items to entities...
2026-02-14 15:49:11.050 - 💾 ℹ️ Saving 0 opportunities to database...
2026-02-14 15:49:11.050 - 💾 ℹ️ Processing 0 opportunities for database save...
2026-02-14 15:49:11.050 - ℹ️ 💾 No opportunities to save
2026-02-14 15:49:11.050 - ✅ 📥 Live arbs ingestion completed: 0 opportunities saved in 211ms
2026-02-14 15:49:12.838 - 🔄 📥 [Poll #114] Starting live arbs fetch...
2026-02-14 15:49:12.838 - 📥 Fetching live arbs from API...
2026-02-14 15:49:13.052 - ✅ 📥 API returned 0 events
2026-02-14 15:49:13.052 - 🔄 ⚡ ℹ️ Processing 0 events...
2026-02-14 15:49:13.052 - ❌ 🔄 Response validation failed: Errors: 1, Warnings: 1, Info: 1
2026-02-14 15:49:13.052 - ⚠️ 🔄 No events in response
2026-02-14 15:49:13.052 - 🔄 ℹ️ Transforming 0 parsed items to entities...
2026-02-14 15:49:13.052 - 💾 ℹ️ Saving 0 opportunities to database...
2026-02-14 15:49:13.052 - 💾 ℹ️ Processing 0 opportunities for database save...
2026-02-14 15:49:13.052 - ℹ️ 💾 No opportunities to save
2026-02-14 15:49:13.053 - ✅ 📥 Live arbs ingestion completed: 0 opportunities saved in 215ms
2026-02-14 15:49:14.833 - 🔄 📥 [Poll #115] Starting live arbs fetch...
2026-02-14 15:49:14.833 - 📥 Fetching live arbs from API...
2026-02-14 15:49:15.041 - ✅ 📥 API returned 0 events
2026-02-14 15:49:15.041 - 🔄 ⚡ ℹ️ Processing 0 events...
2026-02-14 15:49:15.041 - ❌ 🔄 Response validation failed: Errors: 1, Warnings: 1, Info: 1
2026-02-14 15:49:15.041 - ⚠️ 🔄 No events in response
2026-02-14 15:49:15.041 - 🔄 ℹ️ Transforming 0 parsed items to entities...
2026-02-14 15:49:15.041 - 💾 ℹ️ Saving 0 opportunities to database...
2026-02-14 15:49:15.042 - 💾 ℹ️ Processing 0 opportunities for database save...
2026-02-14 15:49:15.042 - ℹ️ 💾 No opportunities to save
2026-02-14 15:49:15.042 - ✅ 📥 Live arbs ingestion completed: 0 opportunities saved in 209ms
2026-02-14 15:49:16.833 - 🔄 📥 [Poll #116] Starting live arbs fetch...
2026-02-14 15:49:16.834 - 📥 Fetching live arbs from API...
2026-02-14 15:49:17.049 - ✅ 📥 API returned 0 events
2026-02-14 15:49:17.049 - 🔄 ⚡ ℹ️ Processing 0 events...
2026-02-14 15:49:17.049 - ❌ 🔄 Response validation failed: Errors: 1, Warnings: 1, Info: 1
2026-02-14 15:49:17.049 - ⚠️ 🔄 No events in response
2026-02-14 15:49:17.049 - 🔄 ℹ️ Transforming 0 parsed items to entities...
2026-02-14 15:49:17.049 - 💾 ℹ️ Saving 0 opportunities to database...
2026-02-14 15:49:17.049 - 💾 ℹ️ Processing 0 opportunities for database save...
2026-02-14 15:49:17.049 - ℹ️ 💾 No opportunities to save
2026-02-14 15:49:17.049 - ✅ 📥 Live arbs ingestion completed: 0 opportunities saved in 215ms
2026-02-14 15:49:18.833 - 🔄 📥 [Poll #117] Starting live arbs fetch...
2026-02-14 15:49:18.833 - 📥 Fetching live arbs from API...
2026-02-14 15:49:19.031 - ✅ 📥 API returned 0 events
2026-02-14 15:49:19.031 - 🔄 ⚡ ℹ️ Processing 0 events...
2026-02-14 15:49:19.031 - ❌ 🔄 Response validation failed: Errors: 1, Warnings: 1, Info: 1
2026-02-14 15:49:19.031 - ⚠️ 🔄 No events in response
2026-02-14 15:49:19.031 - 🔄 ℹ️ Transforming 0 parsed items to entities...
2026-02-14 15:49:19.031 - 💾 ℹ️ Saving 0 opportunities to database...
2026-02-14 15:49:19.031 - 💾 ℹ️ Processing 0 opportunities for database save...
2026-02-14 15:49:19.031 - ℹ️ 💾 No opportunities to save
2026-02-14 15:49:19.031 - ✅ 📥 Live arbs ingestion completed: 0 opportunities saved in 198ms
2026-02-14 15:49:20.834 - 🔄 📥 [Poll #118] Starting live arbs fetch...
2026-02-14 15:49:20.834 - 📥 Fetching live arbs from API...
2026-02-14 15:49:21.053 - ✅ 📥 API returned 0 events
2026-02-14 15:49:21.053 - 🔄 ⚡ ℹ️ Processing 0 events...
2026-02-14 15:49:21.053 - ❌ 🔄 Response validation failed: Errors: 1, Warnings: 1, Info: 1
2026-02-14 15:49:21.053 - ⚠️ 🔄 No events in response
2026-02-14 15:49:21.053 - 🔄 ℹ️ Transforming 0 parsed items to entities...
2026-02-14 15:49:21.053 - 💾 ℹ️ Saving 0 opportunities to database...
2026-02-14 15:49:21.053 - 💾 ℹ️ Processing 0 opportunities for database save...
2026-02-14 15:49:21.053 - ℹ️ 💾 No opportunities to save
2026-02-14 15:49:21.053 - ✅ 📥 Live arbs ingestion completed: 0 opportunities saved in 219ms
2026-02-14 15:49:22.834 - 🔄 📥 [Poll #119] Starting live arbs fetch...
2026-02-14 15:49:22.834 - 📥 Fetching live arbs from API...
2026-02-14 15:49:23.117 - ✅ 📥 API returned 0 events
2026-02-14 15:49:23.117 - 🔄 ⚡ ℹ️ Processing 0 events...
2026-02-14 15:49:23.117 - ❌ 🔄 Response validation failed: Errors: 1, Warnings: 1, Info: 1
2026-02-14 15:49:23.117 - ⚠️ 🔄 No events in response
2026-02-14 15:49:23.117 - 🔄 ℹ️ Transforming 0 parsed items to entities...
2026-02-14 15:49:23.117 - 💾 ℹ️ Saving 0 opportunities to database...
2026-02-14 15:49:23.117 - 💾 ℹ️ Processing 0 opportunities for database save...
2026-02-14 15:49:23.117 - ℹ️ 💾 No opportunities to save
2026-02-14 15:49:23.117 - ✅ 📥 Live arbs ingestion completed: 0 opportunities saved in 283ms
2026-02-14 15:49:24.834 - 🔄 📥 [Poll #120] Starting live arbs fetch...
2026-02-14 15:49:24.834 - 📥 Fetching live arbs from API...
2026-02-14 15:49:25.056 - ✅ 📥 API returned 0 events
2026-02-14 15:49:25.056 - 🔄 ⚡ ℹ️ Processing 0 events...
2026-02-14 15:49:25.057 - ❌ 🔄 Response validation failed: Errors: 1, Warnings: 1, Info: 1
2026-02-14 15:49:25.057 - ⚠️ 🔄 No events in response
2026-02-14 15:49:25.057 - 🔄 ℹ️ Transforming 0 parsed items to entities...
2026-02-14 15:49:25.058 - 💾 ℹ️ Saving 0 opportunities to database...
2026-02-14 15:49:25.058 - 💾 ℹ️ Processing 0 opportunities for database save...
2026-02-14 15:49:25.058 - ℹ️ 💾 No opportunities to save
2026-02-14 15:49:25.058 - ✅ 📥 Live arbs ingestion completed: 0 opportunities saved in 224ms
2026-02-14 15:49:25.090 - 📊 ℹ️ Current Statistics:
2026-02-14 15:49:25.090 - 📊 Total Active: 2
2026-02-14 15:49:25.091 - 📊 Fresh Active: 0 (0.0%)
2026-02-14 15:49:25.091 - 📊 Stale Active: 2 (100.0%)
2026-02-14 15:49:25.091 - 📊 Average Profit: 17.04%
2026-02-14 15:49:26.834 - 🔄 📥 [Poll #121] Starting live arbs fetch...
2026-02-14 15:49:26.834 - 📥 Fetching live arbs from API...
2026-02-14 15:49:27.047 - ✅ 📥 API returned 0 events
2026-02-14 15:49:27.047 - 🔄 ⚡ ℹ️ Processing 0 events...
2026-02-14 15:49:27.047 - ❌ 🔄 Response validation failed: Errors: 1, Warnings: 1, Info: 1
2026-02-14 15:49:27.047 - ⚠️ 🔄 No events in response
2026-02-14 15:49:27.047 - 🔄 ℹ️ Transforming 0 parsed items to entities...
2026-02-14 15:49:27.047 - 💾 ℹ️ Saving 0 opportunities to database...
2026-02-14 15:49:27.047 - 💾 ℹ️ Processing 0 opportunities for database save...
2026-02-14 15:49:27.047 - ℹ️ 💾 No opportunities to save
2026-02-14 15:49:27.047 - ✅ 📥 Live arbs ingestion completed: 0 opportunities saved in 213ms
2026-02-14 15:49:28.834 - 🔄 📥 [Poll #122] Starting live arbs fetch...
2026-02-14 15:49:28.834 - 📥 Fetching live arbs from API...
2026-02-14 15:49:29.043 - ✅ 📥 API returned 0 events
2026-02-14 15:49:29.043 - 🔄 ⚡ ℹ️ Processing 0 events...
2026-02-14 15:49:29.043 - ❌ 🔄 Response validation failed: Errors: 1, Warnings: 1, Info: 1
2026-02-14 15:49:29.043 - ⚠️ 🔄 No events in response
2026-02-14 15:49:29.043 - 🔄 ℹ️ Transforming 0 parsed items to entities...
2026-02-14 15:49:29.043 - 💾 ℹ️ Saving 0 opportunities to database...
2026-02-14 15:49:29.043 - 💾 ℹ️ Processing 0 opportunities for database save...
2026-02-14 15:49:29.043 - ℹ️ 💾 No opportunities to save
2026-02-14 15:49:29.044 - ✅ 📥 Live arbs ingestion completed: 0 opportunities saved in 210ms
2026-02-14 15:49:30.835 - 🔄 📥 [Poll #123] Starting live arbs fetch...
2026-02-14 15:49:30.835 - 📥 Fetching live arbs from API...
2026-02-14 15:49:31.149 - ✅ 📥 API returned 0 events
2026-02-14 15:49:31.149 - 🔄 ⚡ ℹ️ Processing 0 events...
2026-02-14 15:49:31.149 - ❌ 🔄 Response validation failed: Errors: 1, Warnings: 1, Info: 1
2026-02-14 15:49:31.149 - ⚠️ 🔄 No events in response
2026-02-14 15:49:31.149 - 🔄 ℹ️ Transforming 0 parsed items to entities...
2026-02-14 15:49:31.149 - 💾 ℹ️ Saving 0 opportunities to database...
2026-02-14 15:49:31.149 - 💾 ℹ️ Processing 0 opportunities for database save...
2026-02-14 15:49:31.149 - ℹ️ 💾 No opportunities to save
2026-02-14 15:49:31.149 - ✅ 📥 Live arbs ingestion completed: 0 opportunities saved in 314ms
2026-02-14 15:49:32.835 - 🔄 📥 [Poll #124] Starting live arbs fetch...
2026-02-14 15:49:32.835 - 📥 Fetching live arbs from API...
2026-02-14 15:49:33.042 - ✅ 📥 API returned 0 events
2026-02-14 15:49:33.042 - 🔄 ⚡ ℹ️ Processing 0 events...
2026-02-14 15:49:33.042 - ❌ 🔄 Response validation failed: Errors: 1, Warnings: 1, Info: 1
2026-02-14 15:49:33.042 - ⚠️ 🔄 No events in response
2026-02-14 15:49:33.043 - 🔄 ℹ️ Transforming 0 parsed items to entities...
2026-02-14 15:49:33.043 - 💾 ℹ️ Saving 0 opportunities to database...
2026-02-14 15:49:33.043 - 💾 ℹ️ Processing 0 opportunities for database save...
2026-02-14 15:49:33.043 - ℹ️ 💾 No opportunities to save
2026-02-14 15:49:33.043 - ✅ 📥 Live arbs ingestion completed: 0 opportunities saved in 208ms
2026-02-14 15:49:34.835 - 🔄 📥 [Poll #125] Starting live arbs fetch...
2026-02-14 15:49:34.835 - 📥 Fetching live arbs from API...
2026-02-14 15:49:35.031 - ✅ 📥 API returned 0 events
2026-02-14 15:49:35.032 - 🔄 ⚡ ℹ️ Processing 0 events...
2026-02-14 15:49:35.032 - ❌ 🔄 Response validation failed: Errors: 1, Warnings: 1, Info: 1
2026-02-14 15:49:35.032 - ⚠️ 🔄 No events in response
2026-02-14 15:49:35.032 - 🔄 ℹ️ Transforming 0 parsed items to entities...
2026-02-14 15:49:35.032 - 💾 ℹ️ Saving 0 opportunities to database...
2026-02-14 15:49:35.032 - 💾 ℹ️ Processing 0 opportunities for database save...
2026-02-14 15:49:35.032 - ℹ️ 💾 No opportunities to save
2026-02-14 15:49:35.032 - ✅ 📥 Live arbs ingestion completed: 0 opportunities saved in 197ms
2026-02-14 15:49:36.834 - 🔄 📥 [Poll #126] Starting live arbs fetch...
2026-02-14 15:49:36.834 - 📥 Fetching live arbs from API...
2026-02-14 15:49:37.039 - ✅ 📥 API returned 0 events
2026-02-14 15:49:37.039 - 🔄 ⚡ ℹ️ Processing 0 events...
2026-02-14 15:49:37.040 - ❌ 🔄 Response validation failed: Errors: 1, Warnings: 1, Info: 1
2026-02-14 15:49:37.040 - ⚠️ 🔄 No events in response
2026-02-14 15:49:37.040 - 🔄 ℹ️ Transforming 0 parsed items to entities...
2026-02-14 15:49:37.040 - 💾 ℹ️ Saving 0 opportunities to database...
2026-02-14 15:49:37.040 - 💾 ℹ️ Processing 0 opportunities for database save...
2026-02-14 15:49:37.040 - ℹ️ 💾 No opportunities to save
2026-02-14 15:49:37.040 - ✅ 📥 Live arbs ingestion completed: 0 opportunities saved in 206ms
2026-02-14 15:49:38.834 - 🔄 📥 [Poll #127] Starting live arbs fetch...
2026-02-14 15:49:38.834 - 📥 Fetching live arbs from API...
2026-02-14 15:49:39.047 - ✅ 📥 API returned 0 events
2026-02-14 15:49:39.047 - 🔄 ⚡ ℹ️ Processing 0 events...
2026-02-14 15:49:39.048 - ❌ 🔄 Response validation failed: Errors: 1, Warnings: 1, Info: 1
2026-02-14 15:49:39.048 - ⚠️ 🔄 No events in response
2026-02-14 15:49:39.048 - 🔄 ℹ️ Transforming 0 parsed items to entities...
2026-02-14 15:49:39.048 - 💾 ℹ️ Saving 0 opportunities to database...
2026-02-14 15:49:39.049 - 💾 ℹ️ Processing 0 opportunities for database save...
2026-02-14 15:49:39.049 - ℹ️ 💾 No opportunities to save
2026-02-14 15:49:39.049 - ✅ 📥 Live arbs ingestion completed: 0 opportunities saved in 215ms
2026-02-14 15:49:40.833 - 🔄 📥 [Poll #128] Starting live arbs fetch...
2026-02-14 15:49:40.833 - 📥 Fetching live arbs from API...
2026-02-14 15:49:41.049 - ✅ 📥 API returned 0 events
2026-02-14 15:49:41.049 - 🔄 ⚡ ℹ️ Processing 0 events...
2026-02-14 15:49:41.050 - ❌ 🔄 Response validation failed: Errors: 1, Warnings: 1, Info: 1
2026-02-14 15:49:41.050 - ⚠️ 🔄 No events in response
2026-02-14 15:49:41.050 - 🔄 ℹ️ Transforming 0 parsed items to entities...
2026-02-14 15:49:41.050 - 💾 ℹ️ Saving 0 opportunities to database...
2026-02-14 15:49:41.050 - 💾 ℹ️ Processing 0 opportunities for database save...
2026-02-14 15:49:41.050 - ℹ️ 💾 No opportunities to save
2026-02-14 15:49:41.050 - ✅ 📥 Live arbs ingestion completed: 0 opportunities saved in 217ms
2026-02-14 15:49:42.834 - 🔄 📥 [Poll #129] Starting live arbs fetch...
2026-02-14 15:49:42.834 - 📥 Fetching live arbs from API...
2026-02-14 15:49:43.051 - ✅ 📥 API returned 0 events
2026-02-14 15:49:43.051 - 🔄 ⚡ ℹ️ Processing 0 events...
2026-02-14 15:49:43.052 - ❌ 🔄 Response validation failed: Errors: 1, Warnings: 1, Info: 1
2026-02-14 15:49:43.052 - ⚠️ 🔄 No events in response
2026-02-14 15:49:43.052 - 🔄 ℹ️ Transforming 0 parsed items to entities...
2026-02-14 15:49:43.052 - 💾 ℹ️ Saving 0 opportunities to database...
2026-02-14 15:49:43.052 - 💾 ℹ️ Processing 0 opportunities for database save...
2026-02-14 15:49:43.052 - ℹ️ 💾 No opportunities to save
2026-02-14 15:49:43.052 - ✅ 📥 Live arbs ingestion completed: 0 opportunities saved in 218ms
2026-02-14 15:49:44.833 - 🔄 📥 [Poll #130] Starting live arbs fetch...
2026-02-14 15:49:44.833 - 📥 Fetching live arbs from API...
2026-02-14 15:49:45.046 - ✅ 📥 API returned 0 events
2026-02-14 15:49:45.046 - 🔄 ⚡ ℹ️ Processing 0 events...
2026-02-14 15:49:45.046 - ❌ 🔄 Response validation failed: Errors: 1, Warnings: 1, Info: 1
2026-02-14 15:49:45.046 - ⚠️ 🔄 No events in response
2026-02-14 15:49:45.046 - 🔄 ℹ️ Transforming 0 parsed items to entities...
2026-02-14 15:49:45.046 - 💾 ℹ️ Saving 0 opportunities to database...
2026-02-14 15:49:45.046 - 💾 ℹ️ Processing 0 opportunities for database save...
2026-02-14 15:49:45.046 - ℹ️ 💾 No opportunities to save
2026-02-14 15:49:45.046 - ✅ 📥 Live arbs ingestion completed: 0 opportunities saved in 213ms
2026-02-14 15:49:46.833 - 🔄 📥 [Poll #131] Starting live arbs fetch...
2026-02-14 15:49:46.833 - 📥 Fetching live arbs from API...
2026-02-14 15:49:47.064 - ✅ 📥 API returned 0 events
2026-02-14 15:49:47.064 - 🔄 ⚡ ℹ️ Processing 0 events...
2026-02-14 15:49:47.064 - ❌ 🔄 Response validation failed: Errors: 1, Warnings: 1, Info: 1
2026-02-14 15:49:47.064 - ⚠️ 🔄 No events in response
2026-02-14 15:49:47.064 - 🔄 ℹ️ Transforming 0 parsed items to entities...
2026-02-14 15:49:47.064 - 💾 ℹ️ Saving 0 opportunities to database...
2026-02-14 15:49:47.065 - 💾 ℹ️ Processing 0 opportunities for database save...
2026-02-14 15:49:47.065 - ℹ️ 💾 No opportunities to save
2026-02-14 15:49:47.065 - ✅ 📥 Live arbs ingestion completed: 0 opportunities saved in 232ms
2026-02-14 15:49:48.860 - 🔄 📥 [Poll #132] Starting live arbs fetch...
2026-02-14 15:49:48.862 - 📥 Fetching live arbs from API...
2026-02-14 15:49:49.069 - ✅ 📥 API returned 0 events
2026-02-14 15:49:49.070 - 🔄 ⚡ ℹ️ Processing 0 events...
2026-02-14 15:49:49.070 - ❌ 🔄 Response validation failed: Errors: 1, Warnings: 1, Info: 1
2026-02-14 15:49:49.070 - ⚠️ 🔄 No events in response
2026-02-14 15:49:49.070 - 🔄 ℹ️ Transforming 0 parsed items to entities...
2026-02-14 15:49:49.070 - 💾 ℹ️ Saving 0 opportunities to database...
2026-02-14 15:49:49.070 - 💾 ℹ️ Processing 0 opportunities for database save...
2026-02-14 15:49:49.070 - ℹ️ 💾 No opportunities to save
2026-02-14 15:49:49.070 - ✅ 📥 Live arbs ingestion completed: 0 opportunities saved in 208ms
2026-02-14 15:49:50.833 - 🔄 📥 [Poll #133] Starting live arbs fetch...
2026-02-14 15:49:50.833 - 📥 Fetching live arbs from API...
2026-02-14 15:49:51.041 - ✅ 📥 API returned 0 events
2026-02-14 15:49:51.041 - 🔄 ⚡ ℹ️ Processing 0 events...
2026-02-14 15:49:51.041 - ❌ 🔄 Response validation failed: Errors: 1, Warnings: 1, Info: 1
2026-02-14 15:49:51.041 - ⚠️ 🔄 No events in response
2026-02-14 15:49:51.041 - 🔄 ℹ️ Transforming 0 parsed items to entities...
2026-02-14 15:49:51.041 - 💾 ℹ️ Saving 0 opportunities to database...
2026-02-14 15:49:51.041 - 💾 ℹ️ Processing 0 opportunities for database save...
2026-02-14 15:49:51.041 - ℹ️ 💾 No opportunities to save
2026-02-14 15:49:51.042 - ✅ 📥 Live arbs ingestion completed: 0 opportunities saved in 209ms
2026-02-14 15:49:52.834 - 🔄 📥 [Poll #134] Starting live arbs fetch...
2026-02-14 15:49:52.834 - 📥 Fetching live arbs from API...
2026-02-14 15:49:53.082 - ✅ 📥 API returned 0 events
2026-02-14 15:49:53.082 - 🔄 ⚡ ℹ️ Processing 0 events...
2026-02-14 15:49:53.082 - ❌ 🔄 Response validation failed: Errors: 1, Warnings: 1, Info: 1
2026-02-14 15:49:53.082 - ⚠️ 🔄 No events in response
2026-02-14 15:49:53.082 - 🔄 ℹ️ Transforming 0 parsed items to entities...
2026-02-14 15:49:53.082 - 💾 ℹ️ Saving 0 opportunities to database...
2026-02-14 15:49:53.082 - 💾 ℹ️ Processing 0 opportunities for database save...
2026-02-14 15:49:53.082 - ℹ️ 💾 No opportunities to save
2026-02-14 15:49:53.082 - ✅ 📥 Live arbs ingestion completed: 0 opportunities saved in 248ms
2026-02-14 15:49:54.835 - 🔄 📥 [Poll #135] Starting live arbs fetch...
2026-02-14 15:49:54.835 - 📥 Fetching live arbs from API...
2026-02-14 15:49:55.323 - ✅ 📥 API returned 0 events
2026-02-14 15:49:55.324 - 🔄 ⚡ ℹ️ Processing 0 events...
2026-02-14 15:49:55.324 - ❌ 🔄 Response validation failed: Errors: 1, Warnings: 1, Info: 1
2026-02-14 15:49:55.324 - ⚠️ 🔄 No events in response
2026-02-14 15:49:55.324 - 🔄 ℹ️ Transforming 0 parsed items to entities...
2026-02-14 15:49:55.324 - 💾 ℹ️ Saving 0 opportunities to database...
2026-02-14 15:49:55.324 - 💾 ℹ️ Processing 0 opportunities for database save...
2026-02-14 15:49:55.324 - ℹ️ 💾 No opportunities to save
2026-02-14 15:49:55.324 - ✅ 📥 Live arbs ingestion completed: 0 opportunities saved in 489ms
2026-02-14 15:49:56.833 - 🔄 📥 [Poll #136] Starting live arbs fetch...
2026-02-14 15:49:56.834 - 📥 Fetching live arbs from API...
2026-02-14 15:49:57.191 - ✅ 📥 API returned 0 events
2026-02-14 15:49:57.191 - 🔄 ⚡ ℹ️ Processing 0 events...
2026-02-14 15:49:57.192 - ❌ 🔄 Response validation failed: Errors: 1, Warnings: 1, Info: 1
2026-02-14 15:49:57.192 - ⚠️ 🔄 No events in response
2026-02-14 15:49:57.192 - 🔄 ℹ️ Transforming 0 parsed items to entities...
2026-02-14 15:49:57.193 - 💾 ℹ️ Saving 0 opportunities to database...
2026-02-14 15:49:57.193 - 💾 ℹ️ Processing 0 opportunities for database save...
2026-02-14 15:49:57.193 - ℹ️ 💾 No opportunities to save
2026-02-14 15:49:57.194 - ✅ 📥 Live arbs ingestion completed: 0 opportunities saved in 360ms
2026-02-14 15:49:58.858 - 🔄 📥 [Poll #137] Starting live arbs fetch...
2026-02-14 15:49:58.858 - 📥 Fetching live arbs from API...
2026-02-14 15:49:59.100 - ✅ 📥 API returned 0 events
2026-02-14 15:49:59.101 - 🔄 ⚡ ℹ️ Processing 0 events...
2026-02-14 15:49:59.101 - ❌ 🔄 Response validation failed: Errors: 1, Warnings: 1, Info: 1
2026-02-14 15:49:59.103 - ⚠️ 🔄 No events in response
2026-02-14 15:49:59.104 - 🔄 ℹ️ Transforming 0 parsed items to entities...
2026-02-14 15:49:59.104 - 💾 ℹ️ Saving 0 opportunities to database...
2026-02-14 15:49:59.104 - 💾 ℹ️ Processing 0 opportunities for database save...
2026-02-14 15:49:59.104 - ℹ️ 💾 No opportunities to save
2026-02-14 15:49:59.105 - ✅ 📥 Live arbs ingestion completed: 0 opportunities saved in 247ms
2026-02-14 15:50:00.834 - 🔄 📥 [Poll #138] Starting live arbs fetch...
2026-02-14 15:50:00.834 - 📥 Fetching live arbs from API...
2026-02-14 15:50:02.141 - ✅ 📥 API returned 0 events
2026-02-14 15:50:02.142 - 🔄 ⚡ ℹ️ Processing 0 events...
2026-02-14 15:50:02.142 - ❌ 🔄 Response validation failed: Errors: 1, Warnings: 1, Info: 1
2026-02-14 15:50:02.142 - ⚠️ 🔄 No events in response
2026-02-14 15:50:02.142 - 🔄 ℹ️ Transforming 0 parsed items to entities...
2026-02-14 15:50:02.142 - 💾 ℹ️ Saving 0 opportunities to database...
2026-02-14 15:50:02.142 - 💾 ℹ️ Processing 0 opportunities for database save...
2026-02-14 15:50:02.142 - ℹ️ 💾 No opportunities to save
2026-02-14 15:50:02.142 - ✅ 📥 Live arbs ingestion completed: 0 opportunities saved in 1308ms
2026-02-14 15:50:02.844 - 🔄 📥 [Poll #139] Starting live arbs fetch...
2026-02-14 15:50:02.845 - 📥 Fetching live arbs from API...
2026-02-14 15:50:03.064 - ✅ 📥 API returned 0 events
2026-02-14 15:50:03.064 - 🔄 ⚡ ℹ️ Processing 0 events...
2026-02-14 15:50:03.064 - ❌ 🔄 Response validation failed: Errors: 1, Warnings: 1, Info: 1
2026-02-14 15:50:03.064 - ⚠️ 🔄 No events in response
2026-02-14 15:50:03.064 - 🔄 ℹ️ Transforming 0 parsed items to entities...
2026-02-14 15:50:03.064 - 💾 ℹ️ Saving 0 opportunities to database...
2026-02-14 15:50:03.064 - 💾 ℹ️ Processing 0 opportunities for database save...
2026-02-14 15:50:03.064 - ℹ️ 💾 No opportunities to save
2026-02-14 15:50:03.064 - ✅ 📥 Live arbs ingestion completed: 0 opportunities saved in 219ms
2026-02-14 15:50:04.833 - 🔄 📥 [Poll #140] Starting live arbs fetch...
2026-02-14 15:50:04.833 - 📥 Fetching live arbs from API...
2026-02-14 15:50:05.044 - ✅ 📥 API returned 0 events
2026-02-14 15:50:05.044 - 🔄 ⚡ ℹ️ Processing 0 events...
2026-02-14 15:50:05.044 - ❌ 🔄 Response validation failed: Errors: 1, Warnings: 1, Info: 1
2026-02-14 15:50:05.044 - ⚠️ 🔄 No events in response
2026-02-14 15:50:05.044 - 🔄 ℹ️ Transforming 0 parsed items to entities...
2026-02-14 15:50:05.044 - 💾 ℹ️ Saving 0 opportunities to database...
2026-02-14 15:50:05.044 - 💾 ℹ️ Processing 0 opportunities for database save...
2026-02-14 15:50:05.044 - ℹ️ 💾 No opportunities to save
2026-02-14 15:50:05.044 - ✅ 📥 Live arbs ingestion completed: 0 opportunities saved in 211ms
2026-02-14 15:50:06.833 - 🔄 📥 [Poll #141] Starting live arbs fetch...
2026-02-14 15:50:06.833 - 📥 Fetching live arbs from API...
2026-02-14 15:50:07.044 - ✅ 📥 API returned 0 events
2026-02-14 15:50:07.044 - 🔄 ⚡ ℹ️ Processing 0 events...
2026-02-14 15:50:07.044 - ❌ 🔄 Response validation failed: Errors: 1, Warnings: 1, Info: 1
2026-02-14 15:50:07.044 - ⚠️ 🔄 No events in response
2026-02-14 15:50:07.045 - 🔄 ℹ️ Transforming 0 parsed items to entities...
2026-02-14 15:50:07.045 - 💾 ℹ️ Saving 0 opportunities to database...
2026-02-14 15:50:07.045 - 💾 ℹ️ Processing 0 opportunities for database save...
2026-02-14 15:50:07.045 - ℹ️ 💾 No opportunities to save
2026-02-14 15:50:07.045 - ✅ 📥 Live arbs ingestion completed: 0 opportunities saved in 212ms
2026-02-14 15:50:08.835 - 🔄 📥 [Poll #142] Starting live arbs fetch...
2026-02-14 15:50:08.836 - 📥 Fetching live arbs from API...
2026-02-14 15:50:09.057 - ✅ 📥 API returned 0 events
2026-02-14 15:50:09.058 - 🔄 ⚡ ℹ️ Processing 0 events...
2026-02-14 15:50:09.058 - ❌ 🔄 Response validation failed: Errors: 1, Warnings: 1, Info: 1
2026-02-14 15:50:09.058 - ⚠️ 🔄 No events in response
2026-02-14 15:50:09.058 - 🔄 ℹ️ Transforming 0 parsed items to entities...
2026-02-14 15:50:09.059 - 💾 ℹ️ Saving 0 opportunities to database...
2026-02-14 15:50:09.059 - 💾 ℹ️ Processing 0 opportunities for database save...
2026-02-14 15:50:09.059 - ℹ️ 💾 No opportunities to save
2026-02-14 15:50:09.059 - ✅ 📥 Live arbs ingestion completed: 0 opportunities saved in 223ms
2026-02-14 15:50:10.834 - 🔄 📥 [Poll #143] Starting live arbs fetch...
2026-02-14 15:50:10.834 - 📥 Fetching live arbs from API...
2026-02-14 15:50:11.044 - ✅ 📥 API returned 0 events
2026-02-14 15:50:11.045 - 🔄 ⚡ ℹ️ Processing 0 events...
2026-02-14 15:50:11.045 - ❌ 🔄 Response validation failed: Errors: 1, Warnings: 1, Info: 1
2026-02-14 15:50:11.045 - ⚠️ 🔄 No events in response
2026-02-14 15:50:11.045 - 🔄 ℹ️ Transforming 0 parsed items to entities...
2026-02-14 15:50:11.045 - 💾 ℹ️ Saving 0 opportunities to database...
2026-02-14 15:50:11.045 - 💾 ℹ️ Processing 0 opportunities for database save...
2026-02-14 15:50:11.045 - ℹ️ 💾 No opportunities to save
2026-02-14 15:50:11.045 - ✅ 📥 Live arbs ingestion completed: 0 opportunities saved in 211ms
2026-02-14 15:50:13.226 - 🔄 📥 [Poll #144] Starting live arbs fetch...
2026-02-14 15:50:13.226 - 📥 Fetching live arbs from API...
2026-02-14 15:50:13.462 - ✅ 📥 API returned 0 events
2026-02-14 15:50:13.462 - 🔄 ⚡ ℹ️ Processing 0 events...
2026-02-14 15:50:13.462 - ❌ 🔄 Response validation failed: Errors: 1, Warnings: 1, Info: 1
2026-02-14 15:50:13.462 - ⚠️ 🔄 No events in response
2026-02-14 15:50:13.462 - 🔄 ℹ️ Transforming 0 parsed items to entities...
2026-02-14 15:50:13.462 - 💾 ℹ️ Saving 0 opportunities to database...
2026-02-14 15:50:13.462 - 💾 ℹ️ Processing 0 opportunities for database save...
2026-02-14 15:50:13.462 - ℹ️ 💾 No opportunities to save
2026-02-14 15:50:13.462 - ✅ 📥 Live arbs ingestion completed: 0 opportunities saved in 236ms
2026-02-14 15:50:14.833 - 🔄 📥 [Poll #145] Starting live arbs fetch...
2026-02-14 15:50:14.833 - 📥 Fetching live arbs from API...
2026-02-14 15:50:15.040 - ✅ 📥 API returned 0 events
2026-02-14 15:50:15.040 - 🔄 ⚡ ℹ️ Processing 0 events...
2026-02-14 15:50:15.040 - ❌ 🔄 Response validation failed: Errors: 1, Warnings: 1, Info: 1
2026-02-14 15:50:15.040 - ⚠️ 🔄 No events in response
2026-02-14 15:50:15.041 - 🔄 ℹ️ Transforming 0 parsed items to entities...
2026-02-14 15:50:15.041 - 💾 ℹ️ Saving 0 opportunities to database...
2026-02-14 15:50:15.041 - 💾 ℹ️ Processing 0 opportunities for database save...
2026-02-14 15:50:15.041 - ℹ️ 💾 No opportunities to save
2026-02-14 15:50:15.041 - ✅ 📥 Live arbs ingestion completed: 0 opportunities saved in 208ms
2026-02-14 15:50:16.849 - 🔄 📥 [Poll #146] Starting live arbs fetch...
2026-02-14 15:50:16.849 - 📥 Fetching live arbs from API...
2026-02-14 15:50:17.076 - ✅ 📥 API returned 0 events
2026-02-14 15:50:17.077 - 🔄 ⚡ ℹ️ Processing 0 events...
2026-02-14 15:50:17.077 - ❌ 🔄 Response validation failed: Errors: 1, Warnings: 1, Info: 1
2026-02-14 15:50:17.077 - ⚠️ 🔄 No events in response
2026-02-14 15:50:17.077 - 🔄 ℹ️ Transforming 0 parsed items to entities...
2026-02-14 15:50:17.077 - 💾 ℹ️ Saving 0 opportunities to database...
2026-02-14 15:50:17.077 - 💾 ℹ️ Processing 0 opportunities for database save...
2026-02-14 15:50:17.077 - ℹ️ 💾 No opportunities to save
2026-02-14 15:50:17.077 - ✅ 📥 Live arbs ingestion completed: 0 opportunities saved in 228ms
2026-02-14 15:50:18.834 - 🔄 📥 [Poll #147] Starting live arbs fetch...
2026-02-14 15:50:18.834 - 📥 Fetching live arbs from API...
2026-02-14 15:50:19.035 - ✅ 📥 API returned 0 events
2026-02-14 15:50:19.035 - 🔄 ⚡ ℹ️ Processing 0 events...
2026-02-14 15:50:19.035 - ❌ 🔄 Response validation failed: Errors: 1, Warnings: 1, Info: 1
2026-02-14 15:50:19.035 - ⚠️ 🔄 No events in response
2026-02-14 15:50:19.035 - 🔄 ℹ️ Transforming 0 parsed items to entities...
2026-02-14 15:50:19.035 - 💾 ℹ️ Saving 0 opportunities to database...
2026-02-14 15:50:19.035 - 💾 ℹ️ Processing 0 opportunities for database save...
2026-02-14 15:50:19.035 - ℹ️ 💾 No opportunities to save
2026-02-14 15:50:19.035 - ✅ 📥 Live arbs ingestion completed: 0 opportunities saved in 201ms
2026-02-14 15:50:20.833 - 🔄 📥 [Poll #148] Starting live arbs fetch...
2026-02-14 15:50:20.833 - 📥 Fetching live arbs from API...
2026-02-14 15:50:21.070 - ✅ 📥 API returned 0 events
2026-02-14 15:50:21.071 - 🔄 ⚡ ℹ️ Processing 0 events...
2026-02-14 15:50:21.071 - ❌ 🔄 Response validation failed: Errors: 1, Warnings: 1, Info: 1
2026-02-14 15:50:21.071 - ⚠️ 🔄 No events in response
2026-02-14 15:50:21.071 - 🔄 ℹ️ Transforming 0 parsed items to entities...
2026-02-14 15:50:21.071 - 💾 ℹ️ Saving 0 opportunities to database...
2026-02-14 15:50:21.072 - 💾 ℹ️ Processing 0 opportunities for database save...
2026-02-14 15:50:21.072 - ℹ️ 💾 No opportunities to save
2026-02-14 15:50:21.072 - ✅ 📥 Live arbs ingestion completed: 0 opportunities saved in 239ms
2026-02-14 15:50:22.833 - 🔄 📥 [Poll #149] Starting live arbs fetch...
2026-02-14 15:50:22.833 - 📥 Fetching live arbs from API...
2026-02-14 15:50:23.043 - ✅ 📥 API returned 0 events
2026-02-14 15:50:23.044 - 🔄 ⚡ ℹ️ Processing 0 events...
2026-02-14 15:50:23.044 - ❌ 🔄 Response validation failed: Errors: 1, Warnings: 1, Info: 1
2026-02-14 15:50:23.044 - ⚠️ 🔄 No events in response
2026-02-14 15:50:23.044 - 🔄 ℹ️ Transforming 0 parsed items to entities...
2026-02-14 15:50:23.044 - 💾 ℹ️ Saving 0 opportunities to database...
2026-02-14 15:50:23.044 - 💾 ℹ️ Processing 0 opportunities for database save...
2026-02-14 15:50:23.044 - ℹ️ 💾 No opportunities to save
2026-02-14 15:50:23.044 - ✅ 📥 Live arbs ingestion completed: 0 opportunities saved in 211ms
2026-02-14 15:50:24.834 - 🔄 📥 [Poll #150] Starting live arbs fetch...
2026-02-14 15:50:24.834 - 📥 Fetching live arbs from API...
2026-02-14 15:50:25.047 - ✅ 📥 API returned 0 events
2026-02-14 15:50:25.047 - 🔄 ⚡ ℹ️ Processing 0 events...
2026-02-14 15:50:25.047 - ❌ 🔄 Response validation failed: Errors: 1, Warnings: 1, Info: 1
2026-02-14 15:50:25.047 - ⚠️ 🔄 No events in response
2026-02-14 15:50:25.047 - 🔄 ℹ️ Transforming 0 parsed items to entities...
2026-02-14 15:50:25.047 - 💾 ℹ️ Saving 0 opportunities to database...
2026-02-14 15:50:25.047 - 💾 ℹ️ Processing 0 opportunities for database save...
2026-02-14 15:50:25.047 - ℹ️ 💾 No opportunities to save
2026-02-14 15:50:25.047 - ✅ 📥 Live arbs ingestion completed: 0 opportunities saved in 213ms
2026-02-14 15:50:25.054 - 📊 ℹ️ Current Statistics:
2026-02-14 15:50:25.054 - 📊 Total Active: 2
2026-02-14 15:50:25.054 - 📊 Fresh Active: 0 (0.0%)
2026-02-14 15:50:25.054 - 📊 Stale Active: 2 (100.0%)
2026-02-14 15:50:25.054 - 📊 Average Profit: 17.04%
2026-02-14 15:50:26.833 - 🔄 📥 [Poll #151] Starting live arbs fetch...
2026-02-14 15:50:26.833 - 📥 Fetching live arbs from API...
2026-02-14 15:50:27.043 - ✅ 📥 API returned 0 events
2026-02-14 15:50:27.043 - 🔄 ⚡ ℹ️ Processing 0 events...
2026-02-14 15:50:27.044 - ❌ 🔄 Response validation failed: Errors: 1, Warnings: 1, Info: 1
2026-02-14 15:50:27.044 - ⚠️ 🔄 No events in response
2026-02-14 15:50:27.044 - 🔄 ℹ️ Transforming 0 parsed items to entities...
2026-02-14 15:50:27.044 - 💾 ℹ️ Saving 0 opportunities to database...
2026-02-14 15:50:27.044 - 💾 ℹ️ Processing 0 opportunities for database save...
2026-02-14 15:50:27.044 - ℹ️ 💾 No opportunities to save
2026-02-14 15:50:27.044 - ✅ 📥 Live arbs ingestion completed: 0 opportunities saved in 211ms
2026-02-14 15:50:28.833 - 🔄 📥 [Poll #152] Starting live arbs fetch...
2026-02-14 15:50:28.833 - 📥 Fetching live arbs from API...
2026-02-14 15:50:29.043 - ✅ 📥 API returned 0 events
2026-02-14 15:50:29.043 - 🔄 ⚡ ℹ️ Processing 0 events...
2026-02-14 15:50:29.043 - ❌ 🔄 Response validation failed: Errors: 1, Warnings: 1, Info: 1
2026-02-14 15:50:29.043 - ⚠️ 🔄 No events in response
2026-02-14 15:50:29.043 - 🔄 ℹ️ Transforming 0 parsed items to entities...
2026-02-14 15:50:29.043 - 💾 ℹ️ Saving 0 opportunities to database...
2026-02-14 15:50:29.043 - 💾 ℹ️ Processing 0 opportunities for database save...
2026-02-14 15:50:29.043 - ℹ️ 💾 No opportunities to save
2026-02-14 15:50:29.043 - ✅ 📥 Live arbs ingestion completed: 0 opportunities saved in 210ms
2026-02-14 15:50:30.835 - 🔄 📥 [Poll #153] Starting live arbs fetch...
2026-02-14 15:50:30.835 - 📥 Fetching live arbs from API...
2026-02-14 15:50:31.031 - ✅ 📥 API returned 0 events
2026-02-14 15:50:31.031 - 🔄 ⚡ ℹ️ Processing 0 events...
2026-02-14 15:50:31.031 - ❌ 🔄 Response validation failed: Errors: 1, Warnings: 1, Info: 1
2026-02-14 15:50:31.031 - ⚠️ 🔄 No events in response
2026-02-14 15:50:31.031 - 🔄 ℹ️ Transforming 0 parsed items to entities...
2026-02-14 15:50:31.031 - 💾 ℹ️ Saving 0 opportunities to database...
2026-02-14 15:50:31.031 - 💾 ℹ️ Processing 0 opportunities for database save...
2026-02-14 15:50:31.031 - ℹ️ 💾 No opportunities to save
2026-02-14 15:50:31.031 - ✅ 📥 Live arbs ingestion completed: 0 opportunities saved in 196ms
2026-02-14 15:50:32.861 - 🔄 📥 [Poll #154] Starting live arbs fetch...
2026-02-14 15:50:32.861 - 📥 Fetching live arbs from API...
2026-02-14 15:50:33.074 - ✅ 📥 API returned 1 events
2026-02-14 15:50:33.075 - 🔄 ⚡ ℹ️ Processing 1 events...
2026-02-14 15:50:33.078 - 🔄 ℹ️ Processing sub-event 1/2 (ID: 16193963499756690381)...
2026-02-14 15:50:33.078 - ℹ️ 🔄 Sub-event 16193963499756690381 bookmaker: MSport (ID: 80)
2026-02-14 15:50:33.078 - ✅ 🍪 Saved crumbs from MSport using key='oid' (3 entries)
2026-02-14 15:50:33.078 - 🍪 ℹ️ Using key='oid' = '4' → selectedId='4' for bookmaker: MSport (source: MSport)
2026-02-14 15:50:33.078 - 🎯 🍪 Getting market outcome for bookmaker: MSport
2026-02-14 15:50:33.078 - ✅ 🎯 Market resolved: marketType='2nd game - winner', selectedId='4', outcome='Home'
2026-02-14 15:50:33.079 - 📎 Built URL for MSport: https://www.msport.com/ng/web/sports/Table%20Tennis/live/International_TT_Cup/Rak__Jonas_vs_Novotny__Jiri/sr:match:68952956
2026-02-14 15:50:33.079 - ✅ Built outcome - bookMaker: MSport, outcome: 'Home', odds: 11.5, url: ✓
2026-02-14 15:50:33.079 - 🔄 ℹ️ Processing sub-event 2/2 (ID: 16193963498998935951)...
2026-02-14 15:50:33.079 - ℹ️ 🔄 Sub-event 16193963498998935951 bookmaker: Bet9ja (ID: 33)
2026-02-14 15:50:33.080 - 🍪 ℹ️ Using key='id2' = 'LIVETT_SW@2_2' → selectedId='2' for bookmaker: Bet9ja (source: own crumbs (post-underscore))
2026-02-14 15:50:33.080 - 🎯 🍪 Getting market outcome for bookmaker: Bet9ja
2026-02-14 15:50:33.080 - ✅ 🎯 Market resolved: marketType='Set Winner', selectedId='2', outcome='2'
2026-02-14 15:50:33.080 - Built Bet9ja modern URL: https://sports.bet9ja.com/liveEvent/8749586
2026-02-14 15:50:33.081 - 📎 Built URL for Bet9ja: https://sports.bet9ja.com/liveEvent/8749586
2026-02-14 15:50:33.081 - ✅ Built outcome - bookMaker: Bet9ja, outcome: '2', odds: 1.23, url: ✓
2026-02-14 15:50:33.081 - ✅ 🔄 🎯 Converted event 16193963882820307970 to arb: MSport (11.5) vs Bet9ja (1.23) | 11.12% profit | marketType='Set Winner' | outcome='2'
2026-02-14 15:50:33.081 - ✅ ⚡ 🔄 Successfully converted 1 events to arbitrages
2026-02-14 15:50:33.082 - 🔄 ℹ️ Transforming 1 parsed items to entities...
2026-02-14 15:50:33.082 - 💾 ℹ️ Saving 1 opportunities to database...
2026-02-14 15:50:33.082 - 💾 ℹ️ Processing 1 opportunities for database save...
2026-02-14 15:50:33.105 - ✅ 💾 Database save completed: 1 new, 0 updated, 0 skipped
2026-02-14 15:50:33.105 - ✅ 📥 Live arbs ingestion completed: 1 opportunities saved in 244ms
2026-02-14 15:50:34.835 - 🔄 📥 [Poll #155] Starting live arbs fetch...
2026-02-14 15:50:34.835 - 📥 Fetching live arbs from API...
2026-02-14 15:50:35.104 - ✅ 📥 API returned 1 events
2026-02-14 15:50:35.104 - 🔄 ⚡ ℹ️ Processing 1 events...
2026-02-14 15:50:35.105 - 🔄 ℹ️ Processing sub-event 1/2 (ID: 16193963499756690381)...
2026-02-14 15:50:35.105 - ℹ️ 🔄 Sub-event 16193963499756690381 bookmaker: MSport (ID: 80)
2026-02-14 15:50:35.105 - ✅ 🍪 Saved crumbs from MSport using key='oid' (3 entries)
2026-02-14 15:50:35.105 - 🍪 ℹ️ Using key='oid' = '4' → selectedId='4' for bookmaker: MSport (source: MSport)
2026-02-14 15:50:35.105 - 🎯 🍪 Getting market outcome for bookmaker: MSport
2026-02-14 15:50:35.105 - ✅ 🎯 Market resolved: marketType='2nd game - winner', selectedId='4', outcome='Home'
2026-02-14 15:50:35.105 - 📎 Built URL for MSport: https://www.msport.com/ng/web/sports/Table%20Tennis/live/International_TT_Cup/Rak__Jonas_vs_Novotny__Jiri/sr:match:68952956
2026-02-14 15:50:35.106 - ✅ Built outcome - bookMaker: MSport, outcome: 'Home', odds: 11.5, url: ✓
2026-02-14 15:50:35.106 - 🔄 ℹ️ Processing sub-event 2/2 (ID: 16193963498998935951)...
2026-02-14 15:50:35.106 - ℹ️ 🔄 Sub-event 16193963498998935951 bookmaker: Bet9ja (ID: 33)
2026-02-14 15:50:35.106 - 🍪 ℹ️ Using key='id2' = 'LIVETT_SW@2_2' → selectedId='2' for bookmaker: Bet9ja (source: own crumbs (post-underscore))
2026-02-14 15:50:35.106 - 🎯 🍪 Getting market outcome for bookmaker: Bet9ja
2026-02-14 15:50:35.106 - ✅ 🎯 Market resolved: marketType='Set Winner', selectedId='2', outcome='2'
2026-02-14 15:50:35.106 - Built Bet9ja modern URL: https://sports.bet9ja.com/liveEvent/8749586
2026-02-14 15:50:35.106 - 📎 Built URL for Bet9ja: https://sports.bet9ja.com/liveEvent/8749586
2026-02-14 15:50:35.106 - ✅ Built outcome - bookMaker: Bet9ja, outcome: '2', odds: 1.23, url: ✓
2026-02-14 15:50:35.107 - ✅ 🔄 🎯 Converted event 16193963882820307970 to arb: MSport (11.5) vs Bet9ja (1.23) | 11.12% profit | marketType='Set Winner' | outcome='2'
2026-02-14 15:50:35.107 - ✅ ⚡ 🔄 Successfully converted 1 events to arbitrages
2026-02-14 15:50:35.107 - 🔄 ℹ️ Transforming 1 parsed items to entities...
2026-02-14 15:50:35.107 - 💾 ℹ️ Saving 1 opportunities to database...
2026-02-14 15:50:35.107 - 💾 ℹ️ Processing 1 opportunities for database save...
2026-02-14 15:50:35.123 - ✅ 💾 Database save completed: 0 new, 1 updated, 0 skipped
2026-02-14 15:50:35.123 - ✅ 📥 Live arbs ingestion completed: 1 opportunities saved in 288ms
2026-02-14 15:50:36.835 - 🔄 📥 [Poll #156] Starting live arbs fetch...
2026-02-14 15:50:36.836 - 📥 Fetching live arbs from API...
2026-02-14 15:50:37.127 - ✅ 📥 API returned 1 events
2026-02-14 15:50:37.128 - 🔄 ⚡ ℹ️ Processing 1 events...
2026-02-14 15:50:37.128 - 🔄 ℹ️ Processing sub-event 1/2 (ID: 16193963499756690381)...
2026-02-14 15:50:37.129 - ℹ️ 🔄 Sub-event 16193963499756690381 bookmaker: MSport (ID: 80)
2026-02-14 15:50:37.129 - ✅ 🍪 Saved crumbs from MSport using key='oid' (3 entries)
2026-02-14 15:50:37.129 - 🍪 ℹ️ Using key='oid' = '4' → selectedId='4' for bookmaker: MSport (source: MSport)
2026-02-14 15:50:37.129 - 🎯 🍪 Getting market outcome for bookmaker: MSport
2026-02-14 15:50:37.129 - ✅ 🎯 Market resolved: marketType='2nd game - winner', selectedId='4', outcome='Home'
2026-02-14 15:50:37.129 - 📎 Built URL for MSport: https://www.msport.com/ng/web/sports/Table%20Tennis/live/International_TT_Cup/Rak__Jonas_vs_Novotny__Jiri/sr:match:68952956
2026-02-14 15:50:37.129 - ✅ Built outcome - bookMaker: MSport, outcome: 'Home', odds: 11.5, url: ✓
2026-02-14 15:50:37.129 - 🔄 ℹ️ Processing sub-event 2/2 (ID: 16193963498998935951)...
2026-02-14 15:50:37.129 - ℹ️ 🔄 Sub-event 16193963498998935951 bookmaker: Bet9ja (ID: 33)
2026-02-14 15:50:37.130 - 🍪 ℹ️ Using key='id2' = 'LIVETT_SW@2_2' → selectedId='2' for bookmaker: Bet9ja (source: own crumbs (post-underscore))
2026-02-14 15:50:37.130 - 🎯 🍪 Getting market outcome for bookmaker: Bet9ja
2026-02-14 15:50:37.130 - ✅ 🎯 Market resolved: marketType='Set Winner', selectedId='2', outcome='2'
2026-02-14 15:50:37.130 - Built Bet9ja modern URL: https://sports.bet9ja.com/liveEvent/8749586
2026-02-14 15:50:37.130 - 📎 Built URL for Bet9ja: https://sports.bet9ja.com/liveEvent/8749586
2026-02-14 15:50:37.130 - ✅ Built outcome - bookMaker: Bet9ja, outcome: '2', odds: 1.23, url: ✓
2026-02-14 15:50:37.130 - ✅ 🔄 🎯 Converted event 16193963882820307970 to arb: MSport (11.5) vs Bet9ja (1.23) | 11.12% profit | marketType='Set Winner' | outcome='2'
2026-02-14 15:50:37.130 - ✅ ⚡ 🔄 Successfully converted 1 events to arbitrages
2026-02-14 15:50:37.130 - 🔄 ℹ️ Transforming 1 parsed items to entities...
2026-02-14 15:50:37.131 - 💾 ℹ️ Saving 1 opportunities to database...
2026-02-14 15:50:37.131 - 💾 ℹ️ Processing 1 opportunities for database save...
2026-02-14 15:50:37.147 - ✅ 💾 Database save completed: 0 new, 1 updated, 0 skipped
2026-02-14 15:50:37.147 - ✅ 📥 Live arbs ingestion completed: 1 opportunities saved in 311ms
2026-02-14 15:50:38.834 - 🔄 📥 [Poll #157] Starting live arbs fetch...
2026-02-14 15:50:38.834 - 📥 Fetching live arbs from API...
2026-02-14 15:50:39.113 - ✅ 📥 API returned 1 events
2026-02-14 15:50:39.113 - 🔄 ⚡ ℹ️ Processing 1 events...
2026-02-14 15:50:39.113 - 🔄 ℹ️ Processing sub-event 1/2 (ID: 16193963499756690381)...
2026-02-14 15:50:39.113 - ℹ️ 🔄 Sub-event 16193963499756690381 bookmaker: MSport (ID: 80)
2026-02-14 15:50:39.114 - ✅ 🍪 Saved crumbs from MSport using key='oid' (3 entries)
2026-02-14 15:50:39.114 - 🍪 ℹ️ Using key='oid' = '4' → selectedId='4' for bookmaker: MSport (source: MSport)
2026-02-14 15:50:39.114 - 🎯 🍪 Getting market outcome for bookmaker: MSport
2026-02-14 15:50:39.114 - ✅ 🎯 Market resolved: marketType='2nd game - winner', selectedId='4', outcome='Home'
2026-02-14 15:50:39.114 - 📎 Built URL for MSport: https://www.msport.com/ng/web/sports/Table%20Tennis/live/International_TT_Cup/Rak__Jonas_vs_Novotny__Jiri/sr:match:68952956
2026-02-14 15:50:39.114 - ✅ Built outcome - bookMaker: MSport, outcome: 'Home', odds: 11.5, url: ✓
2026-02-14 15:50:39.114 - 🔄 ℹ️ Processing sub-event 2/2 (ID: 16193963498998935951)...
2026-02-14 15:50:39.114 - ℹ️ 🔄 Sub-event 16193963498998935951 bookmaker: Bet9ja (ID: 33)
2026-02-14 15:50:39.114 - 🍪 ℹ️ Using key='id2' = 'LIVETT_SW@2_2' → selectedId='2' for bookmaker: Bet9ja (source: own crumbs (post-underscore))
2026-02-14 15:50:39.114 - 🎯 🍪 Getting market outcome for bookmaker: Bet9ja
2026-02-14 15:50:39.114 - ✅ 🎯 Market resolved: marketType='Set Winner', selectedId='2', outcome='2'
2026-02-14 15:50:39.114 - Built Bet9ja modern URL: https://sports.bet9ja.com/liveEvent/8749586
2026-02-14 15:50:39.115 - 📎 Built URL for Bet9ja: https://sports.bet9ja.com/liveEvent/8749586
2026-02-14 15:50:39.115 - ✅ Built outcome - bookMaker: Bet9ja, outcome: '2', odds: 1.23, url: ✓
2026-02-14 15:50:39.115 - ✅ 🔄 🎯 Converted event 16193963882820307970 to arb: MSport (11.5) vs Bet9ja (1.23) | 11.12% profit | marketType='Set Winner' | outcome='2'
2026-02-14 15:50:39.115 - ✅ ⚡ 🔄 Successfully converted 1 events to arbitrages
2026-02-14 15:50:39.115 - 🔄 ℹ️ Transforming 1 parsed items to entities...
2026-02-14 15:50:39.115 - 💾 ℹ️ Saving 1 opportunities to database...
2026-02-14 15:50:39.115 - 💾 ℹ️ Processing 1 opportunities for database save...
2026-02-14 15:50:39.134 - ✅ 💾 Database save completed: 0 new, 1 updated, 0 skipped
2026-02-14 15:50:39.135 - ✅ 📥 Live arbs ingestion completed: 1 opportunities saved in 301ms
2026-02-14 15:50:40.833 - 🔄 📥 [Poll #158] Starting live arbs fetch...
2026-02-14 15:50:40.834 - 📥 Fetching live arbs from API...
2026-02-14 15:50:42.226 - ✅ 📥 API returned 1 events
2026-02-14 15:50:42.226 - 🔄 ⚡ ℹ️ Processing 1 events...
2026-02-14 15:50:42.226 - 🔄 ℹ️ Processing sub-event 1/2 (ID: 16193963499756690381)...
2026-02-14 15:50:42.227 - ℹ️ 🔄 Sub-event 16193963499756690381 bookmaker: MSport (ID: 80)
2026-02-14 15:50:42.227 - ✅ 🍪 Saved crumbs from MSport using key='oid' (3 entries)
2026-02-14 15:50:42.227 - 🍪 ℹ️ Using key='oid' = '4' → selectedId='4' for bookmaker: MSport (source: MSport)
2026-02-14 15:50:42.228 - 🎯 🍪 Getting market outcome for bookmaker: MSport
2026-02-14 15:50:42.228 - ✅ 🎯 Market resolved: marketType='2nd game - winner', selectedId='4', outcome='Home'
2026-02-14 15:50:42.228 - 📎 Built URL for MSport: https://www.msport.com/ng/web/sports/Table%20Tennis/live/International_TT_Cup/Rak__Jonas_vs_Novotny__Jiri/sr:match:68952956
2026-02-14 15:50:42.229 - ✅ Built outcome - bookMaker: MSport, outcome: 'Home', odds: 11.5, url: ✓
2026-02-14 15:50:42.229 - 🔄 ℹ️ Processing sub-event 2/2 (ID: 16193963498998935951)...
2026-02-14 15:50:42.229 - ℹ️ 🔄 Sub-event 16193963498998935951 bookmaker: Bet9ja (ID: 33)
2026-02-14 15:50:42.229 - 🍪 ℹ️ Using key='id2' = 'LIVETT_SW@2_2' → selectedId='2' for bookmaker: Bet9ja (source: own crumbs (post-underscore))
2026-02-14 15:50:42.229 - 🎯 🍪 Getting market outcome for bookmaker: Bet9ja
2026-02-14 15:50:42.229 - ✅ 🎯 Market resolved: marketType='Set Winner', selectedId='2', outcome='2'
2026-02-14 15:50:42.229 - Built Bet9ja modern URL: https://sports.bet9ja.com/liveEvent/8749586
2026-02-14 15:50:42.229 - 📎 Built URL for Bet9ja: https://sports.bet9ja.com/liveEvent/8749586
2026-02-14 15:50:42.229 - ✅ Built outcome - bookMaker: Bet9ja, outcome: '2', odds: 1.23, url: ✓
2026-02-14 15:50:42.230 - ✅ 🔄 🎯 Converted event 16193963882820307970 to arb: MSport (11.5) vs Bet9ja (1.23) | 11.12% profit | marketType='Set Winner' | outcome='2'
2026-02-14 15:50:42.230 - ✅ ⚡ 🔄 Successfully converted 1 events to arbitrages
2026-02-14 15:50:42.230 - 🔄 ℹ️ Transforming 1 parsed items to entities...
2026-02-14 15:50:42.230 - 💾 ℹ️ Saving 1 opportunities to database...
2026-02-14 15:50:42.230 - 💾 ℹ️ Processing 1 opportunities for database save...
2026-02-14 15:50:42.247 - ✅ 💾 Database save completed: 0 new, 1 updated, 0 skipped
2026-02-14 15:50:42.247 - ✅ 📥 Live arbs ingestion completed: 1 opportunities saved in 1413ms
2026-02-14 15:50:42.834 - 🔄 📥 [Poll #159] Starting live arbs fetch...
2026-02-14 15:50:42.835 - 📥 Fetching live arbs from API...
2026-02-14 15:50:43.044 - ✅ 📥 API returned 1 events
2026-02-14 15:50:43.044 - 🔄 ⚡ ℹ️ Processing 1 events...
2026-02-14 15:50:43.045 - 🔄 ℹ️ Processing sub-event 1/2 (ID: 16193963499756690381)...
2026-02-14 15:50:43.045 - ℹ️ 🔄 Sub-event 16193963499756690381 bookmaker: MSport (ID: 80)
2026-02-14 15:50:43.045 - ✅ 🍪 Saved crumbs from MSport using key='oid' (3 entries)
2026-02-14 15:50:43.045 - 🍪 ℹ️ Using key='oid' = '4' → selectedId='4' for bookmaker: MSport (source: MSport)
2026-02-14 15:50:43.045 - 🎯 🍪 Getting market outcome for bookmaker: MSport
2026-02-14 15:50:43.045 - ✅ 🎯 Market resolved: marketType='2nd game - winner', selectedId='4', outcome='Home'
2026-02-14 15:50:43.045 - 📎 Built URL for MSport: https://www.msport.com/ng/web/sports/Table%20Tennis/live/International_TT_Cup/Rak__Jonas_vs_Novotny__Jiri/sr:match:68952956
2026-02-14 15:50:43.045 - ✅ Built outcome - bookMaker: MSport, outcome: 'Home', odds: 11.5, url: ✓
2026-02-14 15:50:43.045 - 🔄 ℹ️ Processing sub-event 2/2 (ID: 16193963498998935951)...
2026-02-14 15:50:43.045 - ℹ️ 🔄 Sub-event 16193963498998935951 bookmaker: Bet9ja (ID: 33)
2026-02-14 15:50:43.045 - 🍪 ℹ️ Using key='id2' = 'LIVETT_SW@2_2' → selectedId='2' for bookmaker: Bet9ja (source: own crumbs (post-underscore))
2026-02-14 15:50:43.045 - 🎯 🍪 Getting market outcome for bookmaker: Bet9ja
2026-02-14 15:50:43.045 - ✅ 🎯 Market resolved: marketType='Set Winner', selectedId='2', outcome='2'
2026-02-14 15:50:43.046 - Built Bet9ja modern URL: https://sports.bet9ja.com/liveEvent/8749586
2026-02-14 15:50:43.046 - 📎 Built URL for Bet9ja: https://sports.bet9ja.com/liveEvent/8749586
2026-02-14 15:50:43.046 - ✅ Built outcome - bookMaker: Bet9ja, outcome: '2', odds: 1.23, url: ✓
2026-02-14 15:50:43.046 - ✅ 🔄 🎯 Converted event 16193963882820307970 to arb: MSport (11.5) vs Bet9ja (1.23) | 11.12% profit | marketType='Set Winner' | outcome='2'
2026-02-14 15:50:43.046 - ✅ ⚡ 🔄 Successfully converted 1 events to arbitrages
2026-02-14 15:50:43.046 - 🔄 ℹ️ Transforming 1 parsed items to entities...
2026-02-14 15:50:43.046 - 💾 ℹ️ Saving 1 opportunities to database...
2026-02-14 15:50:43.046 - 💾 ℹ️ Processing 1 opportunities for database save...
2026-02-14 15:50:43.056 - ✅ 💾 Database save completed: 0 new, 1 updated, 0 skipped
2026-02-14 15:50:43.056 - ✅ 📥 Live arbs ingestion completed: 1 opportunities saved in 221ms
2026-02-14 15:50:44.833 - 🔄 📥 [Poll #160] Starting live arbs fetch...
2026-02-14 15:50:44.833 - 📥 Fetching live arbs from API...
2026-02-14 15:50:45.052 - ✅ 📥 API returned 1 events
2026-02-14 15:50:45.052 - 🔄 ⚡ ℹ️ Processing 1 events...
2026-02-14 15:50:45.053 - 🔄 ℹ️ Processing sub-event 1/2 (ID: 16193963499756690381)...
2026-02-14 15:50:45.053 - ℹ️ 🔄 Sub-event 16193963499756690381 bookmaker: MSport (ID: 80)
2026-02-14 15:50:45.054 - ✅ 🍪 Saved crumbs from MSport using key='oid' (3 entries)
2026-02-14 15:50:45.054 - 🍪 ℹ️ Using key='oid' = '4' → selectedId='4' for bookmaker: MSport (source: MSport)
2026-02-14 15:50:45.055 - 🎯 🍪 Getting market outcome for bookmaker: MSport
2026-02-14 15:50:45.055 - ✅ 🎯 Market resolved: marketType='2nd game - winner', selectedId='4', outcome='Home'
2026-02-14 15:50:45.055 - 📎 Built URL for MSport: https://www.msport.com/ng/web/sports/Table%20Tennis/live/International_TT_Cup/Rak__Jonas_vs_Novotny__Jiri/sr:match:68952956
2026-02-14 15:50:45.056 - ✅ Built outcome - bookMaker: MSport, outcome: 'Home', odds: 11.5, url: ✓
2026-02-14 15:50:45.056 - 🔄 ℹ️ Processing sub-event 2/2 (ID: 16193963498998935951)...
2026-02-14 15:50:45.056 - ℹ️ 🔄 Sub-event 16193963498998935951 bookmaker: Bet9ja (ID: 33)
2026-02-14 15:50:45.057 - 🍪 ℹ️ Using key='id2' = 'LIVETT_SW@2_2' → selectedId='2' for bookmaker: Bet9ja (source: own crumbs (post-underscore))
2026-02-14 15:50:45.057 - 🎯 🍪 Getting market outcome for bookmaker: Bet9ja
2026-02-14 15:50:45.057 - ✅ 🎯 Market resolved: marketType='Set Winner', selectedId='2', outcome='2'
2026-02-14 15:50:45.058 - Built Bet9ja modern URL: https://sports.bet9ja.com/liveEvent/8749586
2026-02-14 15:50:45.058 - 📎 Built URL for Bet9ja: https://sports.bet9ja.com/liveEvent/8749586
2026-02-14 15:50:45.059 - ✅ Built outcome - bookMaker: Bet9ja, outcome: '2', odds: 1.23, url: ✓
2026-02-14 15:50:45.060 - ✅ 🔄 🎯 Converted event 16193963882820307970 to arb: MSport (11.5) vs Bet9ja (1.23) | 11.12% profit | marketType='Set Winner' | outcome='2'
2026-02-14 15:50:45.060 - ✅ ⚡ 🔄 Successfully converted 1 events to arbitrages
2026-02-14 15:50:45.060 - 🔄 ℹ️ Transforming 1 parsed items to entities...
2026-02-14 15:50:45.060 - 💾 ℹ️ Saving 1 opportunities to database...
2026-02-14 15:50:45.061 - 💾 ℹ️ Processing 1 opportunities for database save...
2026-02-14 15:50:45.088 - ✅ 💾 Database save completed: 0 new, 1 updated, 0 skipped
2026-02-14 15:50:45.088 - ✅ 📥 Live arbs ingestion completed: 1 opportunities saved in 255ms
2026-02-14 15:50:46.834 - 🔄 📥 [Poll #161] Starting live arbs fetch...
2026-02-14 15:50:46.834 - 📥 Fetching live arbs from API...
2026-02-14 15:50:47.054 - ✅ 📥 API returned 1 events
2026-02-14 15:50:47.054 - 🔄 ⚡ ℹ️ Processing 1 events...
2026-02-14 15:50:47.054 - 🔄 ℹ️ Processing sub-event 1/2 (ID: 16193963499756690381)...
2026-02-14 15:50:47.055 - ℹ️ 🔄 Sub-event 16193963499756690381 bookmaker: MSport (ID: 80)
2026-02-14 15:50:47.055 - ✅ 🍪 Saved crumbs from MSport using key='oid' (3 entries)
2026-02-14 15:50:47.055 - 🍪 ℹ️ Using key='oid' = '4' → selectedId='4' for bookmaker: MSport (source: MSport)
2026-02-14 15:50:47.055 - 🎯 🍪 Getting market outcome for bookmaker: MSport
2026-02-14 15:50:47.055 - ✅ 🎯 Market resolved: marketType='2nd game - winner', selectedId='4', outcome='Home'
2026-02-14 15:50:47.055 - 📎 Built URL for MSport: https://www.msport.com/ng/web/sports/Table%20Tennis/live/International_TT_Cup/Rak__Jonas_vs_Novotny__Jiri/sr:match:68952956
2026-02-14 15:50:47.055 - ✅ Built outcome - bookMaker: MSport, outcome: 'Home', odds: 11.5, url: ✓
2026-02-14 15:50:47.055 - 🔄 ℹ️ Processing sub-event 2/2 (ID: 16193963498998935951)...
2026-02-14 15:50:47.055 - ℹ️ 🔄 Sub-event 16193963498998935951 bookmaker: Bet9ja (ID: 33)
2026-02-14 15:50:47.055 - 🍪 ℹ️ Using key='id2' = 'LIVETT_SW@2_2' → selectedId='2' for bookmaker: Bet9ja (source: own crumbs (post-underscore))
2026-02-14 15:50:47.055 - 🎯 🍪 Getting market outcome for bookmaker: Bet9ja
2026-02-14 15:50:47.056 - ✅ 🎯 Market resolved: marketType='Set Winner', selectedId='2', outcome='2'
2026-02-14 15:50:47.056 - Built Bet9ja modern URL: https://sports.bet9ja.com/liveEvent/8749586
2026-02-14 15:50:47.056 - 📎 Built URL for Bet9ja: https://sports.bet9ja.com/liveEvent/8749586
2026-02-14 15:50:47.056 - ✅ Built outcome - bookMaker: Bet9ja, outcome: '2', odds: 1.23, url: ✓
2026-02-14 15:50:47.056 - ✅ 🔄 🎯 Converted event 16193963882820307970 to arb: MSport (11.5) vs Bet9ja (1.23) | 11.12% profit | marketType='Set Winner' | outcome='2'
2026-02-14 15:50:47.056 - ✅ ⚡ 🔄 Successfully converted 1 events to arbitrages
2026-02-14 15:50:47.056 - 🔄 ℹ️ Transforming 1 parsed items to entities...
2026-02-14 15:50:47.057 - 💾 ℹ️ Saving 1 opportunities to database...
2026-02-14 15:50:47.057 - 💾 ℹ️ Processing 1 opportunities for database save...
2026-02-14 15:50:47.070 - ✅ 💾 Database save completed: 0 new, 1 updated, 0 skipped
2026-02-14 15:50:47.071 - ✅ 📥 Live arbs ingestion completed: 1 opportunities saved in 237ms
2026-02-14 15:50:48.845 - 🔄 📥 [Poll #162] Starting live arbs fetch...
2026-02-14 15:50:48.846 - 📥 Fetching live arbs from API...
2026-02-14 15:50:49.082 - ✅ 📥 API returned 1 events
2026-02-14 15:50:49.082 - 🔄 ⚡ ℹ️ Processing 1 events...
2026-02-14 15:50:49.082 - 🔄 ℹ️ Processing sub-event 1/2 (ID: 16193963499756690381)...
2026-02-14 15:50:49.082 - ℹ️ 🔄 Sub-event 16193963499756690381 bookmaker: MSport (ID: 80)
2026-02-14 15:50:49.083 - ✅ 🍪 Saved crumbs from MSport using key='oid' (3 entries)
2026-02-14 15:50:49.083 - 🍪 ℹ️ Using key='oid' = '4' → selectedId='4' for bookmaker: MSport (source: MSport)
2026-02-14 15:50:49.083 - 🎯 🍪 Getting market outcome for bookmaker: MSport
2026-02-14 15:50:49.083 - ✅ 🎯 Market resolved: marketType='2nd game - winner', selectedId='4', outcome='Home'
2026-02-14 15:50:49.083 - 📎 Built URL for MSport: https://www.msport.com/ng/web/sports/Table%20Tennis/live/International_TT_Cup/Rak__Jonas_vs_Novotny__Jiri/sr:match:68952956
2026-02-14 15:50:49.083 - ✅ Built outcome - bookMaker: MSport, outcome: 'Home', odds: 11.5, url: ✓
2026-02-14 15:50:49.084 - 🔄 ℹ️ Processing sub-event 2/2 (ID: 16193963498998935951)...
2026-02-14 15:50:49.084 - ℹ️ 🔄 Sub-event 16193963498998935951 bookmaker: Bet9ja (ID: 33)
2026-02-14 15:50:49.085 - 🍪 ℹ️ Using key='id2' = 'LIVETT_SW@2_2' → selectedId='2' for bookmaker: Bet9ja (source: own crumbs (post-underscore))
2026-02-14 15:50:49.085 - 🎯 🍪 Getting market outcome for bookmaker: Bet9ja
2026-02-14 15:50:49.086 - ✅ 🎯 Market resolved: marketType='Set Winner', selectedId='2', outcome='2'
2026-02-14 15:50:49.086 - Built Bet9ja modern URL: https://sports.bet9ja.com/liveEvent/8749586
2026-02-14 15:50:49.086 - 📎 Built URL for Bet9ja: https://sports.bet9ja.com/liveEvent/8749586
2026-02-14 15:50:49.086 - ✅ Built outcome - bookMaker: Bet9ja, outcome: '2', odds: 1.23, url: ✓
2026-02-14 15:50:49.086 - ✅ 🔄 🎯 Converted event 16193963882820307970 to arb: MSport (11.5) vs Bet9ja (1.23) | 11.12% profit | marketType='Set Winner' | outcome='2'
2026-02-14 15:50:49.087 - ✅ ⚡ 🔄 Successfully converted 1 events to arbitrages
2026-02-14 15:50:49.087 - 🔄 ℹ️ Transforming 1 parsed items to entities...
2026-02-14 15:50:49.087 - 💾 ℹ️ Saving 1 opportunities to database...
2026-02-14 15:50:49.087 - 💾 ℹ️ Processing 1 opportunities for database save...
2026-02-14 15:50:49.445 - ✅ 💾 Database save completed: 0 new, 1 updated, 0 skipped
2026-02-14 15:50:49.445 - ✅ 📥 Live arbs ingestion completed: 1 opportunities saved in 599ms
2026-02-14 15:50:50.834 - 🔄 📥 [Poll #163] Starting live arbs fetch...
2026-02-14 15:50:50.834 - 📥 Fetching live arbs from API...
2026-02-14 15:50:51.057 - ✅ 📥 API returned 1 events
2026-02-14 15:50:51.057 - 🔄 ⚡ ℹ️ Processing 1 events...
2026-02-14 15:50:51.058 - 🔄 ℹ️ Processing sub-event 1/2 (ID: 16193963499756690381)...
2026-02-14 15:50:51.058 - ℹ️ 🔄 Sub-event 16193963499756690381 bookmaker: MSport (ID: 80)
2026-02-14 15:50:51.058 - ✅ 🍪 Saved crumbs from MSport using key='oid' (3 entries)
2026-02-14 15:50:51.058 - 🍪 ℹ️ Using key='oid' = '4' → selectedId='4' for bookmaker: MSport (source: MSport)
2026-02-14 15:50:51.058 - 🎯 🍪 Getting market outcome for bookmaker: MSport
2026-02-14 15:50:51.058 - ✅ 🎯 Market resolved: marketType='2nd game - winner', selectedId='4', outcome='Home'
2026-02-14 15:50:51.058 - 📎 Built URL for MSport: https://www.msport.com/ng/web/sports/Table%20Tennis/live/International_TT_Cup/Rak__Jonas_vs_Novotny__Jiri/sr:match:68952956
2026-02-14 15:50:51.058 - ✅ Built outcome - bookMaker: MSport, outcome: 'Home', odds: 11.5, url: ✓
2026-02-14 15:50:51.058 - 🔄 ℹ️ Processing sub-event 2/2 (ID: 16193963498998935951)...
2026-02-14 15:50:51.058 - ℹ️ 🔄 Sub-event 16193963498998935951 bookmaker: Bet9ja (ID: 33)
2026-02-14 15:50:51.058 - 🍪 ℹ️ Using key='id2' = 'LIVETT_SW@2_2' → selectedId='2' for bookmaker: Bet9ja (source: own crumbs (post-underscore))
2026-02-14 15:50:51.058 - 🎯 🍪 Getting market outcome for bookmaker: Bet9ja
2026-02-14 15:50:51.059 - ✅ 🎯 Market resolved: marketType='Set Winner', selectedId='2', outcome='2'
2026-02-14 15:50:51.059 - Built Bet9ja modern URL: https://sports.bet9ja.com/liveEvent/8749586
2026-02-14 15:50:51.059 - 📎 Built URL for Bet9ja: https://sports.bet9ja.com/liveEvent/8749586
2026-02-14 15:50:51.059 - ✅ Built outcome - bookMaker: Bet9ja, outcome: '2', odds: 1.23, url: ✓
2026-02-14 15:50:51.059 - ✅ 🔄 🎯 Converted event 16193963882820307970 to arb: MSport (11.5) vs Bet9ja (1.23) | 11.12% profit | marketType='Set Winner' | outcome='2'
2026-02-14 15:50:51.059 - ✅ ⚡ 🔄 Successfully converted 1 events to arbitrages
2026-02-14 15:50:51.059 - 🔄 ℹ️ Transforming 1 parsed items to entities...
2026-02-14 15:50:51.059 - 💾 ℹ️ Saving 1 opportunities to database...
2026-02-14 15:50:51.060 - 💾 ℹ️ Processing 1 opportunities for database save...
2026-02-14 15:50:51.069 - ✅ 💾 Database save completed: 0 new, 1 updated, 0 skipped
2026-02-14 15:50:51.069 - ✅ 📥 Live arbs ingestion completed: 1 opportunities saved in 235ms
2026-02-14 15:50:52.833 - 🔄 📥 [Poll #164] Starting live arbs fetch...
2026-02-14 15:50:52.833 - 📥 Fetching live arbs from API...
2026-02-14 15:50:53.147 - ✅ 📥 API returned 0 events
2026-02-14 15:50:53.147 - 🔄 ⚡ ℹ️ Processing 0 events...
2026-02-14 15:50:53.147 - ❌ 🔄 Response validation failed: Errors: 1, Warnings: 1, Info: 1
2026-02-14 15:50:53.147 - ⚠️ 🔄 No events in response
2026-02-14 15:50:53.147 - 🔄 ℹ️ Transforming 0 parsed items to entities...
2026-02-14 15:50:53.147 - 💾 ℹ️ Saving 0 opportunities to database...
2026-02-14 15:50:53.147 - 💾 ℹ️ Processing 0 opportunities for database save...
2026-02-14 15:50:53.147 - ℹ️ 💾 No opportunities to save
2026-02-14 15:50:53.148 - ✅ 📥 Live arbs ingestion completed: 0 opportunities saved in 315ms
2026-02-14 15:50:54.844 - 🔄 📥 [Poll #165] Starting live arbs fetch...
2026-02-14 15:50:54.844 - 📥 Fetching live arbs from API...
2026-02-14 15:50:55.058 - ✅ 📥 API returned 0 events
2026-02-14 15:50:55.058 - 🔄 ⚡ ℹ️ Processing 0 events...
2026-02-14 15:50:55.058 - ❌ 🔄 Response validation failed: Errors: 1, Warnings: 1, Info: 1
2026-02-14 15:50:55.059 - ⚠️ 🔄 No events in response
2026-02-14 15:50:55.059 - 🔄 ℹ️ Transforming 0 parsed items to entities...
2026-02-14 15:50:55.059 - 💾 ℹ️ Saving 0 opportunities to database...
2026-02-14 15:50:55.059 - 💾 ℹ️ Processing 0 opportunities for database save...
2026-02-14 15:50:55.059 - ℹ️ 💾 No opportunities to save
2026-02-14 15:50:55.059 - ✅ 📥 Live arbs ingestion completed: 0 opportunities saved in 215ms
2026-02-14 15:50:56.834 - 🔄 📥 [Poll #166] Starting live arbs fetch...
2026-02-14 15:50:56.834 - 📥 Fetching live arbs from API...
2026-02-14 15:50:57.058 - ✅ 📥 API returned 0 events
2026-02-14 15:50:57.058 - 🔄 ⚡ ℹ️ Processing 0 events...
2026-02-14 15:50:57.058 - ❌ 🔄 Response validation failed: Errors: 1, Warnings: 1, Info: 1
2026-02-14 15:50:57.059 - ⚠️ 🔄 No events in response
2026-02-14 15:50:57.059 - 🔄 ℹ️ Transforming 0 parsed items to entities...
2026-02-14 15:50:57.059 - 💾 ℹ️ Saving 0 opportunities to database...
2026-02-14 15:50:57.059 - 💾 ℹ️ Processing 0 opportunities for database save...
2026-02-14 15:50:57.059 - ℹ️ 💾 No opportunities to save
2026-02-14 15:50:57.059 - ✅ 📥 Live arbs ingestion completed: 0 opportunities saved in 225ms
2026-02-14 15:50:58.835 - 🔄 📥 [Poll #167] Starting live arbs fetch...
2026-02-14 15:50:58.835 - 📥 Fetching live arbs from API...
2026-02-14 15:50:59.063 - ✅ 📥 API returned 0 events
2026-02-14 15:50:59.063 - 🔄 ⚡ ℹ️ Processing 0 events...
2026-02-14 15:50:59.063 - ❌ 🔄 Response validation failed: Errors: 1, Warnings: 1, Info: 1
2026-02-14 15:50:59.063 - ⚠️ 🔄 No events in response
2026-02-14 15:50:59.063 - 🔄 ℹ️ Transforming 0 parsed items to entities...
2026-02-14 15:50:59.064 - 💾 ℹ️ Saving 0 opportunities to database...
2026-02-14 15:50:59.064 - 💾 ℹ️ Processing 0 opportunities for database save...
2026-02-14 15:50:59.064 - ℹ️ 💾 No opportunities to save
2026-02-14 15:50:59.064 - ✅ 📥 Live arbs ingestion completed: 0 opportunities saved in 229ms
2026-02-14 15:51:00.835 - 🔄 📥 [Poll #168] Starting live arbs fetch...
2026-02-14 15:51:00.835 - 📥 Fetching live arbs from API...
2026-02-14 15:51:01.060 - ✅ 📥 API returned 0 events
2026-02-14 15:51:01.060 - 🔄 ⚡ ℹ️ Processing 0 events...
2026-02-14 15:51:01.061 - ❌ 🔄 Response validation failed: Errors: 1, Warnings: 1, Info: 1
2026-02-14 15:51:01.061 - ⚠️ 🔄 No events in response
2026-02-14 15:51:01.061 - 🔄 ℹ️ Transforming 0 parsed items to entities...
2026-02-14 15:51:01.061 - 💾 ℹ️ Saving 0 opportunities to database...
2026-02-14 15:51:01.061 - 💾 ℹ️ Processing 0 opportunities for database save...
2026-02-14 15:51:01.061 - ℹ️ 💾 No opportunities to save
2026-02-14 15:51:01.061 - ✅ 📥 Live arbs ingestion completed: 0 opportunities saved in 226ms
2026-02-14 15:51:02.834 - 🔄 📥 [Poll #169] Starting live arbs fetch...
2026-02-14 15:51:02.834 - 📥 Fetching live arbs from API...
2026-02-14 15:51:03.057 - ✅ 📥 API returned 0 events
2026-02-14 15:51:03.057 - 🔄 ⚡ ℹ️ Processing 0 events...
2026-02-14 15:51:03.057 - ❌ 🔄 Response validation failed: Errors: 1, Warnings: 1, Info: 1
2026-02-14 15:51:03.058 - ⚠️ 🔄 No events in response
2026-02-14 15:51:03.058 - 🔄 ℹ️ Transforming 0 parsed items to entities...
2026-02-14 15:51:03.058 - 💾 ℹ️ Saving 0 opportunities to database...
2026-02-14 15:51:03.058 - 💾 ℹ️ Processing 0 opportunities for database save...
2026-02-14 15:51:03.058 - ℹ️ 💾 No opportunities to save
2026-02-14 15:51:03.058 - ✅ 📥 Live arbs ingestion completed: 0 opportunities saved in 224ms
2026-02-14 15:51:04.833 - 🔄 📥 [Poll #170] Starting live arbs fetch...
2026-02-14 15:51:04.834 - 📥 Fetching live arbs from API...
2026-02-14 15:51:05.044 - ✅ 📥 API returned 0 events
2026-02-14 15:51:05.044 - 🔄 ⚡ ℹ️ Processing 0 events...
2026-02-14 15:51:05.044 - ❌ 🔄 Response validation failed: Errors: 1, Warnings: 1, Info: 1
2026-02-14 15:51:05.044 - ⚠️ 🔄 No events in response
2026-02-14 15:51:05.044 - 🔄 ℹ️ Transforming 0 parsed items to entities...
2026-02-14 15:51:05.044 - 💾 ℹ️ Saving 0 opportunities to database...
2026-02-14 15:51:05.044 - 💾 ℹ️ Processing 0 opportunities for database save...
2026-02-14 15:51:05.044 - ℹ️ 💾 No opportunities to save
2026-02-14 15:51:05.044 - ✅ 📥 Live arbs ingestion completed: 0 opportunities saved in 210ms
2026-02-14 15:51:06.834 - 🔄 📥 [Poll #171] Starting live arbs fetch...
2026-02-14 15:51:06.834 - 📥 Fetching live arbs from API...
2026-02-14 15:51:07.050 - ✅ 📥 API returned 0 events
2026-02-14 15:51:07.050 - 🔄 ⚡ ℹ️ Processing 0 events...
2026-02-14 15:51:07.051 - ❌ 🔄 Response validation failed: Errors: 1, Warnings: 1, Info: 1
2026-02-14 15:51:07.051 - ⚠️ 🔄 No events in response
2026-02-14 15:51:07.051 - 🔄 ℹ️ Transforming 0 parsed items to entities...
2026-02-14 15:51:07.051 - 💾 ℹ️ Saving 0 opportunities to database...
2026-02-14 15:51:07.051 - 💾 ℹ️ Processing 0 opportunities for database save...
2026-02-14 15:51:07.051 - ℹ️ 💾 No opportunities to save
2026-02-14 15:51:07.051 - ✅ 📥 Live arbs ingestion completed: 0 opportunities saved in 217ms
2026-02-14 15:51:08.834 - 🔄 📥 [Poll #172] Starting live arbs fetch...
2026-02-14 15:51:08.834 - 📥 Fetching live arbs from API...
2026-02-14 15:51:09.060 - ✅ 📥 API returned 0 events
2026-02-14 15:51:09.060 - 🔄 ⚡ ℹ️ Processing 0 events...
2026-02-14 15:51:09.060 - ❌ 🔄 Response validation failed: Errors: 1, Warnings: 1, Info: 1
2026-02-14 15:51:09.060 - ⚠️ 🔄 No events in response
2026-02-14 15:51:09.060 - 🔄 ℹ️ Transforming 0 parsed items to entities...
2026-02-14 15:51:09.060 - 💾 ℹ️ Saving 0 opportunities to database...
2026-02-14 15:51:09.060 - 💾 ℹ️ Processing 0 opportunities for database save...
2026-02-14 15:51:09.060 - ℹ️ 💾 No opportunities to save
2026-02-14 15:51:09.060 - ✅ 📥 Live arbs ingestion completed: 0 opportunities saved in 226ms
2026-02-14 15:51:10.833 - 🔄 📥 [Poll #173] Starting live arbs fetch...
2026-02-14 15:51:10.833 - 📥 Fetching live arbs from API...
2026-02-14 15:51:11.064 - ✅ 📥 API returned 0 events
2026-02-14 15:51:11.064 - 🔄 ⚡ ℹ️ Processing 0 events...
2026-02-14 15:51:11.065 - ❌ 🔄 Response validation failed: Errors: 1, Warnings: 1, Info: 1
2026-02-14 15:51:11.065 - ⚠️ 🔄 No events in response
2026-02-14 15:51:11.065 - 🔄 ℹ️ Transforming 0 parsed items to entities...
2026-02-14 15:51:11.065 - 💾 ℹ️ Saving 0 opportunities to database...
2026-02-14 15:51:11.065 - 💾 ℹ️ Processing 0 opportunities for database save...
2026-02-14 15:51:11.065 - ℹ️ 💾 No opportunities to save
2026-02-14 15:51:11.065 - ✅ 📥 Live arbs ingestion completed: 0 opportunities saved in 232ms
2026-02-14 15:51:12.838 - 🔄 📥 [Poll #174] Starting live arbs fetch...
2026-02-14 15:51:12.839 - 📥 Fetching live arbs from API...
2026-02-14 15:51:13.100 - ✅ 📥 API returned 0 events
2026-02-14 15:51:13.101 - 🔄 ⚡ ℹ️ Processing 0 events...
2026-02-14 15:51:13.101 - ❌ 🔄 Response validation failed: Errors: 1, Warnings: 1, Info: 1
2026-02-14 15:51:13.101 - ⚠️ 🔄 No events in response
2026-02-14 15:51:13.101 - 🔄 ℹ️ Transforming 0 parsed items to entities...
2026-02-14 15:51:13.101 - 💾 ℹ️ Saving 0 opportunities to database...
2026-02-14 15:51:13.102 - 💾 ℹ️ Processing 0 opportunities for database save...
2026-02-14 15:51:13.102 - ℹ️ 💾 No opportunities to save
2026-02-14 15:51:13.102 - ✅ 📥 Live arbs ingestion completed: 0 opportunities saved in 263ms
2026-02-14 15:51:14.835 - 🔄 📥 [Poll #175] Starting live arbs fetch...
2026-02-14 15:51:14.835 - 📥 Fetching live arbs from API...
2026-02-14 15:51:15.072 - ✅ 📥 API returned 0 events
2026-02-14 15:51:15.073 - 🔄 ⚡ ℹ️ Processing 0 events...
2026-02-14 15:51:15.073 - ❌ 🔄 Response validation failed: Errors: 1, Warnings: 1, Info: 1
2026-02-14 15:51:15.073 - ⚠️ 🔄 No events in response
2026-02-14 15:51:15.073 - 🔄 ℹ️ Transforming 0 parsed items to entities...
2026-02-14 15:51:15.073 - 💾 ℹ️ Saving 0 opportunities to database...
2026-02-14 15:51:15.073 - 💾 ℹ️ Processing 0 opportunities for database save...
2026-02-14 15:51:15.073 - ℹ️ 💾 No opportunities to save
2026-02-14 15:51:15.073 - ✅ 📥 Live arbs ingestion completed: 0 opportunities saved in 238ms
2026-02-14 15:51:16.834 - 🔄 📥 [Poll #176] Starting live arbs fetch...
2026-02-14 15:51:16.834 - 📥 Fetching live arbs from API...
2026-02-14 15:51:17.132 - ✅ 📥 API returned 0 events
2026-02-14 15:51:17.132 - 🔄 ⚡ ℹ️ Processing 0 events...
2026-02-14 15:51:17.132 - ❌ 🔄 Response validation failed: Errors: 1, Warnings: 1, Info: 1
2026-02-14 15:51:17.132 - ⚠️ 🔄 No events in response
2026-02-14 15:51:17.132 - 🔄 ℹ️ Transforming 0 parsed items to entities...
2026-02-14 15:51:17.132 - 💾 ℹ️ Saving 0 opportunities to database...
2026-02-14 15:51:17.132 - 💾 ℹ️ Processing 0 opportunities for database save...
2026-02-14 15:51:17.133 - ℹ️ 💾 No opportunities to save
2026-02-14 15:51:17.133 - ✅ 📥 Live arbs ingestion completed: 0 opportunities saved in 299ms
2026-02-14 15:51:18.835 - 🔄 📥 [Poll #177] Starting live arbs fetch...
2026-02-14 15:51:18.835 - 📥 Fetching live arbs from API...
2026-02-14 15:51:19.052 - ✅ 📥 API returned 0 events
2026-02-14 15:51:19.053 - 🔄 ⚡ ℹ️ Processing 0 events...
2026-02-14 15:51:19.053 - ❌ 🔄 Response validation failed: Errors: 1, Warnings: 1, Info: 1
2026-02-14 15:51:19.053 - ⚠️ 🔄 No events in response
2026-02-14 15:51:19.053 - 🔄 ℹ️ Transforming 0 parsed items to entities...
2026-02-14 15:51:19.053 - 💾 ℹ️ Saving 0 opportunities to database...
2026-02-14 15:51:19.053 - 💾 ℹ️ Processing 0 opportunities for database save...
2026-02-14 15:51:19.053 - ℹ️ 💾 No opportunities to save
2026-02-14 15:51:19.053 - ✅ 📥 Live arbs ingestion completed: 0 opportunities saved in 218ms
2026-02-14 15:51:20.834 - 🔄 📥 [Poll #178] Starting live arbs fetch...
2026-02-14 15:51:20.834 - 📥 Fetching live arbs from API...
2026-02-14 15:51:21.054 - ✅ 📥 API returned 0 events
2026-02-14 15:51:21.054 - 🔄 ⚡ ℹ️ Processing 0 events...
2026-02-14 15:51:21.055 - ❌ 🔄 Response validation failed: Errors: 1, Warnings: 1, Info: 1
2026-02-14 15:51:21.055 - ⚠️ 🔄 No events in response
2026-02-14 15:51:21.055 - 🔄 ℹ️ Transforming 0 parsed items to entities...
2026-02-14 15:51:21.055 - 💾 ℹ️ Saving 0 opportunities to database...
2026-02-14 15:51:21.055 - 💾 ℹ️ Processing 0 opportunities for database save...
2026-02-14 15:51:21.055 - ℹ️ 💾 No opportunities to save
2026-02-14 15:51:21.055 - ✅ 📥 Live arbs ingestion completed: 0 opportunities saved in 221ms
2026-02-14 15:51:22.834 - 🔄 📥 [Poll #179] Starting live arbs fetch...
2026-02-14 15:51:22.843 - 📥 Fetching live arbs from API...
2026-02-14 15:51:23.067 - ✅ 📥 API returned 0 events
2026-02-14 15:51:23.067 - 🔄 ⚡ ℹ️ Processing 0 events...
2026-02-14 15:51:23.067 - ❌ 🔄 Response validation failed: Errors: 1, Warnings: 1, Info: 1
2026-02-14 15:51:23.067 - ⚠️ 🔄 No events in response
2026-02-14 15:51:23.067 - 🔄 ℹ️ Transforming 0 parsed items to entities...
2026-02-14 15:51:23.067 - 💾 ℹ️ Saving 0 opportunities to database...
2026-02-14 15:51:23.067 - 💾 ℹ️ Processing 0 opportunities for database save...
2026-02-14 15:51:23.067 - ℹ️ 💾 No opportunities to save
2026-02-14 15:51:23.067 - ✅ 📥 Live arbs ingestion completed: 0 opportunities saved in 224ms
2026-02-14 15:51:24.835 - 🔄 📥 [Poll #180] Starting live arbs fetch...
2026-02-14 15:51:24.835 - 📥 Fetching live arbs from API...
2026-02-14 15:51:25.046 - ✅ 📥 API returned 0 events
2026-02-14 15:51:25.046 - 🔄 ⚡ ℹ️ Processing 0 events...
2026-02-14 15:51:25.046 - ❌ 🔄 Response validation failed: Errors: 1, Warnings: 1, Info: 1
2026-02-14 15:51:25.046 - ⚠️ 🔄 No events in response
2026-02-14 15:51:25.046 - 🔄 ℹ️ Transforming 0 parsed items to entities...
2026-02-14 15:51:25.046 - 💾 ℹ️ Saving 0 opportunities to database...
2026-02-14 15:51:25.046 - 💾 ℹ️ Processing 0 opportunities for database save...
2026-02-14 15:51:25.046 - ℹ️ 💾 No opportunities to save
2026-02-14 15:51:25.047 - ✅ 📥 Live arbs ingestion completed: 0 opportunities saved in 212ms
2026-02-14 15:51:25.057 - 📊 ℹ️ Current Statistics:
2026-02-14 15:51:25.057 - 📊 Total Active: 3
2026-02-14 15:51:25.057 - 📊 Fresh Active: 0 (0.0%)
2026-02-14 15:51:25.057 - 📊 Stale Active: 3 (100.0%)
2026-02-14 15:51:25.057 - 📊 Average Profit: 15.06%
2026-02-14 15:51:26.834 - 🔄 📥 [Poll #181] Starting live arbs fetch...
2026-02-14 15:51:26.834 - 📥 Fetching live arbs from API...
2026-02-14 15:51:27.164 - ✅ 📥 API returned 0 events
2026-02-14 15:51:27.164 - 🔄 ⚡ ℹ️ Processing 0 events...
2026-02-14 15:51:27.164 - ❌ 🔄 Response validation failed: Errors: 1, Warnings: 1, Info: 1
2026-02-14 15:51:27.164 - ⚠️ 🔄 No events in response
2026-02-14 15:51:27.164 - 🔄 ℹ️ Transforming 0 parsed items to entities...
2026-02-14 15:51:27.164 - 💾 ℹ️ Saving 0 opportunities to database...
2026-02-14 15:51:27.164 - 💾 ℹ️ Processing 0 opportunities for database save...
2026-02-14 15:51:27.164 - ℹ️ 💾 No opportunities to save
2026-02-14 15:51:27.164 - ✅ 📥 Live arbs ingestion completed: 0 opportunities saved in 330ms
2026-02-14 15:51:28.845 - 🔄 📥 [Poll #182] Starting live arbs fetch...
2026-02-14 15:51:28.846 - 📥 Fetching live arbs from API...
2026-02-14 15:51:29.065 - ✅ 📥 API returned 0 events
2026-02-14 15:51:29.066 - 🔄 ⚡ ℹ️ Processing 0 events...
2026-02-14 15:51:29.066 - ❌ 🔄 Response validation failed: Errors: 1, Warnings: 1, Info: 1
2026-02-14 15:51:29.066 - ⚠️ 🔄 No events in response
2026-02-14 15:51:29.066 - 🔄 ℹ️ Transforming 0 parsed items to entities...
2026-02-14 15:51:29.066 - 💾 ℹ️ Saving 0 opportunities to database...
2026-02-14 15:51:29.066 - 💾 ℹ️ Processing 0 opportunities for database save...
2026-02-14 15:51:29.066 - ℹ️ 💾 No opportunities to save
2026-02-14 15:51:29.066 - ✅ 📥 Live arbs ingestion completed: 0 opportunities saved in 220ms
2026-02-14 15:51:30.834 - 🔄 📥 [Poll #183] Starting live arbs fetch...
2026-02-14 15:51:30.834 - 📥 Fetching live arbs from API...
2026-02-14 15:51:31.061 - ✅ 📥 API returned 0 events
2026-02-14 15:51:31.061 - 🔄 ⚡ ℹ️ Processing 0 events...
2026-02-14 15:51:31.061 - ❌ 🔄 Response validation failed: Errors: 1, Warnings: 1, Info: 1
2026-02-14 15:51:31.061 - ⚠️ 🔄 No events in response
2026-02-14 15:51:31.061 - 🔄 ℹ️ Transforming 0 parsed items to entities...
2026-02-14 15:51:31.061 - 💾 ℹ️ Saving 0 opportunities to database...
2026-02-14 15:51:31.061 - 💾 ℹ️ Processing 0 opportunities for database save...
2026-02-14 15:51:31.061 - ℹ️ 💾 No opportunities to save
2026-02-14 15:51:31.061 - ✅ 📥 Live arbs ingestion completed: 0 opportunities saved in 227ms
2026-02-14 15:51:32.835 - 🔄 📥 [Poll #184] Starting live arbs fetch...
2026-02-14 15:51:32.835 - 📥 Fetching live arbs from API...
2026-02-14 15:51:33.126 - ✅ 📥 API returned 0 events
2026-02-14 15:51:33.126 - 🔄 ⚡ ℹ️ Processing 0 events...
2026-02-14 15:51:33.126 - ❌ 🔄 Response validation failed: Errors: 1, Warnings: 1, Info: 1
2026-02-14 15:51:33.126 - ⚠️ 🔄 No events in response
2026-02-14 15:51:33.126 - 🔄 ℹ️ Transforming 0 parsed items to entities...
2026-02-14 15:51:33.126 - 💾 ℹ️ Saving 0 opportunities to database...
2026-02-14 15:51:33.127 - 💾 ℹ️ Processing 0 opportunities for database save...
2026-02-14 15:51:33.127 - ℹ️ 💾 No opportunities to save
2026-02-14 15:51:33.127 - ✅ 📥 Live arbs ingestion completed: 0 opportunities saved in 292ms
2026-02-14 15:51:34.837 - 🔄 📥 [Poll #185] Starting live arbs fetch...
2026-02-14 15:51:34.837 - 📥 Fetching live arbs from API...
2026-02-14 15:51:35.080 - ✅ 📥 API returned 0 events
2026-02-14 15:51:35.081 - 🔄 ⚡ ℹ️ Processing 0 events...
2026-02-14 15:51:35.082 - ❌ 🔄 Response validation failed: Errors: 1, Warnings: 1, Info: 1
2026-02-14 15:51:35.082 - ⚠️ 🔄 No events in response
2026-02-14 15:51:35.082 - 🔄 ℹ️ Transforming 0 parsed items to entities...
2026-02-14 15:51:35.082 - 💾 ℹ️ Saving 0 opportunities to database...
2026-02-14 15:51:35.082 - 💾 ℹ️ Processing 0 opportunities for database save...
2026-02-14 15:51:35.082 - ℹ️ 💾 No opportunities to save
2026-02-14 15:51:35.083 - ✅ 📥 Live arbs ingestion completed: 0 opportunities saved in 246ms
2026-02-14 15:51:37.046 - 🔄 📥 [Poll #186] Starting live arbs fetch...
2026-02-14 15:51:37.046 - 📥 Fetching live arbs from API...
2026-02-14 15:51:37.297 - ✅ 📥 API returned 0 events
2026-02-14 15:51:37.297 - 🔄 ⚡ ℹ️ Processing 0 events...
2026-02-14 15:51:37.298 - ❌ 🔄 Response validation failed: Errors: 1, Warnings: 1, Info: 1
2026-02-14 15:51:37.298 - ⚠️ 🔄 No events in response
2026-02-14 15:51:37.298 - 🔄 ℹ️ Transforming 0 parsed items to entities...
2026-02-14 15:51:37.300 - 💾 ℹ️ Saving 0 opportunities to database...
2026-02-14 15:51:37.301 - 💾 ℹ️ Processing 0 opportunities for database save...
2026-02-14 15:51:37.301 - ℹ️ 💾 No opportunities to save
2026-02-14 15:51:37.301 - ✅ 📥 Live arbs ingestion completed: 0 opportunities saved in 255ms
2026-02-14 15:51:39.050 - 🔄 📥 [Poll #187] Starting live arbs fetch...
2026-02-14 15:51:39.051 - 📥 Fetching live arbs from API...
2026-02-14 15:51:39.281 - ✅ 📥 API returned 0 events
2026-02-14 15:51:39.281 - 🔄 ⚡ ℹ️ Processing 0 events...
2026-02-14 15:51:39.282 - ❌ 🔄 Response validation failed: Errors: 1, Warnings: 1, Info: 1
2026-02-14 15:51:39.282 - ⚠️ 🔄 No events in response
2026-02-14 15:51:39.282 - 🔄 ℹ️ Transforming 0 parsed items to entities...
2026-02-14 15:51:39.283 - 💾 ℹ️ Saving 0 opportunities to database...
2026-02-14 15:51:39.283 - 💾 ℹ️ Processing 0 opportunities for database save...
2026-02-14 15:51:39.283 - ℹ️ 💾 No opportunities to save
2026-02-14 15:51:39.283 - ✅ 📥 Live arbs ingestion completed: 0 opportunities saved in 232ms
2026-02-14 15:51:40.895 - 🔄 📥 [Poll #188] Starting live arbs fetch...
2026-02-14 15:51:40.897 - 📥 Fetching live arbs from API...
2026-02-14 15:51:41.149 - ✅ 📥 API returned 0 events
2026-02-14 15:51:41.150 - 🔄 ⚡ ℹ️ Processing 0 events...
2026-02-14 15:51:41.150 - ❌ 🔄 Response validation failed: Errors: 1, Warnings: 1, Info: 1
2026-02-14 15:51:41.150 - ⚠️ 🔄 No events in response
2026-02-14 15:51:41.150 - 🔄 ℹ️ Transforming 0 parsed items to entities...
2026-02-14 15:51:41.150 - 💾 ℹ️ Saving 0 opportunities to database...
2026-02-14 15:51:41.150 - 💾 ℹ️ Processing 0 opportunities for database save...
2026-02-14 15:51:41.150 - ℹ️ 💾 No opportunities to save
2026-02-14 15:51:41.150 - ✅ 📥 Live arbs ingestion completed: 0 opportunities saved in 253ms
2026-02-14 15:51:43.063 - 🔄 📥 [Poll #189] Starting live arbs fetch...
2026-02-14 15:51:43.063 - 📥 Fetching live arbs from API...
2026-02-14 15:51:43.302 - ✅ 📥 API returned 0 events
2026-02-14 15:51:43.302 - 🔄 ⚡ ℹ️ Processing 0 events...
2026-02-14 15:51:43.302 - ❌ 🔄 Response validation failed: Errors: 1, Warnings: 1, Info: 1
2026-02-14 15:51:43.302 - ⚠️ 🔄 No events in response
2026-02-14 15:51:43.302 - 🔄 ℹ️ Transforming 0 parsed items to entities...
2026-02-14 15:51:43.303 - 💾 ℹ️ Saving 0 opportunities to database...
2026-02-14 15:51:43.303 - 💾 ℹ️ Processing 0 opportunities for database save...
2026-02-14 15:51:43.303 - ℹ️ 💾 No opportunities to save
2026-02-14 15:51:43.303 - ✅ 📥 Live arbs ingestion completed: 0 opportunities saved in 240ms
2026-02-14 15:51:45.244 - 🔄 📥 [Poll #190] Starting live arbs fetch...
2026-02-14 15:51:45.395 - 📥 Fetching live arbs from API...
2026-02-14 15:51:45.681 - ✅ 📥 API returned 0 events
2026-02-14 15:51:45.681 - 🔄 ⚡ ℹ️ Processing 0 events...
2026-02-14 15:51:45.681 - ❌ 🔄 Response validation failed: Errors: 1, Warnings: 1, Info: 1
2026-02-14 15:51:45.682 - ⚠️ 🔄 No events in response
2026-02-14 15:51:45.682 - 🔄 ℹ️ Transforming 0 parsed items to entities...
2026-02-14 15:51:45.682 - 💾 ℹ️ Saving 0 opportunities to database...
2026-02-14 15:51:45.682 - 💾 ℹ️ Processing 0 opportunities for database save...
2026-02-14 15:51:45.682 - ℹ️ 💾 No opportunities to save
2026-02-14 15:51:45.682 - ✅ 📥 Live arbs ingestion completed: 0 opportunities saved in 287ms
2026-02-14 15:51:46.834 - 🔄 📥 [Poll #191] Starting live arbs fetch...
2026-02-14 15:51:46.834 - 📥 Fetching live arbs from API...
2026-02-14 15:51:47.085 - ✅ 📥 API returned 0 events
2026-02-14 15:51:47.100 - 🔄 ⚡ ℹ️ Processing 0 events...
2026-02-14 15:51:47.101 - ❌ 🔄 Response validation failed: Errors: 1, Warnings: 1, Info: 1
2026-02-14 15:51:47.101 - ⚠️ 🔄 No events in response
2026-02-14 15:51:47.101 - 🔄 ℹ️ Transforming 0 parsed items to entities...
2026-02-14 15:51:47.101 - 💾 ℹ️ Saving 0 opportunities to database...
2026-02-14 15:51:47.101 - 💾 ℹ️ Processing 0 opportunities for database save...
2026-02-14 15:51:47.101 - ℹ️ 💾 No opportunities to save
2026-02-14 15:51:47.101 - ✅ 📥 Live arbs ingestion completed: 0 opportunities saved in 267ms
2026-02-14 15:51:49.203 - 🔄 📥 [Poll #192] Starting live arbs fetch...
2026-02-14 15:51:49.203 - 📥 Fetching live arbs from API...
2026-02-14 15:51:49.462 - ✅ 📥 API returned 0 events
2026-02-14 15:51:49.462 - 🔄 ⚡ ℹ️ Processing 0 events...
2026-02-14 15:51:49.463 - ❌ 🔄 Response validation failed: Errors: 1, Warnings: 1, Info: 1
2026-02-14 15:51:49.463 - ⚠️ 🔄 No events in response
2026-02-14 15:51:49.463 - 🔄 ℹ️ Transforming 0 parsed items to entities...
2026-02-14 15:51:49.463 - 💾 ℹ️ Saving 0 opportunities to database...
2026-02-14 15:51:49.463 - 💾 ℹ️ Processing 0 opportunities for database save...
2026-02-14 15:51:49.463 - ℹ️ 💾 No opportunities to save
2026-02-14 15:51:49.463 - ✅ 📥 Live arbs ingestion completed: 0 opportunities saved in 260ms
2026-02-14 15:51:51.147 - 🔄 📥 [Poll #193] Starting live arbs fetch...
2026-02-14 15:51:51.147 - 📥 Fetching live arbs from API...
2026-02-14 15:51:51.363 - ✅ 📥 API returned 0 events
2026-02-14 15:51:51.364 - 🔄 ⚡ ℹ️ Processing 0 events...
2026-02-14 15:51:51.364 - ❌ 🔄 Response validation failed: Errors: 1, Warnings: 1, Info: 1
2026-02-14 15:51:51.364 - ⚠️ 🔄 No events in response
2026-02-14 15:51:51.365 - 🔄 ℹ️ Transforming 0 parsed items to entities...
2026-02-14 15:51:51.365 - 💾 ℹ️ Saving 0 opportunities to database...
2026-02-14 15:51:51.365 - 💾 ℹ️ Processing 0 opportunities for database save...
2026-02-14 15:51:51.365 - ℹ️ 💾 No opportunities to save
2026-02-14 15:51:51.365 - ✅ 📥 Live arbs ingestion completed: 0 opportunities saved in 218ms
2026-02-14 15:51:53.022 - 🔄 📥 [Poll #194] Starting live arbs fetch...
2026-02-14 15:51:53.023 - 📥 Fetching live arbs from API...
2026-02-14 15:51:53.294 - ✅ 📥 API returned 0 events
2026-02-14 15:51:53.295 - 🔄 ⚡ ℹ️ Processing 0 events...
2026-02-14 15:51:53.295 - ❌ 🔄 Response validation failed: Errors: 1, Warnings: 1, Info: 1
2026-02-14 15:51:53.295 - ⚠️ 🔄 No events in response
2026-02-14 15:51:53.295 - 🔄 ℹ️ Transforming 0 parsed items to entities...
2026-02-14 15:51:53.295 - 💾 ℹ️ Saving 0 opportunities to database...
2026-02-14 15:51:53.295 - 💾 ℹ️ Processing 0 opportunities for database save...
2026-02-14 15:51:53.295 - ℹ️ 💾 No opportunities to save
2026-02-14 15:51:53.295 - ✅ 📥 Live arbs ingestion completed: 0 opportunities saved in 272ms
2026-02-14 15:51:55.002 - 🔄 📥 [Poll #195] Starting live arbs fetch...
2026-02-14 15:51:55.003 - 📥 Fetching live arbs from API...
2026-02-14 15:51:55.230 - ✅ 📥 API returned 0 events
2026-02-14 15:51:55.230 - 🔄 ⚡ ℹ️ Processing 0 events...
2026-02-14 15:51:55.231 - ❌ 🔄 Response validation failed: Errors: 1, Warnings: 1, Info: 1
2026-02-14 15:51:55.231 - ⚠️ 🔄 No events in response
2026-02-14 15:51:55.231 - 🔄 ℹ️ Transforming 0 parsed items to entities...
2026-02-14 15:51:55.232 - 💾 ℹ️ Saving 0 opportunities to database...
2026-02-14 15:51:55.232 - 💾 ℹ️ Processing 0 opportunities for database save...
2026-02-14 15:51:55.232 - ℹ️ 💾 No opportunities to save
2026-02-14 15:51:55.232 - ✅ 📥 Live arbs ingestion completed: 0 opportunities saved in 229ms
2026-02-14 15:51:57.195 - 🔄 📥 [Poll #196] Starting live arbs fetch...
2026-02-14 15:51:57.196 - 📥 Fetching live arbs from API...
2026-02-14 15:51:57.442 - ✅ 📥 API returned 0 events
2026-02-14 15:51:57.443 - 🔄 ⚡ ℹ️ Processing 0 events...
2026-02-14 15:51:57.443 - ❌ 🔄 Response validation failed: Errors: 1, Warnings: 1, Info: 1
2026-02-14 15:51:57.443 - ⚠️ 🔄 No events in response
2026-02-14 15:51:57.444 - 🔄 ℹ️ Transforming 0 parsed items to entities...
2026-02-14 15:51:57.444 - 💾 ℹ️ Saving 0 opportunities to database...
2026-02-14 15:51:57.444 - 💾 ℹ️ Processing 0 opportunities for database save...
2026-02-14 15:51:57.444 - ℹ️ 💾 No opportunities to save
2026-02-14 15:51:57.444 - ✅ 📥 Live arbs ingestion completed: 0 opportunities saved in 248ms
2026-02-14 15:51:59.654 - 🔄 📥 [Poll #197] Starting live arbs fetch...
2026-02-14 15:51:59.655 - 📥 Fetching live arbs from API...
2026-02-14 15:51:59.947 - ✅ 📥 API returned 0 events
2026-02-14 15:51:59.947 - 🔄 ⚡ ℹ️ Processing 0 events...
2026-02-14 15:51:59.947 - ❌ 🔄 Response validation failed: Errors: 1, Warnings: 1, Info: 1
2026-02-14 15:51:59.948 - ⚠️ 🔄 No events in response
2026-02-14 15:51:59.948 - 🔄 ℹ️ Transforming 0 parsed items to entities...
2026-02-14 15:51:59.948 - 💾 ℹ️ Saving 0 opportunities to database...
2026-02-14 15:51:59.948 - 💾 ℹ️ Processing 0 opportunities for database save...
2026-02-14 15:51:59.948 - ℹ️ 💾 No opportunities to save
2026-02-14 15:51:59.948 - ✅ 📥 Live arbs ingestion completed: 0 opportunities saved in 293ms
2026-02-14 15:52:01.414 - 🔄 📥 [Poll #198] Starting live arbs fetch...
2026-02-14 15:52:01.414 - 📥 Fetching live arbs from API...
2026-02-14 15:52:01.711 - ✅ 📥 API returned 0 events
2026-02-14 15:52:01.711 - 🔄 ⚡ ℹ️ Processing 0 events...
2026-02-14 15:52:01.712 - ❌ 🔄 Response validation failed: Errors: 1, Warnings: 1, Info: 1
2026-02-14 15:52:01.712 - ⚠️ 🔄 No events in response
2026-02-14 15:52:01.712 - 🔄 ℹ️ Transforming 0 parsed items to entities...
2026-02-14 15:52:01.712 - 💾 ℹ️ Saving 0 opportunities to database...
2026-02-14 15:52:01.712 - 💾 ℹ️ Processing 0 opportunities for database save...
2026-02-14 15:52:01.712 - ℹ️ 💾 No opportunities to save
2026-02-14 15:52:01.712 - ✅ 📥 Live arbs ingestion completed: 0 opportunities saved in 298ms
2026-02-14 15:52:02.872 - 🔄 📥 [Poll #199] Starting live arbs fetch...
2026-02-14 15:52:02.873 - 📥 Fetching live arbs from API...
2026-02-14 15:52:03.102 - ✅ 📥 API returned 0 events
2026-02-14 15:52:03.103 - 🔄 ⚡ ℹ️ Processing 0 events...
2026-02-14 15:52:03.103 - ❌ 🔄 Response validation failed: Errors: 1, Warnings: 1, Info: 1
2026-02-14 15:52:03.104 - ⚠️ 🔄 No events in response
2026-02-14 15:52:03.104 - 🔄 ℹ️ Transforming 0 parsed items to entities...
2026-02-14 15:52:03.104 - 💾 ℹ️ Saving 0 opportunities to database...
2026-02-14 15:52:03.104 - 💾 ℹ️ Processing 0 opportunities for database save...
2026-02-14 15:52:03.104 - ℹ️ 💾 No opportunities to save
2026-02-14 15:52:03.104 - ✅ 📥 Live arbs ingestion completed: 0 opportunities saved in 231ms
2026-02-14 15:52:05.208 - 🔄 📥 [Poll #200] Starting live arbs fetch...
2026-02-14 15:52:05.208 - 📥 Fetching live arbs from API...
2026-02-14 15:52:05.601 - ✅ 📥 API returned 1 events
2026-02-14 15:52:05.601 - 🔄 ⚡ ℹ️ Processing 1 events...
2026-02-14 15:52:05.604 - ⚠️ 🔄 Response has warnings: Errors: 0, Warnings: 1, Info: 4
2026-02-14 15:52:05.621 - 🔄 ℹ️ Processing sub-event 1/2 (ID: 16193963498147761605)...
2026-02-14 15:52:05.622 - ℹ️ 🔄 Sub-event 16193963498147761605 bookmaker: SportyBet (ID: 43)
2026-02-14 15:52:05.623 - ✅ 🍪 Saved crumbs from SportyBet using key='oid' (3 entries)
2026-02-14 15:52:05.623 - 🍪 ℹ️ Using key='oid' = '5' → selectedId='5' for bookmaker: SportyBet (source: SportyBet)
2026-02-14 15:52:05.624 - 🎯 🍪 Getting market outcome for bookmaker: SportyBet
2026-02-14 15:52:05.683 - ✅ 🎯 Market resolved: marketType='2nd game - winner', selectedId='5', outcome='Away'
2026-02-14 15:52:05.683 - 📎 Built URL for SportyBet: https://www.sportybet.com/ng/sport/tableTennis/live/International/TT Elite Series/Daniel,_Artur_vs_Spychala,_Adrian/sr:match:68937002
2026-02-14 15:52:05.684 - ✅ Built outcome - bookMaker: SportyBet, outcome: 'Away', odds: 3.85, url: ✓
2026-02-14 15:52:05.684 - 🔄 ℹ️ Processing sub-event 2/2 (ID: 16193963496031136696)...
2026-02-14 15:52:05.684 - ℹ️ 🔄 Sub-event 16193963496031136696 bookmaker: Bet9ja (ID: 33)
2026-02-14 15:52:05.684 - 🍪 ℹ️ Using key='id2' = 'LIVETT_SW@2_1' → selectedId='1' for bookmaker: Bet9ja (source: own crumbs (post-underscore))
2026-02-14 15:52:05.684 - 🎯 🍪 Getting market outcome for bookmaker: Bet9ja
2026-02-14 15:52:05.684 - ✅ 🎯 Market resolved: marketType='Set Winner', selectedId='1', outcome='1'
2026-02-14 15:52:05.684 - Built Bet9ja modern URL: https://sports.bet9ja.com/liveEvent/8744909
2026-02-14 15:52:05.684 - 📎 Built URL for Bet9ja: https://sports.bet9ja.com/liveEvent/8744909
2026-02-14 15:52:05.685 - ✅ Built outcome - bookMaker: Bet9ja, outcome: '1', odds: 4.7, url: ✓
2026-02-14 15:52:05.685 - ✅ 🔄 🎯 Converted event 16193963496268893863 to arb: SportyBet (3.85) vs Bet9ja (4.7) | 111.64% profit | marketType='Set Winner' | outcome='1'
2026-02-14 15:52:05.686 - ✅ ⚡ 🔄 Successfully converted 1 events to arbitrages
2026-02-14 15:52:05.686 - 🔄 ℹ️ Transforming 1 parsed items to entities...
2026-02-14 15:52:05.686 - 💾 ℹ️ Saving 1 opportunities to database...
2026-02-14 15:52:05.686 - 💾 ℹ️ Processing 1 opportunities for database save...
2026-02-14 15:52:05.702 - ✅ 💾 Database save completed: 1 new, 0 updated, 0 skipped
2026-02-14 15:52:05.702 - ✅ 📥 Live arbs ingestion completed: 1 opportunities saved in 494ms
2026-02-14 15:52:06.957 - 🔄 📥 [Poll #201] Starting live arbs fetch...
2026-02-14 15:52:06.957 - 📥 Fetching live arbs from API...
2026-02-14 15:52:07.207 - ✅ 📥 API returned 1 events
2026-02-14 15:52:07.207 - 🔄 ⚡ ℹ️ Processing 1 events...
2026-02-14 15:52:07.208 - ⚠️ 🔄 Response has warnings: Errors: 0, Warnings: 1, Info: 4
2026-02-14 15:52:07.217 - 🔄 ℹ️ Processing sub-event 1/2 (ID: 16193963498147761605)...
2026-02-14 15:52:07.217 - ℹ️ 🔄 Sub-event 16193963498147761605 bookmaker: SportyBet (ID: 43)
2026-02-14 15:52:07.217 - ✅ 🍪 Saved crumbs from SportyBet using key='oid' (3 entries)
2026-02-14 15:52:07.217 - 🍪 ℹ️ Using key='oid' = '5' → selectedId='5' for bookmaker: SportyBet (source: SportyBet)
2026-02-14 15:52:07.217 - 🎯 🍪 Getting market outcome for bookmaker: SportyBet
2026-02-14 15:52:07.218 - ✅ 🎯 Market resolved: marketType='2nd game - winner', selectedId='5', outcome='Away'
2026-02-14 15:52:07.218 - 📎 Built URL for SportyBet: https://www.sportybet.com/ng/sport/tableTennis/live/International/TT Elite Series/Daniel,_Artur_vs_Spychala,_Adrian/sr:match:68937002
2026-02-14 15:52:07.218 - ✅ Built outcome - bookMaker: SportyBet, outcome: 'Away', odds: 3.85, url: ✓
2026-02-14 15:52:07.218 - 🔄 ℹ️ Processing sub-event 2/2 (ID: 16193963496031136696)...
2026-02-14 15:52:07.218 - ℹ️ 🔄 Sub-event 16193963496031136696 bookmaker: Bet9ja (ID: 33)
2026-02-14 15:52:07.219 - 🍪 ℹ️ Using key='id2' = 'LIVETT_SW@2_1' → selectedId='1' for bookmaker: Bet9ja (source: own crumbs (post-underscore))
2026-02-14 15:52:07.219 - 🎯 🍪 Getting market outcome for bookmaker: Bet9ja
2026-02-14 15:52:07.219 - ✅ 🎯 Market resolved: marketType='Set Winner', selectedId='1', outcome='1'
2026-02-14 15:52:07.219 - Built Bet9ja modern URL: https://sports.bet9ja.com/liveEvent/8744909
2026-02-14 15:52:07.219 - 📎 Built URL for Bet9ja: https://sports.bet9ja.com/liveEvent/8744909
2026-02-14 15:52:07.220 - ✅ Built outcome - bookMaker: Bet9ja, outcome: '1', odds: 4.7, url: ✓
2026-02-14 15:52:07.220 - ✅ 🔄 🎯 Converted event 16193963496268893863 to arb: SportyBet (3.85) vs Bet9ja (4.7) | 111.64% profit | marketType='Set Winner' | outcome='1'
2026-02-14 15:52:07.221 - ✅ ⚡ 🔄 Successfully converted 1 events to arbitrages
2026-02-14 15:52:07.221 - 🔄 ℹ️ Transforming 1 parsed items to entities...
2026-02-14 15:52:07.221 - 💾 ℹ️ Saving 1 opportunities to database...
2026-02-14 15:52:07.221 - 💾 ℹ️ Processing 1 opportunities for database save...
2026-02-14 15:52:07.277 - ✅ 💾 Database save completed: 0 new, 1 updated, 0 skipped
2026-02-14 15:52:07.277 - ✅ 📥 Live arbs ingestion completed: 1 opportunities saved in 320ms
2026-02-14 15:52:08.834 - 🔄 📥 [Poll #202] Starting live arbs fetch...
2026-02-14 15:52:08.835 - 📥 Fetching live arbs from API...
2026-02-14 15:52:09.135 - ✅ 📥 API returned 1 events
2026-02-14 15:52:09.136 - 🔄 ⚡ ℹ️ Processing 1 events...
2026-02-14 15:52:09.136 - ⚠️ 🔄 Response has warnings: Errors: 0, Warnings: 1, Info: 4
2026-02-14 15:52:09.173 - 🔄 ℹ️ Processing sub-event 1/2 (ID: 16193963498147761605)...
2026-02-14 15:52:09.174 - ℹ️ 🔄 Sub-event 16193963498147761605 bookmaker: SportyBet (ID: 43)
2026-02-14 15:52:09.174 - ✅ 🍪 Saved crumbs from SportyBet using key='oid' (3 entries)
2026-02-14 15:52:09.174 - 🍪 ℹ️ Using key='oid' = '5' → selectedId='5' for bookmaker: SportyBet (source: SportyBet)
2026-02-14 15:52:09.174 - 🎯 🍪 Getting market outcome for bookmaker: SportyBet
2026-02-14 15:52:09.174 - ✅ 🎯 Market resolved: marketType='2nd game - winner', selectedId='5', outcome='Away'
2026-02-14 15:52:09.174 - 📎 Built URL for SportyBet: https://www.sportybet.com/ng/sport/tableTennis/live/International/TT Elite Series/Daniel,_Artur_vs_Spychala,_Adrian/sr:match:68937002
2026-02-14 15:52:09.174 - ✅ Built outcome - bookMaker: SportyBet, outcome: 'Away', odds: 3.85, url: ✓
2026-02-14 15:52:09.175 - 🔄 ℹ️ Processing sub-event 2/2 (ID: 16193963496031136696)...
2026-02-14 15:52:09.175 - ℹ️ 🔄 Sub-event 16193963496031136696 bookmaker: Bet9ja (ID: 33)
2026-02-14 15:52:09.175 - 🍪 ℹ️ Using key='id2' = 'LIVETT_SW@2_1' → selectedId='1' for bookmaker: Bet9ja (source: own crumbs (post-underscore))
2026-02-14 15:52:09.175 - 🎯 🍪 Getting market outcome for bookmaker: Bet9ja
2026-02-14 15:52:09.175 - ✅ 🎯 Market resolved: marketType='Set Winner', selectedId='1', outcome='1'
2026-02-14 15:52:09.175 - Built Bet9ja modern URL: https://sports.bet9ja.com/liveEvent/8744909
2026-02-14 15:52:09.175 - 📎 Built URL for Bet9ja: https://sports.bet9ja.com/liveEvent/8744909
2026-02-14 15:52:09.175 - ✅ Built outcome - bookMaker: Bet9ja, outcome: '1', odds: 4.7, url: ✓
2026-02-14 15:52:09.175 - ✅ 🔄 🎯 Converted event 16193963496268893863 to arb: SportyBet (3.85) vs Bet9ja (4.7) | 111.64% profit | marketType='Set Winner' | outcome='1'
2026-02-14 15:52:09.185 - ✅ ⚡ 🔄 Successfully converted 1 events to arbitrages
2026-02-14 15:52:09.185 - 🔄 ℹ️ Transforming 1 parsed items to entities...
2026-02-14 15:52:09.185 - 💾 ℹ️ Saving 1 opportunities to database...
2026-02-14 15:52:09.185 - 💾 ℹ️ Processing 1 opportunities for database save...
2026-02-14 15:52:09.223 - ✅ 💾 Database save completed: 0 new, 1 updated, 0 skipped
2026-02-14 15:52:09.224 - ✅ 📥 Live arbs ingestion completed: 1 opportunities saved in 389ms
2026-02-14 15:52:10.833 - 🔄 📥 [Poll #203] Starting live arbs fetch...
2026-02-14 15:52:10.833 - 📥 Fetching live arbs from API...
2026-02-14 15:52:11.058 - ✅ 📥 API returned 1 events
2026-02-14 15:52:11.058 - 🔄 ⚡ ℹ️ Processing 1 events...
2026-02-14 15:52:11.058 - ⚠️ 🔄 Response has warnings: Errors: 0, Warnings: 1, Info: 4
2026-02-14 15:52:11.058 - 🔄 ℹ️ Processing sub-event 1/2 (ID: 16193963498147761605)...
2026-02-14 15:52:11.058 - ℹ️ 🔄 Sub-event 16193963498147761605 bookmaker: SportyBet (ID: 43)
2026-02-14 15:52:11.059 - ✅ 🍪 Saved crumbs from SportyBet using key='oid' (3 entries)
2026-02-14 15:52:11.059 - 🍪 ℹ️ Using key='oid' = '5' → selectedId='5' for bookmaker: SportyBet (source: SportyBet)
2026-02-14 15:52:11.059 - 🎯 🍪 Getting market outcome for bookmaker: SportyBet
2026-02-14 15:52:11.059 - ✅ 🎯 Market resolved: marketType='2nd game - winner', selectedId='5', outcome='Away'
2026-02-14 15:52:11.059 - 📎 Built URL for SportyBet: https://www.sportybet.com/ng/sport/tableTennis/live/International/TT Elite Series/Daniel,_Artur_vs_Spychala,_Adrian/sr:match:68937002
2026-02-14 15:52:11.059 - ✅ Built outcome - bookMaker: SportyBet, outcome: 'Away', odds: 3.85, url: ✓
2026-02-14 15:52:11.059 - 🔄 ℹ️ Processing sub-event 2/2 (ID: 16193963496031136696)...
2026-02-14 15:52:11.059 - ℹ️ 🔄 Sub-event 16193963496031136696 bookmaker: Bet9ja (ID: 33)
2026-02-14 15:52:11.059 - 🍪 ℹ️ Using key='id2' = 'LIVETT_SW@2_1' → selectedId='1' for bookmaker: Bet9ja (source: own crumbs (post-underscore))
2026-02-14 15:52:11.060 - 🎯 🍪 Getting market outcome for bookmaker: Bet9ja
2026-02-14 15:52:11.060 - ✅ 🎯 Market resolved: marketType='Set Winner', selectedId='1', outcome='1'
2026-02-14 15:52:11.060 - Built Bet9ja modern URL: https://sports.bet9ja.com/liveEvent/8744909
2026-02-14 15:52:11.060 - 📎 Built URL for Bet9ja: https://sports.bet9ja.com/liveEvent/8744909
2026-02-14 15:52:11.060 - ✅ Built outcome - bookMaker: Bet9ja, outcome: '1', odds: 4.7, url: ✓
2026-02-14 15:52:11.060 - ✅ 🔄 🎯 Converted event 16193963496268893863 to arb: SportyBet (3.85) vs Bet9ja (4.7) | 111.64% profit | marketType='Set Winner' | outcome='1'
2026-02-14 15:52:11.060 - ✅ ⚡ 🔄 Successfully converted 1 events to arbitrages
2026-02-14 15:52:11.060 - 🔄 ℹ️ Transforming 1 parsed items to entities...
2026-02-14 15:52:11.060 - 💾 ℹ️ Saving 1 opportunities to database...
2026-02-14 15:52:11.060 - 💾 ℹ️ Processing 1 opportunities for database save...
2026-02-14 15:52:11.070 - ✅ 💾 Database save completed: 0 new, 1 updated, 0 skipped
2026-02-14 15:52:11.070 - ✅ 📥 Live arbs ingestion completed: 1 opportunities saved in 237ms
2026-02-14 15:52:12.833 - 🔄 📥 [Poll #204] Starting live arbs fetch...
2026-02-14 15:52:12.833 - 📥 Fetching live arbs from API...
2026-02-14 15:52:13.133 - ✅ 📥 API returned 1 events
2026-02-14 15:52:13.133 - 🔄 ⚡ ℹ️ Processing 1 events...
2026-02-14 15:52:13.134 - ⚠️ 🔄 Response has warnings: Errors: 0, Warnings: 1, Info: 4
2026-02-14 15:52:13.134 - 🔄 ℹ️ Processing sub-event 1/2 (ID: 16193963498147761605)...
2026-02-14 15:52:13.134 - ℹ️ 🔄 Sub-event 16193963498147761605 bookmaker: SportyBet (ID: 43)
2026-02-14 15:52:13.134 - ✅ 🍪 Saved crumbs from SportyBet using key='oid' (3 entries)
2026-02-14 15:52:13.134 - 🍪 ℹ️ Using key='oid' = '5' → selectedId='5' for bookmaker: SportyBet (source: SportyBet)
2026-02-14 15:52:13.135 - 🎯 🍪 Getting market outcome for bookmaker: SportyBet
2026-02-14 15:52:13.135 - ✅ 🎯 Market resolved: marketType='2nd game - winner', selectedId='5', outcome='Away'
2026-02-14 15:52:13.135 - 📎 Built URL for SportyBet: https://www.sportybet.com/ng/sport/tableTennis/live/International/TT Elite Series/Daniel,_Artur_vs_Spychala,_Adrian/sr:match:68937002
2026-02-14 15:52:13.135 - ✅ Built outcome - bookMaker: SportyBet, outcome: 'Away', odds: 3.85, url: ✓
2026-02-14 15:52:13.135 - 🔄 ℹ️ Processing sub-event 2/2 (ID: 16193963496031136696)...
2026-02-14 15:52:13.135 - ℹ️ 🔄 Sub-event 16193963496031136696 bookmaker: Bet9ja (ID: 33)
2026-02-14 15:52:13.135 - 🍪 ℹ️ Using key='id2' = 'LIVETT_SW@2_1' → selectedId='1' for bookmaker: Bet9ja (source: own crumbs (post-underscore))
2026-02-14 15:52:13.135 - 🎯 🍪 Getting market outcome for bookmaker: Bet9ja
2026-02-14 15:52:13.135 - ✅ 🎯 Market resolved: marketType='Set Winner', selectedId='1', outcome='1'
2026-02-14 15:52:13.135 - Built Bet9ja modern URL: https://sports.bet9ja.com/liveEvent/8744909
2026-02-14 15:52:13.135 - 📎 Built URL for Bet9ja: https://sports.bet9ja.com/liveEvent/8744909
2026-02-14 15:52:13.136 - ✅ Built outcome - bookMaker: Bet9ja, outcome: '1', odds: 4.7, url: ✓
2026-02-14 15:52:13.136 - ✅ 🔄 🎯 Converted event 16193963496268893863 to arb: SportyBet (3.85) vs Bet9ja (4.7) | 111.64% profit | marketType='Set Winner' | outcome='1'
2026-02-14 15:52:13.136 - ✅ ⚡ 🔄 Successfully converted 1 events to arbitrages
2026-02-14 15:52:13.136 - 🔄 ℹ️ Transforming 1 parsed items to entities...
2026-02-14 15:52:13.136 - 💾 ℹ️ Saving 1 opportunities to database...
2026-02-14 15:52:13.136 - 💾 ℹ️ Processing 1 opportunities for database save...
2026-02-14 15:52:13.150 - ✅ 💾 Database save completed: 0 new, 1 updated, 0 skipped
2026-02-14 15:52:13.151 - ✅ 📥 Live arbs ingestion completed: 1 opportunities saved in 318ms
2026-02-14 15:52:14.854 - 🔄 📥 [Poll #205] Starting live arbs fetch...
2026-02-14 15:52:14.854 - 📥 Fetching live arbs from API...
2026-02-14 15:52:15.090 - ✅ 📥 API returned 1 events
2026-02-14 15:52:15.090 - 🔄 ⚡ ℹ️ Processing 1 events...
2026-02-14 15:52:15.091 - ⚠️ 🔄 Response has warnings: Errors: 0, Warnings: 1, Info: 4
2026-02-14 15:52:15.091 - 🔄 ℹ️ Processing sub-event 1/2 (ID: 16193963498147761605)...
2026-02-14 15:52:15.091 - ℹ️ 🔄 Sub-event 16193963498147761605 bookmaker: SportyBet (ID: 43)
2026-02-14 15:52:15.091 - ✅ 🍪 Saved crumbs from SportyBet using key='oid' (3 entries)
2026-02-14 15:52:15.091 - 🍪 ℹ️ Using key='oid' = '5' → selectedId='5' for bookmaker: SportyBet (source: SportyBet)
2026-02-14 15:52:15.091 - 🎯 🍪 Getting market outcome for bookmaker: SportyBet
2026-02-14 15:52:15.091 - ✅ 🎯 Market resolved: marketType='2nd game - winner', selectedId='5', outcome='Away'
2026-02-14 15:52:15.091 - 📎 Built URL for SportyBet: https://www.sportybet.com/ng/sport/tableTennis/live/International/TT Elite Series/Daniel,_Artur_vs_Spychala,_Adrian/sr:match:68937002
2026-02-14 15:52:15.092 - ✅ Built outcome - bookMaker: SportyBet, outcome: 'Away', odds: 3.85, url: ✓
2026-02-14 15:52:15.092 - 🔄 ℹ️ Processing sub-event 2/2 (ID: 16193963496031136696)...
2026-02-14 15:52:15.092 - ℹ️ 🔄 Sub-event 16193963496031136696 bookmaker: Bet9ja (ID: 33)
2026-02-14 15:52:15.092 - 🍪 ℹ️ Using key='id2' = 'LIVETT_SW@2_1' → selectedId='1' for bookmaker: Bet9ja (source: own crumbs (post-underscore))
2026-02-14 15:52:15.092 - 🎯 🍪 Getting market outcome for bookmaker: Bet9ja
2026-02-14 15:52:15.092 - ✅ 🎯 Market resolved: marketType='Set Winner', selectedId='1', outcome='1'
2026-02-14 15:52:15.092 - Built Bet9ja modern URL: https://sports.bet9ja.com/liveEvent/8744909
2026-02-14 15:52:15.092 - 📎 Built URL for Bet9ja: https://sports.bet9ja.com/liveEvent/8744909
2026-02-14 15:52:15.092 - ✅ Built outcome - bookMaker: Bet9ja, outcome: '1', odds: 4.7, url: ✓
2026-02-14 15:52:15.092 - ✅ 🔄 🎯 Converted event 16193963496268893863 to arb: SportyBet (3.85) vs Bet9ja (4.7) | 111.64% profit | marketType='Set Winner' | outcome='1'
2026-02-14 15:52:15.092 - ✅ ⚡ 🔄 Successfully converted 1 events to arbitrages
2026-02-14 15:52:15.092 - 🔄 ℹ️ Transforming 1 parsed items to entities...
2026-02-14 15:52:15.092 - 💾 ℹ️ Saving 1 opportunities to database...
2026-02-14 15:52:15.093 - 💾 ℹ️ Processing 1 opportunities for database save...
2026-02-14 15:52:15.104 - ✅ 💾 Database save completed: 0 new, 1 updated, 0 skipped
2026-02-14 15:52:15.104 - ✅ 📥 Live arbs ingestion completed: 1 opportunities saved in 250ms
2026-02-14 15:52:17.177 - 🔄 📥 [Poll #206] Starting live arbs fetch...
2026-02-14 15:52:17.179 - 📥 Fetching live arbs from API...
2026-02-14 15:52:17.400 - ✅ 📥 API returned 1 events
2026-02-14 15:52:17.400 - 🔄 ⚡ ℹ️ Processing 1 events...
2026-02-14 15:52:17.400 - ⚠️ 🔄 Response has warnings: Errors: 0, Warnings: 1, Info: 4
2026-02-14 15:52:17.401 - 🔄 ℹ️ Processing sub-event 1/2 (ID: 16193963498147761605)...
2026-02-14 15:52:17.401 - ℹ️ 🔄 Sub-event 16193963498147761605 bookmaker: SportyBet (ID: 43)
2026-02-14 15:52:17.401 - ✅ 🍪 Saved crumbs from SportyBet using key='oid' (3 entries)
2026-02-14 15:52:17.401 - 🍪 ℹ️ Using key='oid' = '5' → selectedId='5' for bookmaker: SportyBet (source: SportyBet)
2026-02-14 15:52:17.401 - 🎯 🍪 Getting market outcome for bookmaker: SportyBet
2026-02-14 15:52:17.401 - ✅ 🎯 Market resolved: marketType='2nd game - winner', selectedId='5', outcome='Away'
2026-02-14 15:52:17.401 - 📎 Built URL for SportyBet: https://www.sportybet.com/ng/sport/tableTennis/live/International/TT Elite Series/Daniel,_Artur_vs_Spychala,_Adrian/sr:match:68937002
2026-02-14 15:52:17.401 - ✅ Built outcome - bookMaker: SportyBet, outcome: 'Away', odds: 3.85, url: ✓
2026-02-14 15:52:17.401 - 🔄 ℹ️ Processing sub-event 2/2 (ID: 16193963496031136696)...
2026-02-14 15:52:17.401 - ℹ️ 🔄 Sub-event 16193963496031136696 bookmaker: Bet9ja (ID: 33)
2026-02-14 15:52:17.401 - 🍪 ℹ️ Using key='id2' = 'LIVETT_SW@2_1' → selectedId='1' for bookmaker: Bet9ja (source: own crumbs (post-underscore))
2026-02-14 15:52:17.402 - 🎯 🍪 Getting market outcome for bookmaker: Bet9ja
2026-02-14 15:52:17.402 - ✅ 🎯 Market resolved: marketType='Set Winner', selectedId='1', outcome='1'
2026-02-14 15:52:17.402 - Built Bet9ja modern URL: https://sports.bet9ja.com/liveEvent/8744909
2026-02-14 15:52:17.402 - 📎 Built URL for Bet9ja: https://sports.bet9ja.com/liveEvent/8744909
2026-02-14 15:52:17.402 - ✅ Built outcome - bookMaker: Bet9ja, outcome: '1', odds: 4.7, url: ✓
2026-02-14 15:52:17.402 - ✅ 🔄 🎯 Converted event 16193963496268893863 to arb: SportyBet (3.85) vs Bet9ja (4.7) | 111.64% profit | marketType='Set Winner' | outcome='1'
2026-02-14 15:52:17.402 - ✅ ⚡ 🔄 Successfully converted 1 events to arbitrages
2026-02-14 15:52:17.402 - 🔄 ℹ️ Transforming 1 parsed items to entities...
2026-02-14 15:52:17.402 - 💾 ℹ️ Saving 1 opportunities to database...
2026-02-14 15:52:17.402 - 💾 ℹ️ Processing 1 opportunities for database save...
2026-02-14 15:52:17.408 - ✅ 💾 Database save completed: 0 new, 1 updated, 0 skipped
2026-02-14 15:52:17.408 - ✅ 📥 Live arbs ingestion completed: 1 opportunities saved in 229ms
2026-02-14 15:52:18.834 - 🔄 📥 [Poll #207] Starting live arbs fetch...
2026-02-14 15:52:18.834 - 📥 Fetching live arbs from API...
2026-02-14 15:52:19.055 - ✅ 📥 API returned 1 events
2026-02-14 15:52:19.055 - 🔄 ⚡ ℹ️ Processing 1 events...
2026-02-14 15:52:19.055 - ⚠️ 🔄 Response has warnings: Errors: 0, Warnings: 1, Info: 4
2026-02-14 15:52:19.055 - 🔄 ℹ️ Processing sub-event 1/2 (ID: 16193963498147761605)...
2026-02-14 15:52:19.055 - ℹ️ 🔄 Sub-event 16193963498147761605 bookmaker: SportyBet (ID: 43)
2026-02-14 15:52:19.056 - ✅ 🍪 Saved crumbs from SportyBet using key='oid' (3 entries)
2026-02-14 15:52:19.056 - 🍪 ℹ️ Using key='oid' = '5' → selectedId='5' for bookmaker: SportyBet (source: SportyBet)
2026-02-14 15:52:19.056 - 🎯 🍪 Getting market outcome for bookmaker: SportyBet
2026-02-14 15:52:19.056 - ✅ 🎯 Market resolved: marketType='2nd game - winner', selectedId='5', outcome='Away'
2026-02-14 15:52:19.056 - 📎 Built URL for SportyBet: https://www.sportybet.com/ng/sport/tableTennis/live/International/TT Elite Series/Daniel,_Artur_vs_Spychala,_Adrian/sr:match:68937002
2026-02-14 15:52:19.056 - ✅ Built outcome - bookMaker: SportyBet, outcome: 'Away', odds: 3.85, url: ✓
2026-02-14 15:52:19.056 - 🔄 ℹ️ Processing sub-event 2/2 (ID: 16193963496031136696)...
2026-02-14 15:52:19.056 - ℹ️ 🔄 Sub-event 16193963496031136696 bookmaker: Bet9ja (ID: 33)
2026-02-14 15:52:19.056 - 🍪 ℹ️ Using key='id2' = 'LIVETT_SW@2_1' → selectedId='1' for bookmaker: Bet9ja (source: own crumbs (post-underscore))
2026-02-14 15:52:19.056 - 🎯 🍪 Getting market outcome for bookmaker: Bet9ja
2026-02-14 15:52:19.056 - ✅ 🎯 Market resolved: marketType='Set Winner', selectedId='1', outcome='1'
2026-02-14 15:52:19.056 - Built Bet9ja modern URL: https://sports.bet9ja.com/liveEvent/8744909
2026-02-14 15:52:19.056 - 📎 Built URL for Bet9ja: https://sports.bet9ja.com/liveEvent/8744909
2026-02-14 15:52:19.057 - ✅ Built outcome - bookMaker: Bet9ja, outcome: '1', odds: 4.7, url: ✓
2026-02-14 15:52:19.057 - ✅ 🔄 🎯 Converted event 16193963496268893863 to arb: SportyBet (3.85) vs Bet9ja (4.7) | 111.64% profit | marketType='Set Winner' | outcome='1'
2026-02-14 15:52:19.058 - ✅ ⚡ 🔄 Successfully converted 1 events to arbitrages
2026-02-14 15:52:19.058 - 🔄 ℹ️ Transforming 1 parsed items to entities...
2026-02-14 15:52:19.058 - 💾 ℹ️ Saving 1 opportunities to database...
2026-02-14 15:52:19.058 - 💾 ℹ️ Processing 1 opportunities for database save...
2026-02-14 15:52:19.083 - ✅ 💾 Database save completed: 0 new, 1 updated, 0 skipped
2026-02-14 15:52:19.084 - ✅ 📥 Live arbs ingestion completed: 1 opportunities saved in 250ms
2026-02-14 15:52:20.833 - 🔄 📥 [Poll #208] Starting live arbs fetch...
2026-02-14 15:52:20.833 - 📥 Fetching live arbs from API...
2026-02-14 15:52:21.057 - ✅ 📥 API returned 0 events
2026-02-14 15:52:21.057 - 🔄 ⚡ ℹ️ Processing 0 events...
2026-02-14 15:52:21.057 - ❌ 🔄 Response validation failed: Errors: 1, Warnings: 1, Info: 1
2026-02-14 15:52:21.057 - ⚠️ 🔄 No events in response
2026-02-14 15:52:21.057 - 🔄 ℹ️ Transforming 0 parsed items to entities...
2026-02-14 15:52:21.057 - 💾 ℹ️ Saving 0 opportunities to database...
2026-02-14 15:52:21.057 - 💾 ℹ️ Processing 0 opportunities for database save...
2026-02-14 15:52:21.057 - ℹ️ 💾 No opportunities to save
2026-02-14 15:52:21.058 - ✅ 📥 Live arbs ingestion completed: 0 opportunities saved in 225ms
2026-02-14 15:52:22.834 - 🔄 📥 [Poll #209] Starting live arbs fetch...
2026-02-14 15:52:22.834 - 📥 Fetching live arbs from API...
2026-02-14 15:52:23.062 - ✅ 📥 API returned 0 events
2026-02-14 15:52:23.062 - 🔄 ⚡ ℹ️ Processing 0 events...
2026-02-14 15:52:23.062 - ❌ 🔄 Response validation failed: Errors: 1, Warnings: 1, Info: 1
2026-02-14 15:52:23.063 - ⚠️ 🔄 No events in response
2026-02-14 15:52:23.063 - 🔄 ℹ️ Transforming 0 parsed items to entities...
2026-02-14 15:52:23.063 - 💾 ℹ️ Saving 0 opportunities to database...
2026-02-14 15:52:23.063 - 💾 ℹ️ Processing 0 opportunities for database save...
2026-02-14 15:52:23.063 - ℹ️ 💾 No opportunities to save
2026-02-14 15:52:23.063 - ✅ 📥 Live arbs ingestion completed: 0 opportunities saved in 229ms
2026-02-14 15:52:24.834 - 🔄 📥 [Poll #210] Starting live arbs fetch...
2026-02-14 15:52:24.834 - 📥 Fetching live arbs from API...
2026-02-14 15:52:25.049 - ✅ 📥 API returned 0 events
2026-02-14 15:52:25.049 - 🔄 ⚡ ℹ️ Processing 0 events...
2026-02-14 15:52:25.050 - ❌ 🔄 Response validation failed: Errors: 1, Warnings: 1, Info: 1
2026-02-14 15:52:25.050 - ⚠️ 🔄 No events in response
2026-02-14 15:52:25.050 - 🔄 ℹ️ Transforming 0 parsed items to entities...
2026-02-14 15:52:25.051 - 💾 ℹ️ Saving 0 opportunities to database...
2026-02-14 15:52:25.051 - 💾 ℹ️ Processing 0 opportunities for database save...
2026-02-14 15:52:25.051 - ℹ️ 💾 No opportunities to save
2026-02-14 15:52:25.051 - ✅ 📥 Live arbs ingestion completed: 0 opportunities saved in 217ms
2026-02-14 15:52:25.063 - 📊 ℹ️ Current Statistics:
2026-02-14 15:52:25.063 - 📊 Total Active: 4
2026-02-14 15:52:25.063 - 📊 Fresh Active: 0 (0.0%)
2026-02-14 15:52:25.064 - 📊 Stale Active: 4 (100.0%)
2026-02-14 15:52:25.064 - 📊 Average Profit: 39.21%
2026-02-14 15:52:26.834 - 🔄 📥 [Poll #211] Starting live arbs fetch...
2026-02-14 15:52:26.835 - 📥 Fetching live arbs from API...
2026-02-14 15:52:27.144 - ✅ 📥 API returned 0 events
2026-02-14 15:52:27.144 - 🔄 ⚡ ℹ️ Processing 0 events...
2026-02-14 15:52:27.145 - ❌ 🔄 Response validation failed: Errors: 1, Warnings: 1, Info: 1
2026-02-14 15:52:27.145 - ⚠️ 🔄 No events in response
2026-02-14 15:52:27.145 - 🔄 ℹ️ Transforming 0 parsed items to entities...
2026-02-14 15:52:27.146 - 💾 ℹ️ Saving 0 opportunities to database...
2026-02-14 15:52:27.147 - 💾 ℹ️ Processing 0 opportunities for database save...
2026-02-14 15:52:27.147 - ℹ️ 💾 No opportunities to save
2026-02-14 15:52:27.147 - ✅ 📥 Live arbs ingestion completed: 0 opportunities saved in 312ms
2026-02-14 15:52:28.833 - 🔄 📥 [Poll #212] Starting live arbs fetch...
2026-02-14 15:52:28.833 - 📥 Fetching live arbs from API...
2026-02-14 15:52:29.056 - ✅ 📥 API returned 0 events
2026-02-14 15:52:29.056 - 🔄 ⚡ ℹ️ Processing 0 events...
2026-02-14 15:52:29.056 - ❌ 🔄 Response validation failed: Errors: 1, Warnings: 1, Info: 1
2026-02-14 15:52:29.056 - ⚠️ 🔄 No events in response
2026-02-14 15:52:29.056 - 🔄 ℹ️ Transforming 0 parsed items to entities...
2026-02-14 15:52:29.056 - 💾 ℹ️ Saving 0 opportunities to database...
2026-02-14 15:52:29.056 - 💾 ℹ️ Processing 0 opportunities for database save...
2026-02-14 15:52:29.057 - ℹ️ 💾 No opportunities to save
2026-02-14 15:52:29.057 - ✅ 📥 Live arbs ingestion completed: 0 opportunities saved in 224ms
2026-02-14 15:52:30.833 - 🔄 📥 [Poll #213] Starting live arbs fetch...
2026-02-14 15:52:30.833 - 📥 Fetching live arbs from API...
2026-02-14 15:52:31.161 - ✅ 📥 API returned 0 events
2026-02-14 15:52:31.161 - 🔄 ⚡ ℹ️ Processing 0 events...
2026-02-14 15:52:31.161 - ❌ 🔄 Response validation failed: Errors: 1, Warnings: 1, Info: 1
2026-02-14 15:52:31.162 - ⚠️ 🔄 No events in response
2026-02-14 15:52:31.162 - 🔄 ℹ️ Transforming 0 parsed items to entities...
2026-02-14 15:52:31.162 - 💾 ℹ️ Saving 0 opportunities to database...
2026-02-14 15:52:31.162 - 💾 ℹ️ Processing 0 opportunities for database save...
2026-02-14 15:52:31.162 - ℹ️ 💾 No opportunities to save
2026-02-14 15:52:31.163 - ✅ 📥 Live arbs ingestion completed: 0 opportunities saved in 330ms
2026-02-14 15:52:32.834 - 🔄 📥 [Poll #214] Starting live arbs fetch...
2026-02-14 15:52:32.834 - 📥 Fetching live arbs from API...
2026-02-14 15:52:33.115 - ✅ 📥 API returned 0 events
2026-02-14 15:52:33.115 - 🔄 ⚡ ℹ️ Processing 0 events...
2026-02-14 15:52:33.115 - ❌ 🔄 Response validation failed: Errors: 1, Warnings: 1, Info: 1
2026-02-14 15:52:33.116 - ⚠️ 🔄 No events in response
2026-02-14 15:52:33.116 - 🔄 ℹ️ Transforming 0 parsed items to entities...
2026-02-14 15:52:33.116 - 💾 ℹ️ Saving 0 opportunities to database...
2026-02-14 15:52:33.116 - 💾 ℹ️ Processing 0 opportunities for database save...
2026-02-14 15:52:33.116 - ℹ️ 💾 No opportunities to save
2026-02-14 15:52:33.116 - ✅ 📥 Live arbs ingestion completed: 0 opportunities saved in 282ms
2026-02-14 15:52:34.834 - 🔄 📥 [Poll #215] Starting live arbs fetch...
2026-02-14 15:52:34.834 - 📥 Fetching live arbs from API...
2026-02-14 15:52:35.049 - ✅ 📥 API returned 0 events
2026-02-14 15:52:35.049 - 🔄 ⚡ ℹ️ Processing 0 events...
2026-02-14 15:52:35.049 - ❌ 🔄 Response validation failed: Errors: 1, Warnings: 1, Info: 1
2026-02-14 15:52:35.049 - ⚠️ 🔄 No events in response
2026-02-14 15:52:35.049 - 🔄 ℹ️ Transforming 0 parsed items to entities...
2026-02-14 15:52:35.049 - 💾 ℹ️ Saving 0 opportunities to database...
2026-02-14 15:52:35.049 - 💾 ℹ️ Processing 0 opportunities for database save...
2026-02-14 15:52:35.049 - ℹ️ 💾 No opportunities to save
2026-02-14 15:52:35.049 - ✅ 📥 Live arbs ingestion completed: 0 opportunities saved in 215ms
2026-02-14 15:52:36.833 - 🔄 📥 [Poll #216] Starting live arbs fetch...
2026-02-14 15:52:36.834 - 📥 Fetching live arbs from API...
2026-02-14 15:52:37.040 - ✅ 📥 API returned 0 events
2026-02-14 15:52:37.041 - 🔄 ⚡ ℹ️ Processing 0 events...
2026-02-14 15:52:37.041 - ❌ 🔄 Response validation failed: Errors: 1, Warnings: 1, Info: 1
2026-02-14 15:52:37.041 - ⚠️ 🔄 No events in response
2026-02-14 15:52:37.041 - 🔄 ℹ️ Transforming 0 parsed items to entities...
2026-02-14 15:52:37.042 - 💾 ℹ️ Saving 0 opportunities to database...
2026-02-14 15:52:37.042 - 💾 ℹ️ Processing 0 opportunities for database save...
2026-02-14 15:52:37.042 - ℹ️ 💾 No opportunities to save
2026-02-14 15:52:37.042 - ✅ 📥 Live arbs ingestion completed: 0 opportunities saved in 208ms
2026-02-14 15:52:38.835 - 🔄 📥 [Poll #217] Starting live arbs fetch...
2026-02-14 15:52:38.835 - 📥 Fetching live arbs from API...
2026-02-14 15:52:39.057 - ✅ 📥 API returned 0 events
2026-02-14 15:52:39.058 - 🔄 ⚡ ℹ️ Processing 0 events...
2026-02-14 15:52:39.058 - ❌ 🔄 Response validation failed: Errors: 1, Warnings: 1, Info: 1
2026-02-14 15:52:39.058 - ⚠️ 🔄 No events in response
2026-02-14 15:52:39.058 - 🔄 ℹ️ Transforming 0 parsed items to entities...
2026-02-14 15:52:39.058 - 💾 ℹ️ Saving 0 opportunities to database...
2026-02-14 15:52:39.058 - 💾 ℹ️ Processing 0 opportunities for database save...
2026-02-14 15:52:39.058 - ℹ️ 💾 No opportunities to save
2026-02-14 15:52:39.058 - ✅ 📥 Live arbs ingestion completed: 0 opportunities saved in 223ms
2026-02-14 15:52:40.840 - 🔄 📥 [Poll #218] Starting live arbs fetch...
2026-02-14 15:52:40.842 - 📥 Fetching live arbs from API...
2026-02-14 15:52:42.350 - ✅ 📥 API returned 0 events
2026-02-14 15:52:42.350 - 🔄 ⚡ ℹ️ Processing 0 events...
2026-02-14 15:52:42.351 - ❌ 🔄 Response validation failed: Errors: 1, Warnings: 1, Info: 1
2026-02-14 15:52:42.351 - ⚠️ 🔄 No events in response
2026-02-14 15:52:42.351 - 🔄 ℹ️ Transforming 0 parsed items to entities...
2026-02-14 15:52:42.351 - 💾 ℹ️ Saving 0 opportunities to database...
2026-02-14 15:52:42.351 - 💾 ℹ️ Processing 0 opportunities for database save...
2026-02-14 15:52:42.352 - ℹ️ 💾 No opportunities to save
2026-02-14 15:52:42.352 - ✅ 📥 Live arbs ingestion completed: 0 opportunities saved in 1510ms
2026-02-14 15:52:42.835 - 🔄 📥 [Poll #219] Starting live arbs fetch...
2026-02-14 15:52:42.836 - 📥 Fetching live arbs from API...
2026-02-14 15:52:43.029 - ✅ 📥 API returned 0 events
2026-02-14 15:52:43.030 - 🔄 ⚡ ℹ️ Processing 0 events...
2026-02-14 15:52:43.030 - ❌ 🔄 Response validation failed: Errors: 1, Warnings: 1, Info: 1
2026-02-14 15:52:43.030 - ⚠️ 🔄 No events in response
2026-02-14 15:52:43.030 - 🔄 ℹ️ Transforming 0 parsed items to entities...
2026-02-14 15:52:43.031 - 💾 ℹ️ Saving 0 opportunities to database...
2026-02-14 15:52:43.031 - 💾 ℹ️ Processing 0 opportunities for database save...
2026-02-14 15:52:43.031 - ℹ️ 💾 No opportunities to save
2026-02-14 15:52:43.031 - ✅ 📥 Live arbs ingestion completed: 0 opportunities saved in 195ms
2026-02-14 15:52:44.834 - 🔄 📥 [Poll #220] Starting live arbs fetch...
2026-02-14 15:52:44.970 - 📥 Fetching live arbs from API...
2026-02-14 15:52:45.196 - ✅ 📥 API returned 0 events
2026-02-14 15:52:45.196 - 🔄 ⚡ ℹ️ Processing 0 events...
2026-02-14 15:52:45.197 - ❌ 🔄 Response validation failed: Errors: 1, Warnings: 1, Info: 1
2026-02-14 15:52:45.198 - ⚠️ 🔄 No events in response
2026-02-14 15:52:45.198 - 🔄 ℹ️ Transforming 0 parsed items to entities...
2026-02-14 15:52:45.198 - 💾 ℹ️ Saving 0 opportunities to database...
2026-02-14 15:52:45.198 - 💾 ℹ️ Processing 0 opportunities for database save...
2026-02-14 15:52:45.198 - ℹ️ 💾 No opportunities to save
2026-02-14 15:52:45.198 - ✅ 📥 Live arbs ingestion completed: 0 opportunities saved in 228ms
2026-02-14 15:52:46.833 - 🔄 📥 [Poll #221] Starting live arbs fetch...
2026-02-14 15:52:46.834 - 📥 Fetching live arbs from API...
2026-02-14 15:52:47.104 - ✅ 📥 API returned 0 events
2026-02-14 15:52:47.105 - 🔄 ⚡ ℹ️ Processing 0 events...
2026-02-14 15:52:47.105 - ❌ 🔄 Response validation failed: Errors: 1, Warnings: 1, Info: 1
2026-02-14 15:52:47.105 - ⚠️ 🔄 No events in response
2026-02-14 15:52:47.105 - 🔄 ℹ️ Transforming 0 parsed items to entities...
2026-02-14 15:52:47.106 - 💾 ℹ️ Saving 0 opportunities to database...
2026-02-14 15:52:47.106 - 💾 ℹ️ Processing 0 opportunities for database save...
2026-02-14 15:52:47.106 - ℹ️ 💾 No opportunities to save
2026-02-14 15:52:47.106 - ✅ 📥 Live arbs ingestion completed: 0 opportunities saved in 272ms
2026-02-14 15:52:48.839 - 🔄 📥 [Poll #222] Starting live arbs fetch...
2026-02-14 15:52:48.839 - 📥 Fetching live arbs from API...
2026-02-14 15:52:49.060 - ✅ 📥 API returned 0 events
2026-02-14 15:52:49.060 - 🔄 ⚡ ℹ️ Processing 0 events...
2026-02-14 15:52:49.060 - ❌ 🔄 Response validation failed: Errors: 1, Warnings: 1, Info: 1
2026-02-14 15:52:49.060 - ⚠️ 🔄 No events in response
2026-02-14 15:52:49.060 - 🔄 ℹ️ Transforming 0 parsed items to entities...
2026-02-14 15:52:49.060 - 💾 ℹ️ Saving 0 opportunities to database...
2026-02-14 15:52:49.060 - 💾 ℹ️ Processing 0 opportunities for database save...
2026-02-14 15:52:49.060 - ℹ️ 💾 No opportunities to save
2026-02-14 15:52:49.060 - ✅ 📥 Live arbs ingestion completed: 0 opportunities saved in 221ms
2026-02-14 15:52:50.834 - 🔄 📥 [Poll #223] Starting live arbs fetch...
2026-02-14 15:52:50.834 - 📥 Fetching live arbs from API...
2026-02-14 15:52:51.115 - ✅ 📥 API returned 0 events
2026-02-14 15:52:51.115 - 🔄 ⚡ ℹ️ Processing 0 events...
2026-02-14 15:52:51.115 - ❌ 🔄 Response validation failed: Errors: 1, Warnings: 1, Info: 1
2026-02-14 15:52:51.115 - ⚠️ 🔄 No events in response
2026-02-14 15:52:51.115 - 🔄 ℹ️ Transforming 0 parsed items to entities...
2026-02-14 15:52:51.115 - 💾 ℹ️ Saving 0 opportunities to database...
2026-02-14 15:52:51.115 - 💾 ℹ️ Processing 0 opportunities for database save...
2026-02-14 15:52:51.116 - ℹ️ 💾 No opportunities to save
2026-02-14 15:52:51.116 - ✅ 📥 Live arbs ingestion completed: 0 opportunities saved in 282ms
2026-02-14 15:52:52.835 - 🔄 📥 [Poll #224] Starting live arbs fetch...
2026-02-14 15:52:52.835 - 📥 Fetching live arbs from API...
2026-02-14 15:52:53.051 - ✅ 📥 API returned 0 events
2026-02-14 15:52:53.051 - 🔄 ⚡ ℹ️ Processing 0 events...
2026-02-14 15:52:53.051 - ❌ 🔄 Response validation failed: Errors: 1, Warnings: 1, Info: 1
2026-02-14 15:52:53.051 - ⚠️ 🔄 No events in response
2026-02-14 15:52:53.051 - 🔄 ℹ️ Transforming 0 parsed items to entities...
2026-02-14 15:52:53.051 - 💾 ℹ️ Saving 0 opportunities to database...
2026-02-14 15:52:53.051 - 💾 ℹ️ Processing 0 opportunities for database save...
2026-02-14 15:52:53.051 - ℹ️ 💾 No opportunities to save
2026-02-14 15:52:53.051 - ✅ 📥 Live arbs ingestion completed: 0 opportunities saved in 216ms
2026-02-14 15:52:54.834 - 🔄 📥 [Poll #225] Starting live arbs fetch...
2026-02-14 15:52:54.834 - 📥 Fetching live arbs from API...
2026-02-14 15:52:55.072 - ✅ 📥 API returned 1 events
2026-02-14 15:52:55.072 - 🔄 ⚡ ℹ️ Processing 1 events...
2026-02-14 15:52:55.075 - 🔄 ℹ️ Processing sub-event 1/2 (ID: 16193963497189454115)...
2026-02-14 15:52:55.075 - ℹ️ 🔄 Sub-event 16193963497189454115 bookmaker: MSport (ID: 80)
2026-02-14 15:52:55.075 - ✅ 🍪 Saved crumbs from MSport using key='oid' (3 entries)
2026-02-14 15:52:55.075 - 🍪 ℹ️ Using key='oid' = '1714' → selectedId='1714' for bookmaker: MSport (source: MSport)
2026-02-14 15:52:55.076 - 🎯 🍪 Getting market outcome for bookmaker: MSport
2026-02-14 15:52:55.076 - ✅ 🎯 Market resolved: marketType='Point handicap', selectedId='1714', outcome='Home (+12.5)'
2026-02-14 15:52:55.076 - 📎 Built URL for MSport: https://www.msport.com/ng/web/sports/Table%20Tennis/live/International_TT_Elite_Series/Olejnik__Mikolaj_vs_Misiak__Mateusz/sr:match:68937004
2026-02-14 15:52:55.076 - ✅ Built outcome - bookMaker: MSport, outcome: 'Home (+12.5)', odds: 2.2, url: ✓
2026-02-14 15:52:55.077 - 🔄 ℹ️ Processing sub-event 2/2 (ID: 16193963498426050237)...
2026-02-14 15:52:55.077 - ℹ️ 🔄 Sub-event 16193963498426050237 bookmaker: Bet9ja (ID: 33)
2026-02-14 15:52:55.077 - 🍪 ℹ️ Using key='id2' = 'LIVETT_12HNDN20@12.5_2H' → selectedId='2H' for bookmaker: Bet9ja (source: own crumbs (post-underscore))
2026-02-14 15:52:55.077 - 🎯 🍪 Getting market outcome for bookmaker: Bet9ja
2026-02-14 15:52:55.077 - ✅ 🎯 Market resolved: marketType='Asian Handicap', selectedId='2H', outcome='Home (+12.5) player 2'
2026-02-14 15:52:55.077 - Built Bet9ja modern URL: https://sports.bet9ja.com/liveEvent/8744910
2026-02-14 15:52:55.078 - 📎 Built URL for Bet9ja: https://sports.bet9ja.com/liveEvent/8744910
2026-02-14 15:52:55.078 - ✅ Built outcome - bookMaker: Bet9ja, outcome: 'Home (+12.5) Olejnik, Mikolaj', odds: 1.89, url: ✓
2026-02-14 15:52:55.078 - ✅ 🔄 🎯 Converted event 16193963496271023079 to arb: MSport (2.2) vs Bet9ja (1.89) | 1.66% profit | marketType='Asian Handicap' | outcome='Home (+12.5) player 2'
2026-02-14 15:52:55.082 - ✅ ⚡ 🔄 Successfully converted 1 events to arbitrages
2026-02-14 15:52:55.082 - 🔄 ℹ️ Transforming 1 parsed items to entities...
2026-02-14 15:52:55.082 - 💾 ℹ️ Saving 1 opportunities to database...
2026-02-14 15:52:55.082 - 💾 ℹ️ Processing 1 opportunities for database save...
2026-02-14 15:52:55.091 - ✅ 💾 Database save completed: 1 new, 0 updated, 0 skipped
2026-02-14 15:52:55.091 - ✅ 📥 Live arbs ingestion completed: 1 opportunities saved in 257ms
2026-02-14 15:52:56.834 - 🔄 📥 [Poll #226] Starting live arbs fetch...
2026-02-14 15:52:56.834 - 📥 Fetching live arbs from API...
2026-02-14 15:52:57.060 - ✅ 📥 API returned 1 events
2026-02-14 15:52:57.060 - 🔄 ⚡ ℹ️ Processing 1 events...
2026-02-14 15:52:57.060 - 🔄 ℹ️ Processing sub-event 1/2 (ID: 16193963497189454115)...
2026-02-14 15:52:57.060 - ℹ️ 🔄 Sub-event 16193963497189454115 bookmaker: MSport (ID: 80)
2026-02-14 15:52:57.061 - ✅ 🍪 Saved crumbs from MSport using key='oid' (3 entries)
2026-02-14 15:52:57.061 - 🍪 ℹ️ Using key='oid' = '1714' → selectedId='1714' for bookmaker: MSport (source: MSport)
2026-02-14 15:52:57.061 - 🎯 🍪 Getting market outcome for bookmaker: MSport
2026-02-14 15:52:57.061 - ✅ 🎯 Market resolved: marketType='Point handicap', selectedId='1714', outcome='Home (+12.5)'
2026-02-14 15:52:57.061 - 📎 Built URL for MSport: https://www.msport.com/ng/web/sports/Table%20Tennis/live/International_TT_Elite_Series/Olejnik__Mikolaj_vs_Misiak__Mateusz/sr:match:68937004
2026-02-14 15:52:57.062 - ✅ Built outcome - bookMaker: MSport, outcome: 'Home (+12.5)', odds: 2.2, url: ✓
2026-02-14 15:52:57.062 - 🔄 ℹ️ Processing sub-event 2/2 (ID: 16193963498426050237)...
2026-02-14 15:52:57.062 - ℹ️ 🔄 Sub-event 16193963498426050237 bookmaker: Bet9ja (ID: 33)
2026-02-14 15:52:57.062 - 🍪 ℹ️ Using key='id2' = 'LIVETT_12HNDN20@12.5_2H' → selectedId='2H' for bookmaker: Bet9ja (source: own crumbs (post-underscore))
2026-02-14 15:52:57.062 - 🎯 🍪 Getting market outcome for bookmaker: Bet9ja
2026-02-14 15:52:57.062 - ✅ 🎯 Market resolved: marketType='Asian Handicap', selectedId='2H', outcome='Home (+12.5) player 2'
2026-02-14 15:52:57.062 - Built Bet9ja modern URL: https://sports.bet9ja.com/liveEvent/8744910
2026-02-14 15:52:57.062 - 📎 Built URL for Bet9ja: https://sports.bet9ja.com/liveEvent/8744910
2026-02-14 15:52:57.063 - ✅ Built outcome - bookMaker: Bet9ja, outcome: 'Home (+12.5) Olejnik, Mikolaj', odds: 1.89, url: ✓
2026-02-14 15:52:57.063 - ✅ 🔄 🎯 Converted event 16193963496271023079 to arb: MSport (2.2) vs Bet9ja (1.89) | 1.66% profit | marketType='Asian Handicap' | outcome='Home (+12.5) player 2'
2026-02-14 15:52:57.063 - ✅ ⚡ 🔄 Successfully converted 1 events to arbitrages
2026-02-14 15:52:57.063 - 🔄 ℹ️ Transforming 1 parsed items to entities...
2026-02-14 15:52:57.063 - 💾 ℹ️ Saving 1 opportunities to database...
2026-02-14 15:52:57.063 - 💾 ℹ️ Processing 1 opportunities for database save...
2026-02-14 15:52:57.073 - ✅ 💾 Database save completed: 0 new, 1 updated, 0 skipped
2026-02-14 15:52:57.074 - ✅ 📥 Live arbs ingestion completed: 1 opportunities saved in 240ms
2026-02-14 15:52:58.835 - 🔄 📥 [Poll #227] Starting live arbs fetch...
2026-02-14 15:52:58.835 - 📥 Fetching live arbs from API...
2026-02-14 15:52:59.054 - ✅ 📥 API returned 1 events
2026-02-14 15:52:59.054 - 🔄 ⚡ ℹ️ Processing 1 events...
2026-02-14 15:52:59.055 - 🔄 ℹ️ Processing sub-event 1/2 (ID: 16193963497189454115)...
2026-02-14 15:52:59.055 - ℹ️ 🔄 Sub-event 16193963497189454115 bookmaker: MSport (ID: 80)
2026-02-14 15:52:59.056 - ✅ 🍪 Saved crumbs from MSport using key='oid' (3 entries)
2026-02-14 15:52:59.056 - 🍪 ℹ️ Using key='oid' = '1714' → selectedId='1714' for bookmaker: MSport (source: MSport)
2026-02-14 15:52:59.056 - 🎯 🍪 Getting market outcome for bookmaker: MSport
2026-02-14 15:52:59.056 - ✅ 🎯 Market resolved: marketType='Point handicap', selectedId='1714', outcome='Home (+12.5)'
2026-02-14 15:52:59.056 - 📎 Built URL for MSport: https://www.msport.com/ng/web/sports/Table%20Tennis/live/International_TT_Elite_Series/Olejnik__Mikolaj_vs_Misiak__Mateusz/sr:match:68937004
2026-02-14 15:52:59.056 - ✅ Built outcome - bookMaker: MSport, outcome: 'Home (+12.5)', odds: 2.2, url: ✓
2026-02-14 15:52:59.057 - 🔄 ℹ️ Processing sub-event 2/2 (ID: 16193963498426050237)...
2026-02-14 15:52:59.057 - ℹ️ 🔄 Sub-event 16193963498426050237 bookmaker: Bet9ja (ID: 33)
2026-02-14 15:52:59.057 - 🍪 ℹ️ Using key='id2' = 'LIVETT_12HNDN20@12.5_2H' → selectedId='2H' for bookmaker: Bet9ja (source: own crumbs (post-underscore))
2026-02-14 15:52:59.057 - 🎯 🍪 Getting market outcome for bookmaker: Bet9ja
2026-02-14 15:52:59.057 - ✅ 🎯 Market resolved: marketType='Asian Handicap', selectedId='2H', outcome='Home (+12.5) player 2'
2026-02-14 15:52:59.057 - Built Bet9ja modern URL: https://sports.bet9ja.com/liveEvent/8744910
2026-02-14 15:52:59.057 - 📎 Built URL for Bet9ja: https://sports.bet9ja.com/liveEvent/8744910
2026-02-14 15:52:59.062 - ✅ Built outcome - bookMaker: Bet9ja, outcome: 'Home (+12.5) Olejnik, Mikolaj', odds: 1.89, url: ✓
2026-02-14 15:52:59.063 - ✅ 🔄 🎯 Converted event 16193963496271023079 to arb: MSport (2.2) vs Bet9ja (1.89) | 1.66% profit | marketType='Asian Handicap' | outcome='Home (+12.5) player 2'
2026-02-14 15:52:59.063 - ✅ ⚡ 🔄 Successfully converted 1 events to arbitrages
2026-02-14 15:52:59.063 - 🔄 ℹ️ Transforming 1 parsed items to entities...
2026-02-14 15:52:59.063 - 💾 ℹ️ Saving 1 opportunities to database...
2026-02-14 15:52:59.063 - 💾 ℹ️ Processing 1 opportunities for database save...
2026-02-14 15:52:59.073 - ✅ 💾 Database save completed: 0 new, 1 updated, 0 skipped
2026-02-14 15:52:59.073 - ✅ 📥 Live arbs ingestion completed: 1 opportunities saved in 238ms
2026-02-14 15:53:01.110 - 🔄 📥 [Poll #228] Starting live arbs fetch...
2026-02-14 15:53:01.111 - 📥 Fetching live arbs from API...
2026-02-14 15:53:01.360 - ✅ 📥 API returned 1 events
2026-02-14 15:53:01.360 - 🔄 ⚡ ℹ️ Processing 1 events...
2026-02-14 15:53:01.361 - 🔄 ℹ️ Processing sub-event 1/2 (ID: 16193963497189454115)...
2026-02-14 15:53:01.361 - ℹ️ 🔄 Sub-event 16193963497189454115 bookmaker: MSport (ID: 80)
2026-02-14 15:53:01.362 - ✅ 🍪 Saved crumbs from MSport using key='oid' (3 entries)
2026-02-14 15:53:01.362 - 🍪 ℹ️ Using key='oid' = '1714' → selectedId='1714' for bookmaker: MSport (source: MSport)
2026-02-14 15:53:01.362 - 🎯 🍪 Getting market outcome for bookmaker: MSport
2026-02-14 15:53:01.362 - ✅ 🎯 Market resolved: marketType='Point handicap', selectedId='1714', outcome='Home (+12.5)'
2026-02-14 15:53:01.362 - 📎 Built URL for MSport: https://www.msport.com/ng/web/sports/Table%20Tennis/live/International_TT_Elite_Series/Olejnik__Mikolaj_vs_Misiak__Mateusz/sr:match:68937004
2026-02-14 15:53:01.362 - ✅ Built outcome - bookMaker: MSport, outcome: 'Home (+12.5)', odds: 2.2, url: ✓
2026-02-14 15:53:01.362 - 🔄 ℹ️ Processing sub-event 2/2 (ID: 16193963498426050237)...
2026-02-14 15:53:01.362 - ℹ️ 🔄 Sub-event 16193963498426050237 bookmaker: Bet9ja (ID: 33)
2026-02-14 15:53:01.363 - 🍪 ℹ️ Using key='id2' = 'LIVETT_12HNDN20@12.5_2H' → selectedId='2H' for bookmaker: Bet9ja (source: own crumbs (post-underscore))
2026-02-14 15:53:01.363 - 🎯 🍪 Getting market outcome for bookmaker: Bet9ja
2026-02-14 15:53:01.363 - ✅ 🎯 Market resolved: marketType='Asian Handicap', selectedId='2H', outcome='Home (+12.5) player 2'
2026-02-14 15:53:01.363 - Built Bet9ja modern URL: https://sports.bet9ja.com/liveEvent/8744910
2026-02-14 15:53:01.363 - 📎 Built URL for Bet9ja: https://sports.bet9ja.com/liveEvent/8744910
2026-02-14 15:53:01.363 - ✅ Built outcome - bookMaker: Bet9ja, outcome: 'Home (+12.5) Olejnik, Mikolaj', odds: 1.89, url: ✓
2026-02-14 15:53:01.363 - ✅ 🔄 🎯 Converted event 16193963496271023079 to arb: MSport (2.2) vs Bet9ja (1.89) | 1.66% profit | marketType='Asian Handicap' | outcome='Home (+12.5) player 2'
2026-02-14 15:53:01.376 - ✅ ⚡ 🔄 Successfully converted 1 events to arbitrages
2026-02-14 15:53:01.376 - 🔄 ℹ️ Transforming 1 parsed items to entities...
2026-02-14 15:53:01.376 - 💾 ℹ️ Saving 1 opportunities to database...
2026-02-14 15:53:01.377 - 💾 ℹ️ Processing 1 opportunities for database save...
2026-02-14 15:53:01.388 - ✅ 💾 Database save completed: 0 new, 1 updated, 0 skipped
2026-02-14 15:53:01.388 - ✅ 📥 Live arbs ingestion completed: 1 opportunities saved in 277ms
2026-02-14 15:53:03.092 - 🔄 📥 [Poll #229] Starting live arbs fetch...
2026-02-14 15:53:03.092 - 📥 Fetching live arbs from API...
2026-02-14 15:53:03.320 - ✅ 📥 API returned 0 events
2026-02-14 15:53:03.320 - 🔄 ⚡ ℹ️ Processing 0 events...
2026-02-14 15:53:03.320 - ❌ 🔄 Response validation failed: Errors: 1, Warnings: 1, Info: 1
2026-02-14 15:53:03.320 - ⚠️ 🔄 No events in response
2026-02-14 15:53:03.320 - 🔄 ℹ️ Transforming 0 parsed items to entities...
2026-02-14 15:53:03.320 - 💾 ℹ️ Saving 0 opportunities to database...
2026-02-14 15:53:03.320 - 💾 ℹ️ Processing 0 opportunities for database save...
2026-02-14 15:53:03.321 - ℹ️ 💾 No opportunities to save
2026-02-14 15:53:03.321 - ✅ 📥 Live arbs ingestion completed: 0 opportunities saved in 229ms
2026-02-14 15:53:04.842 - 🔄 📥 [Poll #230] Starting live arbs fetch...
2026-02-14 15:53:04.843 - 📥 Fetching live arbs from API...
2026-02-14 15:53:05.163 - ✅ 📥 API returned 0 events
2026-02-14 15:53:05.164 - 🔄 ⚡ ℹ️ Processing 0 events...
2026-02-14 15:53:05.164 - ❌ 🔄 Response validation failed: Errors: 1, Warnings: 1, Info: 1
2026-02-14 15:53:05.164 - ⚠️ 🔄 No events in response
2026-02-14 15:53:05.164 - 🔄 ℹ️ Transforming 0 parsed items to entities...
2026-02-14 15:53:05.164 - 💾 ℹ️ Saving 0 opportunities to database...
2026-02-14 15:53:05.164 - 💾 ℹ️ Processing 0 opportunities for database save...
2026-02-14 15:53:05.164 - ℹ️ 💾 No opportunities to save
2026-02-14 15:53:05.164 - ✅ 📥 Live arbs ingestion completed: 0 opportunities saved in 321ms
2026-02-14 15:53:06.833 - 🔄 📥 [Poll #231] Starting live arbs fetch...
2026-02-14 15:53:06.833 - 📥 Fetching live arbs from API...
2026-02-14 15:53:07.050 - ✅ 📥 API returned 0 events
2026-02-14 15:53:07.050 - 🔄 ⚡ ℹ️ Processing 0 events...
2026-02-14 15:53:07.050 - ❌ 🔄 Response validation failed: Errors: 1, Warnings: 1, Info: 1
2026-02-14 15:53:07.050 - ⚠️ 🔄 No events in response
2026-02-14 15:53:07.050 - 🔄 ℹ️ Transforming 0 parsed items to entities...
2026-02-14 15:53:07.050 - 💾 ℹ️ Saving 0 opportunities to database...
2026-02-14 15:53:07.050 - 💾 ℹ️ Processing 0 opportunities for database save...
2026-02-14 15:53:07.050 - ℹ️ 💾 No opportunities to save
2026-02-14 15:53:07.050 - ✅ 📥 Live arbs ingestion completed: 0 opportunities saved in 217ms
2026-02-14 15:53:08.833 - 🔄 📥 [Poll #232] Starting live arbs fetch...
2026-02-14 15:53:08.833 - 📥 Fetching live arbs from API...
2026-02-14 15:53:09.036 - ✅ 📥 API returned 0 events
2026-02-14 15:53:09.036 - 🔄 ⚡ ℹ️ Processing 0 events...
2026-02-14 15:53:09.037 - ❌ 🔄 Response validation failed: Errors: 1, Warnings: 1, Info: 1
2026-02-14 15:53:09.037 - ⚠️ 🔄 No events in response
2026-02-14 15:53:09.037 - 🔄 ℹ️ Transforming 0 parsed items to entities...
2026-02-14 15:53:09.037 - 💾 ℹ️ Saving 0 opportunities to database...
2026-02-14 15:53:09.037 - 💾 ℹ️ Processing 0 opportunities for database save...
2026-02-14 15:53:09.037 - ℹ️ 💾 No opportunities to save
2026-02-14 15:53:09.037 - ✅ 📥 Live arbs ingestion completed: 0 opportunities saved in 204ms
2026-02-14 15:53:10.833 - 🔄 📥 [Poll #233] Starting live arbs fetch...
2026-02-14 15:53:10.833 - 📥 Fetching live arbs from API...
2026-02-14 15:53:11.059 - ✅ 📥 API returned 0 events
2026-02-14 15:53:11.060 - 🔄 ⚡ ℹ️ Processing 0 events...
2026-02-14 15:53:11.060 - ❌ 🔄 Response validation failed: Errors: 1, Warnings: 1, Info: 1
2026-02-14 15:53:11.061 - ⚠️ 🔄 No events in response
2026-02-14 15:53:11.061 - 🔄 ℹ️ Transforming 0 parsed items to entities...
2026-02-14 15:53:11.061 - 💾 ℹ️ Saving 0 opportunities to database...
2026-02-14 15:53:11.061 - 💾 ℹ️ Processing 0 opportunities for database save...
2026-02-14 15:53:11.061 - ℹ️ 💾 No opportunities to save
2026-02-14 15:53:11.061 - ✅ 📥 Live arbs ingestion completed: 0 opportunities saved in 228ms
2026-02-14 15:53:12.833 - 🔄 📥 [Poll #234] Starting live arbs fetch...
2026-02-14 15:53:12.833 - 📥 Fetching live arbs from API...
2026-02-14 15:53:13.040 - ✅ 📥 API returned 0 events
2026-02-14 15:53:13.040 - 🔄 ⚡ ℹ️ Processing 0 events...
2026-02-14 15:53:13.040 - ❌ 🔄 Response validation failed: Errors: 1, Warnings: 1, Info: 1
2026-02-14 15:53:13.040 - ⚠️ 🔄 No events in response
2026-02-14 15:53:13.040 - 🔄 ℹ️ Transforming 0 parsed items to entities...
2026-02-14 15:53:13.040 - 💾 ℹ️ Saving 0 opportunities to database...
2026-02-14 15:53:13.040 - 💾 ℹ️ Processing 0 opportunities for database save...
2026-02-14 15:53:13.040 - ℹ️ 💾 No opportunities to save
2026-02-14 15:53:13.040 - ✅ 📥 Live arbs ingestion completed: 0 opportunities saved in 207ms
2026-02-14 15:53:14.834 - 🔄 📥 [Poll #235] Starting live arbs fetch...
2026-02-14 15:53:14.834 - 📥 Fetching live arbs from API...
2026-02-14 15:53:15.047 - ✅ 📥 API returned 0 events
2026-02-14 15:53:15.048 - 🔄 ⚡ ℹ️ Processing 0 events...
2026-02-14 15:53:15.048 - ❌ 🔄 Response validation failed: Errors: 1, Warnings: 1, Info: 1
2026-02-14 15:53:15.048 - ⚠️ 🔄 No events in response
2026-02-14 15:53:15.048 - 🔄 ℹ️ Transforming 0 parsed items to entities...
2026-02-14 15:53:15.049 - 💾 ℹ️ Saving 0 opportunities to database...
2026-02-14 15:53:15.049 - 💾 ℹ️ Processing 0 opportunities for database save...
2026-02-14 15:53:15.049 - ℹ️ 💾 No opportunities to save
2026-02-14 15:53:15.049 - ✅ 📥 Live arbs ingestion completed: 0 opportunities saved in 215ms
2026-02-14 15:53:16.835 - 🔄 📥 [Poll #236] Starting live arbs fetch...
2026-02-14 15:53:16.836 - 📥 Fetching live arbs from API...
2026-02-14 15:53:17.037 - ✅ 📥 API returned 0 events
2026-02-14 15:53:17.038 - 🔄 ⚡ ℹ️ Processing 0 events...
2026-02-14 15:53:17.038 - ❌ 🔄 Response validation failed: Errors: 1, Warnings: 1, Info: 1
2026-02-14 15:53:17.040 - ⚠️ 🔄 No events in response
2026-02-14 15:53:17.041 - 🔄 ℹ️ Transforming 0 parsed items to entities...
2026-02-14 15:53:17.041 - 💾 ℹ️ Saving 0 opportunities to database...
2026-02-14 15:53:17.041 - 💾 ℹ️ Processing 0 opportunities for database save...
2026-02-14 15:53:17.041 - ℹ️ 💾 No opportunities to save
2026-02-14 15:53:17.041 - ✅ 📥 Live arbs ingestion completed: 0 opportunities saved in 205ms
2026-02-14 15:53:18.834 - 🔄 📥 [Poll #237] Starting live arbs fetch...
2026-02-14 15:53:18.835 - 📥 Fetching live arbs from API...
2026-02-14 15:53:19.055 - ✅ 📥 API returned 0 events
2026-02-14 15:53:19.055 - 🔄 ⚡ ℹ️ Processing 0 events...
2026-02-14 15:53:19.055 - ❌ 🔄 Response validation failed: Errors: 1, Warnings: 1, Info: 1
2026-02-14 15:53:19.056 - ⚠️ 🔄 No events in response
2026-02-14 15:53:19.056 - 🔄 ℹ️ Transforming 0 parsed items to entities...
2026-02-14 15:53:19.056 - 💾 ℹ️ Saving 0 opportunities to database...
2026-02-14 15:53:19.056 - 💾 ℹ️ Processing 0 opportunities for database save...
2026-02-14 15:53:19.056 - ℹ️ 💾 No opportunities to save
2026-02-14 15:53:19.056 - ✅ 📥 Live arbs ingestion completed: 0 opportunities saved in 221ms
2026-02-14 15:53:20.836 - 🔄 📥 [Poll #238] Starting live arbs fetch...
2026-02-14 15:53:20.837 - 📥 Fetching live arbs from API...
2026-02-14 15:53:21.046 - ✅ 📥 API returned 0 events
2026-02-14 15:53:21.046 - 🔄 ⚡ ℹ️ Processing 0 events...
2026-02-14 15:53:21.046 - ❌ 🔄 Response validation failed: Errors: 1, Warnings: 1, Info: 1
2026-02-14 15:53:21.046 - ⚠️ 🔄 No events in response
2026-02-14 15:53:21.046 - 🔄 ℹ️ Transforming 0 parsed items to entities...
2026-02-14 15:53:21.046 - 💾 ℹ️ Saving 0 opportunities to database...
2026-02-14 15:53:21.046 - 💾 ℹ️ Processing 0 opportunities for database save...
2026-02-14 15:53:21.046 - ℹ️ 💾 No opportunities to save
2026-02-14 15:53:21.178 - ✅ 📥 Live arbs ingestion completed: 0 opportunities saved in 341ms
2026-02-14 15:53:22.895 - 🔄 📥 [Poll #239] Starting live arbs fetch...
2026-02-14 15:53:22.895 - 📥 Fetching live arbs from API...
2026-02-14 15:53:23.198 - ✅ 📥 API returned 0 events
2026-02-14 15:53:23.198 - 🔄 ⚡ ℹ️ Processing 0 events...
2026-02-14 15:53:23.198 - ❌ 🔄 Response validation failed: Errors: 1, Warnings: 1, Info: 1
2026-02-14 15:53:23.198 - ⚠️ 🔄 No events in response
2026-02-14 15:53:23.199 - 🔄 ℹ️ Transforming 0 parsed items to entities...
2026-02-14 15:53:23.199 - 💾 ℹ️ Saving 0 opportunities to database...
2026-02-14 15:53:23.199 - 💾 ℹ️ Processing 0 opportunities for database save...
2026-02-14 15:53:23.199 - ℹ️ 💾 No opportunities to save
2026-02-14 15:53:23.199 - ✅ 📥 Live arbs ingestion completed: 0 opportunities saved in 304ms
2026-02-14 15:53:24.833 - 🔄 📥 [Poll #240] Starting live arbs fetch...
2026-02-14 15:53:24.833 - 📥 Fetching live arbs from API...
2026-02-14 15:53:25.096 - ✅ 📥 API returned 0 events
2026-02-14 15:53:25.096 - 🔄 ⚡ ℹ️ Processing 0 events...
2026-02-14 15:53:25.098 - ❌ 🔄 Response validation failed: Errors: 1, Warnings: 1, Info: 1
2026-02-14 15:53:25.098 - ⚠️ 🔄 No events in response
2026-02-14 15:53:25.098 - 🔄 ℹ️ Transforming 0 parsed items to entities...
2026-02-14 15:53:25.098 - 💾 ℹ️ Saving 0 opportunities to database...
2026-02-14 15:53:25.098 - 💾 ℹ️ Processing 0 opportunities for database save...
2026-02-14 15:53:25.098 - ℹ️ 💾 No opportunities to save
2026-02-14 15:53:25.098 - ✅ 📥 Live arbs ingestion completed: 0 opportunities saved in 265ms
2026-02-14 15:53:25.107 - 📊 ℹ️ Current Statistics:
2026-02-14 15:53:25.107 - 📊 Total Active: 5
2026-02-14 15:53:25.107 - 📊 Fresh Active: 0 (0.0%)
2026-02-14 15:53:25.107 - 📊 Stale Active: 5 (100.0%)
2026-02-14 15:53:25.107 - 📊 Average Profit: 31.70%
2026-02-14 15:53:26.835 - 🔄 📥 [Poll #241] Starting live arbs fetch...
2026-02-14 15:53:26.835 - 📥 Fetching live arbs from API...
2026-02-14 15:53:27.048 - ✅ 📥 API returned 0 events
2026-02-14 15:53:27.048 - 🔄 ⚡ ℹ️ Processing 0 events...
2026-02-14 15:53:27.048 - ❌ 🔄 Response validation failed: Errors: 1, Warnings: 1, Info: 1
2026-02-14 15:53:27.048 - ⚠️ 🔄 No events in response
2026-02-14 15:53:27.048 - 🔄 ℹ️ Transforming 0 parsed items to entities...
2026-02-14 15:53:27.049 - 💾 ℹ️ Saving 0 opportunities to database...
2026-02-14 15:53:27.049 - 💾 ℹ️ Processing 0 opportunities for database save...
2026-02-14 15:53:27.049 - ℹ️ 💾 No opportunities to save
2026-02-14 15:53:27.049 - ✅ 📥 Live arbs ingestion completed: 0 opportunities saved in 214ms
2026-02-14 15:53:28.840 - 🔄 📥 [Poll #242] Starting live arbs fetch...
2026-02-14 15:53:28.841 - 📥 Fetching live arbs from API...
2026-02-14 15:53:29.123 - ✅ 📥 API returned 0 events
2026-02-14 15:53:29.123 - 🔄 ⚡ ℹ️ Processing 0 events...
2026-02-14 15:53:29.124 - ❌ 🔄 Response validation failed: Errors: 1, Warnings: 1, Info: 1
2026-02-14 15:53:29.124 - ⚠️ 🔄 No events in response
2026-02-14 15:53:29.124 - 🔄 ℹ️ Transforming 0 parsed items to entities...
2026-02-14 15:53:29.124 - 💾 ℹ️ Saving 0 opportunities to database...
2026-02-14 15:53:29.124 - 💾 ℹ️ Processing 0 opportunities for database save...
2026-02-14 15:53:29.124 - ℹ️ 💾 No opportunities to save
2026-02-14 15:53:29.124 - ✅ 📥 Live arbs ingestion completed: 0 opportunities saved in 283ms
2026-02-14 15:53:30.833 - 🔄 📥 [Poll #243] Starting live arbs fetch...
2026-02-14 15:53:30.833 - 📥 Fetching live arbs from API...
2026-02-14 15:53:31.046 - ✅ 📥 API returned 0 events
2026-02-14 15:53:31.046 - 🔄 ⚡ ℹ️ Processing 0 events...
2026-02-14 15:53:31.046 - ❌ 🔄 Response validation failed: Errors: 1, Warnings: 1, Info: 1
2026-02-14 15:53:31.046 - ⚠️ 🔄 No events in response
2026-02-14 15:53:31.046 - 🔄 ℹ️ Transforming 0 parsed items to entities...
2026-02-14 15:53:31.047 - 💾 ℹ️ Saving 0 opportunities to database...
2026-02-14 15:53:31.047 - 💾 ℹ️ Processing 0 opportunities for database save...
2026-02-14 15:53:31.047 - ℹ️ 💾 No opportunities to save
2026-02-14 15:53:31.047 - ✅ 📥 Live arbs ingestion completed: 0 opportunities saved in 214ms
2026-02-14 15:53:32.834 - 🔄 📥 [Poll #244] Starting live arbs fetch...
2026-02-14 15:53:32.834 - 📥 Fetching live arbs from API...
2026-02-14 15:53:33.047 - ✅ 📥 API returned 0 events
2026-02-14 15:53:33.047 - 🔄 ⚡ ℹ️ Processing 0 events...
2026-02-14 15:53:33.047 - ❌ 🔄 Response validation failed: Errors: 1, Warnings: 1, Info: 1
2026-02-14 15:53:33.047 - ⚠️ 🔄 No events in response
2026-02-14 15:53:33.047 - 🔄 ℹ️ Transforming 0 parsed items to entities...
2026-02-14 15:53:33.047 - 💾 ℹ️ Saving 0 opportunities to database...
2026-02-14 15:53:33.047 - 💾 ℹ️ Processing 0 opportunities for database save...
2026-02-14 15:53:33.047 - ℹ️ 💾 No opportunities to save
2026-02-14 15:53:33.047 - ✅ 📥 Live arbs ingestion completed: 0 opportunities saved in 213ms
2026-02-14 15:53:34.833 - 🔄 📥 [Poll #245] Starting live arbs fetch...
2026-02-14 15:53:34.833 - 📥 Fetching live arbs from API...
2026-02-14 15:53:35.043 - ✅ 📥 API returned 0 events
2026-02-14 15:53:35.043 - 🔄 ⚡ ℹ️ Processing 0 events...
2026-02-14 15:53:35.044 - ❌ 🔄 Response validation failed: Errors: 1, Warnings: 1, Info: 1
2026-02-14 15:53:35.044 - ⚠️ 🔄 No events in response
2026-02-14 15:53:35.044 - 🔄 ℹ️ Transforming 0 parsed items to entities...
2026-02-14 15:53:35.044 - 💾 ℹ️ Saving 0 opportunities to database...
2026-02-14 15:53:35.044 - 💾 ℹ️ Processing 0 opportunities for database save...
2026-02-14 15:53:35.044 - ℹ️ 💾 No opportunities to save
2026-02-14 15:53:35.044 - ✅ 📥 Live arbs ingestion completed: 0 opportunities saved in 211ms
2026-02-14 15:53:36.834 - 🔄 📥 [Poll #246] Starting live arbs fetch...
2026-02-14 15:53:36.834 - 📥 Fetching live arbs from API...
2026-02-14 15:53:37.032 - ✅ 📥 API returned 0 events
2026-02-14 15:53:37.032 - 🔄 ⚡ ℹ️ Processing 0 events...
2026-02-14 15:53:37.032 - ❌ 🔄 Response validation failed: Errors: 1, Warnings: 1, Info: 1
2026-02-14 15:53:37.032 - ⚠️ 🔄 No events in response
2026-02-14 15:53:37.032 - 🔄 ℹ️ Transforming 0 parsed items to entities...
2026-02-14 15:53:37.032 - 💾 ℹ️ Saving 0 opportunities to database...
2026-02-14 15:53:37.032 - 💾 ℹ️ Processing 0 opportunities for database save...
2026-02-14 15:53:37.032 - ℹ️ 💾 No opportunities to save
2026-02-14 15:53:37.032 - ✅ 📥 Live arbs ingestion completed: 0 opportunities saved in 198ms
2026-02-14 15:53:38.835 - 🔄 📥 [Poll #247] Starting live arbs fetch...
2026-02-14 15:53:38.835 - 📥 Fetching live arbs from API...
2026-02-14 15:53:39.046 - ✅ 📥 API returned 0 events
2026-02-14 15:53:39.046 - 🔄 ⚡ ℹ️ Processing 0 events...
2026-02-14 15:53:39.046 - ❌ 🔄 Response validation failed: Errors: 1, Warnings: 1, Info: 1
2026-02-14 15:53:39.046 - ⚠️ 🔄 No events in response
2026-02-14 15:53:39.046 - 🔄 ℹ️ Transforming 0 parsed items to entities...
2026-02-14 15:53:39.046 - 💾 ℹ️ Saving 0 opportunities to database...
2026-02-14 15:53:39.047 - 💾 ℹ️ Processing 0 opportunities for database save...
2026-02-14 15:53:39.047 - ℹ️ 💾 No opportunities to save
2026-02-14 15:53:39.047 - ✅ 📥 Live arbs ingestion completed: 0 opportunities saved in 212ms
2026-02-14 15:53:40.848 - 🔄 📥 [Poll #248] Starting live arbs fetch...
2026-02-14 15:53:40.848 - 📥 Fetching live arbs from API...
2026-02-14 15:53:41.057 - ✅ 📥 API returned 0 events
2026-02-14 15:53:41.057 - 🔄 ⚡ ℹ️ Processing 0 events...
2026-02-14 15:53:41.058 - ❌ 🔄 Response validation failed: Errors: 1, Warnings: 1, Info: 1
2026-02-14 15:53:41.058 - ⚠️ 🔄 No events in response
2026-02-14 15:53:41.058 - 🔄 ℹ️ Transforming 0 parsed items to entities...
2026-02-14 15:53:41.058 - 💾 ℹ️ Saving 0 opportunities to database...
2026-02-14 15:53:41.058 - 💾 ℹ️ Processing 0 opportunities for database save...
2026-02-14 15:53:41.058 - ℹ️ 💾 No opportunities to save
2026-02-14 15:53:41.058 - ✅ 📥 Live arbs ingestion completed: 0 opportunities saved in 210ms
2026-02-14 15:53:42.833 - 🔄 📥 [Poll #249] Starting live arbs fetch...
2026-02-14 15:53:42.833 - 📥 Fetching live arbs from API...
2026-02-14 15:53:43.149 - ✅ 📥 API returned 0 events
2026-02-14 15:53:43.149 - 🔄 ⚡ ℹ️ Processing 0 events...
2026-02-14 15:53:43.149 - ❌ 🔄 Response validation failed: Errors: 1, Warnings: 1, Info: 1
2026-02-14 15:53:43.149 - ⚠️ 🔄 No events in response
2026-02-14 15:53:43.150 - 🔄 ℹ️ Transforming 0 parsed items to entities...
2026-02-14 15:53:43.150 - 💾 ℹ️ Saving 0 opportunities to database...
2026-02-14 15:53:43.150 - 💾 ℹ️ Processing 0 opportunities for database save...
2026-02-14 15:53:43.150 - ℹ️ 💾 No opportunities to save
2026-02-14 15:53:43.150 - ✅ 📥 Live arbs ingestion completed: 0 opportunities saved in 317ms
2026-02-14 15:53:44.856 - 🔄 📥 [Poll #250] Starting live arbs fetch...
2026-02-14 15:53:44.857 - 📥 Fetching live arbs from API...
2026-02-14 15:53:45.071 - ✅ 📥 API returned 0 events
2026-02-14 15:53:45.071 - 🔄 ⚡ ℹ️ Processing 0 events...
2026-02-14 15:53:45.071 - ❌ 🔄 Response validation failed: Errors: 1, Warnings: 1, Info: 1
2026-02-14 15:53:45.072 - ⚠️ 🔄 No events in response
2026-02-14 15:53:45.072 - 🔄 ℹ️ Transforming 0 parsed items to entities...
2026-02-14 15:53:45.072 - 💾 ℹ️ Saving 0 opportunities to database...
2026-02-14 15:53:45.072 - 💾 ℹ️ Processing 0 opportunities for database save...
2026-02-14 15:53:45.072 - ℹ️ 💾 No opportunities to save
2026-02-14 15:53:45.072 - ✅ 📥 Live arbs ingestion completed: 0 opportunities saved in 215ms
2026-02-14 15:53:46.834 - 🔄 📥 [Poll #251] Starting live arbs fetch...
2026-02-14 15:53:46.834 - 📥 Fetching live arbs from API...
2026-02-14 15:53:47.034 - ✅ 📥 API returned 0 events
2026-02-14 15:53:47.034 - 🔄 ⚡ ℹ️ Processing 0 events...
2026-02-14 15:53:47.034 - ❌ 🔄 Response validation failed: Errors: 1, Warnings: 1, Info: 1
2026-02-14 15:53:47.034 - ⚠️ 🔄 No events in response
2026-02-14 15:53:47.034 - 🔄 ℹ️ Transforming 0 parsed items to entities...
2026-02-14 15:53:47.034 - 💾 ℹ️ Saving 0 opportunities to database...
2026-02-14 15:53:47.034 - 💾 ℹ️ Processing 0 opportunities for database save...
2026-02-14 15:53:47.035 - ℹ️ 💾 No opportunities to save
2026-02-14 15:53:47.035 - ✅ 📥 Live arbs ingestion completed: 0 opportunities saved in 201ms
2026-02-14 15:53:48.834 - 🔄 📥 [Poll #252] Starting live arbs fetch...
2026-02-14 15:53:48.834 - 📥 Fetching live arbs from API...
2026-02-14 15:53:49.066 - ✅ 📥 API returned 0 events
2026-02-14 15:53:49.066 - 🔄 ⚡ ℹ️ Processing 0 events...
2026-02-14 15:53:49.067 - ❌ 🔄 Response validation failed: Errors: 1, Warnings: 1, Info: 1
2026-02-14 15:53:49.067 - ⚠️ 🔄 No events in response
2026-02-14 15:53:49.067 - 🔄 ℹ️ Transforming 0 parsed items to entities...
2026-02-14 15:53:49.068 - 💾 ℹ️ Saving 0 opportunities to database...
2026-02-14 15:53:49.068 - 💾 ℹ️ Processing 0 opportunities for database save...
2026-02-14 15:53:49.068 - ℹ️ 💾 No opportunities to save
2026-02-14 15:53:49.068 - ✅ 📥 Live arbs ingestion completed: 0 opportunities saved in 234ms
2026-02-14 15:53:50.834 - 🔄 📥 [Poll #253] Starting live arbs fetch...
2026-02-14 15:53:50.834 - 📥 Fetching live arbs from API...
2026-02-14 15:53:51.050 - ✅ 📥 API returned 0 events
2026-02-14 15:53:51.050 - 🔄 ⚡ ℹ️ Processing 0 events...
2026-02-14 15:53:51.051 - ❌ 🔄 Response validation failed: Errors: 1, Warnings: 1, Info: 1
2026-02-14 15:53:51.051 - ⚠️ 🔄 No events in response
2026-02-14 15:53:51.051 - 🔄 ℹ️ Transforming 0 parsed items to entities...
2026-02-14 15:53:51.051 - 💾 ℹ️ Saving 0 opportunities to database...
2026-02-14 15:53:51.051 - 💾 ℹ️ Processing 0 opportunities for database save...
2026-02-14 15:53:51.051 - ℹ️ 💾 No opportunities to save
2026-02-14 15:53:51.051 - ✅ 📥 Live arbs ingestion completed: 0 opportunities saved in 217ms
2026-02-14 15:53:53.119 - 🔄 📥 [Poll #254] Starting live arbs fetch...
2026-02-14 15:53:53.120 - 📥 Fetching live arbs from API...
2026-02-14 15:53:53.347 - ✅ 📥 API returned 1 events
2026-02-14 15:53:53.348 - 🔄 ⚡ ℹ️ Processing 1 events...
2026-02-14 15:53:53.359 - 🔄 ℹ️ Processing sub-event 1/2 (ID: 16193963495739818367)...
2026-02-14 15:53:53.360 - ℹ️ 🔄 Sub-event 16193963495739818367 bookmaker: SportyBet (ID: 43)
2026-02-14 15:53:53.360 - ✅ 🍪 Saved crumbs from SportyBet using key='oid' (3 entries)
2026-02-14 15:53:53.360 - 🍪 ℹ️ Using key='oid' = '5' → selectedId='5' for bookmaker: SportyBet (source: SportyBet)
2026-02-14 15:53:53.360 - 🎯 🍪 Getting market outcome for bookmaker: SportyBet
2026-02-14 15:53:53.367 - ✅ 🎯 Market resolved: marketType='1st game - winner', selectedId='5', outcome='Away'
2026-02-14 15:53:53.368 - 📎 Built URL for SportyBet: https://www.sportybet.com/ng/sport/tableTennis/live/International/TT Cup/Kulhanek,_Tomas_vs_Krupnik_Jr,_Lukas/sr:match:68952958
2026-02-14 15:53:53.369 - ✅ Built outcome - bookMaker: SportyBet, outcome: 'Away', odds: 3.3, url: ✓
2026-02-14 15:53:53.369 - 🔄 ℹ️ Processing sub-event 2/2 (ID: 16193963496232067545)...
2026-02-14 15:53:53.369 - ℹ️ 🔄 Sub-event 16193963496232067545 bookmaker: MSport (ID: 80)
2026-02-14 15:53:53.371 - 🍪 ℹ️ Using key='oid' = '5' → selectedId='5' for bookmaker: MSport (source: SportyBet)
2026-02-14 15:53:53.371 - 🎯 🍪 Getting market outcome for bookmaker: MSport
2026-02-14 15:53:53.371 - ✅ 🎯 Market resolved: marketType='1st game - winner', selectedId='5', outcome='Away'
2026-02-14 15:53:53.371 - 📎 Built URL for MSport: https://www.msport.com/ng/web/sports/Table%20Tennis/live/International_TT_Cup/Kulhanek__Tomas_vs_Krupnik_Jr__Lukas/sr:match:68952958
2026-02-14 15:53:53.371 - ✅ Built outcome - bookMaker: MSport, outcome: 'Away', odds: 1.95, url: ✓
2026-02-14 15:53:53.372 - ✅ 🔄 🎯 Converted event 16193966762950332138 to arb: SportyBet (3.3) vs MSport (1.95) | 22.57% profit | marketType='1st game - winner' | outcome='Away'
2026-02-14 15:53:53.372 - ✅ ⚡ 🔄 Successfully converted 1 events to arbitrages
2026-02-14 15:53:53.372 - 🔄 ℹ️ Transforming 1 parsed items to entities...
2026-02-14 15:53:53.372 - 💾 ℹ️ Saving 1 opportunities to database...
2026-02-14 15:53:53.372 - 💾 ℹ️ Processing 1 opportunities for database save...
2026-02-14 15:53:53.384 - ✅ 💾 Database save completed: 1 new, 0 updated, 0 skipped
2026-02-14 15:53:53.384 - ✅ 📥 Live arbs ingestion completed: 1 opportunities saved in 264ms
2026-02-14 15:53:54.966 - 🔄 📥 [Poll #255] Starting live arbs fetch...
2026-02-14 15:53:54.967 - 📥 Fetching live arbs from API...
2026-02-14 15:53:55.189 - ✅ 📥 API returned 1 events
2026-02-14 15:53:55.190 - 🔄 ⚡ ℹ️ Processing 1 events...
2026-02-14 15:53:55.190 - 🔄 ℹ️ Processing sub-event 1/2 (ID: 16193963495739818367)...
2026-02-14 15:53:55.191 - ℹ️ 🔄 Sub-event 16193963495739818367 bookmaker: SportyBet (ID: 43)
2026-02-14 15:53:55.191 - ✅ 🍪 Saved crumbs from SportyBet using key='oid' (3 entries)
2026-02-14 15:53:55.191 - 🍪 ℹ️ Using key='oid' = '5' → selectedId='5' for bookmaker: SportyBet (source: SportyBet)
2026-02-14 15:53:55.191 - 🎯 🍪 Getting market outcome for bookmaker: SportyBet
2026-02-14 15:53:55.191 - ✅ 🎯 Market resolved: marketType='1st game - winner', selectedId='5', outcome='Away'
2026-02-14 15:53:55.191 - 📎 Built URL for SportyBet: https://www.sportybet.com/ng/sport/tableTennis/live/International/TT Cup/Kulhanek,_Tomas_vs_Krupnik_Jr,_Lukas/sr:match:68952958
2026-02-14 15:53:55.192 - ✅ Built outcome - bookMaker: SportyBet, outcome: 'Away', odds: 3.3, url: ✓
2026-02-14 15:53:55.193 - 🔄 ℹ️ Processing sub-event 2/2 (ID: 16193963496232067545)...
2026-02-14 15:53:55.193 - ℹ️ 🔄 Sub-event 16193963496232067545 bookmaker: MSport (ID: 80)
2026-02-14 15:53:55.193 - 🍪 ℹ️ Using key='oid' = '5' → selectedId='5' for bookmaker: MSport (source: SportyBet)
2026-02-14 15:53:55.193 - 🎯 🍪 Getting market outcome for bookmaker: MSport
2026-02-14 15:53:55.193 - ✅ 🎯 Market resolved: marketType='1st game - winner', selectedId='5', outcome='Away'
2026-02-14 15:53:55.194 - 📎 Built URL for MSport: https://www.msport.com/ng/web/sports/Table%20Tennis/live/International_TT_Cup/Kulhanek__Tomas_vs_Krupnik_Jr__Lukas/sr:match:68952958
2026-02-14 15:53:55.194 - ✅ Built outcome - bookMaker: MSport, outcome: 'Away', odds: 1.95, url: ✓
2026-02-14 15:53:55.195 - ✅ 🔄 🎯 Converted event 16193966762950332138 to arb: SportyBet (3.3) vs MSport (1.95) | 22.57% profit | marketType='1st game - winner' | outcome='Away'
2026-02-14 15:53:55.195 - ✅ ⚡ 🔄 Successfully converted 1 events to arbitrages
2026-02-14 15:53:55.196 - 🔄 ℹ️ Transforming 1 parsed items to entities...
2026-02-14 15:53:55.196 - 💾 ℹ️ Saving 1 opportunities to database...
2026-02-14 15:53:55.196 - 💾 ℹ️ Processing 1 opportunities for database save...
2026-02-14 15:53:55.212 - ✅ 💾 Database save completed: 0 new, 1 updated, 0 skipped
2026-02-14 15:53:55.212 - ✅ 📥 Live arbs ingestion completed: 1 opportunities saved in 245ms
2026-02-14 15:53:57.036 - 🔄 📥 [Poll #256] Starting live arbs fetch...
2026-02-14 15:53:57.036 - 📥 Fetching live arbs from API...
2026-02-14 15:53:57.414 - ✅ 📥 API returned 1 events
2026-02-14 15:53:57.414 - 🔄 ⚡ ℹ️ Processing 1 events...
2026-02-14 15:53:57.415 - 🔄 ℹ️ Processing sub-event 1/2 (ID: 16193963495739818367)...
2026-02-14 15:53:57.416 - ℹ️ 🔄 Sub-event 16193963495739818367 bookmaker: SportyBet (ID: 43)
2026-02-14 15:53:57.416 - ✅ 🍪 Saved crumbs from SportyBet using key='oid' (3 entries)
2026-02-14 15:53:57.416 - 🍪 ℹ️ Using key='oid' = '5' → selectedId='5' for bookmaker: SportyBet (source: SportyBet)
2026-02-14 15:53:57.416 - 🎯 🍪 Getting market outcome for bookmaker: SportyBet
2026-02-14 15:53:57.416 - ✅ 🎯 Market resolved: marketType='1st game - winner', selectedId='5', outcome='Away'
2026-02-14 15:53:57.417 - 📎 Built URL for SportyBet: https://www.sportybet.com/ng/sport/tableTennis/live/International/TT Cup/Kulhanek,_Tomas_vs_Krupnik_Jr,_Lukas/sr:match:68952958
2026-02-14 15:53:57.417 - ✅ Built outcome - bookMaker: SportyBet, outcome: 'Away', odds: 3.3, url: ✓
2026-02-14 15:53:57.417 - 🔄 ℹ️ Processing sub-event 2/2 (ID: 16193963496232067545)...
2026-02-14 15:53:57.417 - ℹ️ 🔄 Sub-event 16193963496232067545 bookmaker: MSport (ID: 80)
2026-02-14 15:53:57.418 - 🍪 ℹ️ Using key='oid' = '5' → selectedId='5' for bookmaker: MSport (source: SportyBet)
2026-02-14 15:53:57.418 - 🎯 🍪 Getting market outcome for bookmaker: MSport
2026-02-14 15:53:57.418 - ✅ 🎯 Market resolved: marketType='1st game - winner', selectedId='5', outcome='Away'
2026-02-14 15:53:57.419 - 📎 Built URL for MSport: https://www.msport.com/ng/web/sports/Table%20Tennis/live/International_TT_Cup/Kulhanek__Tomas_vs_Krupnik_Jr__Lukas/sr:match:68952958
2026-02-14 15:53:57.419 - ✅ Built outcome - bookMaker: MSport, outcome: 'Away', odds: 1.95, url: ✓
2026-02-14 15:53:57.420 - ✅ 🔄 🎯 Converted event 16193966762950332138 to arb: SportyBet (3.3) vs MSport (1.95) | 22.57% profit | marketType='1st game - winner' | outcome='Away'
2026-02-14 15:53:57.422 - ✅ ⚡ 🔄 Successfully converted 1 events to arbitrages
2026-02-14 15:53:57.422 - 🔄 ℹ️ Transforming 1 parsed items to entities...
2026-02-14 15:53:57.422 - 💾 ℹ️ Saving 1 opportunities to database...
2026-02-14 15:53:57.423 - 💾 ℹ️ Processing 1 opportunities for database save...
2026-02-14 15:53:57.444 - ✅ 💾 Database save completed: 0 new, 1 updated, 0 skipped
2026-02-14 15:53:57.445 - ✅ 📥 Live arbs ingestion completed: 1 opportunities saved in 409ms
2026-02-14 15:53:59.134 - 🔄 📥 [Poll #257] Starting live arbs fetch...
2026-02-14 15:53:59.135 - 📥 Fetching live arbs from API...
2026-02-14 15:53:59.374 - ✅ 📥 API returned 1 events
2026-02-14 15:53:59.374 - 🔄 ⚡ ℹ️ Processing 1 events...
2026-02-14 15:53:59.381 - 🔄 ℹ️ Processing sub-event 1/2 (ID: 16193963496232067545)...
2026-02-14 15:53:59.382 - ℹ️ 🔄 Sub-event 16193963496232067545 bookmaker: MSport (ID: 80)
2026-02-14 15:53:59.382 - ✅ 🍪 Saved crumbs from MSport using key='oid' (3 entries)
2026-02-14 15:53:59.382 - 🍪 ℹ️ Using key='oid' = '4' → selectedId='4' for bookmaker: MSport (source: MSport)
2026-02-14 15:53:59.382 - 🎯 🍪 Getting market outcome for bookmaker: MSport
2026-02-14 15:53:59.382 - ✅ 🎯 Market resolved: marketType='1st game - winner', selectedId='4', outcome='Home'
2026-02-14 15:53:59.382 - 📎 Built URL for MSport: https://www.msport.com/ng/web/sports/Table%20Tennis/live/International_TT_Cup/Kulhanek__Tomas_vs_Krupnik_Jr__Lukas/sr:match:68952958
2026-02-14 15:53:59.383 - ✅ Built outcome - bookMaker: MSport, outcome: 'Home', odds: 1.8, url: ✓
2026-02-14 15:53:59.383 - 🔄 ℹ️ Processing sub-event 2/2 (ID: 16193963496533507317)...
2026-02-14 15:53:59.383 - ℹ️ 🔄 Sub-event 16193963496533507317 bookmaker: Bet9ja (ID: 33)
2026-02-14 15:53:59.383 - 🍪 ℹ️ Using key='id2' = 'LIVETT_SW@1_2' → selectedId='2' for bookmaker: Bet9ja (source: own crumbs (post-underscore))
2026-02-14 15:53:59.383 - 🎯 🍪 Getting market outcome for bookmaker: Bet9ja
2026-02-14 15:53:59.383 - ✅ 🎯 Market resolved: marketType='Set Winner', selectedId='2', outcome='2'
2026-02-14 15:53:59.384 - Built Bet9ja modern URL: https://sports.bet9ja.com/liveEvent/8749587
2026-02-14 15:53:59.384 - 📎 Built URL for Bet9ja: https://sports.bet9ja.com/liveEvent/8749587
2026-02-14 15:53:59.384 - ✅ Built outcome - bookMaker: Bet9ja, outcome: '2', odds: 2.68, url: ✓
2026-02-14 15:53:59.384 - ✅ 🔄 🎯 Converted event 16193966762950332138 to arb: MSport (1.8) vs Bet9ja (2.68) | 7.68% profit | marketType='Set Winner' | outcome='2'
2026-02-14 15:53:59.387 - ✅ ⚡ 🔄 Successfully converted 1 events to arbitrages
2026-02-14 15:53:59.388 - 🔄 ℹ️ Transforming 1 parsed items to entities...
2026-02-14 15:53:59.388 - 💾 ℹ️ Saving 1 opportunities to database...
2026-02-14 15:53:59.388 - 💾 ℹ️ Processing 1 opportunities for database save...
2026-02-14 15:53:59.410 - ✅ 💾 Database save completed: 1 new, 0 updated, 0 skipped
2026-02-14 15:53:59.410 - ✅ 📥 Live arbs ingestion completed: 1 opportunities saved in 275ms
2026-02-14 15:54:02.152 - 🔄 📥 [Poll #258] Starting live arbs fetch...
2026-02-14 15:54:02.153 - 📥 Fetching live arbs from API...
2026-02-14 15:54:05.697 - ✅ 📥 API returned 1 events
2026-02-14 15:54:05.697 - 🔄 ⚡ ℹ️ Processing 1 events...
2026-02-14 15:54:05.699 - 🔄 ℹ️ Processing sub-event 1/2 (ID: 16193963496232067545)...
2026-02-14 15:54:05.699 - ℹ️ 🔄 Sub-event 16193963496232067545 bookmaker: MSport (ID: 80)
2026-02-14 15:54:05.699 - ✅ 🍪 Saved crumbs from MSport using key='oid' (3 entries)
2026-02-14 15:54:05.699 - 🍪 ℹ️ Using key='oid' = '4' → selectedId='4' for bookmaker: MSport (source: MSport)
2026-02-14 15:54:05.700 - 🎯 🍪 Getting market outcome for bookmaker: MSport
2026-02-14 15:54:05.700 - ✅ 🎯 Market resolved: marketType='1st game - winner', selectedId='4', outcome='Home'
2026-02-14 15:54:05.700 - 📎 Built URL for MSport: https://www.msport.com/ng/web/sports/Table%20Tennis/live/International_TT_Cup/Kulhanek__Tomas_vs_Krupnik_Jr__Lukas/sr:match:68952958
2026-02-14 15:54:05.702 - ✅ Built outcome - bookMaker: MSport, outcome: 'Home', odds: 1.8, url: ✓
2026-02-14 15:54:05.703 - 🔄 ℹ️ Processing sub-event 2/2 (ID: 16193963496533507317)...
2026-02-14 15:54:05.703 - ℹ️ 🔄 Sub-event 16193963496533507317 bookmaker: Bet9ja (ID: 33)
2026-02-14 15:54:05.703 - 🍪 ℹ️ Using key='id2' = 'LIVETT_SW@1_2' → selectedId='2' for bookmaker: Bet9ja (source: own crumbs (post-underscore))
2026-02-14 15:54:05.703 - 🎯 🍪 Getting market outcome for bookmaker: Bet9ja
2026-02-14 15:54:05.704 - ✅ 🎯 Market resolved: marketType='Set Winner', selectedId='2', outcome='2'
2026-02-14 15:54:05.704 - Built Bet9ja modern URL: https://sports.bet9ja.com/liveEvent/8749587
2026-02-14 15:54:05.704 - 📎 Built URL for Bet9ja: https://sports.bet9ja.com/liveEvent/8749587
2026-02-14 15:54:05.704 - ✅ Built outcome - bookMaker: Bet9ja, outcome: '2', odds: 2.68, url: ✓
2026-02-14 15:54:05.736 - ✅ 🔄 🎯 Converted event 16193966762950332138 to arb: MSport (1.8) vs Bet9ja (2.68) | 7.68% profit | marketType='Set Winner' | outcome='2'
2026-02-14 15:54:05.749 - ✅ ⚡ 🔄 Successfully converted 1 events to arbitrages
2026-02-14 15:54:05.749 - 🔄 ℹ️ Transforming 1 parsed items to entities...
2026-02-14 15:54:05.749 - 💾 ℹ️ Saving 1 opportunities to database...
2026-02-14 15:54:05.750 - 💾 ℹ️ Processing 1 opportunities for database save...
2026-02-14 15:54:05.767 - ✅ 💾 Database save completed: 0 new, 1 updated, 0 skipped
2026-02-14 15:54:05.767 - ✅ 📥 Live arbs ingestion completed: 1 opportunities saved in 3614ms
2026-02-14 15:54:09.742 - 🔄 📥 [Poll #259] Starting live arbs fetch...
2026-02-14 15:54:09.771 - 🔄 📥 [Poll #260] Starting live arbs fetch...
2026-02-14 15:54:09.771 - 🔄 📥 [Poll #261] Starting live arbs fetch...
2026-02-14 15:54:09.771 - 🔄 📥 [Poll #262] Starting live arbs fetch...
2026-02-14 15:54:09.791 - 📥 Fetching live arbs from API...
2026-02-14 15:54:09.811 - 📥 Fetching live arbs from API...
2026-02-14 15:54:09.828 - 📥 Fetching live arbs from API...
2026-02-14 15:54:09.847 - 📥 Fetching live arbs from API...
2026-02-14 15:54:10.014 - ✅ 📥 API returned 2 events
2026-02-14 15:54:10.014 - 🔄 ⚡ ℹ️ Processing 2 events...
2026-02-14 15:54:10.230 - ✅ 📥 API returned 2 events
2026-02-14 15:54:10.230 - 🔄 ⚡ ℹ️ Processing 2 events...
2026-02-14 15:54:10.237 - ✅ 📥 API returned 2 events
2026-02-14 15:54:10.237 - 🔄 ⚡ ℹ️ Processing 2 events...
2026-02-14 15:54:10.486 - ✅ 📥 API returned 2 events
2026-02-14 15:54:10.487 - 🔄 ⚡ ℹ️ Processing 2 events...
2026-02-14 15:54:11.086 - 🔄 📥 [Poll #263] Starting live arbs fetch...
2026-02-14 15:54:11.087 - ⚠️ 🔄 [Poll #263] Previous ingestion still running, skipping
2026-02-14 15:54:20.593 - 🔄 📥 [Poll #264] Starting live arbs fetch...
2026-02-14 15:54:20.593 - ⚠️ 🔄 [Poll #264] Previous ingestion still running, skipping
2026-02-14 15:54:20.593 - 🔄 📥 [Poll #265] Starting live arbs fetch...
2026-02-14 15:54:20.593 - ⚠️ 🔄 [Poll #265] Previous ingestion still running, skipping
2026-02-14 15:54:20.593 - 🔄 📥 [Poll #266] Starting live arbs fetch...
2026-02-14 15:54:20.593 - ⚠️ 🔄 [Poll #266] Previous ingestion still running, skipping
2026-02-14 15:54:20.594 - 🔄 📥 [Poll #267] Starting live arbs fetch...
2026-02-14 15:54:20.594 - ⚠️ 🔄 [Poll #267] Previous ingestion still running, skipping
2026-02-14 15:54:20.937 - 🔄 📥 [Poll #268] Starting live arbs fetch...
2026-02-14 15:54:20.937 - ⚠️ 🔄 [Poll #268] Previous ingestion still running, skipping
2026-02-14 15:54:23.003 - 🔄 📥 [Poll #269] Starting live arbs fetch...
2026-02-14 15:54:23.003 - ⚠️ 🔄 [Poll #269] Previous ingestion still running, skipping
2026-02-14 15:54:24.839 - 🔄 📥 [Poll #270] Starting live arbs fetch...
2026-02-14 15:54:24.933 - ⚠️ 🔄 [Poll #270] Previous ingestion still running, skipping
2026-02-14 15:54:28.437 - 🔄 📥 [Poll #271] Starting live arbs fetch...
2026-02-14 15:54:28.438 - ⚠️ 🔄 [Poll #271] Previous ingestion still running, skipping
2026-02-14 15:54:30.663 - 🔄 📥 [Poll #272] Starting live arbs fetch...
2026-02-14 15:54:30.663 - ⚠️ 🔄 [Poll #272] Previous ingestion still running, skipping
2026-02-14 15:54:31.539 - 🔄 📥 [Poll #273] Starting live arbs fetch...
2026-02-14 15:54:31.539 - ⚠️ 🔄 [Poll #273] Previous ingestion still running, skipping
2026-02-14 15:54:32.851 - 🔄 📥 [Poll #274] Starting live arbs fetch...
2026-02-14 15:54:32.851 - ⚠️ 🔄 [Poll #274] Previous ingestion still running, skipping
2026-02-14 15:54:34.834 - 🔄 📥 [Poll #275] Starting live arbs fetch...
2026-02-14 15:54:34.834 - ⚠️ 🔄 [Poll #275] Previous ingestion still running, skipping
2026-02-14 15:54:36.970 - 🔄 📥 [Poll #276] Starting live arbs fetch...
2026-02-14 15:54:36.970 - ⚠️ 🔄 [Poll #276] Previous ingestion still running, skipping
2026-02-14 15:54:39.353 - 🔄 📥 [Poll #277] Starting live arbs fetch...
2026-02-14 15:54:39.355 - ⚠️ 🔄 [Poll #277] Previous ingestion still running, skipping
2026-02-14 15:54:41.066 - 🔄 📥 [Poll #278] Starting live arbs fetch...
2026-02-14 15:54:41.066 - ⚠️ 🔄 [Poll #278] Previous ingestion still running, skipping
2026-02-14 15:54:42.937 - 🔄 📥 [Poll #279] Starting live arbs fetch...
2026-02-14 15:54:42.938 - ⚠️ 🔄 [Poll #279] Previous ingestion still running, skipping
2026-02-14 15:54:45.200 - 🔄 📥 [Poll #280] Starting live arbs fetch...
2026-02-14 15:54:45.200 - ⚠️ 🔄 [Poll #280] Previous ingestion still running, skipping
2026-02-14 15:54:47.012 - 🔄 📥 [Poll #281] Starting live arbs fetch...
2026-02-14 15:54:47.012 - ⚠️ 🔄 [Poll #281] Previous ingestion still running, skipping
2026-02-14 15:54:48.894 - 🔄 📥 [Poll #282] Starting live arbs fetch...
2026-02-14 15:54:48.895 - ⚠️ 🔄 [Poll #282] Previous ingestion still running, skipping
2026-02-14 15:54:50.835 - 🔄 📥 [Poll #283] Starting live arbs fetch...
2026-02-14 15:54:50.835 - ⚠️ 🔄 [Poll #283] Previous ingestion still running, skipping
2026-02-14 15:54:52.834 - 🔄 📥 [Poll #284] Starting live arbs fetch...
2026-02-14 15:54:52.834 - ⚠️ 🔄 [Poll #284] Previous ingestion still running, skipping
2026-02-14 15:54:54.836 - 🔄 📥 [Poll #285] Starting live arbs fetch...
2026-02-14 15:54:54.836 - ⚠️ 🔄 [Poll #285] Previous ingestion still running, skipping
2026-02-14 15:54:56.834 - 🔄 📥 [Poll #286] Starting live arbs fetch...
2026-02-14 15:54:56.834 - ⚠️ 🔄 [Poll #286] Previous ingestion still running, skipping
2026-02-14 15:54:58.834 - 🔄 📥 [Poll #287] Starting live arbs fetch...
2026-02-14 15:54:58.834 - ⚠️ 🔄 [Poll #287] Previous ingestion still running, skipping
2026-02-14 15:55:00.834 - 🔄 📥 [Poll #288] Starting live arbs fetch...
2026-02-14 15:55:00.834 - ⚠️ 🔄 [Poll #288] Previous ingestion still running, skipping
2026-02-14 15:55:02.834 - 🔄 📥 [Poll #289] Starting live arbs fetch...
2026-02-14 15:55:02.835 - ⚠️ 🔄 [Poll #289] Previous ingestion still running, skipping
2026-02-14 15:55:04.849 - 🔄 📥 [Poll #290] Starting live arbs fetch...
2026-02-14 15:55:04.850 - ⚠️ 🔄 [Poll #290] Previous ingestion still running, skipping
2026-02-14 15:55:06.834 - 🔄 📥 [Poll #291] Starting live arbs fetch...
2026-02-14 15:55:06.834 - ⚠️ 🔄 [Poll #291] Previous ingestion still running, skipping
2026-02-14 15:55:08.835 - 🔄 📥 [Poll #292] Starting live arbs fetch...
2026-02-14 15:55:08.836 - ⚠️ 🔄 [Poll #292] Previous ingestion still running, skipping
2026-02-14 15:55:10.940 - 🔄 📥 [Poll #293] Starting live arbs fetch...
2026-02-14 15:55:10.941 - ⚠️ 🔄 [Poll #293] Previous ingestion still running, skipping
2026-02-14 15:55:13.004 - 🔄 📥 [Poll #294] Starting live arbs fetch...
2026-02-14 15:55:13.005 - ⚠️ 🔄 [Poll #294] Previous ingestion still running, skipping
2026-02-14 15:55:15.011 - 🔄 📥 [Poll #295] Starting live arbs fetch...
2026-02-14 15:55:15.011 - ⚠️ 🔄 [Poll #295] Previous ingestion still running, skipping
2026-02-14 15:55:16.851 - 🔄 📥 [Poll #296] Starting live arbs fetch...
2026-02-14 15:55:16.851 - ⚠️ 🔄 [Poll #296] Previous ingestion still running, skipping
2026-02-14 15:55:18.835 - 🔄 📥 [Poll #297] Starting live arbs fetch...
2026-02-14 15:55:18.835 - ⚠️ 🔄 [Poll #297] Previous ingestion still running, skipping
2026-02-14 15:55:20.981 - 🔄 📥 [Poll #298] Starting live arbs fetch...
2026-02-14 15:55:20.981 - ⚠️ 🔄 [Poll #298] Previous ingestion still running, skipping
2026-02-14 15:55:22.944 - 🔄 📥 [Poll #299] Starting live arbs fetch...
2026-02-14 15:55:22.944 - ⚠️ 🔄 [Poll #299] Previous ingestion still running, skipping
2026-02-14 15:55:24.892 - 🔄 📥 [Poll #300] Starting live arbs fetch...
2026-02-14 15:55:24.903 - ⚠️ 🔄 [Poll #300] Previous ingestion still running, skipping
2026-02-14 15:55:26.866 - 🔄 📥 [Poll #301] Starting live arbs fetch...
2026-02-14 15:55:26.866 - ⚠️ 🔄 [Poll #301] Previous ingestion still running, skipping
2026-02-14 15:55:28.833 - 🔄 📥 [Poll #302] Starting live arbs fetch...
2026-02-14 15:55:28.833 - ⚠️ 🔄 [Poll #302] Previous ingestion still running, skipping
2026-02-14 15:55:30.874 - 🔄 📥 [Poll #303] Starting live arbs fetch...
2026-02-14 15:55:30.875 - ⚠️ 🔄 [Poll #303] Previous ingestion still running, skipping
2026-02-14 15:55:32.833 - 🔄 📥 [Poll #304] Starting live arbs fetch...
2026-02-14 15:55:32.833 - ⚠️ 🔄 [Poll #304] Previous ingestion still running, skipping
2026-02-14 15:55:34.833 - 🔄 📥 [Poll #305] Starting live arbs fetch...
2026-02-14 15:55:34.833 - ⚠️ 🔄 [Poll #305] Previous ingestion still running, skipping
2026-02-14 15:55:37.006 - 🔄 📥 [Poll #306] Starting live arbs fetch...
2026-02-14 15:55:37.006 - ⚠️ 🔄 [Poll #306] Previous ingestion still running, skipping
2026-02-14 15:55:38.843 - 🔄 📥 [Poll #307] Starting live arbs fetch...
2026-02-14 15:55:38.843 - ⚠️ 🔄 [Poll #307] Previous ingestion still running, skipping
2026-02-14 15:55:40.834 - 🔄 📥 [Poll #308] Starting live arbs fetch...
2026-02-14 15:55:40.834 - ⚠️ 🔄 [Poll #308] Previous ingestion still running, skipping
2026-02-14 15:55:42.833 - 🔄 📥 [Poll #309] Starting live arbs fetch...
2026-02-14 15:55:42.834 - ⚠️ 🔄 [Poll #309] Previous ingestion still running, skipping
2026-02-14 15:55:44.885 - 🔄 📥 [Poll #310] Starting live arbs fetch...
2026-02-14 15:55:44.886 - ⚠️ 🔄 [Poll #310] Previous ingestion still running, skipping
2026-02-14 15:55:46.835 - 🔄 📥 [Poll #311] Starting live arbs fetch...
2026-02-14 15:55:46.835 - ⚠️ 🔄 [Poll #311] Previous ingestion still running, skipping
2026-02-14 15:55:48.834 - 🔄 📥 [Poll #312] Starting live arbs fetch...
2026-02-14 15:55:48.834 - ⚠️ 🔄 [Poll #312] Previous ingestion still running, skipping
2026-02-14 15:55:50.838 - 🔄 📥 [Poll #313] Starting live arbs fetch...
2026-02-14 15:55:50.839 - ⚠️ 🔄 [Poll #313] Previous ingestion still running, skipping
2026-02-14 15:55:52.833 - 🔄 📥 [Poll #314] Starting live arbs fetch...
2026-02-14 15:55:52.833 - ⚠️ 🔄 [Poll #314] Previous ingestion still running, skipping
2026-02-14 15:55:54.835 - 🔄 📥 [Poll #315] Starting live arbs fetch...
2026-02-14 15:55:54.835 - ⚠️ 🔄 [Poll #315] Previous ingestion still running, skipping
2026-02-14 15:55:56.833 - 🔄 📥 [Poll #316] Starting live arbs fetch...
2026-02-14 15:55:56.834 - ⚠️ 🔄 [Poll #316] Previous ingestion still running, skipping
2026-02-14 15:55:58.833 - 🔄 📥 [Poll #317] Starting live arbs fetch...
2026-02-14 15:55:58.833 - ⚠️ 🔄 [Poll #317] Previous ingestion still running, skipping
2026-02-14 15:56:00.834 - 🔄 📥 [Poll #318] Starting live arbs fetch...
2026-02-14 15:56:00.834 - ⚠️ 🔄 [Poll #318] Previous ingestion still running, skipping
2026-02-14 15:56:02.849 - 🔄 📥 [Poll #319] Starting live arbs fetch...
2026-02-14 15:56:02.850 - ⚠️ 🔄 [Poll #319] Previous ingestion still running, skipping
2026-02-14 15:56:04.835 - 🔄 📥 [Poll #320] Starting live arbs fetch...
2026-02-14 15:56:04.835 - ⚠️ 🔄 [Poll #320] Previous ingestion still running, skipping
2026-02-14 15:56:06.912 - 🔄 📥 [Poll #321] Starting live arbs fetch...
2026-02-14 15:56:06.919 - ⚠️ 🔄 [Poll #321] Previous ingestion still running, skipping
2026-02-14 15:56:08.835 - 🔄 📥 [Poll #322] Starting live arbs fetch...
2026-02-14 15:56:08.835 - ⚠️ 🔄 [Poll #322] Previous ingestion still running, skipping
2026-02-14 15:56:11.227 - 🔄 📥 [Poll #323] Starting live arbs fetch...
2026-02-14 15:56:11.227 - ⚠️ 🔄 [Poll #323] Previous ingestion still running, skipping
2026-02-14 15:56:12.834 - 🔄 📥 [Poll #324] Starting live arbs fetch...
2026-02-14 15:56:12.834 - ⚠️ 🔄 [Poll #324] Previous ingestion still running, skipping
2026-02-14 15:56:14.838 - 🔄 📥 [Poll #325] Starting live arbs fetch...
2026-02-14 15:56:14.839 - ⚠️ 🔄 [Poll #325] Previous ingestion still running, skipping
2026-02-14 15:56:16.833 - 🔄 📥 [Poll #326] Starting live arbs fetch...
2026-02-14 15:56:16.833 - ⚠️ 🔄 [Poll #326] Previous ingestion still running, skipping
2026-02-14 15:56:18.833 - 🔄 📥 [Poll #327] Starting live arbs fetch...
2026-02-14 15:56:18.833 - ⚠️ 🔄 [Poll #327] Previous ingestion still running, skipping
2026-02-14 15:56:20.833 - 🔄 📥 [Poll #328] Starting live arbs fetch...
2026-02-14 15:56:20.833 - ⚠️ 🔄 [Poll #328] Previous ingestion still running, skipping
2026-02-14 15:56:22.833 - 🔄 📥 [Poll #329] Starting live arbs fetch...
2026-02-14 15:56:22.833 - ⚠️ 🔄 [Poll #329] Previous ingestion still running, skipping
2026-02-14 15:56:24.833 - 🔄 📥 [Poll #330] Starting live arbs fetch...
2026-02-14 15:56:24.833 - ⚠️ 🔄 [Poll #330] Previous ingestion still running, skipping
2026-02-14 15:56:26.835 - 🔄 📥 [Poll #331] Starting live arbs fetch...
2026-02-14 15:56:26.835 - ⚠️ 🔄 [Poll #331] Previous ingestion still running, skipping
2026-02-14 15:56:28.833 - 🔄 📥 [Poll #332] Starting live arbs fetch...
2026-02-14 15:56:28.833 - ⚠️ 🔄 [Poll #332] Previous ingestion still running, skipping
2026-02-14 15:56:30.835 - 🔄 📥 [Poll #333] Starting live arbs fetch...
2026-02-14 15:56:30.835 - ⚠️ 🔄 [Poll #333] Previous ingestion still running, skipping
2026-02-14 15:56:32.834 - 🔄 📥 [Poll #334] Starting live arbs fetch...
2026-02-14 15:56:32.834 - ⚠️ 🔄 [Poll #334] Previous ingestion still running, skipping
2026-02-14 15:56:34.834 - 🔄 📥 [Poll #335] Starting live arbs fetch...
2026-02-14 15:56:34.834 - ⚠️ 🔄 [Poll #335] Previous ingestion still running, skipping
2026-02-14 15:56:36.960 - 🔄 📥 [Poll #336] Starting live arbs fetch...
2026-02-14 15:56:36.960 - ⚠️ 🔄 [Poll #336] Previous ingestion still running, skipping
2026-02-14 15:56:38.835 - 🔄 📥 [Poll #337] Starting live arbs fetch...
2026-02-14 15:56:38.835 - ⚠️ 🔄 [Poll #337] Previous ingestion still running, skipping
2026-02-14 15:56:40.847 - 🔄 📥 [Poll #338] Starting live arbs fetch...
2026-02-14 15:56:40.848 - ⚠️ 🔄 [Poll #338] Previous ingestion still running, skipping
2026-02-14 15:56:42.833 - 🔄 📥 [Poll #339] Starting live arbs fetch...
2026-02-14 15:56:42.833 - ⚠️ 🔄 [Poll #339] Previous ingestion still running, skipping
2026-02-14 15:56:44.834 - 🔄 📥 [Poll #340] Starting live arbs fetch...
2026-02-14 15:56:44.834 - ⚠️ 🔄 [Poll #340] Previous ingestion still running, skipping
2026-02-14 15:56:46.845 - 🔄 📥 [Poll #341] Starting live arbs fetch...
2026-02-14 15:56:46.846 - ⚠️ 🔄 [Poll #341] Previous ingestion still running, skipping
2026-02-14 15:56:48.834 - 🔄 📥 [Poll #342] Starting live arbs fetch...
2026-02-14 15:56:48.834 - ⚠️ 🔄 [Poll #342] Previous ingestion still running, skipping
2026-02-14 15:56:50.903 - 🔄 📥 [Poll #343] Starting live arbs fetch...
2026-02-14 15:56:50.904 - ⚠️ 🔄 [Poll #343] Previous ingestion still running, skipping
2026-02-14 15:56:52.834 - 🔄 📥 [Poll #344] Starting live arbs fetch...
2026-02-14 15:56:52.834 - ⚠️ 🔄 [Poll #344] Previous ingestion still running, skipping
2026-02-14 15:56:54.834 - 🔄 📥 [Poll #345] Starting live arbs fetch...
2026-02-14 15:56:54.834 - ⚠️ 🔄 [Poll #345] Previous ingestion still running, skipping
2026-02-14 15:56:56.834 - 🔄 📥 [Poll #346] Starting live arbs fetch...
2026-02-14 15:56:56.834 - ⚠️ 🔄 [Poll #346] Previous ingestion still running, skipping
2026-02-14 15:56:58.836 - 🔄 📥 [Poll #347] Starting live arbs fetch...
2026-02-14 15:56:58.836 - ⚠️ 🔄 [Poll #347] Previous ingestion still running, skipping
2026-02-14 15:57:00.834 - 🔄 📥 [Poll #348] Starting live arbs fetch...
2026-02-14 15:57:00.834 - ⚠️ 🔄 [Poll #348] Previous ingestion still running, skipping
2026-02-14 15:57:02.834 - 🔄 📥 [Poll #349] Starting live arbs fetch...
2026-02-14 15:57:02.834 - ⚠️ 🔄 [Poll #349] Previous ingestion still running, skipping
2026-02-14 15:57:04.846 - 🔄 📥 [Poll #350] Starting live arbs fetch...
2026-02-14 15:57:04.847 - ⚠️ 🔄 [Poll #350] Previous ingestion still running, skipping
2026-02-14 15:57:06.835 - 🔄 📥 [Poll #351] Starting live arbs fetch...
2026-02-14 15:57:06.835 - ⚠️ 🔄 [Poll #351] Previous ingestion still running, skipping
2026-02-14 15:57:08.835 - 🔄 📥 [Poll #352] Starting live arbs fetch...
2026-02-14 15:57:08.835 - ⚠️ 🔄 [Poll #352] Previous ingestion still running, skipping
2026-02-14 15:57:10.837 - 🔄 📥 [Poll #353] Starting live arbs fetch...
2026-02-14 15:57:10.837 - ⚠️ 🔄 [Poll #353] Previous ingestion still running, skipping
2026-02-14 15:57:12.835 - 🔄 📥 [Poll #354] Starting live arbs fetch...
2026-02-14 15:57:12.835 - ⚠️ 🔄 [Poll #354] Previous ingestion still running, skipping
2026-02-14 15:57:14.834 - 🔄 📥 [Poll #355] Starting live arbs fetch...
2026-02-14 15:57:14.834 - ⚠️ 🔄 [Poll #355] Previous ingestion still running, skipping
2026-02-14 15:57:16.834 - 🔄 📥 [Poll #356] Starting live arbs fetch...
2026-02-14 15:57:16.834 - ⚠️ 🔄 [Poll #356] Previous ingestion still running, skipping
2026-02-14 15:57:18.835 - 🔄 📥 [Poll #357] Starting live arbs fetch...
2026-02-14 15:57:18.835 - ⚠️ 🔄 [Poll #357] Previous ingestion still running, skipping
2026-02-14 15:57:20.839 - 🔄 📥 [Poll #358] Starting live arbs fetch...
2026-02-14 15:57:20.839 - ⚠️ 🔄 [Poll #358] Previous ingestion still running, skipping
2026-02-14 15:57:22.834 - 🔄 📥 [Poll #359] Starting live arbs fetch...
2026-02-14 15:57:22.834 - ⚠️ 🔄 [Poll #359] Previous ingestion still running, skipping
2026-02-14 15:57:24.834 - 🔄 📥 [Poll #360] Starting live arbs fetch...
2026-02-14 15:57:24.834 - ⚠️ 🔄 [Poll #360] Previous ingestion still running, skipping
2026-02-14 15:57:26.838 - 🔄 📥 [Poll #361] Starting live arbs fetch...
2026-02-14 15:57:26.839 - ⚠️ 🔄 [Poll #361] Previous ingestion still running, skipping
2026-02-14 15:57:28.834 - 🔄 📥 [Poll #362] Starting live arbs fetch...
2026-02-14 15:57:28.834 - ⚠️ 🔄 [Poll #362] Previous ingestion still running, skipping
2026-02-14 15:57:30.846 - 🔄 📥 [Poll #363] Starting live arbs fetch...
2026-02-14 15:57:30.847 - ⚠️ 🔄 [Poll #363] Previous ingestion still running, skipping
2026-02-14 15:57:32.834 - 🔄 📥 [Poll #364] Starting live arbs fetch...
2026-02-14 15:57:32.834 - ⚠️ 🔄 [Poll #364] Previous ingestion still running, skipping
2026-02-14 15:57:34.834 - 🔄 📥 [Poll #365] Starting live arbs fetch...
2026-02-14 15:57:34.834 - ⚠️ 🔄 [Poll #365] Previous ingestion still running, skipping
2026-02-14 15:57:36.833 - 🔄 📥 [Poll #366] Starting live arbs fetch...
2026-02-14 15:57:36.834 - ⚠️ 🔄 [Poll #366] Previous ingestion still running, skipping
2026-02-14 15:57:38.834 - 🔄 📥 [Poll #367] Starting live arbs fetch...
2026-02-14 15:57:38.834 - ⚠️ 🔄 [Poll #367] Previous ingestion still running, skipping
2026-02-14 15:57:40.835 - 🔄 📥 [Poll #368] Starting live arbs fetch...
2026-02-14 15:57:40.835 - ⚠️ 🔄 [Poll #368] Previous ingestion still running, skipping
2026-02-14 15:57:42.850 - 🔄 📥 [Poll #369] Starting live arbs fetch...
2026-02-14 15:57:42.850 - ⚠️ 🔄 [Poll #369] Previous ingestion still running, skipping
2026-02-14 15:57:44.835 - 🔄 📥 [Poll #370] Starting live arbs fetch...
2026-02-14 15:57:44.835 - ⚠️ 🔄 [Poll #370] Previous ingestion still running, skipping
2026-02-14 15:57:46.834 - 🔄 📥 [Poll #371] Starting live arbs fetch...
2026-02-14 15:57:46.834 - ⚠️ 🔄 [Poll #371] Previous ingestion still running, skipping
2026-02-14 15:57:48.834 - 🔄 📥 [Poll #372] Starting live arbs fetch...
2026-02-14 15:57:48.834 - ⚠️ 🔄 [Poll #372] Previous ingestion still running, skipping
2026-02-14 15:57:50.838 - 🔄 📥 [Poll #373] Starting live arbs fetch...
2026-02-14 15:57:50.838 - ⚠️ 🔄 [Poll #373] Previous ingestion still running, skipping
2026-02-14 15:57:52.834 - 🔄 📥 [Poll #374] Starting live arbs fetch...
2026-02-14 15:57:52.834 - ⚠️ 🔄 [Poll #374] Previous ingestion still running, skipping
2026-02-14 15:57:54.948 - 🔄 📥 [Poll #375] Starting live arbs fetch...
2026-02-14 15:57:54.949 - ⚠️ 🔄 [Poll #375] Previous ingestion still running, skipping
2026-02-14 15:57:56.987 - 🔄 📥 [Poll #376] Starting live arbs fetch...
2026-02-14 15:57:56.987 - ⚠️ 🔄 [Poll #376] Previous ingestion still running, skipping
2026-02-14 15:57:58.834 - 🔄 📥 [Poll #377] Starting live arbs fetch...
2026-02-14 15:57:58.834 - ⚠️ 🔄 [Poll #377] Previous ingestion still running, skipping
2026-02-14 15:58:00.833 - 🔄 📥 [Poll #378] Starting live arbs fetch...
2026-02-14 15:58:00.833 - ⚠️ 🔄 [Poll #378] Previous ingestion still running, skipping
2026-02-14 15:58:02.841 - 🔄 📥 [Poll #379] Starting live arbs fetch...
2026-02-14 15:58:02.842 - ⚠️ 🔄 [Poll #379] Previous ingestion still running, skipping
2026-02-14 15:58:04.833 - 🔄 📥 [Poll #380] Starting live arbs fetch...
2026-02-14 15:58:04.833 - ⚠️ 🔄 [Poll #380] Previous ingestion still running, skipping
2026-02-14 15:58:06.833 - 🔄 📥 [Poll #381] Starting live arbs fetch...
2026-02-14 15:58:06.833 - ⚠️ 🔄 [Poll #381] Previous ingestion still running, skipping
2026-02-14 15:58:08.833 - 🔄 📥 [Poll #382] Starting live arbs fetch...
2026-02-14 15:58:08.833 - ⚠️ 🔄 [Poll #382] Previous ingestion still running, skipping
2026-02-14 15:58:11.320 - 🔄 📥 [Poll #383] Starting live arbs fetch...
2026-02-14 15:58:11.320 - ⚠️ 🔄 [Poll #383] Previous ingestion still running, skipping
2026-02-14 15:58:12.940 - 🔄 📥 [Poll #384] Starting live arbs fetch...
2026-02-14 15:58:12.941 - ⚠️ 🔄 [Poll #384] Previous ingestion still running, skipping
2026-02-14 15:58:14.887 - 🔄 📥 [Poll #385] Starting live arbs fetch...
2026-02-14 15:58:14.888 - ⚠️ 🔄 [Poll #385] Previous ingestion still running, skipping
2026-02-14 15:58:17.121 - 🔄 📥 [Poll #386] Starting live arbs fetch...
2026-02-14 15:58:17.121 - ⚠️ 🔄 [Poll #386] Previous ingestion still running, skipping
2026-02-14 15:58:18.835 - 🔄 📥 [Poll #387] Starting live arbs fetch...
2026-02-14 15:58:18.836 - ⚠️ 🔄 [Poll #387] Previous ingestion still running, skipping
2026-02-14 15:58:20.938 - 🔄 📥 [Poll #388] Starting live arbs fetch...
2026-02-14 15:58:20.939 - ⚠️ 🔄 [Poll #388] Previous ingestion still running, skipping
2026-02-14 15:58:22.834 - 🔄 📥 [Poll #389] Starting live arbs fetch...
2026-02-14 15:58:22.834 - ⚠️ 🔄 [Poll #389] Previous ingestion still running, skipping
2026-02-14 15:58:24.834 - 🔄 📥 [Poll #390] Starting live arbs fetch...
2026-02-14 15:58:24.834 - ⚠️ 🔄 [Poll #390] Previous ingestion still running, skipping
2026-02-14 15:58:26.834 - 🔄 📥 [Poll #391] Starting live arbs fetch...
2026-02-14 15:58:26.834 - ⚠️ 🔄 [Poll #391] Previous ingestion still running, skipping
2026-02-14 15:58:29.045 - 🔄 📥 [Poll #392] Starting live arbs fetch...
2026-02-14 15:58:29.045 - ⚠️ 🔄 [Poll #392] Previous ingestion still running, skipping
2026-02-14 15:58:30.942 - 🔄 📥 [Poll #393] Starting live arbs fetch...
2026-02-14 15:58:30.942 - ⚠️ 🔄 [Poll #393] Previous ingestion still running, skipping
2026-02-14 15:58:32.834 - 🔄 📥 [Poll #394] Starting live arbs fetch...
2026-02-14 15:58:32.835 - ⚠️ 🔄 [Poll #394] Previous ingestion still running, skipping
2026-02-14 15:58:34.833 - 🔄 📥 [Poll #395] Starting live arbs fetch...
2026-02-14 15:58:34.833 - ⚠️ 🔄 [Poll #395] Previous ingestion still running, skipping
2026-02-14 15:58:36.878 - 🔄 📥 [Poll #396] Starting live arbs fetch...
2026-02-14 15:58:36.879 - ⚠️ 🔄 [Poll #396] Previous ingestion still running, skipping
2026-02-14 15:58:38.835 - 🔄 📥 [Poll #397] Starting live arbs fetch...
2026-02-14 15:58:38.836 - ⚠️ 🔄 [Poll #397] Previous ingestion still running, skipping
2026-02-14 15:58:40.837 - 🔄 📥 [Poll #398] Starting live arbs fetch...
2026-02-14 15:58:40.837 - ⚠️ 🔄 [Poll #398] Previous ingestion still running, skipping
2026-02-14 15:58:42.907 - 🔄 📥 [Poll #399] Starting live arbs fetch...
2026-02-14 15:58:42.908 - ⚠️ 🔄 [Poll #399] Previous ingestion still running, skipping
2026-02-14 15:58:44.874 - 🔄 📥 [Poll #400] Starting live arbs fetch...
2026-02-14 15:58:44.874 - ⚠️ 🔄 [Poll #400] Previous ingestion still running, skipping
2026-02-14 15:58:46.968 - 🔄 📥 [Poll #401] Starting live arbs fetch...
2026-02-14 15:58:46.969 - ⚠️ 🔄 [Poll #401] Previous ingestion still running, skipping
2026-02-14 15:58:48.896 - 🔄 📥 [Poll #402] Starting live arbs fetch...
2026-02-14 15:58:48.899 - ⚠️ 🔄 [Poll #402] Previous ingestion still running, skipping
2026-02-14 15:58:52.232 - 🔄 📥 [Poll #403] Starting live arbs fetch...
2026-02-14 15:58:52.233 - ⚠️ 🔄 [Poll #403] Previous ingestion still running, skipping
2026-02-14 15:58:52.835 - 🔄 📥 [Poll #404] Starting live arbs fetch...
2026-02-14 15:58:52.836 - ⚠️ 🔄 [Poll #404] Previous ingestion still running, skipping
2026-02-14 15:58:56.420 - 🔄 📥 [Poll #405] Starting live arbs fetch...
2026-02-14 15:58:56.421 - ⚠️ 🔄 [Poll #405] Previous ingestion still running, skipping
2026-02-14 15:58:57.793 - 🔄 📥 [Poll #406] Starting live arbs fetch...
2026-02-14 15:58:57.793 - ⚠️ 🔄 [Poll #406] Previous ingestion still running, skipping
2026-02-14 15:58:59.182 - 🔄 📥 [Poll #407] Starting live arbs fetch...
2026-02-14 15:58:59.183 - ⚠️ 🔄 [Poll #407] Previous ingestion still running, skipping
2026-02-14 15:59:00.868 - 🔄 📥 [Poll #408] Starting live arbs fetch...
2026-02-14 15:59:00.868 - ⚠️ 🔄 [Poll #408] Previous ingestion still running, skipping
2026-02-14 15:59:02.833 - 🔄 📥 [Poll #409] Starting live arbs fetch...
2026-02-14 15:59:02.834 - ⚠️ 🔄 [Poll #409] Previous ingestion still running, skipping
2026-02-14 15:59:04.930 - 🔄 📥 [Poll #410] Starting live arbs fetch...
2026-02-14 15:59:04.931 - ⚠️ 🔄 [Poll #410] Previous ingestion still running, skipping
2026-02-14 15:59:08.273 - 🔄 📥 [Poll #411] Starting live arbs fetch...
2026-02-14 15:59:08.273 - ⚠️ 🔄 [Poll #411] Previous ingestion still running, skipping
2026-02-14 15:59:09.043 - 🔄 📥 [Poll #412] Starting live arbs fetch...
2026-02-14 15:59:09.044 - ⚠️ 🔄 [Poll #412] Previous ingestion still running, skipping
2026-02-14 15:59:10.854 - 🔄 📥 [Poll #413] Starting live arbs fetch...
2026-02-14 15:59:10.855 - ⚠️ 🔄 [Poll #413] Previous ingestion still running, skipping
2026-02-14 15:59:13.708 - 🔄 📥 [Poll #414] Starting live arbs fetch...
2026-02-14 15:59:13.708 - ⚠️ 🔄 [Poll #414] Previous ingestion still running, skipping
2026-02-14 15:59:16.899 - 🔄 📥 [Poll #415] Starting live arbs fetch...
2026-02-14 15:59:16.899 - ⚠️ 🔄 [Poll #415] Previous ingestion still running, skipping
2026-02-14 15:59:16.899 - 🔄 📥 [Poll #416] Starting live arbs fetch...
2026-02-14 15:59:16.899 - ⚠️ 🔄 [Poll #416] Previous ingestion still running, skipping
2026-02-14 15:59:20.210 - 🔄 📥 [Poll #417] Starting live arbs fetch...
2026-02-14 15:59:20.211 - ⚠️ 🔄 [Poll #417] Previous ingestion still running, skipping
2026-02-14 15:59:22.787 - 🔄 📥 [Poll #418] Starting live arbs fetch...
2026-02-14 15:59:22.792 - ⚠️ 🔄 [Poll #418] Previous ingestion still running, skipping
2026-02-14 15:59:23.213 - 🔄 📥 [Poll #419] Starting live arbs fetch...
2026-02-14 15:59:23.213 - ⚠️ 🔄 [Poll #419] Previous ingestion still running, skipping
2026-02-14 15:59:25.692 - 🔄 📥 [Poll #420] Starting live arbs fetch...
2026-02-14 15:59:25.692 - ⚠️ 🔄 [Poll #420] Previous ingestion still running, skipping
2026-02-14 15:59:26.933 - 🔄 📥 [Poll #421] Starting live arbs fetch...
2026-02-14 15:59:26.934 - ⚠️ 🔄 [Poll #421] Previous ingestion still running, skipping
2026-02-14 15:59:28.841 - 🔄 📥 [Poll #422] Starting live arbs fetch...
2026-02-14 15:59:28.842 - ⚠️ 🔄 [Poll #422] Previous ingestion still running, skipping
2026-02-14 15:59:30.844 - 🔄 📥 [Poll #423] Starting live arbs fetch...
2026-02-14 15:59:30.844 - ⚠️ 🔄 [Poll #423] Previous ingestion still running, skipping
2026-02-14 15:59:32.846 - 🔄 📥 [Poll #424] Starting live arbs fetch...
2026-02-14 15:59:32.847 - ⚠️ 🔄 [Poll #424] Previous ingestion still running, skipping
2026-02-14 15:59:34.833 - 🔄 📥 [Poll #425] Starting live arbs fetch...
2026-02-14 15:59:34.833 - ⚠️ 🔄 [Poll #425] Previous ingestion still running, skipping
2026-02-14 15:59:36.841 - 🔄 📥 [Poll #426] Starting live arbs fetch...
2026-02-14 15:59:36.841 - ⚠️ 🔄 [Poll #426] Previous ingestion still running, skipping
2026-02-14 15:59:38.842 - 🔄 📥 [Poll #427] Starting live arbs fetch...
2026-02-14 15:59:38.845 - ⚠️ 🔄 [Poll #427] Previous ingestion still running, skipping
2026-02-14 15:59:40.983 - 🔄 📥 [Poll #428] Starting live arbs fetch...
2026-02-14 15:59:40.983 - ⚠️ 🔄 [Poll #428] Previous ingestion still running, skipping
2026-02-14 15:59:42.999 - 🔄 📥 [Poll #429] Starting live arbs fetch...
2026-02-14 15:59:42.999 - ⚠️ 🔄 [Poll #429] Previous ingestion still running, skipping
2026-02-14 15:59:44.843 - 🔄 📥 [Poll #430] Starting live arbs fetch...
2026-02-14 15:59:44.843 - ⚠️ 🔄 [Poll #430] Previous ingestion still running, skipping
2026-02-14 15:59:46.841 - 🔄 📥 [Poll #431] Starting live arbs fetch...
2026-02-14 15:59:46.841 - ⚠️ 🔄 [Poll #431] Previous ingestion still running, skipping
2026-02-14 15:59:48.902 - 🔄 📥 [Poll #432] Starting live arbs fetch...
2026-02-14 15:59:48.902 - ⚠️ 🔄 [Poll #432] Previous ingestion still running, skipping
2026-02-14 15:59:50.856 - 🔄 📥 [Poll #433] Starting live arbs fetch...
2026-02-14 15:59:50.858 - ⚠️ 🔄 [Poll #433] Previous ingestion still running, skipping
2026-02-14 15:59:52.835 - 🔄 📥 [Poll #434] Starting live arbs fetch...
2026-02-14 15:59:52.836 - ⚠️ 🔄 [Poll #434] Previous ingestion still running, skipping
2026-02-14 15:59:54.847 - 🔄 📥 [Poll #435] Starting live arbs fetch...
2026-02-14 15:59:54.847 - ⚠️ 🔄 [Poll #435] Previous ingestion still running, skipping
2026-02-14 15:59:56.834 - 🔄 📥 [Poll #436] Starting live arbs fetch...
2026-02-14 15:59:56.834 - ⚠️ 🔄 [Poll #436] Previous ingestion still running, skipping
2026-02-14 15:59:58.840 - 🔄 📥 [Poll #437] Starting live arbs fetch...
2026-02-14 15:59:58.842 - ⚠️ 🔄 [Poll #437] Previous ingestion still running, skipping
2026-02-14 16:00:00.937 - 🔄 📥 [Poll #438] Starting live arbs fetch...
2026-02-14 16:00:00.938 - ⚠️ 🔄 [Poll #438] Previous ingestion still running, skipping
2026-02-14 16:00:02.834 - 🔄 📥 [Poll #439] Starting live arbs fetch...
2026-02-14 16:00:02.834 - ⚠️ 🔄 [Poll #439] Previous ingestion still running, skipping
2026-02-14 16:00:04.839 - 🔄 📥 [Poll #440] Starting live arbs fetch...
2026-02-14 16:00:04.840 - ⚠️ 🔄 [Poll #440] Previous ingestion still running, skipping
2026-02-14 16:00:06.833 - 🔄 📥 [Poll #441] Starting live arbs fetch...
2026-02-14 16:00:06.833 - ⚠️ 🔄 [Poll #441] Previous ingestion still running, skipping
2026-02-14 16:00:08.833 - 🔄 📥 [Poll #442] Starting live arbs fetch...
2026-02-14 16:00:08.833 - ⚠️ 🔄 [Poll #442] Previous ingestion still running, skipping
2026-02-14 16:00:10.845 - 🔄 📥 [Poll #443] Starting live arbs fetch...
2026-02-14 16:00:10.845 - ⚠️ 🔄 [Poll #443] Previous ingestion still running, skipping
2026-02-14 16:00:13.083 - 🔄 📥 [Poll #444] Starting live arbs fetch...
2026-02-14 16:00:13.083 - ⚠️ 🔄 [Poll #444] Previous ingestion still running, skipping
2026-02-14 16:00:15.131 - 🔄 📥 [Poll #445] Starting live arbs fetch...
2026-02-14 16:00:15.132 - ⚠️ 🔄 [Poll #445] Previous ingestion still running, skipping
2026-02-14 16:00:17.165 - 🔄 📥 [Poll #446] Starting live arbs fetch...
2026-02-14 16:00:17.166 - ⚠️ 🔄 [Poll #446] Previous ingestion still running, skipping
2026-02-14 16:00:19.041 - 🔄 📥 [Poll #447] Starting live arbs fetch...
2026-02-14 16:00:19.041 - ⚠️ 🔄 [Poll #447] Previous ingestion still running, skipping
2026-02-14 16:00:20.845 - 🔄 📥 [Poll #448] Starting live arbs fetch...
2026-02-14 16:00:20.846 - ⚠️ 🔄 [Poll #448] Previous ingestion still running, skipping
2026-02-14 16:00:22.842 - 🔄 📥 [Poll #449] Starting live arbs fetch...
2026-02-14 16:00:22.842 - ⚠️ 🔄 [Poll #449] Previous ingestion still running, skipping
2026-02-14 16:00:24.837 - 🔄 📥 [Poll #450] Starting live arbs fetch...
2026-02-14 16:00:24.837 - ⚠️ 🔄 [Poll #450] Previous ingestion still running, skipping
2026-02-14 16:00:26.852 - 🔄 📥 [Poll #451] Starting live arbs fetch...
2026-02-14 16:00:26.852 - ⚠️ 🔄 [Poll #451] Previous ingestion still running, skipping
2026-02-14 16:00:28.833 - 🔄 📥 [Poll #452] Starting live arbs fetch...
2026-02-14 16:00:28.833 - ⚠️ 🔄 [Poll #452] Previous ingestion still running, skipping
2026-02-14 16:00:30.834 - 🔄 📥 [Poll #453] Starting live arbs fetch...
2026-02-14 16:00:30.834 - ⚠️ 🔄 [Poll #453] Previous ingestion still running, skipping
2026-02-14 16:00:32.844 - 🔄 📥 [Poll #454] Starting live arbs fetch...
2026-02-14 16:00:32.844 - ⚠️ 🔄 [Poll #454] Previous ingestion still running, skipping
2026-02-14 16:00:34.841 - 🔄 📥 [Poll #455] Starting live arbs fetch...
2026-02-14 16:00:34.841 - ⚠️ 🔄 [Poll #455] Previous ingestion still running, skipping
2026-02-14 16:00:36.839 - 🔄 📥 [Poll #456] Starting live arbs fetch...
2026-02-14 16:00:36.839 - ⚠️ 🔄 [Poll #456] Previous ingestion still running, skipping
2026-02-14 16:00:38.833 - 🔄 📥 [Poll #457] Starting live arbs fetch...
2026-02-14 16:00:38.833 - ⚠️ 🔄 [Poll #457] Previous ingestion still running, skipping
2026-02-14 16:00:40.835 - 🔄 📥 [Poll #458] Starting live arbs fetch...
2026-02-14 16:00:40.835 - ⚠️ 🔄 [Poll #458] Previous ingestion still running, skipping
2026-02-14 16:00:42.976 - 🔄 📥 [Poll #459] Starting live arbs fetch...
2026-02-14 16:00:42.977 - ⚠️ 🔄 [Poll #459] Previous ingestion still running, skipping
2026-02-14 16:00:44.834 - 🔄 📥 [Poll #460] Starting live arbs fetch...
2026-02-14 16:00:44.834 - ⚠️ 🔄 [Poll #460] Previous ingestion still running, skipping
2026-02-14 16:00:46.838 - 🔄 📥 [Poll #461] Starting live arbs fetch...
2026-02-14 16:00:46.838 - ⚠️ 🔄 [Poll #461] Previous ingestion still running, skipping
2026-02-14 16:00:48.837 - 🔄 📥 [Poll #462] Starting live arbs fetch...
2026-02-14 16:00:48.838 - ⚠️ 🔄 [Poll #462] Previous ingestion still running, skipping
2026-02-14 16:00:50.841 - 🔄 📥 [Poll #463] Starting live arbs fetch...
2026-02-14 16:00:50.841 - ⚠️ 🔄 [Poll #463] Previous ingestion still running, skipping
2026-02-14 16:00:52.841 - 🔄 📥 [Poll #464] Starting live arbs fetch...
2026-02-14 16:00:52.843 - ⚠️ 🔄 [Poll #464] Previous ingestion still running, skipping
2026-02-14 16:00:54.836 - 🔄 📥 [Poll #465] Starting live arbs fetch...
2026-02-14 16:00:54.836 - ⚠️ 🔄 [Poll #465] Previous ingestion still running, skipping
2026-02-14 16:00:56.867 - 🔄 📥 [Poll #466] Starting live arbs fetch...
2026-02-14 16:00:56.868 - ⚠️ 🔄 [Poll #466] Previous ingestion still running, skipping
2026-02-14 16:00:58.855 - 🔄 📥 [Poll #467] Starting live arbs fetch...
2026-02-14 16:00:58.855 - ⚠️ 🔄 [Poll #467] Previous ingestion still running, skipping
2026-02-14 16:01:00.835 - 🔄 📥 [Poll #468] Starting live arbs fetch...
2026-02-14 16:01:00.835 - ⚠️ 🔄 [Poll #468] Previous ingestion still running, skipping
2026-02-14 16:01:02.960 - 🔄 📥 [Poll #469] Starting live arbs fetch...
2026-02-14 16:01:02.960 - ⚠️ 🔄 [Poll #469] Previous ingestion still running, skipping
2026-02-14 16:01:04.833 - 🔄 📥 [Poll #470] Starting live arbs fetch...
2026-02-14 16:01:04.834 - ⚠️ 🔄 [Poll #470] Previous ingestion still running, skipping
2026-02-14 16:01:06.833 - 🔄 📥 [Poll #471] Starting live arbs fetch...
2026-02-14 16:01:06.834 - ⚠️ 🔄 [Poll #471] Previous ingestion still running, skipping
2026-02-14 16:01:08.857 - 🔄 📥 [Poll #472] Starting live arbs fetch...
2026-02-14 16:01:08.858 - ⚠️ 🔄 [Poll #472] Previous ingestion still running, skipping
2026-02-14 16:01:10.849 - 🔄 📥 [Poll #473] Starting live arbs fetch...
2026-02-14 16:01:10.850 - ⚠️ 🔄 [Poll #473] Previous ingestion still running, skipping
2026-02-14 16:01:12.862 - 🔄 📥 [Poll #474] Starting live arbs fetch...
2026-02-14 16:01:12.863 - ⚠️ 🔄 [Poll #474] Previous ingestion still running, skipping
2026-02-14 16:01:15.106 - 🔄 📥 [Poll #475] Starting live arbs fetch...
2026-02-14 16:01:15.107 - ⚠️ 🔄 [Poll #475] Previous ingestion still running, skipping
2026-02-14 16:01:17.912 - 🔄 📥 [Poll #476] Starting live arbs fetch...
2026-02-14 16:01:17.912 - ⚠️ 🔄 [Poll #476] Previous ingestion still running, skipping
2026-02-14 16:01:19.539 - 🔄 📥 [Poll #477] Starting live arbs fetch...
2026-02-14 16:01:19.539 - ⚠️ 🔄 [Poll #477] Previous ingestion still running, skipping
2026-02-14 16:01:21.097 - 🔄 📥 [Poll #478] Starting live arbs fetch...
2026-02-14 16:01:21.098 - ⚠️ 🔄 [Poll #478] Previous ingestion still running, skipping
2026-02-14 16:01:22.842 - 🔄 📥 [Poll #479] Starting live arbs fetch...
2026-02-14 16:01:22.843 - ⚠️ 🔄 [Poll #479] Previous ingestion still running, skipping
2026-02-14 16:01:24.833 - 🔄 📥 [Poll #480] Starting live arbs fetch...
2026-02-14 16:01:24.834 - ⚠️ 🔄 [Poll #480] Previous ingestion still running, skipping
2026-02-14 16:01:27.790 - 🔄 📥 [Poll #481] Starting live arbs fetch...
2026-02-14 16:01:27.791 - ⚠️ 🔄 [Poll #481] Previous ingestion still running, skipping
2026-02-14 16:01:28.888 - 🔄 📥 [Poll #482] Starting live arbs fetch...
2026-02-14 16:01:28.888 - ⚠️ 🔄 [Poll #482] Previous ingestion still running, skipping
2026-02-14 16:01:30.842 - 🔄 📥 [Poll #483] Starting live arbs fetch...
2026-02-14 16:01:30.842 - ⚠️ 🔄 [Poll #483] Previous ingestion still running, skipping
2026-02-14 16:01:32.843 - 🔄 📥 [Poll #484] Starting live arbs fetch...
2026-02-14 16:01:32.843 - ⚠️ 🔄 [Poll #484] Previous ingestion still running, skipping
2026-02-14 16:01:34.881 - 🔄 📥 [Poll #485] Starting live arbs fetch...
2026-02-14 16:01:34.881 - ⚠️ 🔄 [Poll #485] Previous ingestion still running, skipping
2026-02-14 16:01:36.845 - 🔄 📥 [Poll #486] Starting live arbs fetch...
2026-02-14 16:01:36.846 - ⚠️ 🔄 [Poll #486] Previous ingestion still running, skipping
2026-02-14 16:01:38.843 - 🔄 📥 [Poll #487] Starting live arbs fetch...
2026-02-14 16:01:38.843 - ⚠️ 🔄 [Poll #487] Previous ingestion still running, skipping
2026-02-14 16:01:40.833 - 🔄 📥 [Poll #488] Starting live arbs fetch...
2026-02-14 16:01:40.833 - ⚠️ 🔄 [Poll #488] Previous ingestion still running, skipping
2026-02-14 16:01:42.836 - 🔄 📥 [Poll #489] Starting live arbs fetch...
2026-02-14 16:01:42.837 - ⚠️ 🔄 [Poll #489] Previous ingestion still running, skipping
2026-02-14 16:01:44.834 - 🔄 📥 [Poll #490] Starting live arbs fetch...
2026-02-14 16:01:44.834 - ⚠️ 🔄 [Poll #490] Previous ingestion still running, skipping
2026-02-14 16:01:47.013 - 🔄 📥 [Poll #491] Starting live arbs fetch...
2026-02-14 16:01:47.013 - ⚠️ 🔄 [Poll #491] Previous ingestion still running, skipping
2026-02-14 16:01:48.993 - 🔄 📥 [Poll #492] Starting live arbs fetch...
2026-02-14 16:01:48.993 - ⚠️ 🔄 [Poll #492] Previous ingestion still running, skipping
2026-02-14 16:01:50.835 - 🔄 📥 [Poll #493] Starting live arbs fetch...
2026-02-14 16:01:50.835 - ⚠️ 🔄 [Poll #493] Previous ingestion still running, skipping
2026-02-14 16:01:52.834 - 🔄 📥 [Poll #494] Starting live arbs fetch...
2026-02-14 16:01:52.834 - ⚠️ 🔄 [Poll #494] Previous ingestion still running, skipping
2026-02-14 16:01:54.841 - 🔄 📥 [Poll #495] Starting live arbs fetch...
2026-02-14 16:01:54.841 - ⚠️ 🔄 [Poll #495] Previous ingestion still running, skipping
2026-02-14 16:01:56.852 - 🔄 📥 [Poll #496] Starting live arbs fetch...
2026-02-14 16:01:56.852 - ⚠️ 🔄 [Poll #496] Previous ingestion still running, skipping
2026-02-14 16:01:58.837 - 🔄 📥 [Poll #497] Starting live arbs fetch...
2026-02-14 16:01:58.838 - ⚠️ 🔄 [Poll #497] Previous ingestion still running, skipping
2026-02-14 16:02:00.840 - 🔄 📥 [Poll #498] Starting live arbs fetch...
2026-02-14 16:02:00.840 - ⚠️ 🔄 [Poll #498] Previous ingestion still running, skipping
2026-02-14 16:02:02.833 - 🔄 📥 [Poll #499] Starting live arbs fetch...
2026-02-14 16:02:02.833 - ⚠️ 🔄 [Poll #499] Previous ingestion still running, skipping
2026-02-14 16:02:04.843 - 🔄 📥 [Poll #500] Starting live arbs fetch...
2026-02-14 16:02:04.844 - ⚠️ 🔄 [Poll #500] Previous ingestion still running, skipping
2026-02-14 16:02:06.833 - 🔄 📥 [Poll #501] Starting live arbs fetch...
2026-02-14 16:02:06.833 - ⚠️ 🔄 [Poll #501] Previous ingestion still running, skipping
2026-02-14 16:02:08.848 - 🔄 📥 [Poll #502] Starting live arbs fetch...
2026-02-14 16:02:08.849 - ⚠️ 🔄 [Poll #502] Previous ingestion still running, skipping
2026-02-14 16:02:10.836 - 🔄 📥 [Poll #503] Starting live arbs fetch...
2026-02-14 16:02:10.836 - ⚠️ 🔄 [Poll #503] Previous ingestion still running, skipping
2026-02-14 16:02:12.833 - 🔄 📥 [Poll #504] Starting live arbs fetch...
2026-02-14 16:02:12.833 - ⚠️ 🔄 [Poll #504] Previous ingestion still running, skipping
2026-02-14 16:02:14.953 - 🔄 📥 [Poll #505] Starting live arbs fetch...
2026-02-14 16:02:14.953 - ⚠️ 🔄 [Poll #505] Previous ingestion still running, skipping
2026-02-14 16:02:16.842 - 🔄 📥 [Poll #506] Starting live arbs fetch...
2026-02-14 16:02:16.843 - ⚠️ 🔄 [Poll #506] Previous ingestion still running, skipping
2026-02-14 16:02:18.835 - 🔄 📥 [Poll #507] Starting live arbs fetch...
2026-02-14 16:02:18.835 - ⚠️ 🔄 [Poll #507] Previous ingestion still running, skipping
2026-02-14 16:02:20.837 - 🔄 📥 [Poll #508] Starting live arbs fetch...
2026-02-14 16:02:20.837 - ⚠️ 🔄 [Poll #508] Previous ingestion still running, skipping
2026-02-14 16:02:22.859 - 🔄 📥 [Poll #509] Starting live arbs fetch...
2026-02-14 16:02:22.860 - ⚠️ 🔄 [Poll #509] Previous ingestion still running, skipping
2026-02-14 16:02:24.839 - 🔄 📥 [Poll #510] Starting live arbs fetch...
2026-02-14 16:02:24.840 - ⚠️ 🔄 [Poll #510] Previous ingestion still running, skipping
2026-02-14 16:02:26.867 - 🔄 📥 [Poll #511] Starting live arbs fetch...
2026-02-14 16:02:26.868 - ⚠️ 🔄 [Poll #511] Previous ingestion still running, skipping
2026-02-14 16:02:28.976 - 🔄 📥 [Poll #512] Starting live arbs fetch...
2026-02-14 16:02:28.977 - ⚠️ 🔄 [Poll #512] Previous ingestion still running, skipping
2026-02-14 16:02:30.845 - 🔄 📥 [Poll #513] Starting live arbs fetch...
2026-02-14 16:02:30.845 - ⚠️ 🔄 [Poll #513] Previous ingestion still running, skipping
2026-02-14 16:02:32.836 - 🔄 📥 [Poll #514] Starting live arbs fetch...
2026-02-14 16:02:32.836 - ⚠️ 🔄 [Poll #514] Previous ingestion still running, skipping
2026-02-14 16:02:34.913 - 🔄 📥 [Poll #515] Starting live arbs fetch...
2026-02-14 16:02:34.914 - ⚠️ 🔄 [Poll #515] Previous ingestion still running, skipping
2026-02-14 16:02:36.976 - 🔄 📥 [Poll #516] Starting live arbs fetch...
2026-02-14 16:02:37.248 - ⚠️ 🔄 [Poll #516] Previous ingestion still running, skipping
2026-02-14 16:02:38.907 - 🔄 📥 [Poll #517] Starting live arbs fetch...
2026-02-14 16:02:38.907 - ⚠️ 🔄 [Poll #517] Previous ingestion still running, skipping
2026-02-14 16:02:40.846 - 🔄 📥 [Poll #518] Starting live arbs fetch...
2026-02-14 16:02:40.847 - ⚠️ 🔄 [Poll #518] Previous ingestion still running, skipping
2026-02-14 16:02:42.843 - 🔄 📥 [Poll #519] Starting live arbs fetch...
2026-02-14 16:02:42.843 - ⚠️ 🔄 [Poll #519] Previous ingestion still running, skipping
2026-02-14 16:02:44.845 - 🔄 📥 [Poll #520] Starting live arbs fetch...
2026-02-14 16:02:44.845 - ⚠️ 🔄 [Poll #520] Previous ingestion still running, skipping
2026-02-14 16:02:46.922 - 🔄 📥 [Poll #521] Starting live arbs fetch...
2026-02-14 16:02:46.923 - ⚠️ 🔄 [Poll #521] Previous ingestion still running, skipping
2026-02-14 16:02:48.865 - 🔄 📥 [Poll #522] Starting live arbs fetch...
2026-02-14 16:02:48.865 - ⚠️ 🔄 [Poll #522] Previous ingestion still running, skipping
2026-02-14 16:02:50.863 - 🔄 📥 [Poll #523] Starting live arbs fetch...
2026-02-14 16:02:50.863 - ⚠️ 🔄 [Poll #523] Previous ingestion still running, skipping
2026-02-14 16:02:52.835 - 🔄 📥 [Poll #524] Starting live arbs fetch...
2026-02-14 16:02:52.835 - ⚠️ 🔄 [Poll #524] Previous ingestion still running, skipping
2026-02-14 16:02:54.834 - 🔄 📥 [Poll #525] Starting live arbs fetch...
2026-02-14 16:02:54.834 - ⚠️ 🔄 [Poll #525] Previous ingestion still running, skipping
2026-02-14 16:02:56.834 - 🔄 📥 [Poll #526] Starting live arbs fetch...
2026-02-14 16:02:56.834 - ⚠️ 🔄 [Poll #526] Previous ingestion still running, skipping
2026-02-14 16:02:59.045 - 🔄 📥 [Poll #527] Starting live arbs fetch...
2026-02-14 16:02:59.045 - ⚠️ 🔄 [Poll #527] Previous ingestion still running, skipping
2026-02-14 16:03:00.849 - 🔄 📥 [Poll #528] Starting live arbs fetch...
2026-02-14 16:03:00.849 - ⚠️ 🔄 [Poll #528] Previous ingestion still running, skipping
2026-02-14 16:03:02.834 - 🔄 📥 [Poll #529] Starting live arbs fetch...
2026-02-14 16:03:02.834 - ⚠️ 🔄 [Poll #529] Previous ingestion still running, skipping
2026-02-14 16:03:04.996 - 🔄 📥 [Poll #530] Starting live arbs fetch...
2026-02-14 16:03:04.997 - ⚠️ 🔄 [Poll #530] Previous ingestion still running, skipping
2026-02-14 16:03:07.007 - 🔄 📥 [Poll #531] Starting live arbs fetch...
2026-02-14 16:03:07.007 - ⚠️ 🔄 [Poll #531] Previous ingestion still running, skipping
2026-02-14 16:03:08.903 - 🔄 📥 [Poll #532] Starting live arbs fetch...
2026-02-14 16:03:08.904 - ⚠️ 🔄 [Poll #532] Previous ingestion still running, skipping
2026-02-14 16:03:10.834 - 🔄 📥 [Poll #533] Starting live arbs fetch...
2026-02-14 16:03:10.834 - ⚠️ 🔄 [Poll #533] Previous ingestion still running, skipping
2026-02-14 16:03:12.842 - 🔄 📥 [Poll #534] Starting live arbs fetch...
2026-02-14 16:03:12.842 - ⚠️ 🔄 [Poll #534] Previous ingestion still running, skipping
2026-02-14 16:03:15.066 - 🔄 📥 [Poll #535] Starting live arbs fetch...
2026-02-14 16:03:15.067 - ⚠️ 🔄 [Poll #535] Previous ingestion still running, skipping
2026-02-14 16:03:16.833 - 🔄 📥 [Poll #536] Starting live arbs fetch...
2026-02-14 16:03:16.834 - ⚠️ 🔄 [Poll #536] Previous ingestion still running, skipping
2026-02-14 16:03:18.834 - 🔄 📥 [Poll #537] Starting live arbs fetch...
2026-02-14 16:03:18.834 - ⚠️ 🔄 [Poll #537] Previous ingestion still running, skipping
2026-02-14 16:03:20.840 - 🔄 📥 [Poll #538] Starting live arbs fetch...
2026-02-14 16:03:20.841 - ⚠️ 🔄 [Poll #538] Previous ingestion still running, skipping
2026-02-14 16:03:22.845 - 🔄 📥 [Poll #539] Starting live arbs fetch...
2026-02-14 16:03:22.847 - ⚠️ 🔄 [Poll #539] Previous ingestion still running, skipping
2026-02-14 16:03:24.904 - 🔄 📥 [Poll #540] Starting live arbs fetch...
2026-02-14 16:03:24.905 - ⚠️ 🔄 [Poll #540] Previous ingestion still running, skipping
2026-02-14 16:03:26.836 - 🔄 📥 [Poll #541] Starting live arbs fetch...
2026-02-14 16:03:26.836 - ⚠️ 🔄 [Poll #541] Previous ingestion still running, skipping
2026-02-14 16:03:29.001 - 🔄 📥 [Poll #542] Starting live arbs fetch...
2026-02-14 16:03:29.001 - ⚠️ 🔄 [Poll #542] Previous ingestion still running, skipping
2026-02-14 16:03:30.834 - 🔄 📥 [Poll #543] Starting live arbs fetch...
2026-02-14 16:03:30.834 - ⚠️ 🔄 [Poll #543] Previous ingestion still running, skipping
2026-02-14 16:03:32.836 - 🔄 📥 [Poll #544] Starting live arbs fetch...
2026-02-14 16:03:32.838 - ⚠️ 🔄 [Poll #544] Previous ingestion still running, skipping
2026-02-14 16:03:34.924 - 🔄 📥 [Poll #545] Starting live arbs fetch...
2026-02-14 16:03:34.925 - ⚠️ 🔄 [Poll #545] Previous ingestion still running, skipping
2026-02-14 16:03:36.836 - 🔄 📥 [Poll #546] Starting live arbs fetch...
2026-02-14 16:03:36.837 - ⚠️ 🔄 [Poll #546] Previous ingestion still running, skipping
2026-02-14 16:03:38.833 - 🔄 📥 [Poll #547] Starting live arbs fetch...
2026-02-14 16:03:38.833 - ⚠️ 🔄 [Poll #547] Previous ingestion still running, skipping
2026-02-14 16:03:40.873 - 🔄 📥 [Poll #548] Starting live arbs fetch...
2026-02-14 16:03:40.873 - ⚠️ 🔄 [Poll #548] Previous ingestion still running, skipping
2026-02-14 16:03:42.856 - 🔄 📥 [Poll #549] Starting live arbs fetch...
2026-02-14 16:03:42.856 - ⚠️ 🔄 [Poll #549] Previous ingestion still running, skipping
2026-02-14 16:03:44.933 - 🔄 📥 [Poll #550] Starting live arbs fetch...
2026-02-14 16:03:44.934 - ⚠️ 🔄 [Poll #550] Previous ingestion still running, skipping
2026-02-14 16:03:46.845 - 🔄 📥 [Poll #551] Starting live arbs fetch...
2026-02-14 16:03:46.845 - ⚠️ 🔄 [Poll #551] Previous ingestion still running, skipping
2026-02-14 16:03:48.837 - 🔄 📥 [Poll #552] Starting live arbs fetch...
2026-02-14 16:03:48.837 - ⚠️ 🔄 [Poll #552] Previous ingestion still running, skipping
2026-02-14 16:03:50.846 - 🔄 📥 [Poll #553] Starting live arbs fetch...
2026-02-14 16:03:50.846 - ⚠️ 🔄 [Poll #553] Previous ingestion still running, skipping
2026-02-14 16:03:52.835 - 🔄 📥 [Poll #554] Starting live arbs fetch...
2026-02-14 16:03:52.835 - ⚠️ 🔄 [Poll #554] Previous ingestion still running, skipping
2026-02-14 16:03:54.836 - 🔄 📥 [Poll #555] Starting live arbs fetch...
2026-02-14 16:03:54.836 - ⚠️ 🔄 [Poll #555] Previous ingestion still running, skipping
2026-02-14 16:03:56.836 - 🔄 📥 [Poll #556] Starting live arbs fetch...
2026-02-14 16:03:56.836 - ⚠️ 🔄 [Poll #556] Previous ingestion still running, skipping
2026-02-14 16:03:58.841 - 🔄 📥 [Poll #557] Starting live arbs fetch...
2026-02-14 16:03:58.841 - ⚠️ 🔄 [Poll #557] Previous ingestion still running, skipping
2026-02-14 16:04:00.845 - 🔄 📥 [Poll #558] Starting live arbs fetch...
2026-02-14 16:04:00.846 - ⚠️ 🔄 [Poll #558] Previous ingestion still running, skipping
2026-02-14 16:04:02.845 - 🔄 📥 [Poll #559] Starting live arbs fetch...
2026-02-14 16:04:02.845 - ⚠️ 🔄 [Poll #559] Previous ingestion still running, skipping
2026-02-14 16:04:04.843 - 🔄 📥 [Poll #560] Starting live arbs fetch...
2026-02-14 16:04:04.843 - ⚠️ 🔄 [Poll #560] Previous ingestion still running, skipping
2026-02-14 16:04:06.846 - 🔄 📥 [Poll #561] Starting live arbs fetch...
2026-02-14 16:04:06.846 - ⚠️ 🔄 [Poll #561] Previous ingestion still running, skipping
2026-02-14 16:04:08.835 - 🔄 📥 [Poll #562] Starting live arbs fetch...
2026-02-14 16:04:08.836 - ⚠️ 🔄 [Poll #562] Previous ingestion still running, skipping
2026-02-14 16:04:10.834 - 🔄 📥 [Poll #563] Starting live arbs fetch...
2026-02-14 16:04:10.835 - ⚠️ 🔄 [Poll #563] Previous ingestion still running, skipping
2026-02-14 16:04:12.860 - 🔄 📥 [Poll #564] Starting live arbs fetch...
2026-02-14 16:04:12.860 - ⚠️ 🔄 [Poll #564] Previous ingestion still running, skipping
2026-02-14 16:04:15.110 - 🔄 📥 [Poll #565] Starting live arbs fetch...
2026-02-14 16:04:15.111 - ⚠️ 🔄 [Poll #565] Previous ingestion still running, skipping
2026-02-14 16:04:16.864 - 🔄 📥 [Poll #566] Starting live arbs fetch...
2026-02-14 16:04:16.865 - ⚠️ 🔄 [Poll #566] Previous ingestion still running, skipping
2026-02-14 16:04:18.958 - 🔄 📥 [Poll #567] Starting live arbs fetch...
2026-02-14 16:04:18.959 - ⚠️ 🔄 [Poll #567] Previous ingestion still running, skipping
2026-02-14 16:04:20.842 - 🔄 📥 [Poll #568] Starting live arbs fetch...
2026-02-14 16:04:20.843 - ⚠️ 🔄 [Poll #568] Previous ingestion still running, skipping
2026-02-14 16:04:22.833 - 🔄 📥 [Poll #569] Starting live arbs fetch...
2026-02-14 16:04:22.833 - ⚠️ 🔄 [Poll #569] Previous ingestion still running, skipping
2026-02-14 16:04:24.858 - 🔄 📥 [Poll #570] Starting live arbs fetch...
2026-02-14 16:04:24.858 - ⚠️ 🔄 [Poll #570] Previous ingestion still running, skipping
2026-02-14 16:04:26.834 - 🔄 📥 [Poll #571] Starting live arbs fetch...
2026-02-14 16:04:26.835 - ⚠️ 🔄 [Poll #571] Previous ingestion still running, skipping
2026-02-14 16:04:28.841 - 🔄 📥 [Poll #572] Starting live arbs fetch...
2026-02-14 16:04:28.841 - ⚠️ 🔄 [Poll #572] Previous ingestion still running, skipping
2026-02-14 16:04:30.833 - 🔄 📥 [Poll #573] Starting live arbs fetch...
2026-02-14 16:04:30.836 - ⚠️ 🔄 [Poll #573] Previous ingestion still running, skipping
2026-02-14 16:04:32.834 - 🔄 📥 [Poll #574] Starting live arbs fetch...
2026-02-14 16:04:32.834 - ⚠️ 🔄 [Poll #574] Previous ingestion still running, skipping
2026-02-14 16:04:34.842 - 🔄 📥 [Poll #575] Starting live arbs fetch...
2026-02-14 16:04:34.842 - ⚠️ 🔄 [Poll #575] Previous ingestion still running, skipping
2026-02-14 16:04:37.015 - 🔄 📥 [Poll #576] Starting live arbs fetch...
2026-02-14 16:04:37.018 - ⚠️ 🔄 [Poll #576] Previous ingestion still running, skipping
2026-02-14 16:04:38.847 - 🔄 📥 [Poll #577] Starting live arbs fetch...
2026-02-14 16:04:38.848 - ⚠️ 🔄 [Poll #577] Previous ingestion still running, skipping
2026-02-14 16:04:40.844 - 🔄 📥 [Poll #578] Starting live arbs fetch...
2026-02-14 16:04:40.844 - ⚠️ 🔄 [Poll #578] Previous ingestion still running, skipping
2026-02-14 16:04:42.845 - 🔄 📥 [Poll #579] Starting live arbs fetch...
2026-02-14 16:04:42.845 - ⚠️ 🔄 [Poll #579] Previous ingestion still running, skipping
2026-02-14 16:04:44.960 - 🔄 📥 [Poll #580] Starting live arbs fetch...
2026-02-14 16:04:44.961 - ⚠️ 🔄 [Poll #580] Previous ingestion still running, skipping
2026-02-14 16:04:46.968 - 🔄 📥 [Poll #581] Starting live arbs fetch...
2026-02-14 16:04:46.968 - ⚠️ 🔄 [Poll #581] Previous ingestion still running, skipping
2026-02-14 16:04:48.833 - 🔄 📥 [Poll #582] Starting live arbs fetch...
2026-02-14 16:04:48.834 - ⚠️ 🔄 [Poll #582] Previous ingestion still running, skipping
2026-02-14 16:04:50.845 - 🔄 📥 [Poll #583] Starting live arbs fetch...
2026-02-14 16:04:50.845 - ⚠️ 🔄 [Poll #583] Previous ingestion still running, skipping
2026-02-14 16:04:52.843 - 🔄 📥 [Poll #584] Starting live arbs fetch...
2026-02-14 16:04:52.843 - ⚠️ 🔄 [Poll #584] Previous ingestion still running, skipping
2026-02-14 16:04:54.833 - 🔄 📥 [Poll #585] Starting live arbs fetch...
2026-02-14 16:04:54.833 - ⚠️ 🔄 [Poll #585] Previous ingestion still running, skipping
2026-02-14 16:04:56.833 - 🔄 📥 [Poll #586] Starting live arbs fetch...
2026-02-14 16:04:56.833 - ⚠️ 🔄 [Poll #586] Previous ingestion still running, skipping
2026-02-14 16:04:58.834 - 🔄 📥 [Poll #587] Starting live arbs fetch...
2026-02-14 16:04:58.834 - ⚠️ 🔄 [Poll #587] Previous ingestion still running, skipping
2026-02-14 16:05:00.837 - 🔄 📥 [Poll #588] Starting live arbs fetch...
2026-02-14 16:05:00.837 - ⚠️ 🔄 [Poll #588] Previous ingestion still running, skipping
2026-02-14 16:05:02.841 - 🔄 📥 [Poll #589] Starting live arbs fetch...
2026-02-14 16:05:02.841 - ⚠️ 🔄 [Poll #589] Previous ingestion still running, skipping
2026-02-14 16:05:04.901 - 🔄 📥 [Poll #590] Starting live arbs fetch...
2026-02-14 16:05:04.901 - ⚠️ 🔄 [Poll #590] Previous ingestion still running, skipping
2026-02-14 16:05:06.834 - 🔄 📥 [Poll #591] Starting live arbs fetch...
2026-02-14 16:05:06.834 - ⚠️ 🔄 [Poll #591] Previous ingestion still running, skipping
2026-02-14 16:05:08.834 - 🔄 📥 [Poll #592] Starting live arbs fetch...
2026-02-14 16:05:08.834 - ⚠️ 🔄 [Poll #592] Previous ingestion still running, skipping
2026-02-14 16:05:10.971 - 🔄 📥 [Poll #593] Starting live arbs fetch...
2026-02-14 16:05:10.971 - ⚠️ 🔄 [Poll #593] Previous ingestion still running, skipping
2026-02-14 16:05:12.842 - 🔄 📥 [Poll #594] Starting live arbs fetch...
2026-02-14 16:05:12.843 - ⚠️ 🔄 [Poll #594] Previous ingestion still running, skipping
2026-02-14 16:05:14.834 - 🔄 📥 [Poll #595] Starting live arbs fetch...
2026-02-14 16:05:14.834 - ⚠️ 🔄 [Poll #595] Previous ingestion still running, skipping
2026-02-14 16:05:16.871 - 🔄 📥 [Poll #596] Starting live arbs fetch...
2026-02-14 16:05:16.872 - ⚠️ 🔄 [Poll #596] Previous ingestion still running, skipping
2026-02-14 16:05:18.845 - 🔄 📥 [Poll #597] Starting live arbs fetch...
2026-02-14 16:05:18.845 - ⚠️ 🔄 [Poll #597] Previous ingestion still running, skipping
2026-02-14 16:05:20.833 - 🔄 📥 [Poll #598] Starting live arbs fetch...
2026-02-14 16:05:20.834 - ⚠️ 🔄 [Poll #598] Previous ingestion still running, skipping
2026-02-14 16:05:22.835 - 🔄 📥 [Poll #599] Starting live arbs fetch...
2026-02-14 16:05:22.835 - ⚠️ 🔄 [Poll #599] Previous ingestion still running, skipping
2026-02-14 16:05:24.837 - 🔄 📥 [Poll #600] Starting live arbs fetch...
2026-02-14 16:05:24.840 - ⚠️ 🔄 [Poll #600] Previous ingestion still running, skipping
2026-02-14 16:05:27.761 - 🔄 📥 [Poll #601] Starting live arbs fetch...
2026-02-14 16:05:29.399 - ⚠️ 🔄 [Poll #601] Previous ingestion still running, skipping
2026-02-14 16:05:29.399 - 🔄 📥 [Poll #602] Starting live arbs fetch...
2026-02-14 16:05:29.399 - ⚠️ 🔄 [Poll #602] Previous ingestion still running, skipping
2026-02-14 16:05:30.838 - 🔄 📥 [Poll #603] Starting live arbs fetch...
2026-02-14 16:05:30.838 - ⚠️ 🔄 [Poll #603] Previous ingestion still running, skipping
2026-02-14 16:05:32.833 - 🔄 📥 [Poll #604] Starting live arbs fetch...
2026-02-14 16:05:32.833 - ⚠️ 🔄 [Poll #604] Previous ingestion still running, skipping
2026-02-14 16:05:34.833 - 🔄 📥 [Poll #605] Starting live arbs fetch...
2026-02-14 16:05:34.833 - ⚠️ 🔄 [Poll #605] Previous ingestion still running, skipping
2026-02-14 16:05:36.906 - 🔄 📥 [Poll #606] Starting live arbs fetch...
2026-02-14 16:05:36.907 - ⚠️ 🔄 [Poll #606] Previous ingestion still running, skipping
2026-02-14 16:05:38.845 - 🔄 📥 [Poll #607] Starting live arbs fetch...
2026-02-14 16:05:38.845 - ⚠️ 🔄 [Poll #607] Previous ingestion still running, skipping
2026-02-14 16:05:40.923 - 🔄 📥 [Poll #608] Starting live arbs fetch...
2026-02-14 16:05:40.924 - ⚠️ 🔄 [Poll #608] Previous ingestion still running, skipping
2026-02-14 16:05:42.848 - 🔄 📥 [Poll #609] Starting live arbs fetch...
2026-02-14 16:05:42.848 - ⚠️ 🔄 [Poll #609] Previous ingestion still running, skipping
2026-02-14 16:05:44.934 - 🔄 📥 [Poll #610] Starting live arbs fetch...
2026-02-14 16:05:44.935 - ⚠️ 🔄 [Poll #610] Previous ingestion still running, skipping
2026-02-14 16:05:46.926 - 🔄 📥 [Poll #611] Starting live arbs fetch...
2026-02-14 16:05:46.927 - ⚠️ 🔄 [Poll #611] Previous ingestion still running, skipping
2026-02-14 16:05:48.847 - 🔄 📥 [Poll #612] Starting live arbs fetch...
2026-02-14 16:05:48.847 - ⚠️ 🔄 [Poll #612] Previous ingestion still running, skipping
2026-02-14 16:05:50.849 - 🔄 📥 [Poll #613] Starting live arbs fetch...
2026-02-14 16:05:50.849 - ⚠️ 🔄 [Poll #613] Previous ingestion still running, skipping
2026-02-14 16:05:52.833 - 🔄 📥 [Poll #614] Starting live arbs fetch...
2026-02-14 16:05:52.833 - ⚠️ 🔄 [Poll #614] Previous ingestion still running, skipping
2026-02-14 16:05:54.834 - 🔄 📥 [Poll #615] Starting live arbs fetch...
2026-02-14 16:05:54.834 - ⚠️ 🔄 [Poll #615] Previous ingestion still running, skipping
2026-02-14 16:05:56.834 - 🔄 📥 [Poll #616] Starting live arbs fetch...
2026-02-14 16:05:56.835 - ⚠️ 🔄 [Poll #616] Previous ingestion still running, skipping
2026-02-14 16:05:58.888 - 🔄 📥 [Poll #617] Starting live arbs fetch...
2026-02-14 16:05:58.888 - ⚠️ 🔄 [Poll #617] Previous ingestion still running, skipping
2026-02-14 16:06:00.836 - 🔄 📥 [Poll #618] Starting live arbs fetch...
2026-02-14 16:06:00.836 - ⚠️ 🔄 [Poll #618] Previous ingestion still running, skipping
2026-02-14 16:06:02.834 - 🔄 📥 [Poll #619] Starting live arbs fetch...
2026-02-14 16:06:02.835 - ⚠️ 🔄 [Poll #619] Previous ingestion still running, skipping
2026-02-14 16:06:04.869 - 🔄 📥 [Poll #620] Starting live arbs fetch...
2026-02-14 16:06:04.869 - ⚠️ 🔄 [Poll #620] Previous ingestion still running, skipping
2026-02-14 16:06:06.848 - 🔄 📥 [Poll #621] Starting live arbs fetch...
2026-02-14 16:06:06.849 - ⚠️ 🔄 [Poll #621] Previous ingestion still running, skipping
2026-02-14 16:06:08.833 - 🔄 📥 [Poll #622] Starting live arbs fetch...
2026-02-14 16:06:08.833 - ⚠️ 🔄 [Poll #622] Previous ingestion still running, skipping
2026-02-14 16:06:11.089 - 🔄 📥 [Poll #623] Starting live arbs fetch...
2026-02-14 16:06:11.090 - ⚠️ 🔄 [Poll #623] Previous ingestion still running, skipping
2026-02-14 16:06:12.869 - 🔄 📥 [Poll #624] Starting live arbs fetch...
2026-02-14 16:06:12.869 - ⚠️ 🔄 [Poll #624] Previous ingestion still running, skipping
2026-02-14 16:06:14.833 - 🔄 📥 [Poll #625] Starting live arbs fetch...
2026-02-14 16:06:14.833 - ⚠️ 🔄 [Poll #625] Previous ingestion still running, skipping
2026-02-14 16:06:16.836 - 🔄 📥 [Poll #626] Starting live arbs fetch...
2026-02-14 16:06:16.836 - ⚠️ 🔄 [Poll #626] Previous ingestion still running, skipping
2026-02-14 16:06:18.847 - 🔄 📥 [Poll #627] Starting live arbs fetch...
2026-02-14 16:06:18.848 - ⚠️ 🔄 [Poll #627] Previous ingestion still running, skipping
2026-02-14 16:06:20.850 - 🔄 📥 [Poll #628] Starting live arbs fetch...
2026-02-14 16:06:20.850 - ⚠️ 🔄 [Poll #628] Previous ingestion still running, skipping
2026-02-14 16:06:22.833 - 🔄 📥 [Poll #629] Starting live arbs fetch...
2026-02-14 16:06:22.833 - ⚠️ 🔄 [Poll #629] Previous ingestion still running, skipping
2026-02-14 16:06:24.892 - 🔄 📥 [Poll #630] Starting live arbs fetch...
2026-02-14 16:06:24.893 - ⚠️ 🔄 [Poll #630] Previous ingestion still running, skipping
2026-02-14 16:06:26.921 - 🔄 📥 [Poll #631] Starting live arbs fetch...
2026-02-14 16:06:26.922 - ⚠️ 🔄 [Poll #631] Previous ingestion still running, skipping
2026-02-14 16:06:28.844 - 🔄 📥 [Poll #632] Starting live arbs fetch...
2026-02-14 16:06:28.844 - ⚠️ 🔄 [Poll #632] Previous ingestion still running, skipping
2026-02-14 16:06:30.835 - 🔄 📥 [Poll #633] Starting live arbs fetch...
2026-02-14 16:06:30.835 - ⚠️ 🔄 [Poll #633] Previous ingestion still running, skipping
2026-02-14 16:06:32.834 - 🔄 📥 [Poll #634] Starting live arbs fetch...
2026-02-14 16:06:32.834 - ⚠️ 🔄 [Poll #634] Previous ingestion still running, skipping
2026-02-14 16:06:34.845 - 🔄 📥 [Poll #635] Starting live arbs fetch...
2026-02-14 16:06:34.845 - ⚠️ 🔄 [Poll #635] Previous ingestion still running, skipping
2026-02-14 16:06:36.953 - 🔄 📥 [Poll #636] Starting live arbs fetch...
2026-02-14 16:06:36.954 - ⚠️ 🔄 [Poll #636] Previous ingestion still running, skipping
2026-02-14 16:06:38.920 - 🔄 📥 [Poll #637] Starting live arbs fetch...
2026-02-14 16:06:38.921 - ⚠️ 🔄 [Poll #637] Previous ingestion still running, skipping
2026-02-14 16:06:41.108 - 🔄 📥 [Poll #638] Starting live arbs fetch...
2026-02-14 16:06:41.108 - ⚠️ 🔄 [Poll #638] Previous ingestion still running, skipping
2026-02-14 16:06:42.870 - 🔄 📥 [Poll #639] Starting live arbs fetch...
2026-02-14 16:06:42.871 - ⚠️ 🔄 [Poll #639] Previous ingestion still running, skipping
2026-02-14 16:06:44.834 - 🔄 📥 [Poll #640] Starting live arbs fetch...
2026-02-14 16:06:44.834 - ⚠️ 🔄 [Poll #640] Previous ingestion still running, skipping
2026-02-14 16:06:46.840 - 🔄 📥 [Poll #641] Starting live arbs fetch...
2026-02-14 16:06:46.840 - ⚠️ 🔄 [Poll #641] Previous ingestion still running, skipping
2026-02-14 16:06:48.838 - 🔄 📥 [Poll #642] Starting live arbs fetch...
2026-02-14 16:06:48.838 - ⚠️ 🔄 [Poll #642] Previous ingestion still running, skipping
2026-02-14 16:06:50.834 - 🔄 📥 [Poll #643] Starting live arbs fetch...
2026-02-14 16:06:50.835 - ⚠️ 🔄 [Poll #643] Previous ingestion still running, skipping
2026-02-14 16:06:52.834 - 🔄 📥 [Poll #644] Starting live arbs fetch...
2026-02-14 16:06:52.834 - ⚠️ 🔄 [Poll #644] Previous ingestion still running, skipping
2026-02-14 16:06:54.847 - 🔄 📥 [Poll #645] Starting live arbs fetch...
2026-02-14 16:06:54.848 - ⚠️ 🔄 [Poll #645] Previous ingestion still running, skipping
2026-02-14 16:06:58.842 - 🔄 📥 [Poll #646] Starting live arbs fetch...
2026-02-14 16:06:58.842 - ⚠️ 🔄 [Poll #646] Previous ingestion still running, skipping
2026-02-14 16:06:58.842 - 🔄 📥 [Poll #647] Starting live arbs fetch...
2026-02-14 16:06:58.842 - ⚠️ 🔄 [Poll #647] Previous ingestion still running, skipping
2026-02-14 16:07:00.844 - 🔄 📥 [Poll #648] Starting live arbs fetch...
2026-02-14 16:07:00.845 - ⚠️ 🔄 [Poll #648] Previous ingestion still running, skipping
2026-02-14 16:07:02.861 - 🔄 📥 [Poll #649] Starting live arbs fetch...
2026-02-14 16:07:02.862 - ⚠️ 🔄 [Poll #649] Previous ingestion still running, skipping
2026-02-14 16:07:04.924 - 🔄 📥 [Poll #650] Starting live arbs fetch...
2026-02-14 16:07:04.924 - ⚠️ 🔄 [Poll #650] Previous ingestion still running, skipping
2026-02-14 16:07:06.940 - 🔄 📥 [Poll #651] Starting live arbs fetch...
2026-02-14 16:07:06.941 - ⚠️ 🔄 [Poll #651] Previous ingestion still running, skipping
2026-02-14 16:07:08.838 - 🔄 📥 [Poll #652] Starting live arbs fetch...
2026-02-14 16:07:08.838 - ⚠️ 🔄 [Poll #652] Previous ingestion still running, skipping
2026-02-14 16:07:10.835 - 🔄 📥 [Poll #653] Starting live arbs fetch...
2026-02-14 16:07:10.836 - ⚠️ 🔄 [Poll #653] Previous ingestion still running, skipping
2026-02-14 16:07:12.841 - 🔄 📥 [Poll #654] Starting live arbs fetch...
2026-02-14 16:07:12.841 - ⚠️ 🔄 [Poll #654] Previous ingestion still running, skipping
2026-02-14 16:07:14.985 - 🔄 📥 [Poll #655] Starting live arbs fetch...
2026-02-14 16:07:14.986 - ⚠️ 🔄 [Poll #655] Previous ingestion still running, skipping
2026-02-14 16:07:16.840 - 🔄 📥 [Poll #656] Starting live arbs fetch...
2026-02-14 16:07:16.840 - ⚠️ 🔄 [Poll #656] Previous ingestion still running, skipping
2026-02-14 16:07:18.836 - 🔄 📥 [Poll #657] Starting live arbs fetch...
2026-02-14 16:07:18.842 - ⚠️ 🔄 [Poll #657] Previous ingestion still running, skipping
2026-02-14 16:07:20.845 - 🔄 📥 [Poll #658] Starting live arbs fetch...
2026-02-14 16:07:20.845 - ⚠️ 🔄 [Poll #658] Previous ingestion still running, skipping
2026-02-14 16:07:22.841 - 🔄 📥 [Poll #659] Starting live arbs fetch...
2026-02-14 16:07:22.841 - ⚠️ 🔄 [Poll #659] Previous ingestion still running, skipping
2026-02-14 16:07:24.844 - 🔄 📥 [Poll #660] Starting live arbs fetch...
2026-02-14 16:07:24.845 - ⚠️ 🔄 [Poll #660] Previous ingestion still running, skipping
2026-02-14 16:07:26.837 - 🔄 📥 [Poll #661] Starting live arbs fetch...
2026-02-14 16:07:26.841 - ⚠️ 🔄 [Poll #661] Previous ingestion still running, skipping
2026-02-14 16:07:28.846 - 🔄 📥 [Poll #662] Starting live arbs fetch...
2026-02-14 16:07:28.847 - ⚠️ 🔄 [Poll #662] Previous ingestion still running, skipping
2026-02-14 16:07:30.834 - 🔄 📥 [Poll #663] Starting live arbs fetch...
2026-02-14 16:07:30.834 - ⚠️ 🔄 [Poll #663] Previous ingestion still running, skipping
2026-02-14 16:07:32.834 - 🔄 📥 [Poll #664] Starting live arbs fetch...
2026-02-14 16:07:32.834 - ⚠️ 🔄 [Poll #664] Previous ingestion still running, skipping
2026-02-14 16:07:34.835 - 🔄 📥 [Poll #665] Starting live arbs fetch...
2026-02-14 16:07:34.835 - ⚠️ 🔄 [Poll #665] Previous ingestion still running, skipping
2026-02-14 16:07:36.840 - 🔄 📥 [Poll #666] Starting live arbs fetch...
2026-02-14 16:07:36.840 - ⚠️ 🔄 [Poll #666] Previous ingestion still running, skipping
2026-02-14 16:07:38.836 - 🔄 📥 [Poll #667] Starting live arbs fetch...
2026-02-14 16:07:38.837 - ⚠️ 🔄 [Poll #667] Previous ingestion still running, skipping
2026-02-14 16:07:40.832 - 🔄 📥 [Poll #668] Starting live arbs fetch...
2026-02-14 16:07:40.833 - ⚠️ 🔄 [Poll #668] Previous ingestion still running, skipping
2026-02-14 16:07:42.856 - 🔄 📥 [Poll #669] Starting live arbs fetch...
2026-02-14 16:07:42.856 - ⚠️ 🔄 [Poll #669] Previous ingestion still running, skipping
2026-02-14 16:07:45.001 - 🔄 📥 [Poll #670] Starting live arbs fetch...
2026-02-14 16:07:45.001 - ⚠️ 🔄 [Poll #670] Previous ingestion still running, skipping
2026-02-14 16:07:46.834 - 🔄 📥 [Poll #671] Starting live arbs fetch...
2026-02-14 16:07:46.834 - ⚠️ 🔄 [Poll #671] Previous ingestion still running, skipping
2026-02-14 16:07:48.864 - 🔄 📥 [Poll #672] Starting live arbs fetch...
2026-02-14 16:07:48.864 - ⚠️ 🔄 [Poll #672] Previous ingestion still running, skipping
2026-02-14 16:07:50.869 - 🔄 📥 [Poll #673] Starting live arbs fetch...
2026-02-14 16:07:50.871 - ⚠️ 🔄 [Poll #673] Previous ingestion still running, skipping
2026-02-14 16:07:52.839 - 🔄 📥 [Poll #674] Starting live arbs fetch...
2026-02-14 16:07:52.840 - ⚠️ 🔄 [Poll #674] Previous ingestion still running, skipping
2026-02-14 16:07:54.834 - 🔄 📥 [Poll #675] Starting live arbs fetch...
2026-02-14 16:07:54.834 - ⚠️ 🔄 [Poll #675] Previous ingestion still running, skipping
2026-02-14 16:07:56.918 - 🔄 📥 [Poll #676] Starting live arbs fetch...
2026-02-14 16:07:56.918 - ⚠️ 🔄 [Poll #676] Previous ingestion still running, skipping
2026-02-14 16:07:58.841 - 🔄 📥 [Poll #677] Starting live arbs fetch...
2026-02-14 16:07:58.841 - ⚠️ 🔄 [Poll #677] Previous ingestion still running, skipping
2026-02-14 16:08:00.846 - 🔄 📥 [Poll #678] Starting live arbs fetch...
2026-02-14 16:08:00.846 - ⚠️ 🔄 [Poll #678] Previous ingestion still running, skipping
2026-02-14 16:08:02.901 - 🔄 📥 [Poll #679] Starting live arbs fetch...
2026-02-14 16:08:02.901 - ⚠️ 🔄 [Poll #679] Previous ingestion still running, skipping
2026-02-14 16:08:04.833 - 🔄 📥 [Poll #680] Starting live arbs fetch...
2026-02-14 16:08:04.833 - ⚠️ 🔄 [Poll #680] Previous ingestion still running, skipping
2026-02-14 16:08:06.842 - 🔄 📥 [Poll #681] Starting live arbs fetch...
2026-02-14 16:08:06.843 - ⚠️ 🔄 [Poll #681] Previous ingestion still running, skipping
2026-02-14 16:08:08.836 - 🔄 📥 [Poll #682] Starting live arbs fetch...
2026-02-14 16:08:08.836 - ⚠️ 🔄 [Poll #682] Previous ingestion still running, skipping
2026-02-14 16:08:10.834 - 🔄 📥 [Poll #683] Starting live arbs fetch...
2026-02-14 16:08:10.835 - ⚠️ 🔄 [Poll #683] Previous ingestion still running, skipping
2026-02-14 16:08:12.936 - 🔄 📥 [Poll #684] Starting live arbs fetch...
2026-02-14 16:08:12.937 - ⚠️ 🔄 [Poll #684] Previous ingestion still running, skipping
2026-02-14 16:08:14.912 - 🔄 📥 [Poll #685] Starting live arbs fetch...
2026-02-14 16:08:14.912 - ⚠️ 🔄 [Poll #685] Previous ingestion still running, skipping
2026-02-14 16:08:16.845 - 🔄 📥 [Poll #686] Starting live arbs fetch...
2026-02-14 16:08:16.845 - ⚠️ 🔄 [Poll #686] Previous ingestion still running, skipping
2026-02-14 16:08:18.834 - 🔄 📥 [Poll #687] Starting live arbs fetch...
2026-02-14 16:08:18.834 - ⚠️ 🔄 [Poll #687] Previous ingestion still running, skipping
2026-02-14 16:08:20.834 - 🔄 📥 [Poll #688] Starting live arbs fetch...
2026-02-14 16:08:20.834 - ⚠️ 🔄 [Poll #688] Previous ingestion still running, skipping
2026-02-14 16:08:22.834 - 🔄 📥 [Poll #689] Starting live arbs fetch...
2026-02-14 16:08:22.834 - ⚠️ 🔄 [Poll #689] Previous ingestion still running, skipping
2026-02-14 16:08:24.838 - 🔄 📥 [Poll #690] Starting live arbs fetch...
2026-02-14 16:08:24.838 - ⚠️ 🔄 [Poll #690] Previous ingestion still running, skipping
2026-02-14 16:08:26.841 - 🔄 📥 [Poll #691] Starting live arbs fetch...
2026-02-14 16:08:26.841 - ⚠️ 🔄 [Poll #691] Previous ingestion still running, skipping
2026-02-14 16:08:28.834 - 🔄 📥 [Poll #692] Starting live arbs fetch...
2026-02-14 16:08:28.835 - ⚠️ 🔄 [Poll #692] Previous ingestion still running, skipping
2026-02-14 16:08:30.833 - 🔄 📥 [Poll #693] Starting live arbs fetch...
2026-02-14 16:08:30.833 - ⚠️ 🔄 [Poll #693] Previous ingestion still running, skipping
2026-02-14 16:08:32.836 - 🔄 📥 [Poll #694] Starting live arbs fetch...
2026-02-14 16:08:32.837 - ⚠️ 🔄 [Poll #694] Previous ingestion still running, skipping
2026-02-14 16:08:34.843 - 🔄 📥 [Poll #695] Starting live arbs fetch...
2026-02-14 16:08:34.844 - ⚠️ 🔄 [Poll #695] Previous ingestion still running, skipping
2026-02-14 16:08:36.936 - 🔄 📥 [Poll #696] Starting live arbs fetch...
2026-02-14 16:08:36.936 - ⚠️ 🔄 [Poll #696] Previous ingestion still running, skipping
2026-02-14 16:08:38.835 - 🔄 📥 [Poll #697] Starting live arbs fetch...
2026-02-14 16:08:38.835 - ⚠️ 🔄 [Poll #697] Previous ingestion still running, skipping
2026-02-14 16:08:40.866 - 🔄 📥 [Poll #698] Starting live arbs fetch...
2026-02-14 16:08:40.866 - ⚠️ 🔄 [Poll #698] Previous ingestion still running, skipping
2026-02-14 16:08:42.978 - 🔄 📥 [Poll #699] Starting live arbs fetch...
2026-02-14 16:08:42.979 - ⚠️ 🔄 [Poll #699] Previous ingestion still running, skipping
2026-02-14 16:08:44.834 - 🔄 📥 [Poll #700] Starting live arbs fetch...
2026-02-14 16:08:44.834 - ⚠️ 🔄 [Poll #700] Previous ingestion still running, skipping
2026-02-14 16:08:46.834 - 🔄 📥 [Poll #701] Starting live arbs fetch...
2026-02-14 16:08:46.835 - ⚠️ 🔄 [Poll #701] Previous ingestion still running, skipping
2026-02-14 16:08:48.855 - 🔄 📥 [Poll #702] Starting live arbs fetch...
2026-02-14 16:08:48.856 - ⚠️ 🔄 [Poll #702] Previous ingestion still running, skipping
2026-02-14 16:08:50.835 - 🔄 📥 [Poll #703] Starting live arbs fetch...
2026-02-14 16:08:50.859 - ⚠️ 🔄 [Poll #703] Previous ingestion still running, skipping
2026-02-14 16:08:52.847 - 🔄 📥 [Poll #704] Starting live arbs fetch...
2026-02-14 16:08:52.848 - ⚠️ 🔄 [Poll #704] Previous ingestion still running, skipping
2026-02-14 16:08:54.844 - 🔄 📥 [Poll #705] Starting live arbs fetch...
2026-02-14 16:08:54.845 - ⚠️ 🔄 [Poll #705] Previous ingestion still running, skipping
2026-02-14 16:08:56.836 - 🔄 📥 [Poll #706] Starting live arbs fetch...
2026-02-14 16:08:56.836 - ⚠️ 🔄 [Poll #706] Previous ingestion still running, skipping
2026-02-14 16:08:58.837 - 🔄 📥 [Poll #707] Starting live arbs fetch...
2026-02-14 16:08:58.838 - ⚠️ 🔄 [Poll #707] Previous ingestion still running, skipping
2026-02-14 16:09:00.834 - 🔄 📥 [Poll #708] Starting live arbs fetch...
2026-02-14 16:09:00.834 - ⚠️ 🔄 [Poll #708] Previous ingestion still running, skipping
2026-02-14 16:09:02.842 - 🔄 📥 [Poll #709] Starting live arbs fetch...
2026-02-14 16:09:02.842 - ⚠️ 🔄 [Poll #709] Previous ingestion still running, skipping
2026-02-14 16:09:04.842 - 🔄 📥 [Poll #710] Starting live arbs fetch...
2026-02-14 16:09:04.842 - ⚠️ 🔄 [Poll #710] Previous ingestion still running, skipping
2026-02-14 16:09:06.839 - 🔄 📥 [Poll #711] Starting live arbs fetch...
2026-02-14 16:09:06.839 - ⚠️ 🔄 [Poll #711] Previous ingestion still running, skipping
2026-02-14 16:09:08.981 - 🔄 📥 [Poll #712] Starting live arbs fetch...
2026-02-14 16:09:08.982 - ⚠️ 🔄 [Poll #712] Previous ingestion still running, skipping
2026-02-14 16:09:10.838 - 🔄 📥 [Poll #713] Starting live arbs fetch...
2026-02-14 16:09:10.838 - ⚠️ 🔄 [Poll #713] Previous ingestion still running, skipping
2026-02-14 16:09:12.951 - 🔄 📥 [Poll #714] Starting live arbs fetch...
2026-02-14 16:09:12.952 - ⚠️ 🔄 [Poll #714] Previous ingestion still running, skipping
2026-02-14 16:09:14.833 - 🔄 📥 [Poll #715] Starting live arbs fetch...
2026-02-14 16:09:14.834 - ⚠️ 🔄 [Poll #715] Previous ingestion still running, skipping
2026-02-14 16:09:16.990 - 🔄 📥 [Poll #716] Starting live arbs fetch...
2026-02-14 16:09:16.990 - ⚠️ 🔄 [Poll #716] Previous ingestion still running, skipping
2026-02-14 16:09:18.835 - 🔄 📥 [Poll #717] Starting live arbs fetch...
2026-02-14 16:09:18.835 - ⚠️ 🔄 [Poll #717] Previous ingestion still running, skipping
2026-02-14 16:09:20.836 - 🔄 📥 [Poll #718] Starting live arbs fetch...
2026-02-14 16:09:20.837 - ⚠️ 🔄 [Poll #718] Previous ingestion still running, skipping
2026-02-14 16:09:22.833 - 🔄 📥 [Poll #719] Starting live arbs fetch...
2026-02-14 16:09:22.833 - ⚠️ 🔄 [Poll #719] Previous ingestion still running, skipping
2026-02-14 16:09:24.905 - 🔄 📥 [Poll #720] Starting live arbs fetch...
2026-02-14 16:09:24.906 - ⚠️ 🔄 [Poll #720] Previous ingestion still running, skipping
2026-02-14 16:09:26.834 - 🔄 📥 [Poll #721] Starting live arbs fetch...
2026-02-14 16:09:26.834 - ⚠️ 🔄 [Poll #721] Previous ingestion still running, skipping
2026-02-14 16:09:28.835 - 🔄 📥 [Poll #722] Starting live arbs fetch...
2026-02-14 16:09:28.835 - ⚠️ 🔄 [Poll #722] Previous ingestion still running, skipping
2026-02-14 16:09:30.834 - 🔄 📥 [Poll #723] Starting live arbs fetch...
2026-02-14 16:09:30.835 - ⚠️ 🔄 [Poll #723] Previous ingestion still running, skipping
2026-02-14 16:09:32.854 - 🔄 📥 [Poll #724] Starting live arbs fetch...
2026-02-14 16:09:32.855 - ⚠️ 🔄 [Poll #724] Previous ingestion still running, skipping
2026-02-14 16:09:34.835 - 🔄 📥 [Poll #725] Starting live arbs fetch...
2026-02-14 16:09:34.835 - ⚠️ 🔄 [Poll #725] Previous ingestion still running, skipping
2026-02-14 16:09:36.845 - 🔄 📥 [Poll #726] Starting live arbs fetch...
2026-02-14 16:09:36.845 - ⚠️ 🔄 [Poll #726] Previous ingestion still running, skipping
2026-02-14 16:09:38.840 - 🔄 📥 [Poll #727] Starting live arbs fetch...
2026-02-14 16:09:38.840 - ⚠️ 🔄 [Poll #727] Previous ingestion still running, skipping
2026-02-14 16:09:40.986 - 🔄 📥 [Poll #728] Starting live arbs fetch...
2026-02-14 16:09:41.058 - ⚠️ 🔄 [Poll #728] Previous ingestion still running, skipping
2026-02-14 16:09:42.851 - 🔄 📥 [Poll #729] Starting live arbs fetch...
2026-02-14 16:09:42.853 - ⚠️ 🔄 [Poll #729] Previous ingestion still running, skipping
2026-02-14 16:09:44.838 - 🔄 📥 [Poll #730] Starting live arbs fetch...
2026-02-14 16:09:44.838 - ⚠️ 🔄 [Poll #730] Previous ingestion still running, skipping
2026-02-14 16:09:46.834 - 🔄 📥 [Poll #731] Starting live arbs fetch...
2026-02-14 16:09:46.834 - ⚠️ 🔄 [Poll #731] Previous ingestion still running, skipping
2026-02-14 16:09:48.851 - 🔄 📥 [Poll #732] Starting live arbs fetch...
2026-02-14 16:09:48.852 - ⚠️ 🔄 [Poll #732] Previous ingestion still running, skipping
2026-02-14 16:09:50.845 - 🔄 📥 [Poll #733] Starting live arbs fetch...
2026-02-14 16:09:50.845 - ⚠️ 🔄 [Poll #733] Previous ingestion still running, skipping
2026-02-14 16:09:52.833 - 🔄 📥 [Poll #734] Starting live arbs fetch...
2026-02-14 16:09:52.833 - ⚠️ 🔄 [Poll #734] Previous ingestion still running, skipping
2026-02-14 16:09:54.851 - 🔄 📥 [Poll #735] Starting live arbs fetch...
2026-02-14 16:09:54.852 - ⚠️ 🔄 [Poll #735] Previous ingestion still running, skipping
2026-02-14 16:09:56.834 - 🔄 📥 [Poll #736] Starting live arbs fetch...
2026-02-14 16:09:56.834 - ⚠️ 🔄 [Poll #736] Previous ingestion still running, skipping
2026-02-14 16:09:58.834 - 🔄 📥 [Poll #737] Starting live arbs fetch...
2026-02-14 16:09:58.835 - ⚠️ 🔄 [Poll #737] Previous ingestion still running, skipping
2026-02-14 16:10:00.840 - 🔄 📥 [Poll #738] Starting live arbs fetch...
2026-02-14 16:10:00.841 - ⚠️ 🔄 [Poll #738] Previous ingestion still running, skipping
2026-02-14 16:10:02.841 - 🔄 📥 [Poll #739] Starting live arbs fetch...
2026-02-14 16:10:02.841 - ⚠️ 🔄 [Poll #739] Previous ingestion still running, skipping
2026-02-14 16:10:04.836 - 🔄 📥 [Poll #740] Starting live arbs fetch...
2026-02-14 16:10:04.836 - ⚠️ 🔄 [Poll #740] Previous ingestion still running, skipping
2026-02-14 16:10:06.847 - 🔄 📥 [Poll #741] Starting live arbs fetch...
2026-02-14 16:10:06.848 - ⚠️ 🔄 [Poll #741] Previous ingestion still running, skipping
2026-02-14 16:10:09.043 - 🔄 📥 [Poll #742] Starting live arbs fetch...
2026-02-14 16:10:09.043 - ⚠️ 🔄 [Poll #742] Previous ingestion still running, skipping
2026-02-14 16:10:10.842 - 🔄 📥 [Poll #743] Starting live arbs fetch...
2026-02-14 16:10:10.842 - ⚠️ 🔄 [Poll #743] Previous ingestion still running, skipping
2026-02-14 16:10:12.837 - 🔄 📥 [Poll #744] Starting live arbs fetch...
2026-02-14 16:10:12.837 - ⚠️ 🔄 [Poll #744] Previous ingestion still running, skipping
2026-02-14 16:10:14.844 - 🔄 📥 [Poll #745] Starting live arbs fetch...
2026-02-14 16:10:14.844 - ⚠️ 🔄 [Poll #745] Previous ingestion still running, skipping
2026-02-14 16:10:16.833 - 🔄 📥 [Poll #746] Starting live arbs fetch...
2026-02-14 16:10:16.833 - ⚠️ 🔄 [Poll #746] Previous ingestion still running, skipping
2026-02-14 16:10:18.838 - 🔄 📥 [Poll #747] Starting live arbs fetch...
2026-02-14 16:10:18.839 - ⚠️ 🔄 [Poll #747] Previous ingestion still running, skipping
2026-02-14 16:10:20.861 - 🔄 📥 [Poll #748] Starting live arbs fetch...
2026-02-14 16:10:20.862 - ⚠️ 🔄 [Poll #748] Previous ingestion still running, skipping
2026-02-14 16:10:22.833 - 🔄 📥 [Poll #749] Starting live arbs fetch...
2026-02-14 16:10:22.833 - ⚠️ 🔄 [Poll #749] Previous ingestion still running, skipping
2026-02-14 16:10:24.841 - 🔄 📥 [Poll #750] Starting live arbs fetch...
2026-02-14 16:10:24.842 - ⚠️ 🔄 [Poll #750] Previous ingestion still running, skipping
2026-02-14 16:10:26.841 - 🔄 📥 [Poll #751] Starting live arbs fetch...
2026-02-14 16:10:26.841 - ⚠️ 🔄 [Poll #751] Previous ingestion still running, skipping
2026-02-14 16:10:28.859 - 🔄 📥 [Poll #752] Starting live arbs fetch...
2026-02-14 16:10:28.859 - ⚠️ 🔄 [Poll #752] Previous ingestion still running, skipping
2026-02-14 16:10:30.847 - 🔄 📥 [Poll #753] Starting live arbs fetch...
2026-02-14 16:10:30.847 - ⚠️ 🔄 [Poll #753] Previous ingestion still running, skipping
2026-02-14 16:10:33.239 - 🔄 📥 [Poll #754] Starting live arbs fetch...
2026-02-14 16:10:33.239 - ⚠️ 🔄 [Poll #754] Previous ingestion still running, skipping
2026-02-14 16:10:35.053 - 🔄 📥 [Poll #755] Starting live arbs fetch...
2026-02-14 16:10:35.053 - ⚠️ 🔄 [Poll #755] Previous ingestion still running, skipping
2026-02-14 16:10:39.275 - 🔄 📥 [Poll #756] Starting live arbs fetch...
2026-02-14 16:10:39.275 - ⚠️ 🔄 [Poll #756] Previous ingestion still running, skipping
2026-02-14 16:10:39.276 - 🔄 📥 [Poll #757] Starting live arbs fetch...
2026-02-14 16:10:39.276 - ⚠️ 🔄 [Poll #757] Previous ingestion still running, skipping
2026-02-14 16:10:41.273 - 🔄 📥 [Poll #758] Starting live arbs fetch...
2026-02-14 16:10:41.273 - ⚠️ 🔄 [Poll #758] Previous ingestion still running, skipping
2026-02-14 16:10:43.266 - 🔄 📥 [Poll #759] Starting live arbs fetch...
2026-02-14 16:10:43.266 - ⚠️ 🔄 [Poll #759] Previous ingestion still running, skipping
2026-02-14 16:10:45.065 - 🔄 📥 [Poll #760] Starting live arbs fetch...
2026-02-14 16:10:45.066 - ⚠️ 🔄 [Poll #760] Previous ingestion still running, skipping
2026-02-14 16:10:46.967 - 🔄 📥 [Poll #761] Starting live arbs fetch...
2026-02-14 16:10:46.967 - ⚠️ 🔄 [Poll #761] Previous ingestion still running, skipping
2026-02-14 16:10:48.834 - 🔄 📥 [Poll #762] Starting live arbs fetch...
2026-02-14 16:10:48.834 - ⚠️ 🔄 [Poll #762] Previous ingestion still running, skipping
2026-02-14 16:10:50.833 - 🔄 📥 [Poll #763] Starting live arbs fetch...
2026-02-14 16:10:50.833 - ⚠️ 🔄 [Poll #763] Previous ingestion still running, skipping
2026-02-14 16:10:52.836 - 🔄 📥 [Poll #764] Starting live arbs fetch...
2026-02-14 16:10:52.836 - ⚠️ 🔄 [Poll #764] Previous ingestion still running, skipping
2026-02-14 16:10:54.937 - 🔄 📥 [Poll #765] Starting live arbs fetch...
2026-02-14 16:10:54.937 - ⚠️ 🔄 [Poll #765] Previous ingestion still running, skipping
2026-02-14 16:10:56.835 - 🔄 📥 [Poll #766] Starting live arbs fetch...
2026-02-14 16:10:56.835 - ⚠️ 🔄 [Poll #766] Previous ingestion still running, skipping
2026-02-14 16:10:58.891 - 🔄 📥 [Poll #767] Starting live arbs fetch...
2026-02-14 16:10:58.891 - ⚠️ 🔄 [Poll #767] Previous ingestion still running, skipping
2026-02-14 16:11:00.836 - 🔄 📥 [Poll #768] Starting live arbs fetch...
2026-02-14 16:11:00.836 - ⚠️ 🔄 [Poll #768] Previous ingestion still running, skipping
2026-02-14 16:11:02.835 - 🔄 📥 [Poll #769] Starting live arbs fetch...
2026-02-14 16:11:02.835 - ⚠️ 🔄 [Poll #769] Previous ingestion still running, skipping
2026-02-14 16:11:04.842 - 🔄 📥 [Poll #770] Starting live arbs fetch...
2026-02-14 16:11:04.842 - ⚠️ 🔄 [Poll #770] Previous ingestion still running, skipping
2026-02-14 16:11:06.846 - 🔄 📥 [Poll #771] Starting live arbs fetch...
2026-02-14 16:11:06.846 - ⚠️ 🔄 [Poll #771] Previous ingestion still running, skipping
2026-02-14 16:11:08.851 - 🔄 📥 [Poll #772] Starting live arbs fetch...
2026-02-14 16:11:08.852 - ⚠️ 🔄 [Poll #772] Previous ingestion still running, skipping
2026-02-14 16:11:10.840 - 🔄 📥 [Poll #773] Starting live arbs fetch...
2026-02-14 16:11:10.840 - ⚠️ 🔄 [Poll #773] Previous ingestion still running, skipping
2026-02-14 16:11:13.604 - 🔄 📥 [Poll #774] Starting live arbs fetch...
2026-02-14 16:11:13.901 - ⚠️ 🔄 [Poll #774] Previous ingestion still running, skipping
2026-02-14 16:11:14.929 - 🔄 📥 [Poll #775] Starting live arbs fetch...
2026-02-14 16:11:14.929 - ⚠️ 🔄 [Poll #775] Previous ingestion still running, skipping
2026-02-14 16:11:16.833 - 🔄 📥 [Poll #776] Starting live arbs fetch...
2026-02-14 16:11:16.833 - ⚠️ 🔄 [Poll #776] Previous ingestion still running, skipping
2026-02-14 16:11:18.835 - 🔄 📥 [Poll #777] Starting live arbs fetch...
2026-02-14 16:11:18.835 - ⚠️ 🔄 [Poll #777] Previous ingestion still running, skipping
2026-02-14 16:11:20.834 - 🔄 📥 [Poll #778] Starting live arbs fetch...
2026-02-14 16:11:20.834 - ⚠️ 🔄 [Poll #778] Previous ingestion still running, skipping
2026-02-14 16:11:22.841 - 🔄 📥 [Poll #779] Starting live arbs fetch...
2026-02-14 16:11:22.842 - ⚠️ 🔄 [Poll #779] Previous ingestion still running, skipping
2026-02-14 16:11:24.847 - 🔄 📥 [Poll #780] Starting live arbs fetch...
2026-02-14 16:11:24.847 - ⚠️ 🔄 [Poll #780] Previous ingestion still running, skipping
2026-02-14 16:11:26.833 - 🔄 📥 [Poll #781] Starting live arbs fetch...
2026-02-14 16:11:26.833 - ⚠️ 🔄 [Poll #781] Previous ingestion still running, skipping
2026-02-14 16:11:28.840 - 🔄 📥 [Poll #782] Starting live arbs fetch...
2026-02-14 16:11:28.840 - ⚠️ 🔄 [Poll #782] Previous ingestion still running, skipping
2026-02-14 16:11:30.842 - 🔄 📥 [Poll #783] Starting live arbs fetch...
2026-02-14 16:11:30.842 - ⚠️ 🔄 [Poll #783] Previous ingestion still running, skipping
2026-02-14 16:11:32.834 - 🔄 📥 [Poll #784] Starting live arbs fetch...
2026-02-14 16:11:32.834 - ⚠️ 🔄 [Poll #784] Previous ingestion still running, skipping
2026-02-14 16:11:34.901 - 🔄 📥 [Poll #785] Starting live arbs fetch...
2026-02-14 16:11:34.901 - ⚠️ 🔄 [Poll #785] Previous ingestion still running, skipping
2026-02-14 16:11:36.833 - 🔄 📥 [Poll #786] Starting live arbs fetch...
2026-02-14 16:11:36.833 - ⚠️ 🔄 [Poll #786] Previous ingestion still running, skipping
2026-02-14 16:11:38.836 - 🔄 📥 [Poll #787] Starting live arbs fetch...
2026-02-14 16:11:38.837 - ⚠️ 🔄 [Poll #787] Previous ingestion still running, skipping
2026-02-14 16:11:40.900 - 🔄 📥 [Poll #788] Starting live arbs fetch...
2026-02-14 16:11:40.901 - ⚠️ 🔄 [Poll #788] Previous ingestion still running, skipping
2026-02-14 16:11:42.834 - 🔄 📥 [Poll #789] Starting live arbs fetch...
2026-02-14 16:11:42.834 - ⚠️ 🔄 [Poll #789] Previous ingestion still running, skipping
2026-02-14 16:11:45.140 - 🔄 📥 [Poll #790] Starting live arbs fetch...
2026-02-14 16:11:45.140 - ⚠️ 🔄 [Poll #790] Previous ingestion still running, skipping
2026-02-14 16:11:46.921 - 🔄 📥 [Poll #791] Starting live arbs fetch...
2026-02-14 16:11:46.921 - ⚠️ 🔄 [Poll #791] Previous ingestion still running, skipping
2026-02-14 16:11:48.899 - 🔄 📥 [Poll #792] Starting live arbs fetch...
2026-02-14 16:11:48.900 - ⚠️ 🔄 [Poll #792] Previous ingestion still running, skipping
2026-02-14 16:11:50.836 - 🔄 📥 [Poll #793] Starting live arbs fetch...
2026-02-14 16:11:50.837 - ⚠️ 🔄 [Poll #793] Previous ingestion still running, skipping
2026-02-14 16:11:52.837 - 🔄 📥 [Poll #794] Starting live arbs fetch...
2026-02-14 16:11:52.837 - ⚠️ 🔄 [Poll #794] Previous ingestion still running, skipping
2026-02-14 16:11:55.247 - 🔄 📥 [Poll #795] Starting live arbs fetch...
2026-02-14 16:11:55.248 - ⚠️ 🔄 [Poll #795] Previous ingestion still running, skipping
2026-02-14 16:11:56.837 - 🔄 📥 [Poll #796] Starting live arbs fetch...
2026-02-14 16:11:56.837 - ⚠️ 🔄 [Poll #796] Previous ingestion still running, skipping
2026-02-14 16:11:58.838 - 🔄 📥 [Poll #797] Starting live arbs fetch...
2026-02-14 16:11:58.839 - ⚠️ 🔄 [Poll #797] Previous ingestion still running, skipping
2026-02-14 16:12:00.834 - 🔄 📥 [Poll #798] Starting live arbs fetch...
2026-02-14 16:12:00.835 - ⚠️ 🔄 [Poll #798] Previous ingestion still running, skipping
2026-02-14 16:12:02.838 - 🔄 📥 [Poll #799] Starting live arbs fetch...
2026-02-14 16:12:02.839 - ⚠️ 🔄 [Poll #799] Previous ingestion still running, skipping
2026-02-14 16:12:04.839 - 🔄 📥 [Poll #800] Starting live arbs fetch...
2026-02-14 16:12:04.839 - ⚠️ 🔄 [Poll #800] Previous ingestion still running, skipping
2026-02-14 16:12:06.833 - 🔄 📥 [Poll #801] Starting live arbs fetch...
2026-02-14 16:12:06.834 - ⚠️ 🔄 [Poll #801] Previous ingestion still running, skipping
2026-02-14 16:12:08.840 - 🔄 📥 [Poll #802] Starting live arbs fetch...
2026-02-14 16:12:08.840 - ⚠️ 🔄 [Poll #802] Previous ingestion still running, skipping
2026-02-14 16:12:10.834 - 🔄 📥 [Poll #803] Starting live arbs fetch...
2026-02-14 16:12:10.834 - ⚠️ 🔄 [Poll #803] Previous ingestion still running, skipping
2026-02-14 16:12:12.841 - 🔄 📥 [Poll #804] Starting live arbs fetch...
2026-02-14 16:12:12.841 - ⚠️ 🔄 [Poll #804] Previous ingestion still running, skipping
2026-02-14 16:12:14.834 - 🔄 📥 [Poll #805] Starting live arbs fetch...
2026-02-14 16:12:14.834 - ⚠️ 🔄 [Poll #805] Previous ingestion still running, skipping
2026-02-14 16:12:16.835 - 🔄 📥 [Poll #806] Starting live arbs fetch...
2026-02-14 16:12:16.835 - ⚠️ 🔄 [Poll #806] Previous ingestion still running, skipping
2026-02-14 16:12:18.836 - 🔄 📥 [Poll #807] Starting live arbs fetch...
2026-02-14 16:12:18.836 - ⚠️ 🔄 [Poll #807] Previous ingestion still running, skipping
2026-02-14 16:12:20.844 - 🔄 📥 [Poll #808] Starting live arbs fetch...
2026-02-14 16:12:20.844 - ⚠️ 🔄 [Poll #808] Previous ingestion still running, skipping
2026-02-14 16:12:22.832 - 🔄 📥 [Poll #809] Starting live arbs fetch...
2026-02-14 16:12:22.833 - ⚠️ 🔄 [Poll #809] Previous ingestion still running, skipping
2026-02-14 16:12:24.838 - 🔄 📥 [Poll #810] Starting live arbs fetch...
2026-02-14 16:12:24.838 - ⚠️ 🔄 [Poll #810] Previous ingestion still running, skipping
2026-02-14 16:12:26.833 - 🔄 📥 [Poll #811] Starting live arbs fetch...
2026-02-14 16:12:26.833 - ⚠️ 🔄 [Poll #811] Previous ingestion still running, skipping
2026-02-14 16:12:28.834 - 🔄 📥 [Poll #812] Starting live arbs fetch...
2026-02-14 16:12:28.834 - ⚠️ 🔄 [Poll #812] Previous ingestion still running, skipping
2026-02-14 16:12:30.840 - 🔄 📥 [Poll #813] Starting live arbs fetch...
2026-02-14 16:12:30.840 - ⚠️ 🔄 [Poll #813] Previous ingestion still running, skipping
2026-02-14 16:12:32.843 - 🔄 📥 [Poll #814] Starting live arbs fetch...
2026-02-14 16:12:32.844 - ⚠️ 🔄 [Poll #814] Previous ingestion still running, skipping
2026-02-14 16:12:34.834 - 🔄 📥 [Poll #815] Starting live arbs fetch...
2026-02-14 16:12:34.834 - ⚠️ 🔄 [Poll #815] Previous ingestion still running, skipping
2026-02-14 16:12:37.272 - 🔄 📥 [Poll #816] Starting live arbs fetch...
2026-02-14 16:12:37.273 - ⚠️ 🔄 [Poll #816] Previous ingestion still running, skipping
2026-02-14 16:12:39.061 - 🔄 📥 [Poll #817] Starting live arbs fetch...
2026-02-14 16:12:39.061 - ⚠️ 🔄 [Poll #817] Previous ingestion still running, skipping
2026-02-14 16:12:40.860 - 🔄 📥 [Poll #818] Starting live arbs fetch...
2026-02-14 16:12:40.860 - ⚠️ 🔄 [Poll #818] Previous ingestion still running, skipping
2026-02-14 16:12:42.893 - 🔄 📥 [Poll #819] Starting live arbs fetch...
2026-02-14 16:12:42.894 - ⚠️ 🔄 [Poll #819] Previous ingestion still running, skipping
2026-02-14 16:12:44.836 - 🔄 📥 [Poll #820] Starting live arbs fetch...
2026-02-14 16:12:44.837 - ⚠️ 🔄 [Poll #820] Previous ingestion still running, skipping
2026-02-14 16:12:47.056 - 🔄 📥 [Poll #821] Starting live arbs fetch...
2026-02-14 16:12:47.057 - ⚠️ 🔄 [Poll #821] Previous ingestion still running, skipping
2026-02-14 16:12:48.849 - 🔄 📥 [Poll #822] Starting live arbs fetch...
2026-02-14 16:12:48.849 - ⚠️ 🔄 [Poll #822] Previous ingestion still running, skipping
2026-02-14 16:12:50.845 - 🔄 📥 [Poll #823] Starting live arbs fetch...
2026-02-14 16:12:50.846 - ⚠️ 🔄 [Poll #823] Previous ingestion still running, skipping
2026-02-14 16:12:52.843 - 🔄 📥 [Poll #824] Starting live arbs fetch...
2026-02-14 16:12:53.141 - ⚠️ 🔄 [Poll #824] Previous ingestion still running, skipping
2026-02-14 16:12:54.841 - 🔄 📥 [Poll #825] Starting live arbs fetch...
2026-02-14 16:12:54.841 - ⚠️ 🔄 [Poll #825] Previous ingestion still running, skipping
2026-02-14 16:12:56.836 - 🔄 📥 [Poll #826] Starting live arbs fetch...
2026-02-14 16:12:56.836 - ⚠️ 🔄 [Poll #826] Previous ingestion still running, skipping
2026-02-14 16:12:58.835 - 🔄 📥 [Poll #827] Starting live arbs fetch...
2026-02-14 16:12:58.835 - ⚠️ 🔄 [Poll #827] Previous ingestion still running, skipping
2026-02-14 16:13:01.091 - 🔄 📥 [Poll #828] Starting live arbs fetch...
2026-02-14 16:13:01.091 - ⚠️ 🔄 [Poll #828] Previous ingestion still running, skipping
2026-02-14 16:13:02.858 - 🔄 📥 [Poll #829] Starting live arbs fetch...
2026-02-14 16:13:02.859 - ⚠️ 🔄 [Poll #829] Previous ingestion still running, skipping
2026-02-14 16:13:05.142 - 🔄 📥 [Poll #830] Starting live arbs fetch...
2026-02-14 16:13:05.142 - ⚠️ 🔄 [Poll #830] Previous ingestion still running, skipping
2026-02-14 16:13:06.895 - 🔄 📥 [Poll #831] Starting live arbs fetch...
2026-02-14 16:13:06.897 - ⚠️ 🔄 [Poll #831] Previous ingestion still running, skipping
2026-02-14 16:13:08.839 - 🔄 📥 [Poll #832] Starting live arbs fetch...
2026-02-14 16:13:08.839 - ⚠️ 🔄 [Poll #832] Previous ingestion still running, skipping
2026-02-14 16:13:10.841 - 🔄 📥 [Poll #833] Starting live arbs fetch...
2026-02-14 16:13:10.842 - ⚠️ 🔄 [Poll #833] Previous ingestion still running, skipping
2026-02-14 16:13:12.847 - 🔄 📥 [Poll #834] Starting live arbs fetch...
2026-02-14 16:13:12.847 - ⚠️ 🔄 [Poll #834] Previous ingestion still running, skipping
2026-02-14 16:13:14.833 - 🔄 📥 [Poll #835] Starting live arbs fetch...
2026-02-14 16:13:14.834 - ⚠️ 🔄 [Poll #835] Previous ingestion still running, skipping
2026-02-14 16:13:17.809 - 🔄 📥 [Poll #836] Starting live arbs fetch...
2026-02-14 16:13:17.810 - ⚠️ 🔄 [Poll #836] Previous ingestion still running, skipping
2026-02-14 16:13:18.969 - 🔄 📥 [Poll #837] Starting live arbs fetch...
2026-02-14 16:13:18.969 - ⚠️ 🔄 [Poll #837] Previous ingestion still running, skipping
2026-02-14 16:13:20.857 - 🔄 📥 [Poll #838] Starting live arbs fetch...
2026-02-14 16:13:20.858 - ⚠️ 🔄 [Poll #838] Previous ingestion still running, skipping
2026-02-14 16:13:22.847 - 🔄 📥 [Poll #839] Starting live arbs fetch...
2026-02-14 16:13:22.869 - ⚠️ 🔄 [Poll #839] Previous ingestion still running, skipping
2026-02-14 16:13:24.849 - 🔄 📥 [Poll #840] Starting live arbs fetch...
2026-02-14 16:13:24.849 - ⚠️ 🔄 [Poll #840] Previous ingestion still running, skipping
2026-02-14 16:13:26.843 - 🔄 📥 [Poll #841] Starting live arbs fetch...
2026-02-14 16:13:26.843 - ⚠️ 🔄 [Poll #841] Previous ingestion still running, skipping
2026-02-14 16:13:28.844 - 🔄 📥 [Poll #842] Starting live arbs fetch...
2026-02-14 16:13:28.844 - ⚠️ 🔄 [Poll #842] Previous ingestion still running, skipping
2026-02-14 16:13:30.846 - 🔄 📥 [Poll #843] Starting live arbs fetch...
2026-02-14 16:13:30.847 - ⚠️ 🔄 [Poll #843] Previous ingestion still running, skipping
2026-02-14 16:13:32.833 - 🔄 📥 [Poll #844] Starting live arbs fetch...
2026-02-14 16:13:32.833 - ⚠️ 🔄 [Poll #844] Previous ingestion still running, skipping
2026-02-14 16:13:34.845 - 🔄 📥 [Poll #845] Starting live arbs fetch...
2026-02-14 16:13:34.845 - ⚠️ 🔄 [Poll #845] Previous ingestion still running, skipping
2026-02-14 16:13:37.196 - 🔄 📥 [Poll #846] Starting live arbs fetch...
2026-02-14 16:13:37.196 - ⚠️ 🔄 [Poll #846] Previous ingestion still running, skipping
2026-02-14 16:13:38.843 - 🔄 📥 [Poll #847] Starting live arbs fetch...
2026-02-14 16:13:38.844 - ⚠️ 🔄 [Poll #847] Previous ingestion still running, skipping
2026-02-14 16:13:40.834 - 🔄 📥 [Poll #848] Starting live arbs fetch...
2026-02-14 16:13:40.834 - ⚠️ 🔄 [Poll #848] Previous ingestion still running, skipping
2026-02-14 16:13:42.844 - 🔄 📥 [Poll #849] Starting live arbs fetch...
2026-02-14 16:13:42.845 - ⚠️ 🔄 [Poll #849] Previous ingestion still running, skipping
2026-02-14 16:13:44.835 - 🔄 📥 [Poll #850] Starting live arbs fetch...
2026-02-14 16:13:44.836 - ⚠️ 🔄 [Poll #850] Previous ingestion still running, skipping
2026-02-14 16:13:47.111 - 🔄 📥 [Poll #851] Starting live arbs fetch...
2026-02-14 16:13:47.112 - ⚠️ 🔄 [Poll #851] Previous ingestion still running, skipping
2026-02-14 16:13:49.055 - 🔄 📥 [Poll #852] Starting live arbs fetch...
2026-02-14 16:13:49.056 - ⚠️ 🔄 [Poll #852] Previous ingestion still running, skipping
2026-02-14 16:13:50.857 - 🔄 📥 [Poll #853] Starting live arbs fetch...
2026-02-14 16:13:50.858 - ⚠️ 🔄 [Poll #853] Previous ingestion still running, skipping
2026-02-14 16:13:53.367 - 🔄 📥 [Poll #854] Starting live arbs fetch...
2026-02-14 16:13:53.368 - ⚠️ 🔄 [Poll #854] Previous ingestion still running, skipping
2026-02-14 16:13:54.834 - 🔄 📥 [Poll #855] Starting live arbs fetch...
2026-02-14 16:13:54.834 - ⚠️ 🔄 [Poll #855] Previous ingestion still running, skipping
2026-02-14 16:13:56.837 - 🔄 📥 [Poll #856] Starting live arbs fetch...
2026-02-14 16:13:56.837 - ⚠️ 🔄 [Poll #856] Previous ingestion still running, skipping
2026-02-14 16:13:58.833 - 🔄 📥 [Poll #857] Starting live arbs fetch...
2026-02-14 16:13:58.834 - ⚠️ 🔄 [Poll #857] Previous ingestion still running, skipping
2026-02-14 16:14:00.847 - 🔄 📥 [Poll #858] Starting live arbs fetch...
2026-02-14 16:14:00.848 - ⚠️ 🔄 [Poll #858] Previous ingestion still running, skipping
2026-02-14 16:14:02.907 - 🔄 📥 [Poll #859] Starting live arbs fetch...
2026-02-14 16:14:02.907 - ⚠️ 🔄 [Poll #859] Previous ingestion still running, skipping
2026-02-14 16:14:04.870 - 🔄 📥 [Poll #860] Starting live arbs fetch...
2026-02-14 16:14:04.870 - ⚠️ 🔄 [Poll #860] Previous ingestion still running, skipping
2026-02-14 16:14:06.836 - 🔄 📥 [Poll #861] Starting live arbs fetch...
2026-02-14 16:14:06.836 - ⚠️ 🔄 [Poll #861] Previous ingestion still running, skipping
2026-02-14 16:14:08.834 - 🔄 📥 [Poll #862] Starting live arbs fetch...
2026-02-14 16:14:08.834 - ⚠️ 🔄 [Poll #862] Previous ingestion still running, skipping
2026-02-14 16:14:10.834 - 🔄 📥 [Poll #863] Starting live arbs fetch...
2026-02-14 16:14:10.834 - ⚠️ 🔄 [Poll #863] Previous ingestion still running, skipping
2026-02-14 16:14:12.833 - 🔄 📥 [Poll #864] Starting live arbs fetch...
2026-02-14 16:14:12.833 - ⚠️ 🔄 [Poll #864] Previous ingestion still running, skipping
2026-02-14 16:14:14.834 - 🔄 📥 [Poll #865] Starting live arbs fetch...
2026-02-14 16:14:14.834 - ⚠️ 🔄 [Poll #865] Previous ingestion still running, skipping
2026-02-14 16:14:16.983 - 🔄 📥 [Poll #866] Starting live arbs fetch...
2026-02-14 16:14:16.984 - ⚠️ 🔄 [Poll #866] Previous ingestion still running, skipping
2026-02-14 16:14:18.847 - 🔄 📥 [Poll #867] Starting live arbs fetch...
2026-02-14 16:14:18.848 - ⚠️ 🔄 [Poll #867] Previous ingestion still running, skipping
2026-02-14 16:14:20.841 - 🔄 📥 [Poll #868] Starting live arbs fetch...
2026-02-14 16:14:20.844 - ⚠️ 🔄 [Poll #868] Previous ingestion still running, skipping
2026-02-14 16:14:22.999 - 🔄 📥 [Poll #869] Starting live arbs fetch...
2026-02-14 16:14:22.999 - ⚠️ 🔄 [Poll #869] Previous ingestion still running, skipping
2026-02-14 16:14:24.845 - 🔄 📥 [Poll #870] Starting live arbs fetch...
2026-02-14 16:14:24.845 - ⚠️ 🔄 [Poll #870] Previous ingestion still running, skipping
2026-02-14 16:14:26.837 - 🔄 📥 [Poll #871] Starting live arbs fetch...
2026-02-14 16:14:26.837 - ⚠️ 🔄 [Poll #871] Previous ingestion still running, skipping
2026-02-14 16:14:28.848 - 🔄 📥 [Poll #872] Starting live arbs fetch...
2026-02-14 16:14:28.848 - ⚠️ 🔄 [Poll #872] Previous ingestion still running, skipping
2026-02-14 16:14:30.847 - 🔄 📥 [Poll #873] Starting live arbs fetch...
2026-02-14 16:14:30.847 - ⚠️ 🔄 [Poll #873] Previous ingestion still running, skipping
2026-02-14 16:14:32.834 - 🔄 📥 [Poll #874] Starting live arbs fetch...
2026-02-14 16:14:32.835 - ⚠️ 🔄 [Poll #874] Previous ingestion still running, skipping
2026-02-14 16:14:34.835 - 🔄 📥 [Poll #875] Starting live arbs fetch...
2026-02-14 16:14:34.835 - ⚠️ 🔄 [Poll #875] Previous ingestion still running, skipping
2026-02-14 16:14:36.841 - 🔄 📥 [Poll #876] Starting live arbs fetch...
2026-02-14 16:14:36.841 - ⚠️ 🔄 [Poll #876] Previous ingestion still running, skipping
2026-02-14 16:14:38.848 - 🔄 📥 [Poll #877] Starting live arbs fetch...
2026-02-14 16:14:38.848 - ⚠️ 🔄 [Poll #877] Previous ingestion still running, skipping
2026-02-14 16:14:40.839 - 🔄 📥 [Poll #878] Starting live arbs fetch...
2026-02-14 16:14:40.839 - ⚠️ 🔄 [Poll #878] Previous ingestion still running, skipping
2026-02-14 16:14:42.833 - 🔄 📥 [Poll #879] Starting live arbs fetch...
2026-02-14 16:14:42.834 - ⚠️ 🔄 [Poll #879] Previous ingestion still running, skipping
2026-02-14 16:14:44.833 - 🔄 📥 [Poll #880] Starting live arbs fetch...
2026-02-14 16:14:44.833 - ⚠️ 🔄 [Poll #880] Previous ingestion still running, skipping
2026-02-14 16:14:46.834 - 🔄 📥 [Poll #881] Starting live arbs fetch...
2026-02-14 16:14:46.834 - ⚠️ 🔄 [Poll #881] Previous ingestion still running, skipping
2026-02-14 16:14:48.841 - 🔄 📥 [Poll #882] Starting live arbs fetch...
2026-02-14 16:14:48.841 - ⚠️ 🔄 [Poll #882] Previous ingestion still running, skipping
2026-02-14 16:14:50.957 - 🔄 📥 [Poll #883] Starting live arbs fetch...
2026-02-14 16:14:50.957 - ⚠️ 🔄 [Poll #883] Previous ingestion still running, skipping
2026-02-14 16:14:52.835 - 🔄 📥 [Poll #884] Starting live arbs fetch...
2026-02-14 16:14:52.835 - ⚠️ 🔄 [Poll #884] Previous ingestion still running, skipping
2026-02-14 16:14:54.833 - 🔄 📥 [Poll #885] Starting live arbs fetch...
2026-02-14 16:14:54.833 - ⚠️ 🔄 [Poll #885] Previous ingestion still running, skipping
2026-02-14 16:14:56.833 - 🔄 📥 [Poll #886] Starting live arbs fetch...
2026-02-14 16:14:56.833 - ⚠️ 🔄 [Poll #886] Previous ingestion still running, skipping
2026-02-14 16:14:58.833 - 🔄 📥 [Poll #887] Starting live arbs fetch...
2026-02-14 16:14:58.834 - ⚠️ 🔄 [Poll #887] Previous ingestion still running, skipping
2026-02-14 16:15:00.835 - 🔄 📥 [Poll #888] Starting live arbs fetch...
2026-02-14 16:15:00.835 - ⚠️ 🔄 [Poll #888] Previous ingestion still running, skipping
2026-02-14 16:15:02.842 - 🔄 📥 [Poll #889] Starting live arbs fetch...
2026-02-14 16:15:02.842 - ⚠️ 🔄 [Poll #889] Previous ingestion still running, skipping
2026-02-14 16:15:04.927 - 🔄 📥 [Poll #890] Starting live arbs fetch...
2026-02-14 16:15:04.933 - ⚠️ 🔄 [Poll #890] Previous ingestion still running, skipping
2026-02-14 16:15:06.928 - 🔄 📥 [Poll #891] Starting live arbs fetch...
2026-02-14 16:15:06.928 - ⚠️ 🔄 [Poll #891] Previous ingestion still running, skipping
2026-02-14 16:15:09.197 - 🔄 📥 [Poll #892] Starting live arbs fetch...
2026-02-14 16:15:09.197 - ⚠️ 🔄 [Poll #892] Previous ingestion still running, skipping
2026-02-14 16:15:10.843 - 🔄 📥 [Poll #893] Starting live arbs fetch...
2026-02-14 16:15:10.843 - ⚠️ 🔄 [Poll #893] Previous ingestion still running, skipping
2026-02-14 16:15:12.956 - 🔄 📥 [Poll #894] Starting live arbs fetch...
2026-02-14 16:15:12.957 - ⚠️ 🔄 [Poll #894] Previous ingestion still running, skipping
2026-02-14 16:15:14.847 - 🔄 📥 [Poll #895] Starting live arbs fetch...
2026-02-14 16:15:14.847 - ⚠️ 🔄 [Poll #895] Previous ingestion still running, skipping
2026-02-14 16:15:16.834 - 🔄 📥 [Poll #896] Starting live arbs fetch...
2026-02-14 16:15:16.835 - ⚠️ 🔄 [Poll #896] Previous ingestion still running, skipping
2026-02-14 16:15:18.834 - 🔄 📥 [Poll #897] Starting live arbs fetch...
2026-02-14 16:15:18.835 - ⚠️ 🔄 [Poll #897] Previous ingestion still running, skipping
2026-02-14 16:15:20.875 - 🔄 📥 [Poll #898] Starting live arbs fetch...
2026-02-14 16:15:20.876 - ⚠️ 🔄 [Poll #898] Previous ingestion still running, skipping
2026-02-14 16:15:22.841 - 🔄 📥 [Poll #899] Starting live arbs fetch...
2026-02-14 16:15:22.842 - ⚠️ 🔄 [Poll #899] Previous ingestion still running, skipping
2026-02-14 16:15:24.921 - 🔄 📥 [Poll #900] Starting live arbs fetch...
2026-02-14 16:15:24.922 - ⚠️ 🔄 [Poll #900] Previous ingestion still running, skipping
2026-02-14 16:15:26.834 - 🔄 📥 [Poll #901] Starting live arbs fetch...
2026-02-14 16:15:26.834 - ⚠️ 🔄 [Poll #901] Previous ingestion still running, skipping
2026-02-14 16:15:28.846 - 🔄 📥 [Poll #902] Starting live arbs fetch...
2026-02-14 16:15:28.846 - ⚠️ 🔄 [Poll #902] Previous ingestion still running, skipping
2026-02-14 16:15:30.835 - 🔄 📥 [Poll #903] Starting live arbs fetch...
2026-02-14 16:15:30.835 - ⚠️ 🔄 [Poll #903] Previous ingestion still running, skipping
2026-02-14 16:15:32.846 - 🔄 📥 [Poll #904] Starting live arbs fetch...
2026-02-14 16:15:32.846 - ⚠️ 🔄 [Poll #904] Previous ingestion still running, skipping
2026-02-14 16:15:34.843 - 🔄 📥 [Poll #905] Starting live arbs fetch...
2026-02-14 16:15:34.843 - ⚠️ 🔄 [Poll #905] Previous ingestion still running, skipping
2026-02-14 16:15:36.840 - 🔄 📥 [Poll #906] Starting live arbs fetch...
2026-02-14 16:15:36.840 - ⚠️ 🔄 [Poll #906] Previous ingestion still running, skipping
2026-02-14 16:15:38.839 - 🔄 📥 [Poll #907] Starting live arbs fetch...
2026-02-14 16:15:38.840 - ⚠️ 🔄 [Poll #907] Previous ingestion still running, skipping
2026-02-14 16:15:40.833 - 🔄 📥 [Poll #908] Starting live arbs fetch...
2026-02-14 16:15:40.833 - ⚠️ 🔄 [Poll #908] Previous ingestion still running, skipping
2026-02-14 16:15:42.833 - 🔄 📥 [Poll #909] Starting live arbs fetch...
2026-02-14 16:15:42.833 - ⚠️ 🔄 [Poll #909] Previous ingestion still running, skipping
2026-02-14 16:15:44.833 - 🔄 📥 [Poll #910] Starting live arbs fetch...
2026-02-14 16:15:44.833 - ⚠️ 🔄 [Poll #910] Previous ingestion still running, skipping
2026-02-14 16:15:46.849 - 🔄 📥 [Poll #911] Starting live arbs fetch...
2026-02-14 16:15:46.849 - ⚠️ 🔄 [Poll #911] Previous ingestion still running, skipping
2026-02-14 16:15:48.838 - 🔄 📥 [Poll #912] Starting live arbs fetch...
2026-02-14 16:15:48.840 - ⚠️ 🔄 [Poll #912] Previous ingestion still running, skipping
2026-02-14 16:15:50.843 - 🔄 📥 [Poll #913] Starting live arbs fetch...
2026-02-14 16:15:50.843 - ⚠️ 🔄 [Poll #913] Previous ingestion still running, skipping
2026-02-14 16:15:52.833 - 🔄 📥 [Poll #914] Starting live arbs fetch...
2026-02-14 16:15:52.833 - ⚠️ 🔄 [Poll #914] Previous ingestion still running, skipping
2026-02-14 16:15:54.842 - 🔄 📥 [Poll #915] Starting live arbs fetch...
2026-02-14 16:15:54.843 - ⚠️ 🔄 [Poll #915] Previous ingestion still running, skipping
2026-02-14 16:15:56.835 - 🔄 📥 [Poll #916] Starting live arbs fetch...
2026-02-14 16:15:56.836 - ⚠️ 🔄 [Poll #916] Previous ingestion still running, skipping
2026-02-14 16:15:58.861 - 🔄 📥 [Poll #917] Starting live arbs fetch...
2026-02-14 16:15:58.871 - ⚠️ 🔄 [Poll #917] Previous ingestion still running, skipping
2026-02-14 16:16:00.856 - 🔄 📥 [Poll #918] Starting live arbs fetch...
2026-02-14 16:16:00.856 - ⚠️ 🔄 [Poll #918] Previous ingestion still running, skipping
2026-02-14 16:16:03.671 - 🔄 📥 [Poll #919] Starting live arbs fetch...
2026-02-14 16:16:03.671 - ⚠️ 🔄 [Poll #919] Previous ingestion still running, skipping
2026-02-14 16:16:04.844 - 🔄 📥 [Poll #920] Starting live arbs fetch...
2026-02-14 16:16:04.844 - ⚠️ 🔄 [Poll #920] Previous ingestion still running, skipping
2026-02-14 16:16:06.845 - 🔄 📥 [Poll #921] Starting live arbs fetch...
2026-02-14 16:16:06.845 - ⚠️ 🔄 [Poll #921] Previous ingestion still running, skipping
2026-02-14 16:16:09.124 - 🔄 📥 [Poll #922] Starting live arbs fetch...
2026-02-14 16:16:09.125 - ⚠️ 🔄 [Poll #922] Previous ingestion still running, skipping
2026-02-14 16:16:10.849 - 🔄 📥 [Poll #923] Starting live arbs fetch...
2026-02-14 16:16:10.849 - ⚠️ 🔄 [Poll #923] Previous ingestion still running, skipping
2026-02-14 16:16:12.848 - 🔄 📥 [Poll #924] Starting live arbs fetch...
2026-02-14 16:16:12.848 - ⚠️ 🔄 [Poll #924] Previous ingestion still running, skipping
2026-02-14 16:16:14.834 - 🔄 📥 [Poll #925] Starting live arbs fetch...
2026-02-14 16:16:14.835 - ⚠️ 🔄 [Poll #925] Previous ingestion still running, skipping
2026-02-14 16:16:16.933 - 🔄 📥 [Poll #926] Starting live arbs fetch...
2026-02-14 16:16:16.934 - ⚠️ 🔄 [Poll #926] Previous ingestion still running, skipping
2026-02-14 16:16:18.836 - 🔄 📥 [Poll #927] Starting live arbs fetch...
2026-02-14 16:16:18.837 - ⚠️ 🔄 [Poll #927] Previous ingestion still running, skipping
2026-02-14 16:16:20.908 - 🔄 📥 [Poll #928] Starting live arbs fetch...
2026-02-14 16:16:20.909 - ⚠️ 🔄 [Poll #928] Previous ingestion still running, skipping
2026-02-14 16:16:23.042 - 🔄 📥 [Poll #929] Starting live arbs fetch...
2026-02-14 16:16:23.043 - ⚠️ 🔄 [Poll #929] Previous ingestion still running, skipping
2026-02-14 16:16:24.843 - 🔄 📥 [Poll #930] Starting live arbs fetch...
2026-02-14 16:16:24.844 - ⚠️ 🔄 [Poll #930] Previous ingestion still running, skipping
2026-02-14 16:16:26.834 - 🔄 📥 [Poll #931] Starting live arbs fetch...
2026-02-14 16:16:26.834 - ⚠️ 🔄 [Poll #931] Previous ingestion still running, skipping
2026-02-14 16:16:28.834 - 🔄 📥 [Poll #932] Starting live arbs fetch...
2026-02-14 16:16:28.834 - ⚠️ 🔄 [Poll #932] Previous ingestion still running, skipping
2026-02-14 16:16:30.890 - 🔄 📥 [Poll #933] Starting live arbs fetch...
2026-02-14 16:16:30.890 - ⚠️ 🔄 [Poll #933] Previous ingestion still running, skipping
2026-02-14 16:16:32.834 - 🔄 📥 [Poll #934] Starting live arbs fetch...
2026-02-14 16:16:32.834 - ⚠️ 🔄 [Poll #934] Previous ingestion still running, skipping
2026-02-14 16:16:34.834 - 🔄 📥 [Poll #935] Starting live arbs fetch...
2026-02-14 16:16:34.834 - ⚠️ 🔄 [Poll #935] Previous ingestion still running, skipping
2026-02-14 16:16:36.935 - 🔄 📥 [Poll #936] Starting live arbs fetch...
2026-02-14 16:16:36.935 - ⚠️ 🔄 [Poll #936] Previous ingestion still running, skipping
2026-02-14 16:16:38.839 - 🔄 📥 [Poll #937] Starting live arbs fetch...
2026-02-14 16:16:38.839 - ⚠️ 🔄 [Poll #937] Previous ingestion still running, skipping
2026-02-14 16:16:40.841 - 🔄 📥 [Poll #938] Starting live arbs fetch...
2026-02-14 16:16:40.841 - ⚠️ 🔄 [Poll #938] Previous ingestion still running, skipping
2026-02-14 16:16:42.844 - 🔄 📥 [Poll #939] Starting live arbs fetch...
2026-02-14 16:16:42.844 - ⚠️ 🔄 [Poll #939] Previous ingestion still running, skipping
2026-02-14 16:16:44.843 - 🔄 📥 [Poll #940] Starting live arbs fetch...
2026-02-14 16:16:44.843 - ⚠️ 🔄 [Poll #940] Previous ingestion still running, skipping
2026-02-14 16:16:46.840 - 🔄 📥 [Poll #941] Starting live arbs fetch...
2026-02-14 16:16:46.840 - ⚠️ 🔄 [Poll #941] Previous ingestion still running, skipping
2026-02-14 16:16:48.842 - 🔄 📥 [Poll #942] Starting live arbs fetch...
2026-02-14 16:16:48.842 - ⚠️ 🔄 [Poll #942] Previous ingestion still running, skipping
2026-02-14 16:16:50.848 - 🔄 📥 [Poll #943] Starting live arbs fetch...
2026-02-14 16:16:50.848 - ⚠️ 🔄 [Poll #943] Previous ingestion still running, skipping
2026-02-14 16:16:52.843 - 🔄 📥 [Poll #944] Starting live arbs fetch...
2026-02-14 16:16:52.844 - ⚠️ 🔄 [Poll #944] Previous ingestion still running, skipping
2026-02-14 16:16:54.833 - 🔄 📥 [Poll #945] Starting live arbs fetch...
2026-02-14 16:16:54.833 - ⚠️ 🔄 [Poll #945] Previous ingestion still running, skipping
2026-02-14 16:16:56.833 - 🔄 📥 [Poll #946] Starting live arbs fetch...
2026-02-14 16:16:56.833 - ⚠️ 🔄 [Poll #946] Previous ingestion still running, skipping
2026-02-14 16:16:58.834 - 🔄 📥 [Poll #947] Starting live arbs fetch...
2026-02-14 16:16:58.834 - ⚠️ 🔄 [Poll #947] Previous ingestion still running, skipping
2026-02-14 16:17:00.834 - 🔄 📥 [Poll #948] Starting live arbs fetch...
2026-02-14 16:17:00.834 - ⚠️ 🔄 [Poll #948] Previous ingestion still running, skipping
2026-02-14 16:17:02.848 - 🔄 📥 [Poll #949] Starting live arbs fetch...
2026-02-14 16:17:02.849 - ⚠️ 🔄 [Poll #949] Previous ingestion still running, skipping
2026-02-14 16:17:04.848 - 🔄 📥 [Poll #950] Starting live arbs fetch...
2026-02-14 16:17:04.848 - ⚠️ 🔄 [Poll #950] Previous ingestion still running, skipping
2026-02-14 16:17:07.646 - 🔄 📥 [Poll #951] Starting live arbs fetch...
2026-02-14 16:17:07.646 - ⚠️ 🔄 [Poll #951] Previous ingestion still running, skipping
2026-02-14 16:17:08.893 - 🔄 📥 [Poll #952] Starting live arbs fetch...
2026-02-14 16:17:08.893 - ⚠️ 🔄 [Poll #952] Previous ingestion still running, skipping
2026-02-14 16:17:10.855 - 🔄 📥 [Poll #953] Starting live arbs fetch...
2026-02-14 16:17:10.855 - ⚠️ 🔄 [Poll #953] Previous ingestion still running, skipping
2026-02-14 16:17:12.866 - 🔄 📥 [Poll #954] Starting live arbs fetch...
2026-02-14 16:17:12.867 - ⚠️ 🔄 [Poll #954] Previous ingestion still running, skipping
2026-02-14 16:17:14.834 - 🔄 📥 [Poll #955] Starting live arbs fetch...
2026-02-14 16:17:14.834 - ⚠️ 🔄 [Poll #955] Previous ingestion still running, skipping
2026-02-14 16:17:16.845 - 🔄 📥 [Poll #956] Starting live arbs fetch...
2026-02-14 16:17:16.845 - ⚠️ 🔄 [Poll #956] Previous ingestion still running, skipping
2026-02-14 16:17:18.884 - 🔄 📥 [Poll #957] Starting live arbs fetch...
2026-02-14 16:17:18.885 - ⚠️ 🔄 [Poll #957] Previous ingestion still running, skipping
2026-02-14 16:17:20.837 - 🔄 📥 [Poll #958] Starting live arbs fetch...
2026-02-14 16:17:20.837 - ⚠️ 🔄 [Poll #958] Previous ingestion still running, skipping
2026-02-14 16:17:22.840 - 🔄 📥 [Poll #959] Starting live arbs fetch...
2026-02-14 16:17:22.840 - ⚠️ 🔄 [Poll #959] Previous ingestion still running, skipping
2026-02-14 16:17:24.833 - 🔄 📥 [Poll #960] Starting live arbs fetch...
2026-02-14 16:17:24.833 - ⚠️ 🔄 [Poll #960] Previous ingestion still running, skipping
2026-02-14 16:17:27.309 - 🔄 📥 [Poll #961] Starting live arbs fetch...
2026-02-14 16:17:27.309 - ⚠️ 🔄 [Poll #961] Previous ingestion still running, skipping
2026-02-14 16:17:28.833 - 🔄 📥 [Poll #962] Starting live arbs fetch...
2026-02-14 16:17:28.833 - ⚠️ 🔄 [Poll #962] Previous ingestion still running, skipping
2026-02-14 16:17:30.834 - 🔄 📥 [Poll #963] Starting live arbs fetch...
2026-02-14 16:17:30.834 - ⚠️ 🔄 [Poll #963] Previous ingestion still running, skipping
2026-02-14 16:17:32.833 - 🔄 📥 [Poll #964] Starting live arbs fetch...
2026-02-14 16:17:32.833 - ⚠️ 🔄 [Poll #964] Previous ingestion still running, skipping
2026-02-14 16:17:34.833 - 🔄 📥 [Poll #965] Starting live arbs fetch...
2026-02-14 16:17:34.833 - ⚠️ 🔄 [Poll #965] Previous ingestion still running, skipping
2026-02-14 16:17:36.833 - 🔄 📥 [Poll #966] Starting live arbs fetch...
2026-02-14 16:17:36.833 - ⚠️ 🔄 [Poll #966] Previous ingestion still running, skipping
2026-02-14 16:17:38.864 - 🔄 📥 [Poll #967] Starting live arbs fetch...
2026-02-14 16:17:38.865 - ⚠️ 🔄 [Poll #967] Previous ingestion still running, skipping
2026-02-14 16:17:40.985 - 🔄 📥 [Poll #968] Starting live arbs fetch...
2026-02-14 16:17:40.986 - ⚠️ 🔄 [Poll #968] Previous ingestion still running, skipping
2026-02-14 16:17:42.834 - 🔄 📥 [Poll #969] Starting live arbs fetch...
2026-02-14 16:17:42.835 - ⚠️ 🔄 [Poll #969] Previous ingestion still running, skipping
2026-02-14 16:17:44.835 - 🔄 📥 [Poll #970] Starting live arbs fetch...
2026-02-14 16:17:44.836 - ⚠️ 🔄 [Poll #970] Previous ingestion still running, skipping
2026-02-14 16:17:46.833 - 🔄 📥 [Poll #971] Starting live arbs fetch...
2026-02-14 16:17:46.833 - ⚠️ 🔄 [Poll #971] Previous ingestion still running, skipping
2026-02-14 16:17:49.642 - 🔄 📥 [Poll #972] Starting live arbs fetch...
2026-02-14 16:17:49.642 - ⚠️ 🔄 [Poll #972] Previous ingestion still running, skipping
2026-02-14 16:17:50.832 - 🔄 📥 [Poll #973] Starting live arbs fetch...
2026-02-14 16:17:50.833 - ⚠️ 🔄 [Poll #973] Previous ingestion still running, skipping
2026-02-14 16:17:52.835 - 🔄 📥 [Poll #974] Starting live arbs fetch...
2026-02-14 16:17:52.835 - ⚠️ 🔄 [Poll #974] Previous ingestion still running, skipping
2026-02-14 16:17:54.866 - 🔄 📥 [Poll #975] Starting live arbs fetch...
2026-02-14 16:17:54.867 - ⚠️ 🔄 [Poll #975] Previous ingestion still running, skipping
2026-02-14 16:17:56.835 - 🔄 📥 [Poll #976] Starting live arbs fetch...
2026-02-14 16:17:56.835 - ⚠️ 🔄 [Poll #976] Previous ingestion still running, skipping
2026-02-14 16:17:58.908 - 🔄 📥 [Poll #977] Starting live arbs fetch...
2026-02-14 16:17:58.908 - ⚠️ 🔄 [Poll #977] Previous ingestion still running, skipping
2026-02-14 16:18:00.975 - 🔄 📥 [Poll #978] Starting live arbs fetch...
2026-02-14 16:18:00.976 - ⚠️ 🔄 [Poll #978] Previous ingestion still running, skipping
2026-02-14 16:18:02.941 - 🔄 📥 [Poll #979] Starting live arbs fetch...
2026-02-14 16:18:02.942 - ⚠️ 🔄 [Poll #979] Previous ingestion still running, skipping
2026-02-14 16:18:04.835 - 🔄 📥 [Poll #980] Starting live arbs fetch...
2026-02-14 16:18:04.835 - ⚠️ 🔄 [Poll #980] Previous ingestion still running, skipping
2026-02-14 16:18:06.838 - 🔄 📥 [Poll #981] Starting live arbs fetch...
2026-02-14 16:18:06.838 - ⚠️ 🔄 [Poll #981] Previous ingestion still running, skipping
2026-02-14 16:18:08.929 - 🔄 📥 [Poll #982] Starting live arbs fetch...
2026-02-14 16:18:08.929 - ⚠️ 🔄 [Poll #982] Previous ingestion still running, skipping
2026-02-14 16:18:10.842 - 🔄 📥 [Poll #983] Starting live arbs fetch...
2026-02-14 16:18:10.842 - ⚠️ 🔄 [Poll #983] Previous ingestion still running, skipping
2026-02-14 16:18:12.833 - 🔄 📥 [Poll #984] Starting live arbs fetch...
2026-02-14 16:18:12.833 - ⚠️ 🔄 [Poll #984] Previous ingestion still running, skipping
2026-02-14 16:18:14.840 - 🔄 📥 [Poll #985] Starting live arbs fetch...
2026-02-14 16:18:14.840 - ⚠️ 🔄 [Poll #985] Previous ingestion still running, skipping
2026-02-14 16:18:16.836 - 🔄 📥 [Poll #986] Starting live arbs fetch...
2026-02-14 16:18:16.836 - ⚠️ 🔄 [Poll #986] Previous ingestion still running, skipping
2026-02-14 16:18:18.833 - 🔄 📥 [Poll #987] Starting live arbs fetch...
2026-02-14 16:18:18.833 - ⚠️ 🔄 [Poll #987] Previous ingestion still running, skipping
2026-02-14 16:18:20.833 - 🔄 📥 [Poll #988] Starting live arbs fetch...
2026-02-14 16:18:20.833 - ⚠️ 🔄 [Poll #988] Previous ingestion still running, skipping
2026-02-14 16:18:22.875 - 🔄 📥 [Poll #989] Starting live arbs fetch...
2026-02-14 16:18:22.876 - ⚠️ 🔄 [Poll #989] Previous ingestion still running, skipping
2026-02-14 16:18:24.834 - 🔄 📥 [Poll #990] Starting live arbs fetch...
2026-02-14 16:18:24.835 - ⚠️ 🔄 [Poll #990] Previous ingestion still running, skipping
2026-02-14 16:18:26.837 - 🔄 📥 [Poll #991] Starting live arbs fetch...
2026-02-14 16:18:26.837 - ⚠️ 🔄 [Poll #991] Previous ingestion still running, skipping
2026-02-14 16:18:28.881 - 🔄 📥 [Poll #992] Starting live arbs fetch...
2026-02-14 16:18:28.882 - ⚠️ 🔄 [Poll #992] Previous ingestion still running, skipping
2026-02-14 16:18:30.848 - 🔄 📥 [Poll #993] Starting live arbs fetch...
2026-02-14 16:18:30.848 - ⚠️ 🔄 [Poll #993] Previous ingestion still running, skipping
2026-02-14 16:18:32.997 - 🔄 📥 [Poll #994] Starting live arbs fetch...
2026-02-14 16:18:32.998 - ⚠️ 🔄 [Poll #994] Previous ingestion still running, skipping
2026-02-14 16:18:34.835 - 🔄 📥 [Poll #995] Starting live arbs fetch...
2026-02-14 16:18:34.835 - ⚠️ 🔄 [Poll #995] Previous ingestion still running, skipping
2026-02-14 16:18:36.842 - 🔄 📥 [Poll #996] Starting live arbs fetch...
2026-02-14 16:18:36.842 - ⚠️ 🔄 [Poll #996] Previous ingestion still running, skipping
2026-02-14 16:18:38.835 - 🔄 📥 [Poll #997] Starting live arbs fetch...
2026-02-14 16:18:38.835 - ⚠️ 🔄 [Poll #997] Previous ingestion still running, skipping
2026-02-14 16:18:40.840 - 🔄 📥 [Poll #998] Starting live arbs fetch...
2026-02-14 16:18:40.840 - ⚠️ 🔄 [Poll #998] Previous ingestion still running, skipping
2026-02-14 16:18:42.834 - 🔄 📥 [Poll #999] Starting live arbs fetch...
2026-02-14 16:18:42.834 - ⚠️ 🔄 [Poll #999] Previous ingestion still running, skipping
2026-02-14 16:18:44.838 - 🔄 📥 [Poll #1000] Starting live arbs fetch...
2026-02-14 16:18:44.838 - ⚠️ 🔄 [Poll #1000] Previous ingestion still running, skipping
2026-02-14 16:18:46.847 - 🔄 📥 [Poll #1001] Starting live arbs fetch...
2026-02-14 16:18:46.848 - ⚠️ 🔄 [Poll #1001] Previous ingestion still running, skipping
2026-02-14 16:18:48.834 - 🔄 📥 [Poll #1002] Starting live arbs fetch...
2026-02-14 16:18:48.834 - ⚠️ 🔄 [Poll #1002] Previous ingestion still running, skipping
2026-02-14 16:18:50.836 - 🔄 📥 [Poll #1003] Starting live arbs fetch...
2026-02-14 16:18:50.837 - ⚠️ 🔄 [Poll #1003] Previous ingestion still running, skipping
2026-02-14 16:18:52.834 - 🔄 📥 [Poll #1004] Starting live arbs fetch...
2026-02-14 16:18:52.834 - ⚠️ 🔄 [Poll #1004] Previous ingestion still running, skipping
2026-02-14 16:18:54.833 - 🔄 📥 [Poll #1005] Starting live arbs fetch...
2026-02-14 16:18:54.833 - ⚠️ 🔄 [Poll #1005] Previous ingestion still running, skipping
2026-02-14 16:18:56.842 - 🔄 📥 [Poll #1006] Starting live arbs fetch...
2026-02-14 16:18:56.842 - ⚠️ 🔄 [Poll #1006] Previous ingestion still running, skipping
2026-02-14 16:18:58.834 - 🔄 📥 [Poll #1007] Starting live arbs fetch...
2026-02-14 16:18:58.834 - ⚠️ 🔄 [Poll #1007] Previous ingestion still running, skipping
2026-02-14 16:19:00.835 - 🔄 📥 [Poll #1008] Starting live arbs fetch...
2026-02-14 16:19:00.835 - ⚠️ 🔄 [Poll #1008] Previous ingestion still running, skipping
2026-02-14 16:19:02.834 - 🔄 📥 [Poll #1009] Starting live arbs fetch...
2026-02-14 16:19:02.834 - ⚠️ 🔄 [Poll #1009] Previous ingestion still running, skipping
2026-02-14 16:19:04.834 - 🔄 📥 [Poll #1010] Starting live arbs fetch...
2026-02-14 16:19:04.834 - ⚠️ 🔄 [Poll #1010] Previous ingestion still running, skipping
2026-02-14 16:19:07.033 - 🔄 📥 [Poll #1011] Starting live arbs fetch...
2026-02-14 16:19:07.033 - ⚠️ 🔄 [Poll #1011] Previous ingestion still running, skipping
2026-02-14 16:19:08.835 - 🔄 📥 [Poll #1012] Starting live arbs fetch...
2026-02-14 16:19:08.835 - ⚠️ 🔄 [Poll #1012] Previous ingestion still running, skipping
2026-02-14 16:19:10.844 - 🔄 📥 [Poll #1013] Starting live arbs fetch...
2026-02-14 16:19:10.844 - ⚠️ 🔄 [Poll #1013] Previous ingestion still running, skipping
2026-02-14 16:19:12.834 - 🔄 📥 [Poll #1014] Starting live arbs fetch...
2026-02-14 16:19:12.834 - ⚠️ 🔄 [Poll #1014] Previous ingestion still running, skipping
2026-02-14 16:19:14.845 - 🔄 📥 [Poll #1015] Starting live arbs fetch...
2026-02-14 16:19:14.845 - ⚠️ 🔄 [Poll #1015] Previous ingestion still running, skipping
2026-02-14 16:19:16.844 - 🔄 📥 [Poll #1016] Starting live arbs fetch...
2026-02-14 16:19:16.844 - ⚠️ 🔄 [Poll #1016] Previous ingestion still running, skipping
2026-02-14 16:19:18.833 - 🔄 📥 [Poll #1017] Starting live arbs fetch...
2026-02-14 16:19:18.833 - ⚠️ 🔄 [Poll #1017] Previous ingestion still running, skipping
2026-02-14 16:19:20.834 - 🔄 📥 [Poll #1018] Starting live arbs fetch...
2026-02-14 16:19:20.834 - ⚠️ 🔄 [Poll #1018] Previous ingestion still running, skipping
2026-02-14 16:19:22.838 - 🔄 📥 [Poll #1019] Starting live arbs fetch...
2026-02-14 16:19:22.843 - ⚠️ 🔄 [Poll #1019] Previous ingestion still running, skipping
2026-02-14 16:19:24.833 - 🔄 📥 [Poll #1020] Starting live arbs fetch...
2026-02-14 16:19:24.833 - ⚠️ 🔄 [Poll #1020] Previous ingestion still running, skipping
2026-02-14 16:19:26.833 - 🔄 📥 [Poll #1021] Starting live arbs fetch...
2026-02-14 16:19:26.833 - ⚠️ 🔄 [Poll #1021] Previous ingestion still running, skipping
2026-02-14 16:19:28.833 - 🔄 📥 [Poll #1022] Starting live arbs fetch...
2026-02-14 16:19:28.833 - ⚠️ 🔄 [Poll #1022] Previous ingestion still running, skipping
2026-02-14 16:19:30.841 - 🔄 📥 [Poll #1023] Starting live arbs fetch...
2026-02-14 16:19:30.842 - ⚠️ 🔄 [Poll #1023] Previous ingestion still running, skipping
2026-02-14 16:19:32.833 - 🔄 📥 [Poll #1024] Starting live arbs fetch...
2026-02-14 16:19:32.833 - ⚠️ 🔄 [Poll #1024] Previous ingestion still running, skipping
2026-02-14 16:19:34.833 - 🔄 📥 [Poll #1025] Starting live arbs fetch...
2026-02-14 16:19:34.833 - ⚠️ 🔄 [Poll #1025] Previous ingestion still running, skipping
2026-02-14 16:19:36.844 - 🔄 📥 [Poll #1026] Starting live arbs fetch...
2026-02-14 16:19:36.849 - ⚠️ 🔄 [Poll #1026] Previous ingestion still running, skipping
2026-02-14 16:19:38.846 - 🔄 📥 [Poll #1027] Starting live arbs fetch...
2026-02-14 16:19:38.846 - ⚠️ 🔄 [Poll #1027] Previous ingestion still running, skipping
2026-02-14 16:19:40.835 - 🔄 📥 [Poll #1028] Starting live arbs fetch...
2026-02-14 16:19:40.835 - ⚠️ 🔄 [Poll #1028] Previous ingestion still running, skipping
2026-02-14 16:19:42.892 - 🔄 📥 [Poll #1029] Starting live arbs fetch...
2026-02-14 16:19:42.892 - ⚠️ 🔄 [Poll #1029] Previous ingestion still running, skipping
2026-02-14 16:19:44.836 - 🔄 📥 [Poll #1030] Starting live arbs fetch...
2026-02-14 16:19:44.836 - ⚠️ 🔄 [Poll #1030] Previous ingestion still running, skipping
2026-02-14 16:19:46.844 - 🔄 📥 [Poll #1031] Starting live arbs fetch...
2026-02-14 16:19:46.844 - ⚠️ 🔄 [Poll #1031] Previous ingestion still running, skipping
2026-02-14 16:19:48.834 - 🔄 📥 [Poll #1032] Starting live arbs fetch...
2026-02-14 16:19:48.834 - ⚠️ 🔄 [Poll #1032] Previous ingestion still running, skipping
2026-02-14 16:19:50.846 - 🔄 📥 [Poll #1033] Starting live arbs fetch...
2026-02-14 16:19:50.846 - ⚠️ 🔄 [Poll #1033] Previous ingestion still running, skipping
2026-02-14 16:19:52.841 - 🔄 📥 [Poll #1034] Starting live arbs fetch...
2026-02-14 16:19:52.841 - ⚠️ 🔄 [Poll #1034] Previous ingestion still running, skipping
2026-02-14 16:19:54.834 - 🔄 📥 [Poll #1035] Starting live arbs fetch...
2026-02-14 16:19:54.834 - ⚠️ 🔄 [Poll #1035] Previous ingestion still running, skipping
2026-02-14 16:19:56.874 - 🔄 📥 [Poll #1036] Starting live arbs fetch...
2026-02-14 16:19:56.874 - ⚠️ 🔄 [Poll #1036] Previous ingestion still running, skipping
2026-02-14 16:19:58.836 - 🔄 📥 [Poll #1037] Starting live arbs fetch...
2026-02-14 16:19:58.836 - ⚠️ 🔄 [Poll #1037] Previous ingestion still running, skipping
2026-02-14 16:20:00.834 - 🔄 📥 [Poll #1038] Starting live arbs fetch...
2026-02-14 16:20:00.835 - ⚠️ 🔄 [Poll #1038] Previous ingestion still running, skipping
2026-02-14 16:20:02.845 - 🔄 📥 [Poll #1039] Starting live arbs fetch...
2026-02-14 16:20:02.845 - ⚠️ 🔄 [Poll #1039] Previous ingestion still running, skipping
2026-02-14 16:20:04.847 - 🔄 📥 [Poll #1040] Starting live arbs fetch...
2026-02-14 16:20:04.847 - ⚠️ 🔄 [Poll #1040] Previous ingestion still running, skipping
2026-02-14 16:20:06.866 - 🔄 📥 [Poll #1041] Starting live arbs fetch...
2026-02-14 16:20:06.867 - ⚠️ 🔄 [Poll #1041] Previous ingestion still running, skipping
2026-02-14 16:20:08.834 - 🔄 📥 [Poll #1042] Starting live arbs fetch...
2026-02-14 16:20:08.834 - ⚠️ 🔄 [Poll #1042] Previous ingestion still running, skipping
2026-02-14 16:20:10.834 - 🔄 📥 [Poll #1043] Starting live arbs fetch...
2026-02-14 16:20:10.834 - ⚠️ 🔄 [Poll #1043] Previous ingestion still running, skipping
2026-02-14 16:20:12.837 - 🔄 📥 [Poll #1044] Starting live arbs fetch...
2026-02-14 16:20:12.837 - ⚠️ 🔄 [Poll #1044] Previous ingestion still running, skipping
2026-02-14 16:20:14.834 - 🔄 📥 [Poll #1045] Starting live arbs fetch...
2026-02-14 16:20:14.835 - ⚠️ 🔄 [Poll #1045] Previous ingestion still running, skipping
2026-02-14 16:20:16.850 - 🔄 📥 [Poll #1046] Starting live arbs fetch...
2026-02-14 16:20:16.851 - ⚠️ 🔄 [Poll #1046] Previous ingestion still running, skipping
2026-02-14 16:20:18.846 - 🔄 📥 [Poll #1047] Starting live arbs fetch...
2026-02-14 16:20:18.846 - ⚠️ 🔄 [Poll #1047] Previous ingestion still running, skipping
2026-02-14 16:20:20.841 - 🔄 📥 [Poll #1048] Starting live arbs fetch...
2026-02-14 16:20:20.841 - ⚠️ 🔄 [Poll #1048] Previous ingestion still running, skipping
2026-02-14 16:20:22.834 - 🔄 📥 [Poll #1049] Starting live arbs fetch...
2026-02-14 16:20:22.835 - ⚠️ 🔄 [Poll #1049] Previous ingestion still running, skipping
2026-02-14 16:20:24.833 - 🔄 📥 [Poll #1050] Starting live arbs fetch...
2026-02-14 16:20:24.833 - ⚠️ 🔄 [Poll #1050] Previous ingestion still running, skipping
2026-02-14 16:20:26.834 - 🔄 📥 [Poll #1051] Starting live arbs fetch...
2026-02-14 16:20:26.835 - ⚠️ 🔄 [Poll #1051] Previous ingestion still running, skipping
2026-02-14 16:20:28.833 - 🔄 📥 [Poll #1052] Starting live arbs fetch...
2026-02-14 16:20:28.833 - ⚠️ 🔄 [Poll #1052] Previous ingestion still running, skipping
2026-02-14 16:20:30.834 - 🔄 📥 [Poll #1053] Starting live arbs fetch...
2026-02-14 16:20:30.834 - ⚠️ 🔄 [Poll #1053] Previous ingestion still running, skipping
2026-02-14 16:20:32.833 - 🔄 📥 [Poll #1054] Starting live arbs fetch...
2026-02-14 16:20:32.833 - ⚠️ 🔄 [Poll #1054] Previous ingestion still running, skipping
2026-02-14 16:20:34.834 - 🔄 📥 [Poll #1055] Starting live arbs fetch...
2026-02-14 16:20:34.834 - ⚠️ 🔄 [Poll #1055] Previous ingestion still running, skipping
2026-02-14 16:20:37.213 - 🔄 📥 [Poll #1056] Starting live arbs fetch...
2026-02-14 16:20:37.213 - ⚠️ 🔄 [Poll #1056] Previous ingestion still running, skipping
2026-02-14 16:20:38.833 - 🔄 📥 [Poll #1057] Starting live arbs fetch...
2026-02-14 16:20:38.833 - ⚠️ 🔄 [Poll #1057] Previous ingestion still running, skipping
2026-02-14 16:20:40.835 - 🔄 📥 [Poll #1058] Starting live arbs fetch...
2026-02-14 16:20:40.835 - ⚠️ 🔄 [Poll #1058] Previous ingestion still running, skipping
2026-02-14 16:20:42.842 - 🔄 📥 [Poll #1059] Starting live arbs fetch...
2026-02-14 16:20:42.842 - ⚠️ 🔄 [Poll #1059] Previous ingestion still running, skipping
2026-02-14 16:20:44.846 - 🔄 📥 [Poll #1060] Starting live arbs fetch...
2026-02-14 16:20:44.846 - ⚠️ 🔄 [Poll #1060] Previous ingestion still running, skipping
2026-02-14 16:20:46.833 - 🔄 📥 [Poll #1061] Starting live arbs fetch...
2026-02-14 16:20:46.833 - ⚠️ 🔄 [Poll #1061] Previous ingestion still running, skipping
2026-02-14 16:20:48.874 - 🔄 📥 [Poll #1062] Starting live arbs fetch...
2026-02-14 16:20:48.874 - ⚠️ 🔄 [Poll #1062] Previous ingestion still running, skipping
2026-02-14 16:20:53.009 - 🔄 📥 [Poll #1063] Starting live arbs fetch...
2026-02-14 16:20:53.009 - ⚠️ 🔄 [Poll #1063] Previous ingestion still running, skipping
2026-02-14 16:20:53.009 - 🔄 📥 [Poll #1064] Starting live arbs fetch...
2026-02-14 16:20:53.009 - ⚠️ 🔄 [Poll #1064] Previous ingestion still running, skipping
2026-02-14 16:20:55.003 - 🔄 📥 [Poll #1065] Starting live arbs fetch...
2026-02-14 16:20:55.004 - ⚠️ 🔄 [Poll #1065] Previous ingestion still running, skipping
2026-02-14 16:20:56.844 - 🔄 📥 [Poll #1066] Starting live arbs fetch...
2026-02-14 16:20:56.845 - ⚠️ 🔄 [Poll #1066] Previous ingestion still running, skipping
2026-02-14 16:20:58.845 - 🔄 📥 [Poll #1067] Starting live arbs fetch...
2026-02-14 16:20:58.846 - ⚠️ 🔄 [Poll #1067] Previous ingestion still running, skipping
2026-02-14 16:21:00.835 - 🔄 📥 [Poll #1068] Starting live arbs fetch...
2026-02-14 16:21:00.835 - ⚠️ 🔄 [Poll #1068] Previous ingestion still running, skipping
2026-02-14 16:21:02.834 - 🔄 📥 [Poll #1069] Starting live arbs fetch...
2026-02-14 16:21:02.834 - ⚠️ 🔄 [Poll #1069] Previous ingestion still running, skipping
2026-02-14 16:21:04.834 - 🔄 📥 [Poll #1070] Starting live arbs fetch...
2026-02-14 16:21:04.834 - ⚠️ 🔄 [Poll #1070] Previous ingestion still running, skipping
2026-02-14 16:21:06.844 - 🔄 📥 [Poll #1071] Starting live arbs fetch...
2026-02-14 16:21:06.845 - ⚠️ 🔄 [Poll #1071] Previous ingestion still running, skipping
2026-02-14 16:21:08.837 - 🔄 📥 [Poll #1072] Starting live arbs fetch...
2026-02-14 16:21:08.837 - ⚠️ 🔄 [Poll #1072] Previous ingestion still running, skipping
2026-02-14 16:21:10.836 - 🔄 📥 [Poll #1073] Starting live arbs fetch...
2026-02-14 16:21:10.836 - ⚠️ 🔄 [Poll #1073] Previous ingestion still running, skipping
2026-02-14 16:21:12.841 - 🔄 📥 [Poll #1074] Starting live arbs fetch...
2026-02-14 16:21:12.841 - ⚠️ 🔄 [Poll #1074] Previous ingestion still running, skipping
2026-02-14 16:21:14.841 - 🔄 📥 [Poll #1075] Starting live arbs fetch...
2026-02-14 16:21:14.841 - ⚠️ 🔄 [Poll #1075] Previous ingestion still running, skipping
2026-02-14 16:21:16.837 - 🔄 📥 [Poll #1076] Starting live arbs fetch...
2026-02-14 16:21:16.837 - ⚠️ 🔄 [Poll #1076] Previous ingestion still running, skipping
2026-02-14 16:21:18.847 - 🔄 📥 [Poll #1077] Starting live arbs fetch...
2026-02-14 16:21:18.854 - ⚠️ 🔄 [Poll #1077] Previous ingestion still running, skipping
2026-02-14 16:21:20.893 - 🔄 📥 [Poll #1078] Starting live arbs fetch...
2026-02-14 16:21:20.894 - ⚠️ 🔄 [Poll #1078] Previous ingestion still running, skipping
2026-02-14 16:21:22.834 - 🔄 📥 [Poll #1079] Starting live arbs fetch...
2026-02-14 16:21:22.834 - ⚠️ 🔄 [Poll #1079] Previous ingestion still running, skipping
2026-02-14 16:21:24.833 - 🔄 📥 [Poll #1080] Starting live arbs fetch...
2026-02-14 16:21:24.833 - ⚠️ 🔄 [Poll #1080] Previous ingestion still running, skipping
2026-02-14 16:21:26.833 - 🔄 📥 [Poll #1081] Starting live arbs fetch...
2026-02-14 16:21:26.833 - ⚠️ 🔄 [Poll #1081] Previous ingestion still running, skipping
2026-02-14 16:21:28.971 - 🔄 📥 [Poll #1082] Starting live arbs fetch...
2026-02-14 16:21:28.971 - ⚠️ 🔄 [Poll #1082] Previous ingestion still running, skipping
2026-02-14 16:21:30.838 - 🔄 📥 [Poll #1083] Starting live arbs fetch...
2026-02-14 16:21:30.838 - ⚠️ 🔄 [Poll #1083] Previous ingestion still running, skipping
2026-02-14 16:21:32.840 - 🔄 📥 [Poll #1084] Starting live arbs fetch...
2026-02-14 16:21:32.840 - ⚠️ 🔄 [Poll #1084] Previous ingestion still running, skipping
2026-02-14 16:21:34.836 - 🔄 📥 [Poll #1085] Starting live arbs fetch...
2026-02-14 16:21:34.836 - ⚠️ 🔄 [Poll #1085] Previous ingestion still running, skipping
2026-02-14 16:21:36.834 - 🔄 📥 [Poll #1086] Starting live arbs fetch...
2026-02-14 16:21:36.834 - ⚠️ 🔄 [Poll #1086] Previous ingestion still running, skipping
2026-02-14 16:21:38.834 - 🔄 📥 [Poll #1087] Starting live arbs fetch...
2026-02-14 16:21:38.834 - ⚠️ 🔄 [Poll #1087] Previous ingestion still running, skipping
2026-02-14 16:21:40.847 - 🔄 📥 [Poll #1088] Starting live arbs fetch...
2026-02-14 16:21:40.848 - ⚠️ 🔄 [Poll #1088] Previous ingestion still running, skipping
2026-02-14 16:21:42.834 - 🔄 📥 [Poll #1089] Starting live arbs fetch...
2026-02-14 16:21:42.834 - ⚠️ 🔄 [Poll #1089] Previous ingestion still running, skipping
2026-02-14 16:21:44.834 - 🔄 📥 [Poll #1090] Starting live arbs fetch...
2026-02-14 16:21:44.834 - ⚠️ 🔄 [Poll #1090] Previous ingestion still running, skipping
2026-02-14 16:21:46.835 - 🔄 📥 [Poll #1091] Starting live arbs fetch...
2026-02-14 16:21:46.835 - ⚠️ 🔄 [Poll #1091] Previous ingestion still running, skipping
2026-02-14 16:21:48.835 - 🔄 📥 [Poll #1092] Starting live arbs fetch...
2026-02-14 16:21:48.835 - ⚠️ 🔄 [Poll #1092] Previous ingestion still running, skipping
2026-02-14 16:21:50.834 - 🔄 📥 [Poll #1093] Starting live arbs fetch...
2026-02-14 16:21:50.834 - ⚠️ 🔄 [Poll #1093] Previous ingestion still running, skipping
2026-02-14 16:21:52.833 - 🔄 📥 [Poll #1094] Starting live arbs fetch...
2026-02-14 16:21:52.833 - ⚠️ 🔄 [Poll #1094] Previous ingestion still running, skipping
2026-02-14 16:21:54.849 - 🔄 📥 [Poll #1095] Starting live arbs fetch...
2026-02-14 16:21:54.849 - ⚠️ 🔄 [Poll #1095] Previous ingestion still running, skipping
2026-02-14 16:21:56.835 - 🔄 📥 [Poll #1096] Starting live arbs fetch...
2026-02-14 16:21:56.835 - ⚠️ 🔄 [Poll #1096] Previous ingestion still running, skipping
2026-02-14 16:21:58.852 - 🔄 📥 [Poll #1097] Starting live arbs fetch...
2026-02-14 16:21:58.852 - ⚠️ 🔄 [Poll #1097] Previous ingestion still running, skipping
2026-02-14 16:22:00.835 - 🔄 📥 [Poll #1098] Starting live arbs fetch...
2026-02-14 16:22:00.835 - ⚠️ 🔄 [Poll #1098] Previous ingestion still running, skipping
2026-02-14 16:22:02.834 - 🔄 📥 [Poll #1099] Starting live arbs fetch...
2026-02-14 16:22:02.834 - ⚠️ 🔄 [Poll #1099] Previous ingestion still running, skipping
2026-02-14 16:22:04.846 - 🔄 📥 [Poll #1100] Starting live arbs fetch...
2026-02-14 16:22:04.846 - ⚠️ 🔄 [Poll #1100] Previous ingestion still running, skipping
2026-02-14 16:22:06.842 - 🔄 📥 [Poll #1101] Starting live arbs fetch...
2026-02-14 16:22:06.842 - ⚠️ 🔄 [Poll #1101] Previous ingestion still running, skipping
2026-02-14 16:22:08.834 - 🔄 📥 [Poll #1102] Starting live arbs fetch...
2026-02-14 16:22:08.834 - ⚠️ 🔄 [Poll #1102] Previous ingestion still running, skipping
2026-02-14 16:22:10.845 - 🔄 📥 [Poll #1103] Starting live arbs fetch...
2026-02-14 16:22:10.846 - ⚠️ 🔄 [Poll #1103] Previous ingestion still running, skipping
2026-02-14 16:22:12.845 - 🔄 📥 [Poll #1104] Starting live arbs fetch...
2026-02-14 16:22:12.845 - ⚠️ 🔄 [Poll #1104] Previous ingestion still running, skipping
2026-02-14 16:22:14.844 - 🔄 📥 [Poll #1105] Starting live arbs fetch...
2026-02-14 16:22:14.845 - ⚠️ 🔄 [Poll #1105] Previous ingestion still running, skipping
2026-02-14 16:22:16.833 - 🔄 📥 [Poll #1106] Starting live arbs fetch...
2026-02-14 16:22:16.833 - ⚠️ 🔄 [Poll #1106] Previous ingestion still running, skipping
2026-02-14 16:22:18.844 - 🔄 📥 [Poll #1107] Starting live arbs fetch...
2026-02-14 16:22:18.844 - ⚠️ 🔄 [Poll #1107] Previous ingestion still running, skipping
2026-02-14 16:22:20.833 - 🔄 📥 [Poll #1108] Starting live arbs fetch...
2026-02-14 16:22:20.833 - ⚠️ 🔄 [Poll #1108] Previous ingestion still running, skipping
2026-02-14 16:22:22.834 - 🔄 📥 [Poll #1109] Starting live arbs fetch...
2026-02-14 16:22:22.834 - ⚠️ 🔄 [Poll #1109] Previous ingestion still running, skipping
2026-02-14 16:22:24.844 - 🔄 📥 [Poll #1110] Starting live arbs fetch...
2026-02-14 16:22:24.844 - ⚠️ 🔄 [Poll #1110] Previous ingestion still running, skipping
2026-02-14 16:22:26.843 - 🔄 📥 [Poll #1111] Starting live arbs fetch...
2026-02-14 16:22:26.843 - ⚠️ 🔄 [Poll #1111] Previous ingestion still running, skipping
2026-02-14 16:22:28.834 - 🔄 📥 [Poll #1112] Starting live arbs fetch...
2026-02-14 16:22:28.834 - ⚠️ 🔄 [Poll #1112] Previous ingestion still running, skipping
2026-02-14 16:22:30.835 - 🔄 📥 [Poll #1113] Starting live arbs fetch...
2026-02-14 16:22:30.835 - ⚠️ 🔄 [Poll #1113] Previous ingestion still running, skipping
2026-02-14 16:22:32.834 - 🔄 📥 [Poll #1114] Starting live arbs fetch...
2026-02-14 16:22:32.834 - ⚠️ 🔄 [Poll #1114] Previous ingestion still running, skipping
2026-02-14 16:22:34.840 - 🔄 📥 [Poll #1115] Starting live arbs fetch...
2026-02-14 16:22:34.840 - ⚠️ 🔄 [Poll #1115] Previous ingestion still running, skipping
2026-02-14 16:22:36.850 - 🔄 📥 [Poll #1116] Starting live arbs fetch...
2026-02-14 16:22:36.850 - ⚠️ 🔄 [Poll #1116] Previous ingestion still running, skipping
2026-02-14 16:22:38.848 - 🔄 📥 [Poll #1117] Starting live arbs fetch...
2026-02-14 16:22:38.848 - ⚠️ 🔄 [Poll #1117] Previous ingestion still running, skipping
2026-02-14 16:22:40.845 - 🔄 📥 [Poll #1118] Starting live arbs fetch...
2026-02-14 16:22:40.845 - ⚠️ 🔄 [Poll #1118] Previous ingestion still running, skipping
2026-02-14 16:22:43.325 - 🔄 📥 [Poll #1119] Starting live arbs fetch...
2026-02-14 16:22:43.326 - ⚠️ 🔄 [Poll #1119] Previous ingestion still running, skipping
2026-02-14 16:22:44.833 - 🔄 📥 [Poll #1120] Starting live arbs fetch...
2026-02-14 16:22:44.833 - ⚠️ 🔄 [Poll #1120] Previous ingestion still running, skipping
2026-02-14 16:22:46.833 - 🔄 📥 [Poll #1121] Starting live arbs fetch...
2026-02-14 16:22:46.833 - ⚠️ 🔄 [Poll #1121] Previous ingestion still running, skipping
2026-02-14 16:22:48.839 - 🔄 📥 [Poll #1122] Starting live arbs fetch...
2026-02-14 16:22:48.839 - ⚠️ 🔄 [Poll #1122] Previous ingestion still running, skipping
2026-02-14 16:22:50.839 - 🔄 📥 [Poll #1123] Starting live arbs fetch...
2026-02-14 16:22:50.839 - ⚠️ 🔄 [Poll #1123] Previous ingestion still running, skipping
2026-02-14 16:22:52.834 - 🔄 📥 [Poll #1124] Starting live arbs fetch...
2026-02-14 16:22:52.834 - ⚠️ 🔄 [Poll #1124] Previous ingestion still running, skipping
2026-02-14 16:22:54.833 - 🔄 📥 [Poll #1125] Starting live arbs fetch...
2026-02-14 16:22:54.833 - ⚠️ 🔄 [Poll #1125] Previous ingestion still running, skipping
2026-02-14 16:22:56.842 - 🔄 📥 [Poll #1126] Starting live arbs fetch...
2026-02-14 16:22:56.842 - ⚠️ 🔄 [Poll #1126] Previous ingestion still running, skipping
2026-02-14 16:22:58.834 - 🔄 📥 [Poll #1127] Starting live arbs fetch...
2026-02-14 16:22:58.834 - ⚠️ 🔄 [Poll #1127] Previous ingestion still running, skipping
2026-02-14 16:23:00.837 - 🔄 📥 [Poll #1128] Starting live arbs fetch...
2026-02-14 16:23:00.838 - ⚠️ 🔄 [Poll #1128] Previous ingestion still running, skipping
2026-02-14 16:23:02.835 - 🔄 📥 [Poll #1129] Starting live arbs fetch...
2026-02-14 16:23:02.835 - ⚠️ 🔄 [Poll #1129] Previous ingestion still running, skipping
2026-02-14 16:23:04.834 - 🔄 📥 [Poll #1130] Starting live arbs fetch...
2026-02-14 16:23:04.834 - ⚠️ 🔄 [Poll #1130] Previous ingestion still running, skipping
2026-02-14 16:23:06.833 - 🔄 📥 [Poll #1131] Starting live arbs fetch...
2026-02-14 16:23:06.833 - ⚠️ 🔄 [Poll #1131] Previous ingestion still running, skipping
2026-02-14 16:23:08.834 - 🔄 📥 [Poll #1132] Starting live arbs fetch...
2026-02-14 16:23:08.834 - ⚠️ 🔄 [Poll #1132] Previous ingestion still running, skipping
2026-02-14 16:23:10.833 - 🔄 📥 [Poll #1133] Starting live arbs fetch...
2026-02-14 16:23:10.833 - ⚠️ 🔄 [Poll #1133] Previous ingestion still running, skipping
2026-02-14 16:23:12.833 - 🔄 📥 [Poll #1134] Starting live arbs fetch...
2026-02-14 16:23:12.833 - ⚠️ 🔄 [Poll #1134] Previous ingestion still running, skipping
2026-02-14 16:23:14.833 - 🔄 📥 [Poll #1135] Starting live arbs fetch...
2026-02-14 16:23:14.833 - ⚠️ 🔄 [Poll #1135] Previous ingestion still running, skipping
2026-02-14 16:23:16.834 - 🔄 📥 [Poll #1136] Starting live arbs fetch...
2026-02-14 16:23:16.834 - ⚠️ 🔄 [Poll #1136] Previous ingestion still running, skipping
2026-02-14 16:23:18.833 - 🔄 📥 [Poll #1137] Starting live arbs fetch...
2026-02-14 16:23:18.833 - ⚠️ 🔄 [Poll #1137] Previous ingestion still running, skipping
2026-02-14 16:23:20.837 - 🔄 📥 [Poll #1138] Starting live arbs fetch...
2026-02-14 16:23:20.837 - ⚠️ 🔄 [Poll #1138] Previous ingestion still running, skipping
2026-02-14 16:23:22.835 - 🔄 📥 [Poll #1139] Starting live arbs fetch...
2026-02-14 16:23:22.835 - ⚠️ 🔄 [Poll #1139] Previous ingestion still running, skipping
2026-02-14 16:23:24.846 - 🔄 📥 [Poll #1140] Starting live arbs fetch...
2026-02-14 16:23:24.846 - ⚠️ 🔄 [Poll #1140] Previous ingestion still running, skipping
2026-02-14 16:23:26.842 - 🔄 📥 [Poll #1141] Starting live arbs fetch...
2026-02-14 16:23:26.842 - ⚠️ 🔄 [Poll #1141] Previous ingestion still running, skipping
2026-02-14 16:23:28.838 - 🔄 📥 [Poll #1142] Starting live arbs fetch...
2026-02-14 16:23:28.838 - ⚠️ 🔄 [Poll #1142] Previous ingestion still running, skipping
2026-02-14 16:23:30.835 - 🔄 📥 [Poll #1143] Starting live arbs fetch...
2026-02-14 16:23:30.835 - ⚠️ 🔄 [Poll #1143] Previous ingestion still running, skipping
2026-02-14 16:23:32.837 - 🔄 📥 [Poll #1144] Starting live arbs fetch...
2026-02-14 16:23:32.837 - ⚠️ 🔄 [Poll #1144] Previous ingestion still running, skipping
2026-02-14 16:23:34.841 - 🔄 📥 [Poll #1145] Starting live arbs fetch...
2026-02-14 16:23:34.841 - ⚠️ 🔄 [Poll #1145] Previous ingestion still running, skipping
2026-02-14 16:23:36.835 - 🔄 📥 [Poll #1146] Starting live arbs fetch...
2026-02-14 16:23:36.835 - ⚠️ 🔄 [Poll #1146] Previous ingestion still running, skipping
2026-02-14 16:23:38.834 - 🔄 📥 [Poll #1147] Starting live arbs fetch...
2026-02-14 16:23:38.834 - ⚠️ 🔄 [Poll #1147] Previous ingestion still running, skipping
2026-02-14 16:23:40.834 - 🔄 📥 [Poll #1148] Starting live arbs fetch...
2026-02-14 16:23:40.834 - ⚠️ 🔄 [Poll #1148] Previous ingestion still running, skipping
2026-02-14 16:23:42.835 - 🔄 📥 [Poll #1149] Starting live arbs fetch...
2026-02-14 16:23:42.835 - ⚠️ 🔄 [Poll #1149] Previous ingestion still running, skipping
2026-02-14 16:23:44.843 - 🔄 📥 [Poll #1150] Starting live arbs fetch...
2026-02-14 16:23:44.843 - ⚠️ 🔄 [Poll #1150] Previous ingestion still running, skipping
2026-02-14 16:23:46.945 - 🔄 📥 [Poll #1151] Starting live arbs fetch...
2026-02-14 16:23:46.946 - ⚠️ 🔄 [Poll #1151] Previous ingestion still running, skipping
2026-02-14 16:23:48.833 - 🔄 📥 [Poll #1152] Starting live arbs fetch...
2026-02-14 16:23:48.833 - ⚠️ 🔄 [Poll #1152] Previous ingestion still running, skipping
2026-02-14 16:23:50.842 - 🔄 📥 [Poll #1153] Starting live arbs fetch...
2026-02-14 16:23:50.842 - ⚠️ 🔄 [Poll #1153] Previous ingestion still running, skipping
2026-02-14 16:23:52.843 - 🔄 📥 [Poll #1154] Starting live arbs fetch...
2026-02-14 16:23:52.844 - ⚠️ 🔄 [Poll #1154] Previous ingestion still running, skipping
2026-02-14 16:23:54.848 - 🔄 📥 [Poll #1155] Starting live arbs fetch...
2026-02-14 16:23:54.848 - ⚠️ 🔄 [Poll #1155] Previous ingestion still running, skipping
2026-02-14 16:23:56.835 - 🔄 📥 [Poll #1156] Starting live arbs fetch...
2026-02-14 16:23:56.835 - ⚠️ 🔄 [Poll #1156] Previous ingestion still running, skipping
2026-02-14 16:23:58.837 - 🔄 📥 [Poll #1157] Starting live arbs fetch...
2026-02-14 16:23:58.838 - ⚠️ 🔄 [Poll #1157] Previous ingestion still running, skipping
2026-02-14 16:24:00.840 - 🔄 📥 [Poll #1158] Starting live arbs fetch...
2026-02-14 16:24:00.840 - ⚠️ 🔄 [Poll #1158] Previous ingestion still running, skipping
2026-02-14 16:24:02.843 - 🔄 📥 [Poll #1159] Starting live arbs fetch...
2026-02-14 16:24:02.843 - ⚠️ 🔄 [Poll #1159] Previous ingestion still running, skipping
2026-02-14 16:24:04.838 - 🔄 📥 [Poll #1160] Starting live arbs fetch...
2026-02-14 16:24:04.838 - ⚠️ 🔄 [Poll #1160] Previous ingestion still running, skipping
2026-02-14 16:24:06.835 - 🔄 📥 [Poll #1161] Starting live arbs fetch...
2026-02-14 16:24:06.835 - ⚠️ 🔄 [Poll #1161] Previous ingestion still running, skipping
2026-02-14 16:24:08.844 - 🔄 📥 [Poll #1162] Starting live arbs fetch...
2026-02-14 16:24:08.844 - ⚠️ 🔄 [Poll #1162] Previous ingestion still running, skipping
2026-02-14 16:24:10.833 - 🔄 📥 [Poll #1163] Starting live arbs fetch...
2026-02-14 16:24:10.833 - ⚠️ 🔄 [Poll #1163] Previous ingestion still running, skipping
2026-02-14 16:24:12.835 - 🔄 📥 [Poll #1164] Starting live arbs fetch...
2026-02-14 16:24:12.835 - ⚠️ 🔄 [Poll #1164] Previous ingestion still running, skipping
2026-02-14 16:24:14.835 - 🔄 📥 [Poll #1165] Starting live arbs fetch...
2026-02-14 16:24:14.835 - ⚠️ 🔄 [Poll #1165] Previous ingestion still running, skipping
2026-02-14 16:24:16.834 - 🔄 📥 [Poll #1166] Starting live arbs fetch...
2026-02-14 16:24:16.834 - ⚠️ 🔄 [Poll #1166] Previous ingestion still running, skipping
2026-02-14 16:24:18.846 - 🔄 📥 [Poll #1167] Starting live arbs fetch...
2026-02-14 16:24:18.846 - ⚠️ 🔄 [Poll #1167] Previous ingestion still running, skipping
2026-02-14 16:24:20.834 - 🔄 📥 [Poll #1168] Starting live arbs fetch...
2026-02-14 16:24:20.834 - ⚠️ 🔄 [Poll #1168] Previous ingestion still running, skipping
2026-02-14 16:24:22.849 - 🔄 📥 [Poll #1169] Starting live arbs fetch...
2026-02-14 16:24:22.849 - ⚠️ 🔄 [Poll #1169] Previous ingestion still running, skipping
2026-02-14 16:24:24.837 - 🔄 📥 [Poll #1170] Starting live arbs fetch...
2026-02-14 16:24:24.837 - ⚠️ 🔄 [Poll #1170] Previous ingestion still running, skipping
2026-02-14 16:24:26.835 - 🔄 📥 [Poll #1171] Starting live arbs fetch...
2026-02-14 16:24:26.835 - ⚠️ 🔄 [Poll #1171] Previous ingestion still running, skipping
2026-02-14 16:24:28.833 - 🔄 📥 [Poll #1172] Starting live arbs fetch...
2026-02-14 16:24:28.834 - ⚠️ 🔄 [Poll #1172] Previous ingestion still running, skipping
2026-02-14 16:24:30.834 - 🔄 📥 [Poll #1173] Starting live arbs fetch...
2026-02-14 16:24:30.834 - ⚠️ 🔄 [Poll #1173] Previous ingestion still running, skipping
2026-02-14 16:24:32.834 - 🔄 📥 [Poll #1174] Starting live arbs fetch...
2026-02-14 16:24:32.834 - ⚠️ 🔄 [Poll #1174] Previous ingestion still running, skipping
2026-02-14 16:24:34.834 - 🔄 📥 [Poll #1175] Starting live arbs fetch...
2026-02-14 16:24:34.834 - ⚠️ 🔄 [Poll #1175] Previous ingestion still running, skipping
2026-02-14 16:24:36.833 - 🔄 📥 [Poll #1176] Starting live arbs fetch...
2026-02-14 16:24:36.836 - ⚠️ 🔄 [Poll #1176] Previous ingestion still running, skipping
2026-02-14 16:24:38.834 - 🔄 📥 [Poll #1177] Starting live arbs fetch...
2026-02-14 16:24:38.834 - ⚠️ 🔄 [Poll #1177] Previous ingestion still running, skipping
2026-02-14 16:24:40.843 - 🔄 📥 [Poll #1178] Starting live arbs fetch...
2026-02-14 16:24:40.845 - ⚠️ 🔄 [Poll #1178] Previous ingestion still running, skipping
2026-02-14 16:24:42.841 - 🔄 📥 [Poll #1179] Starting live arbs fetch...
2026-02-14 16:24:42.842 - ⚠️ 🔄 [Poll #1179] Previous ingestion still running, skipping
2026-02-14 16:24:44.836 - 🔄 📥 [Poll #1180] Starting live arbs fetch...
2026-02-14 16:24:44.839 - ⚠️ 🔄 [Poll #1180] Previous ingestion still running, skipping
2026-02-14 16:24:46.839 - 🔄 📥 [Poll #1181] Starting live arbs fetch...
2026-02-14 16:24:46.839 - ⚠️ 🔄 [Poll #1181] Previous ingestion still running, skipping
2026-02-14 16:24:48.844 - 🔄 📥 [Poll #1182] Starting live arbs fetch...
2026-02-14 16:24:48.844 - ⚠️ 🔄 [Poll #1182] Previous ingestion still running, skipping
2026-02-14 16:24:50.849 - 🔄 📥 [Poll #1183] Starting live arbs fetch...
2026-02-14 16:24:50.849 - ⚠️ 🔄 [Poll #1183] Previous ingestion still running, skipping
2026-02-14 16:24:52.843 - 🔄 📥 [Poll #1184] Starting live arbs fetch...
2026-02-14 16:24:52.843 - ⚠️ 🔄 [Poll #1184] Previous ingestion still running, skipping
2026-02-14 16:24:54.833 - 🔄 📥 [Poll #1185] Starting live arbs fetch...
2026-02-14 16:24:54.833 - ⚠️ 🔄 [Poll #1185] Previous ingestion still running, skipping
2026-02-14 16:24:56.833 - 🔄 📥 [Poll #1186] Starting live arbs fetch...
2026-02-14 16:24:56.833 - ⚠️ 🔄 [Poll #1186] Previous ingestion still running, skipping
2026-02-14 16:24:58.834 - 🔄 📥 [Poll #1187] Starting live arbs fetch...
2026-02-14 16:24:58.834 - ⚠️ 🔄 [Poll #1187] Previous ingestion still running, skipping
2026-02-14 16:25:00.847 - 🔄 📥 [Poll #1188] Starting live arbs fetch...
2026-02-14 16:25:00.847 - ⚠️ 🔄 [Poll #1188] Previous ingestion still running, skipping
2026-02-14 16:25:02.834 - 🔄 📥 [Poll #1189] Starting live arbs fetch...
2026-02-14 16:25:02.835 - ⚠️ 🔄 [Poll #1189] Previous ingestion still running, skipping
2026-02-14 16:25:04.833 - 🔄 📥 [Poll #1190] Starting live arbs fetch...
2026-02-14 16:25:04.839 - ⚠️ 🔄 [Poll #1190] Previous ingestion still running, skipping
2026-02-14 16:25:06.841 - 🔄 📥 [Poll #1191] Starting live arbs fetch...
2026-02-14 16:25:06.842 - ⚠️ 🔄 [Poll #1191] Previous ingestion still running, skipping
2026-02-14 16:25:08.834 - 🔄 📥 [Poll #1192] Starting live arbs fetch...
2026-02-14 16:25:08.834 - ⚠️ 🔄 [Poll #1192] Previous ingestion still running, skipping
2026-02-14 16:25:10.834 - 🔄 📥 [Poll #1193] Starting live arbs fetch...
2026-02-14 16:25:10.834 - ⚠️ 🔄 [Poll #1193] Previous ingestion still running, skipping
2026-02-14 16:25:12.834 - 🔄 📥 [Poll #1194] Starting live arbs fetch...
2026-02-14 16:25:12.834 - ⚠️ 🔄 [Poll #1194] Previous ingestion still running, skipping
2026-02-14 16:25:14.835 - 🔄 📥 [Poll #1195] Starting live arbs fetch...
2026-02-14 16:25:14.835 - ⚠️ 🔄 [Poll #1195] Previous ingestion still running, skipping
2026-02-14 16:25:16.835 - 🔄 📥 [Poll #1196] Starting live arbs fetch...
2026-02-14 16:25:16.835 - ⚠️ 🔄 [Poll #1196] Previous ingestion still running, skipping
2026-02-14 16:25:18.845 - 🔄 📥 [Poll #1197] Starting live arbs fetch...
2026-02-14 16:25:18.846 - ⚠️ 🔄 [Poll #1197] Previous ingestion still running, skipping
2026-02-14 16:25:20.847 - 🔄 📥 [Poll #1198] Starting live arbs fetch...
2026-02-14 16:25:20.847 - ⚠️ 🔄 [Poll #1198] Previous ingestion still running, skipping
2026-02-14 16:25:22.844 - 🔄 📥 [Poll #1199] Starting live arbs fetch...
2026-02-14 16:25:22.844 - ⚠️ 🔄 [Poll #1199] Previous ingestion still running, skipping
2026-02-14 16:25:24.845 - 🔄 📥 [Poll #1200] Starting live arbs fetch...
2026-02-14 16:25:24.845 - ⚠️ 🔄 [Poll #1200] Previous ingestion still running, skipping
2026-02-14 16:25:26.835 - 🔄 📥 [Poll #1201] Starting live arbs fetch...
2026-02-14 16:25:26.836 - ⚠️ 🔄 [Poll #1201] Previous ingestion still running, skipping
2026-02-14 16:25:28.835 - 🔄 📥 [Poll #1202] Starting live arbs fetch...
2026-02-14 16:25:28.835 - ⚠️ 🔄 [Poll #1202] Previous ingestion still running, skipping
2026-02-14 16:25:30.837 - 🔄 📥 [Poll #1203] Starting live arbs fetch...
2026-02-14 16:25:30.837 - ⚠️ 🔄 [Poll #1203] Previous ingestion still running, skipping
2026-02-14 16:25:32.833 - 🔄 📥 [Poll #1204] Starting live arbs fetch...
2026-02-14 16:25:32.833 - ⚠️ 🔄 [Poll #1204] Previous ingestion still running, skipping
2026-02-14 16:25:34.835 - 🔄 📥 [Poll #1205] Starting live arbs fetch...
2026-02-14 16:25:34.835 - ⚠️ 🔄 [Poll #1205] Previous ingestion still running, skipping
2026-02-14 16:25:36.834 - 🔄 📥 [Poll #1206] Starting live arbs fetch...
2026-02-14 16:25:36.834 - ⚠️ 🔄 [Poll #1206] Previous ingestion still running, skipping
2026-02-14 16:25:38.834 - 🔄 📥 [Poll #1207] Starting live arbs fetch...
2026-02-14 16:25:38.834 - ⚠️ 🔄 [Poll #1207] Previous ingestion still running, skipping
2026-02-14 16:25:40.834 - 🔄 📥 [Poll #1208] Starting live arbs fetch...
2026-02-14 16:25:40.834 - ⚠️ 🔄 [Poll #1208] Previous ingestion still running, skipping
2026-02-14 16:25:42.838 - 🔄 📥 [Poll #1209] Starting live arbs fetch...
2026-02-14 16:25:42.838 - ⚠️ 🔄 [Poll #1209] Previous ingestion still running, skipping
2026-02-14 16:25:44.834 - 🔄 📥 [Poll #1210] Starting live arbs fetch...
2026-02-14 16:25:44.834 - ⚠️ 🔄 [Poll #1210] Previous ingestion still running, skipping
2026-02-14 16:25:46.834 - 🔄 📥 [Poll #1211] Starting live arbs fetch...
2026-02-14 16:25:46.834 - ⚠️ 🔄 [Poll #1211] Previous ingestion still running, skipping
2026-02-14 16:25:48.840 - 🔄 📥 [Poll #1212] Starting live arbs fetch...
2026-02-14 16:25:48.840 - ⚠️ 🔄 [Poll #1212] Previous ingestion still running, skipping
2026-02-14 16:25:50.875 - 🔄 📥 [Poll #1213] Starting live arbs fetch...
2026-02-14 16:25:50.875 - ⚠️ 🔄 [Poll #1213] Previous ingestion still running, skipping
2026-02-14 16:25:52.840 - 🔄 📥 [Poll #1214] Starting live arbs fetch...
2026-02-14 16:25:52.840 - ⚠️ 🔄 [Poll #1214] Previous ingestion still running, skipping
2026-02-14 16:25:54.847 - 🔄 📥 [Poll #1215] Starting live arbs fetch...
2026-02-14 16:25:54.847 - ⚠️ 🔄 [Poll #1215] Previous ingestion still running, skipping
2026-02-14 16:25:56.846 - 🔄 📥 [Poll #1216] Starting live arbs fetch...
2026-02-14 16:25:56.846 - ⚠️ 🔄 [Poll #1216] Previous ingestion still running, skipping
2026-02-14 16:25:58.834 - 🔄 📥 [Poll #1217] Starting live arbs fetch...
2026-02-14 16:25:58.834 - ⚠️ 🔄 [Poll #1217] Previous ingestion still running, skipping
2026-02-14 16:26:00.850 - 🔄 📥 [Poll #1218] Starting live arbs fetch...
2026-02-14 16:26:00.851 - ⚠️ 🔄 [Poll #1218] Previous ingestion still running, skipping
2026-02-14 16:26:02.836 - 🔄 📥 [Poll #1219] Starting live arbs fetch...
2026-02-14 16:26:02.837 - ⚠️ 🔄 [Poll #1219] Previous ingestion still running, skipping
2026-02-14 16:26:04.838 - 🔄 📥 [Poll #1220] Starting live arbs fetch...
2026-02-14 16:26:04.838 - ⚠️ 🔄 [Poll #1220] Previous ingestion still running, skipping
2026-02-14 16:26:06.834 - 🔄 📥 [Poll #1221] Starting live arbs fetch...
2026-02-14 16:26:06.834 - ⚠️ 🔄 [Poll #1221] Previous ingestion still running, skipping
2026-02-14 16:26:08.835 - 🔄 📥 [Poll #1222] Starting live arbs fetch...
2026-02-14 16:26:08.835 - ⚠️ 🔄 [Poll #1222] Previous ingestion still running, skipping
2026-02-14 16:26:10.835 - 🔄 📥 [Poll #1223] Starting live arbs fetch...
2026-02-14 16:26:10.835 - ⚠️ 🔄 [Poll #1223] Previous ingestion still running, skipping
2026-02-14 16:26:12.833 - 🔄 📥 [Poll #1224] Starting live arbs fetch...
2026-02-14 16:26:12.833 - ⚠️ 🔄 [Poll #1224] Previous ingestion still running, skipping
2026-02-14 16:26:14.833 - 🔄 📥 [Poll #1225] Starting live arbs fetch...
2026-02-14 16:26:14.833 - ⚠️ 🔄 [Poll #1225] Previous ingestion still running, skipping
2026-02-14 16:26:16.833 - 🔄 📥 [Poll #1226] Starting live arbs fetch...
2026-02-14 16:26:16.833 - ⚠️ 🔄 [Poll #1226] Previous ingestion still running, skipping
2026-02-14 16:26:18.840 - 🔄 📥 [Poll #1227] Starting live arbs fetch...
2026-02-14 16:26:18.840 - ⚠️ 🔄 [Poll #1227] Previous ingestion still running, skipping
2026-02-14 16:26:20.842 - 🔄 📥 [Poll #1228] Starting live arbs fetch...
2026-02-14 16:26:20.842 - ⚠️ 🔄 [Poll #1228] Previous ingestion still running, skipping
2026-02-14 16:26:22.837 - 🔄 📥 [Poll #1229] Starting live arbs fetch...
2026-02-14 16:26:22.837 - ⚠️ 🔄 [Poll #1229] Previous ingestion still running, skipping
2026-02-14 16:26:24.843 - 🔄 📥 [Poll #1230] Starting live arbs fetch...
2026-02-14 16:26:24.843 - ⚠️ 🔄 [Poll #1230] Previous ingestion still running, skipping
2026-02-14 16:26:26.905 - 🔄 📥 [Poll #1231] Starting live arbs fetch...
2026-02-14 16:26:26.905 - ⚠️ 🔄 [Poll #1231] Previous ingestion still running, skipping
2026-02-14 16:26:28.839 - 🔄 📥 [Poll #1232] Starting live arbs fetch...
2026-02-14 16:26:28.840 - ⚠️ 🔄 [Poll #1232] Previous ingestion still running, skipping
2026-02-14 16:26:30.841 - 🔄 📥 [Poll #1233] Starting live arbs fetch...
2026-02-14 16:26:30.842 - ⚠️ 🔄 [Poll #1233] Previous ingestion still running, skipping
2026-02-14 16:26:32.847 - 🔄 📥 [Poll #1234] Starting live arbs fetch...
2026-02-14 16:26:32.847 - ⚠️ 🔄 [Poll #1234] Previous ingestion still running, skipping
2026-02-14 16:26:34.835 - 🔄 📥 [Poll #1235] Starting live arbs fetch...
2026-02-14 16:26:34.835 - ⚠️ 🔄 [Poll #1235] Previous ingestion still running, skipping
2026-02-14 16:26:36.846 - 🔄 📥 [Poll #1236] Starting live arbs fetch...
2026-02-14 16:26:36.846 - ⚠️ 🔄 [Poll #1236] Previous ingestion still running, skipping
2026-02-14 16:26:38.844 - 🔄 📥 [Poll #1237] Starting live arbs fetch...
2026-02-14 16:26:38.844 - ⚠️ 🔄 [Poll #1237] Previous ingestion still running, skipping
2026-02-14 16:26:40.846 - 🔄 📥 [Poll #1238] Starting live arbs fetch...
2026-02-14 16:26:40.846 - ⚠️ 🔄 [Poll #1238] Previous ingestion still running, skipping
2026-02-14 16:26:42.833 - 🔄 📥 [Poll #1239] Starting live arbs fetch...
2026-02-14 16:26:42.834 - ⚠️ 🔄 [Poll #1239] Previous ingestion still running, skipping
2026-02-14 16:26:44.834 - 🔄 📥 [Poll #1240] Starting live arbs fetch...
2026-02-14 16:26:44.834 - ⚠️ 🔄 [Poll #1240] Previous ingestion still running, skipping
2026-02-14 16:26:46.833 - 🔄 📥 [Poll #1241] Starting live arbs fetch...
2026-02-14 16:26:46.833 - ⚠️ 🔄 [Poll #1241] Previous ingestion still running, skipping
2026-02-14 16:26:48.833 - 🔄 📥 [Poll #1242] Starting live arbs fetch...
2026-02-14 16:26:48.833 - ⚠️ 🔄 [Poll #1242] Previous ingestion still running, skipping
2026-02-14 16:26:50.833 - 🔄 📥 [Poll #1243] Starting live arbs fetch...
2026-02-14 16:26:50.833 - ⚠️ 🔄 [Poll #1243] Previous ingestion still running, skipping
2026-02-14 16:26:52.833 - 🔄 📥 [Poll #1244] Starting live arbs fetch...
2026-02-14 16:26:52.833 - ⚠️ 🔄 [Poll #1244] Previous ingestion still running, skipping
2026-02-14 16:26:54.833 - 🔄 📥 [Poll #1245] Starting live arbs fetch...
2026-02-14 16:26:54.833 - ⚠️ 🔄 [Poll #1245] Previous ingestion still running, skipping
2026-02-14 16:26:56.836 - 🔄 📥 [Poll #1246] Starting live arbs fetch...
2026-02-14 16:26:56.836 - ⚠️ 🔄 [Poll #1246] Previous ingestion still running, skipping
2026-02-14 16:26:58.837 - 🔄 📥 [Poll #1247] Starting live arbs fetch...
2026-02-14 16:26:58.837 - ⚠️ 🔄 [Poll #1247] Previous ingestion still running, skipping
2026-02-14 16:27:00.839 - 🔄 📥 [Poll #1248] Starting live arbs fetch...
2026-02-14 16:27:00.839 - ⚠️ 🔄 [Poll #1248] Previous ingestion still running, skipping
2026-02-14 16:27:02.834 - 🔄 📥 [Poll #1249] Starting live arbs fetch...
2026-02-14 16:27:02.834 - ⚠️ 🔄 [Poll #1249] Previous ingestion still running, skipping
2026-02-14 16:27:04.834 - 🔄 📥 [Poll #1250] Starting live arbs fetch...
2026-02-14 16:27:04.834 - ⚠️ 🔄 [Poll #1250] Previous ingestion still running, skipping
2026-02-14 16:27:06.850 - 🔄 📥 [Poll #1251] Starting live arbs fetch...
2026-02-14 16:27:06.851 - ⚠️ 🔄 [Poll #1251] Previous ingestion still running, skipping
2026-02-14 16:27:08.841 - 🔄 📥 [Poll #1252] Starting live arbs fetch...
2026-02-14 16:27:08.841 - ⚠️ 🔄 [Poll #1252] Previous ingestion still running, skipping
2026-02-14 16:27:10.846 - 🔄 📥 [Poll #1253] Starting live arbs fetch...
2026-02-14 16:27:10.846 - ⚠️ 🔄 [Poll #1253] Previous ingestion still running, skipping
2026-02-14 16:27:12.839 - 🔄 📥 [Poll #1254] Starting live arbs fetch...
2026-02-14 16:27:12.839 - ⚠️ 🔄 [Poll #1254] Previous ingestion still running, skipping
2026-02-14 16:27:14.837 - 🔄 📥 [Poll #1255] Starting live arbs fetch...
2026-02-14 16:27:14.837 - ⚠️ 🔄 [Poll #1255] Previous ingestion still running, skipping
2026-02-14 16:27:16.834 - 🔄 📥 [Poll #1256] Starting live arbs fetch...
2026-02-14 16:27:16.834 - ⚠️ 🔄 [Poll #1256] Previous ingestion still running, skipping
2026-02-14 16:27:18.834 - 🔄 📥 [Poll #1257] Starting live arbs fetch...
2026-02-14 16:27:18.834 - ⚠️ 🔄 [Poll #1257] Previous ingestion still running, skipping
2026-02-14 16:27:20.834 - 🔄 📥 [Poll #1258] Starting live arbs fetch...
2026-02-14 16:27:20.834 - ⚠️ 🔄 [Poll #1258] Previous ingestion still running, skipping
2026-02-14 16:27:22.864 - 🔄 📥 [Poll #1259] Starting live arbs fetch...
2026-02-14 16:27:22.864 - ⚠️ 🔄 [Poll #1259] Previous ingestion still running, skipping
2026-02-14 16:27:24.833 - 🔄 📥 [Poll #1260] Starting live arbs fetch...
2026-02-14 16:27:24.833 - ⚠️ 🔄 [Poll #1260] Previous ingestion still running, skipping
2026-02-14 16:27:26.839 - 🔄 📥 [Poll #1261] Starting live arbs fetch...
2026-02-14 16:27:26.839 - ⚠️ 🔄 [Poll #1261] Previous ingestion still running, skipping
2026-02-14 16:27:28.834 - 🔄 📥 [Poll #1262] Starting live arbs fetch...
2026-02-14 16:27:28.834 - ⚠️ 🔄 [Poll #1262] Previous ingestion still running, skipping
2026-02-14 16:27:30.834 - 🔄 📥 [Poll #1263] Starting live arbs fetch...
2026-02-14 16:27:30.834 - ⚠️ 🔄 [Poll #1263] Previous ingestion still running, skipping
2026-02-14 16:27:32.833 - 🔄 📥 [Poll #1264] Starting live arbs fetch...
2026-02-14 16:27:32.833 - ⚠️ 🔄 [Poll #1264] Previous ingestion still running, skipping
2026-02-14 16:27:34.847 - 🔄 📥 [Poll #1265] Starting live arbs fetch...
2026-02-14 16:27:34.847 - ⚠️ 🔄 [Poll #1265] Previous ingestion still running, skipping
2026-02-14 16:27:36.833 - 🔄 📥 [Poll #1266] Starting live arbs fetch...
2026-02-14 16:27:36.833 - ⚠️ 🔄 [Poll #1266] Previous ingestion still running, skipping
2026-02-14 16:27:38.835 - 🔄 📥 [Poll #1267] Starting live arbs fetch...
2026-02-14 16:27:38.835 - ⚠️ 🔄 [Poll #1267] Previous ingestion still running, skipping
2026-02-14 16:27:40.838 - 🔄 📥 [Poll #1268] Starting live arbs fetch...
2026-02-14 16:27:40.839 - ⚠️ 🔄 [Poll #1268] Previous ingestion still running, skipping
2026-02-14 16:27:42.836 - 🔄 📥 [Poll #1269] Starting live arbs fetch...
2026-02-14 16:27:42.837 - ⚠️ 🔄 [Poll #1269] Previous ingestion still running, skipping
2026-02-14 16:27:44.835 - 🔄 📥 [Poll #1270] Starting live arbs fetch...
2026-02-14 16:27:44.836 - ⚠️ 🔄 [Poll #1270] Previous ingestion still running, skipping
2026-02-14 16:27:46.834 - 🔄 📥 [Poll #1271] Starting live arbs fetch...
2026-02-14 16:27:46.834 - ⚠️ 🔄 [Poll #1271] Previous ingestion still running, skipping
2026-02-14 16:27:48.833 - 🔄 📥 [Poll #1272] Starting live arbs fetch...
2026-02-14 16:27:48.833 - ⚠️ 🔄 [Poll #1272] Previous ingestion still running, skipping
2026-02-14 16:27:50.919 - 🔄 📥 [Poll #1273] Starting live arbs fetch...
2026-02-14 16:27:50.920 - ⚠️ 🔄 [Poll #1273] Previous ingestion still running, skipping
2026-02-14 16:27:52.833 - 🔄 📥 [Poll #1274] Starting live arbs fetch...
2026-02-14 16:27:52.833 - ⚠️ 🔄 [Poll #1274] Previous ingestion still running, skipping
2026-02-14 16:27:54.836 - 🔄 📥 [Poll #1275] Starting live arbs fetch...
2026-02-14 16:27:54.836 - ⚠️ 🔄 [Poll #1275] Previous ingestion still running, skipping
2026-02-14 16:27:56.834 - 🔄 📥 [Poll #1276] Starting live arbs fetch...
2026-02-14 16:27:56.834 - ⚠️ 🔄 [Poll #1276] Previous ingestion still running, skipping
2026-02-14 16:27:58.841 - 🔄 📥 [Poll #1277] Starting live arbs fetch...
2026-02-14 16:27:58.841 - ⚠️ 🔄 [Poll #1277] Previous ingestion still running, skipping
2026-02-14 16:28:00.845 - 🔄 📥 [Poll #1278] Starting live arbs fetch...
2026-02-14 16:28:00.845 - ⚠️ 🔄 [Poll #1278] Previous ingestion still running, skipping
2026-02-14 16:28:02.838 - 🔄 📥 [Poll #1279] Starting live arbs fetch...
2026-02-14 16:28:02.838 - ⚠️ 🔄 [Poll #1279] Previous ingestion still running, skipping
2026-02-14 16:28:04.839 - 🔄 📥 [Poll #1280] Starting live arbs fetch...
2026-02-14 16:28:04.840 - ⚠️ 🔄 [Poll #1280] Previous ingestion still running, skipping
2026-02-14 16:28:06.835 - 🔄 📥 [Poll #1281] Starting live arbs fetch...
2026-02-14 16:28:06.835 - ⚠️ 🔄 [Poll #1281] Previous ingestion still running, skipping
2026-02-14 16:28:08.866 - 🔄 📥 [Poll #1282] Starting live arbs fetch...
2026-02-14 16:28:08.866 - ⚠️ 🔄 [Poll #1282] Previous ingestion still running, skipping
2026-02-14 16:28:10.836 - 🔄 📥 [Poll #1283] Starting live arbs fetch...
2026-02-14 16:28:10.836 - ⚠️ 🔄 [Poll #1283] Previous ingestion still running, skipping
2026-02-14 16:28:12.833 - 🔄 📥 [Poll #1284] Starting live arbs fetch...
2026-02-14 16:28:12.833 - ⚠️ 🔄 [Poll #1284] Previous ingestion still running, skipping
2026-02-14 16:28:14.834 - 🔄 📥 [Poll #1285] Starting live arbs fetch...
2026-02-14 16:28:14.834 - ⚠️ 🔄 [Poll #1285] Previous ingestion still running, skipping
2026-02-14 16:28:16.852 - 🔄 📥 [Poll #1286] Starting live arbs fetch...
2026-02-14 16:28:16.852 - ⚠️ 🔄 [Poll #1286] Previous ingestion still running, skipping
2026-02-14 16:28:18.834 - 🔄 📥 [Poll #1287] Starting live arbs fetch...
2026-02-14 16:28:18.834 - ⚠️ 🔄 [Poll #1287] Previous ingestion still running, skipping
2026-02-14 16:28:20.833 - 🔄 📥 [Poll #1288] Starting live arbs fetch...
2026-02-14 16:28:20.833 - ⚠️ 🔄 [Poll #1288] Previous ingestion still running, skipping
2026-02-14 16:28:22.834 - 🔄 📥 [Poll #1289] Starting live arbs fetch...
2026-02-14 16:28:22.834 - ⚠️ 🔄 [Poll #1289] Previous ingestion still running, skipping
2026-02-14 16:28:24.833 - 🔄 📥 [Poll #1290] Starting live arbs fetch...
2026-02-14 16:28:24.833 - ⚠️ 🔄 [Poll #1290] Previous ingestion still running, skipping
2026-02-14 16:28:26.833 - 🔄 📥 [Poll #1291] Starting live arbs fetch...
2026-02-14 16:28:26.833 - ⚠️ 🔄 [Poll #1291] Previous ingestion still running, skipping
2026-02-14 16:28:28.840 - 🔄 📥 [Poll #1292] Starting live arbs fetch...
2026-02-14 16:28:28.840 - ⚠️ 🔄 [Poll #1292] Previous ingestion still running, skipping
2026-02-14 16:28:30.834 - 🔄 📥 [Poll #1293] Starting live arbs fetch...
2026-02-14 16:28:30.834 - ⚠️ 🔄 [Poll #1293] Previous ingestion still running, skipping
2026-02-14 16:28:32.835 - 🔄 📥 [Poll #1294] Starting live arbs fetch...
2026-02-14 16:28:32.835 - ⚠️ 🔄 [Poll #1294] Previous ingestion still running, skipping
2026-02-14 16:28:34.833 - 🔄 📥 [Poll #1295] Starting live arbs fetch...
2026-02-14 16:28:34.833 - ⚠️ 🔄 [Poll #1295] Previous ingestion still running, skipping
2026-02-14 16:28:36.863 - 🔄 📥 [Poll #1296] Starting live arbs fetch...
2026-02-14 16:28:36.864 - ⚠️ 🔄 [Poll #1296] Previous ingestion still running, skipping
2026-02-14 16:28:38.843 - 🔄 📥 [Poll #1297] Starting live arbs fetch...
2026-02-14 16:28:38.843 - ⚠️ 🔄 [Poll #1297] Previous ingestion still running, skipping
2026-02-14 16:28:40.851 - 🔄 📥 [Poll #1298] Starting live arbs fetch...
2026-02-14 16:28:40.852 - ⚠️ 🔄 [Poll #1298] Previous ingestion still running, skipping
2026-02-14 16:28:42.835 - 🔄 📥 [Poll #1299] Starting live arbs fetch...
2026-02-14 16:28:42.835 - ⚠️ 🔄 [Poll #1299] Previous ingestion still running, skipping
2026-02-14 16:28:44.835 - 🔄 📥 [Poll #1300] Starting live arbs fetch...
2026-02-14 16:28:44.835 - ⚠️ 🔄 [Poll #1300] Previous ingestion still running, skipping
2026-02-14 16:28:46.833 - 🔄 📥 [Poll #1301] Starting live arbs fetch...
2026-02-14 16:28:46.833 - ⚠️ 🔄 [Poll #1301] Previous ingestion still running, skipping
2026-02-14 16:28:48.840 - 🔄 📥 [Poll #1302] Starting live arbs fetch...
2026-02-14 16:28:48.840 - ⚠️ 🔄 [Poll #1302] Previous ingestion still running, skipping
2026-02-14 16:28:51.732 - 🔄 📥 [Poll #1303] Starting live arbs fetch...
2026-02-14 16:28:51.732 - ⚠️ 🔄 [Poll #1303] Previous ingestion still running, skipping
2026-02-14 16:28:52.872 - 🔄 📥 [Poll #1304] Starting live arbs fetch...
2026-02-14 16:28:52.872 - ⚠️ 🔄 [Poll #1304] Previous ingestion still running, skipping
2026-02-14 16:28:54.833 - 🔄 📥 [Poll #1305] Starting live arbs fetch...
2026-02-14 16:28:54.833 - ⚠️ 🔄 [Poll #1305] Previous ingestion still running, skipping
2026-02-14 16:28:56.913 - 🔄 📥 [Poll #1306] Starting live arbs fetch...
2026-02-14 16:28:56.913 - ⚠️ 🔄 [Poll #1306] Previous ingestion still running, skipping
2026-02-14 16:28:58.835 - 🔄 📥 [Poll #1307] Starting live arbs fetch...
2026-02-14 16:28:58.835 - ⚠️ 🔄 [Poll #1307] Previous ingestion still running, skipping
2026-02-14 16:29:00.841 - 🔄 📥 [Poll #1308] Starting live arbs fetch...
2026-02-14 16:29:00.841 - ⚠️ 🔄 [Poll #1308] Previous ingestion still running, skipping
2026-02-14 16:29:02.842 - 🔄 📥 [Poll #1309] Starting live arbs fetch...
2026-02-14 16:29:02.842 - ⚠️ 🔄 [Poll #1309] Previous ingestion still running, skipping
2026-02-14 16:29:04.843 - 🔄 📥 [Poll #1310] Starting live arbs fetch...
2026-02-14 16:29:04.843 - ⚠️ 🔄 [Poll #1310] Previous ingestion still running, skipping
2026-02-14 16:29:06.834 - 🔄 📥 [Poll #1311] Starting live arbs fetch...
2026-02-14 16:29:06.834 - ⚠️ 🔄 [Poll #1311] Previous ingestion still running, skipping
2026-02-14 16:29:08.835 - 🔄 📥 [Poll #1312] Starting live arbs fetch...
2026-02-14 16:29:08.835 - ⚠️ 🔄 [Poll #1312] Previous ingestion still running, skipping
2026-02-14 16:29:10.849 - 🔄 📥 [Poll #1313] Starting live arbs fetch...
2026-02-14 16:29:10.849 - ⚠️ 🔄 [Poll #1313] Previous ingestion still running, skipping
2026-02-14 16:29:12.833 - 🔄 📥 [Poll #1314] Starting live arbs fetch...
2026-02-14 16:29:12.833 - ⚠️ 🔄 [Poll #1314] Previous ingestion still running, skipping
2026-02-14 16:29:14.844 - 🔄 📥 [Poll #1315] Starting live arbs fetch...
2026-02-14 16:29:14.844 - ⚠️ 🔄 [Poll #1315] Previous ingestion still running, skipping
2026-02-14 16:29:16.840 - 🔄 📥 [Poll #1316] Starting live arbs fetch...
2026-02-14 16:29:16.840 - ⚠️ 🔄 [Poll #1316] Previous ingestion still running, skipping
2026-02-14 16:29:18.833 - 🔄 📥 [Poll #1317] Starting live arbs fetch...
2026-02-14 16:29:18.833 - ⚠️ 🔄 [Poll #1317] Previous ingestion still running, skipping
2026-02-14 16:29:20.834 - 🔄 📥 [Poll #1318] Starting live arbs fetch...
2026-02-14 16:29:20.834 - ⚠️ 🔄 [Poll #1318] Previous ingestion still running, skipping
2026-02-14 16:29:22.833 - 🔄 📥 [Poll #1319] Starting live arbs fetch...
2026-02-14 16:29:22.833 - ⚠️ 🔄 [Poll #1319] Previous ingestion still running, skipping
2026-02-14 16:29:24.845 - 🔄 📥 [Poll #1320] Starting live arbs fetch...
2026-02-14 16:29:24.845 - ⚠️ 🔄 [Poll #1320] Previous ingestion still running, skipping
2026-02-14 16:29:26.849 - 🔄 📥 [Poll #1321] Starting live arbs fetch...
2026-02-14 16:29:26.849 - ⚠️ 🔄 [Poll #1321] Previous ingestion still running, skipping
2026-02-14 16:29:28.840 - 🔄 📥 [Poll #1322] Starting live arbs fetch...
2026-02-14 16:29:28.840 - ⚠️ 🔄 [Poll #1322] Previous ingestion still running, skipping
2026-02-14 16:29:30.833 - 🔄 📥 [Poll #1323] Starting live arbs fetch...
2026-02-14 16:29:30.833 - ⚠️ 🔄 [Poll #1323] Previous ingestion still running, skipping
2026-02-14 16:29:32.834 - 🔄 📥 [Poll #1324] Starting live arbs fetch...
2026-02-14 16:29:32.834 - ⚠️ 🔄 [Poll #1324] Previous ingestion still running, skipping
2026-02-14 16:29:34.834 - 🔄 📥 [Poll #1325] Starting live arbs fetch...
2026-02-14 16:29:34.834 - ⚠️ 🔄 [Poll #1325] Previous ingestion still running, skipping
2026-02-14 16:29:36.834 - 🔄 📥 [Poll #1326] Starting live arbs fetch...
2026-02-14 16:29:36.834 - ⚠️ 🔄 [Poll #1326] Previous ingestion still running, skipping
2026-02-14 16:29:38.833 - 🔄 📥 [Poll #1327] Starting live arbs fetch...
2026-02-14 16:29:38.833 - ⚠️ 🔄 [Poll #1327] Previous ingestion still running, skipping
2026-02-14 16:29:40.834 - 🔄 📥 [Poll #1328] Starting live arbs fetch...
2026-02-14 16:29:40.834 - ⚠️ 🔄 [Poll #1328] Previous ingestion still running, skipping
2026-02-14 16:29:42.835 - 🔄 📥 [Poll #1329] Starting live arbs fetch...
2026-02-14 16:29:42.835 - ⚠️ 🔄 [Poll #1329] Previous ingestion still running, skipping
2026-02-14 16:29:44.833 - 🔄 📥 [Poll #1330] Starting live arbs fetch...
2026-02-14 16:29:44.833 - ⚠️ 🔄 [Poll #1330] Previous ingestion still running, skipping
2026-02-14 16:29:46.842 - 🔄 📥 [Poll #1331] Starting live arbs fetch...
2026-02-14 16:29:46.843 - ⚠️ 🔄 [Poll #1331] Previous ingestion still running, skipping
2026-02-14 16:29:48.838 - 🔄 📥 [Poll #1332] Starting live arbs fetch...
2026-02-14 16:29:48.838 - ⚠️ 🔄 [Poll #1332] Previous ingestion still running, skipping
2026-02-14 16:29:50.835 - 🔄 📥 [Poll #1333] Starting live arbs fetch...
2026-02-14 16:29:50.835 - ⚠️ 🔄 [Poll #1333] Previous ingestion still running, skipping
2026-02-14 16:29:52.836 - 🔄 📥 [Poll #1334] Starting live arbs fetch...
2026-02-14 16:29:52.836 - ⚠️ 🔄 [Poll #1334] Previous ingestion still running, skipping
2026-02-14 16:29:54.908 - 🔄 📥 [Poll #1335] Starting live arbs fetch...
2026-02-14 16:29:54.909 - ⚠️ 🔄 [Poll #1335] Previous ingestion still running, skipping
2026-02-14 16:29:56.844 - 🔄 📥 [Poll #1336] Starting live arbs fetch...
2026-02-14 16:29:56.844 - ⚠️ 🔄 [Poll #1336] Previous ingestion still running, skipping
2026-02-14 16:29:58.834 - 🔄 📥 [Poll #1337] Starting live arbs fetch...
2026-02-14 16:29:58.834 - ⚠️ 🔄 [Poll #1337] Previous ingestion still running, skipping
2026-02-14 16:30:00.833 - 🔄 📥 [Poll #1338] Starting live arbs fetch...
2026-02-14 16:30:00.833 - ⚠️ 🔄 [Poll #1338] Previous ingestion still running, skipping
2026-02-14 16:30:02.834 - 🔄 📥 [Poll #1339] Starting live arbs fetch...
2026-02-14 16:30:02.834 - ⚠️ 🔄 [Poll #1339] Previous ingestion still running, skipping
2026-02-14 16:30:04.833 - 🔄 📥 [Poll #1340] Starting live arbs fetch...
2026-02-14 16:30:04.833 - ⚠️ 🔄 [Poll #1340] Previous ingestion still running, skipping
2026-02-14 16:30:06.836 - 🔄 📥 [Poll #1341] Starting live arbs fetch...
2026-02-14 16:30:06.836 - ⚠️ 🔄 [Poll #1341] Previous ingestion still running, skipping
2026-02-14 16:30:08.835 - 🔄 📥 [Poll #1342] Starting live arbs fetch...
2026-02-14 16:30:08.835 - ⚠️ 🔄 [Poll #1342] Previous ingestion still running, skipping
2026-02-14 16:30:10.834 - 🔄 📥 [Poll #1343] Starting live arbs fetch...
2026-02-14 16:30:10.834 - ⚠️ 🔄 [Poll #1343] Previous ingestion still running, skipping
2026-02-14 16:30:12.833 - 🔄 📥 [Poll #1344] Starting live arbs fetch...
2026-02-14 16:30:12.833 - ⚠️ 🔄 [Poll #1344] Previous ingestion still running, skipping
2026-02-14 16:30:14.834 - 🔄 📥 [Poll #1345] Starting live arbs fetch...
2026-02-14 16:30:14.834 - ⚠️ 🔄 [Poll #1345] Previous ingestion still running, skipping
2026-02-14 16:30:16.834 - 🔄 📥 [Poll #1346] Starting live arbs fetch...
2026-02-14 16:30:16.834 - ⚠️ 🔄 [Poll #1346] Previous ingestion still running, skipping
2026-02-14 16:30:18.848 - 🔄 📥 [Poll #1347] Starting live arbs fetch...
2026-02-14 16:30:18.848 - ⚠️ 🔄 [Poll #1347] Previous ingestion still running, skipping
2026-02-14 16:30:20.845 - 🔄 📥 [Poll #1348] Starting live arbs fetch...
2026-02-14 16:30:20.845 - ⚠️ 🔄 [Poll #1348] Previous ingestion still running, skipping
2026-02-14 16:30:22.839 - 🔄 📥 [Poll #1349] Starting live arbs fetch...
2026-02-14 16:30:22.839 - ⚠️ 🔄 [Poll #1349] Previous ingestion still running, skipping
2026-02-14 16:30:24.837 - 🔄 📥 [Poll #1350] Starting live arbs fetch...
2026-02-14 16:30:24.837 - ⚠️ 🔄 [Poll #1350] Previous ingestion still running, skipping
2026-02-14 16:30:26.833 - 🔄 📥 [Poll #1351] Starting live arbs fetch...
2026-02-14 16:30:26.833 - ⚠️ 🔄 [Poll #1351] Previous ingestion still running, skipping
2026-02-14 16:30:28.846 - 🔄 📥 [Poll #1352] Starting live arbs fetch...
2026-02-14 16:30:28.847 - ⚠️ 🔄 [Poll #1352] Previous ingestion still running, skipping
2026-02-14 16:30:30.833 - 🔄 📥 [Poll #1353] Starting live arbs fetch...
2026-02-14 16:30:30.833 - ⚠️ 🔄 [Poll #1353] Previous ingestion still running, skipping
2026-02-14 16:30:32.836 - 🔄 📥 [Poll #1354] Starting live arbs fetch...
2026-02-14 16:30:32.836 - ⚠️ 🔄 [Poll #1354] Previous ingestion still running, skipping
2026-02-14 16:30:34.836 - 🔄 📥 [Poll #1355] Starting live arbs fetch...
2026-02-14 16:30:34.836 - ⚠️ 🔄 [Poll #1355] Previous ingestion still running, skipping
2026-02-14 16:30:38.571 - 🔄 📥 [Poll #1356] Starting live arbs fetch...
2026-02-14 16:30:38.571 - ⚠️ 🔄 [Poll #1356] Previous ingestion still running, skipping
2026-02-14 16:30:38.901 - 🔄 📥 [Poll #1357] Starting live arbs fetch...
2026-02-14 16:30:38.902 - ⚠️ 🔄 [Poll #1357] Previous ingestion still running, skipping
2026-02-14 16:30:40.840 - 🔄 📥 [Poll #1358] Starting live arbs fetch...
2026-02-14 16:30:40.845 - ⚠️ 🔄 [Poll #1358] Previous ingestion still running, skipping
2026-02-14 16:30:42.838 - 🔄 📥 [Poll #1359] Starting live arbs fetch...
2026-02-14 16:30:42.838 - ⚠️ 🔄 [Poll #1359] Previous ingestion still running, skipping
2026-02-14 16:30:44.837 - 🔄 📥 [Poll #1360] Starting live arbs fetch...
2026-02-14 16:30:44.838 - ⚠️ 🔄 [Poll #1360] Previous ingestion still running, skipping
2026-02-14 16:30:46.847 - 🔄 📥 [Poll #1361] Starting live arbs fetch...
2026-02-14 16:30:46.847 - ⚠️ 🔄 [Poll #1361] Previous ingestion still running, skipping
2026-02-14 16:30:48.840 - 🔄 📥 [Poll #1362] Starting live arbs fetch...
2026-02-14 16:30:48.840 - ⚠️ 🔄 [Poll #1362] Previous ingestion still running, skipping
2026-02-14 16:30:50.836 - 🔄 📥 [Poll #1363] Starting live arbs fetch...
2026-02-14 16:30:50.836 - ⚠️ 🔄 [Poll #1363] Previous ingestion still running, skipping
2026-02-14 16:30:52.869 - 🔄 📥 [Poll #1364] Starting live arbs fetch...
2026-02-14 16:30:52.869 - ⚠️ 🔄 [Poll #1364] Previous ingestion still running, skipping
2026-02-14 16:30:54.866 - 🔄 📥 [Poll #1365] Starting live arbs fetch...
2026-02-14 16:30:54.867 - ⚠️ 🔄 [Poll #1365] Previous ingestion still running, skipping
2026-02-14 16:30:56.837 - 🔄 📥 [Poll #1366] Starting live arbs fetch...
2026-02-14 16:30:56.837 - ⚠️ 🔄 [Poll #1366] Previous ingestion still running, skipping
2026-02-14 16:30:58.844 - 🔄 📥 [Poll #1367] Starting live arbs fetch...
2026-02-14 16:30:58.844 - ⚠️ 🔄 [Poll #1367] Previous ingestion still running, skipping
2026-02-14 16:31:00.835 - 🔄 📥 [Poll #1368] Starting live arbs fetch...
2026-02-14 16:31:00.835 - ⚠️ 🔄 [Poll #1368] Previous ingestion still running, skipping
2026-02-14 16:31:02.847 - 🔄 📥 [Poll #1369] Starting live arbs fetch...
2026-02-14 16:31:02.848 - ⚠️ 🔄 [Poll #1369] Previous ingestion still running, skipping
2026-02-14 16:31:04.846 - 🔄 📥 [Poll #1370] Starting live arbs fetch...
2026-02-14 16:31:04.847 - ⚠️ 🔄 [Poll #1370] Previous ingestion still running, skipping
2026-02-14 16:31:06.839 - 🔄 📥 [Poll #1371] Starting live arbs fetch...
2026-02-14 16:31:06.839 - ⚠️ 🔄 [Poll #1371] Previous ingestion still running, skipping
2026-02-14 16:31:08.836 - 🔄 📥 [Poll #1372] Starting live arbs fetch...
2026-02-14 16:31:08.836 - ⚠️ 🔄 [Poll #1372] Previous ingestion still running, skipping
2026-02-14 16:31:10.836 - 🔄 📥 [Poll #1373] Starting live arbs fetch...
2026-02-14 16:31:10.836 - ⚠️ 🔄 [Poll #1373] Previous ingestion still running, skipping
2026-02-14 16:31:12.841 - 🔄 📥 [Poll #1374] Starting live arbs fetch...
2026-02-14 16:31:12.841 - ⚠️ 🔄 [Poll #1374] Previous ingestion still running, skipping
2026-02-14 16:31:14.841 - 🔄 📥 [Poll #1375] Starting live arbs fetch...
2026-02-14 16:31:14.841 - ⚠️ 🔄 [Poll #1375] Previous ingestion still running, skipping
2026-02-14 16:31:16.844 - 🔄 📥 [Poll #1376] Starting live arbs fetch...
2026-02-14 16:31:16.844 - ⚠️ 🔄 [Poll #1376] Previous ingestion still running, skipping
2026-02-14 16:31:18.833 - 🔄 📥 [Poll #1377] Starting live arbs fetch...
2026-02-14 16:31:18.833 - ⚠️ 🔄 [Poll #1377] Previous ingestion still running, skipping
2026-02-14 16:31:20.840 - 🔄 📥 [Poll #1378] Starting live arbs fetch...
2026-02-14 16:31:20.840 - ⚠️ 🔄 [Poll #1378] Previous ingestion still running, skipping
2026-02-14 16:31:22.833 - 🔄 📥 [Poll #1379] Starting live arbs fetch...
2026-02-14 16:31:22.833 - ⚠️ 🔄 [Poll #1379] Previous ingestion still running, skipping
2026-02-14 16:31:24.842 - 🔄 📥 [Poll #1380] Starting live arbs fetch...
2026-02-14 16:31:24.842 - ⚠️ 🔄 [Poll #1380] Previous ingestion still running, skipping
2026-02-14 16:31:26.840 - 🔄 📥 [Poll #1381] Starting live arbs fetch...
2026-02-14 16:31:26.841 - ⚠️ 🔄 [Poll #1381] Previous ingestion still running, skipping
2026-02-14 16:31:28.841 - 🔄 📥 [Poll #1382] Starting live arbs fetch...
2026-02-14 16:31:28.841 - ⚠️ 🔄 [Poll #1382] Previous ingestion still running, skipping
2026-02-14 16:31:30.848 - 🔄 📥 [Poll #1383] Starting live arbs fetch...
2026-02-14 16:31:30.848 - ⚠️ 🔄 [Poll #1383] Previous ingestion still running, skipping
2026-02-14 16:31:32.836 - 🔄 📥 [Poll #1384] Starting live arbs fetch...
2026-02-14 16:31:32.837 - ⚠️ 🔄 [Poll #1384] Previous ingestion still running, skipping
2026-02-14 16:31:34.840 - 🔄 📥 [Poll #1385] Starting live arbs fetch...
2026-02-14 16:31:34.840 - ⚠️ 🔄 [Poll #1385] Previous ingestion still running, skipping
2026-02-14 16:31:36.835 - 🔄 📥 [Poll #1386] Starting live arbs fetch...
2026-02-14 16:31:36.835 - ⚠️ 🔄 [Poll #1386] Previous ingestion still running, skipping
2026-02-14 16:31:38.834 - 🔄 📥 [Poll #1387] Starting live arbs fetch...
2026-02-14 16:31:38.834 - ⚠️ 🔄 [Poll #1387] Previous ingestion still running, skipping
2026-02-14 16:31:40.834 - 🔄 📥 [Poll #1388] Starting live arbs fetch...
2026-02-14 16:31:40.834 - ⚠️ 🔄 [Poll #1388] Previous ingestion still running, skipping
2026-02-14 16:31:42.833 - 🔄 📥 [Poll #1389] Starting live arbs fetch...
2026-02-14 16:31:42.833 - ⚠️ 🔄 [Poll #1389] Previous ingestion still running, skipping
2026-02-14 16:31:44.833 - 🔄 📥 [Poll #1390] Starting live arbs fetch...
2026-02-14 16:31:44.833 - ⚠️ 🔄 [Poll #1390] Previous ingestion still running, skipping
2026-02-14 16:31:46.837 - 🔄 📥 [Poll #1391] Starting live arbs fetch...
2026-02-14 16:31:46.837 - ⚠️ 🔄 [Poll #1391] Previous ingestion still running, skipping
2026-02-14 16:31:48.833 - 🔄 📥 [Poll #1392] Starting live arbs fetch...
2026-02-14 16:31:48.833 - ⚠️ 🔄 [Poll #1392] Previous ingestion still running, skipping
2026-02-14 16:31:50.833 - 🔄 📥 [Poll #1393] Starting live arbs fetch...
2026-02-14 16:31:50.833 - ⚠️ 🔄 [Poll #1393] Previous ingestion still running, skipping
2026-02-14 16:31:52.843 - 🔄 📥 [Poll #1394] Starting live arbs fetch...
2026-02-14 16:31:52.843 - ⚠️ 🔄 [Poll #1394] Previous ingestion still running, skipping
2026-02-14 16:31:54.835 - 🔄 📥 [Poll #1395] Starting live arbs fetch...
2026-02-14 16:31:54.836 - ⚠️ 🔄 [Poll #1395] Previous ingestion still running, skipping
2026-02-14 16:31:56.877 - 🔄 📥 [Poll #1396] Starting live arbs fetch...
2026-02-14 16:31:56.877 - ⚠️ 🔄 [Poll #1396] Previous ingestion still running, skipping
2026-02-14 16:31:58.840 - 🔄 📥 [Poll #1397] Starting live arbs fetch...
2026-02-14 16:31:58.840 - ⚠️ 🔄 [Poll #1397] Previous ingestion still running, skipping
2026-02-14 16:32:00.879 - 🔄 📥 [Poll #1398] Starting live arbs fetch...
2026-02-14 16:32:00.879 - ⚠️ 🔄 [Poll #1398] Previous ingestion still running, skipping
2026-02-14 16:32:02.837 - 🔄 📥 [Poll #1399] Starting live arbs fetch...
2026-02-14 16:32:02.837 - ⚠️ 🔄 [Poll #1399] Previous ingestion still running, skipping
2026-02-14 16:32:04.837 - 🔄 📥 [Poll #1400] Starting live arbs fetch...
2026-02-14 16:32:04.839 - ⚠️ 🔄 [Poll #1400] Previous ingestion still running, skipping
2026-02-14 16:32:06.844 - 🔄 📥 [Poll #1401] Starting live arbs fetch...
2026-02-14 16:32:06.845 - ⚠️ 🔄 [Poll #1401] Previous ingestion still running, skipping
2026-02-14 16:32:08.833 - 🔄 📥 [Poll #1402] Starting live arbs fetch...
2026-02-14 16:32:08.833 - ⚠️ 🔄 [Poll #1402] Previous ingestion still running, skipping
2026-02-14 16:32:10.844 - 🔄 📥 [Poll #1403] Starting live arbs fetch...
2026-02-14 16:32:10.844 - ⚠️ 🔄 [Poll #1403] Previous ingestion still running, skipping
2026-02-14 16:32:12.834 - 🔄 📥 [Poll #1404] Starting live arbs fetch...
2026-02-14 16:32:12.834 - ⚠️ 🔄 [Poll #1404] Previous ingestion still running, skipping
2026-02-14 16:32:14.845 - 🔄 📥 [Poll #1405] Starting live arbs fetch...
2026-02-14 16:32:14.845 - ⚠️ 🔄 [Poll #1405] Previous ingestion still running, skipping
2026-02-14 16:32:16.844 - 🔄 📥 [Poll #1406] Starting live arbs fetch...
2026-02-14 16:32:16.844 - ⚠️ 🔄 [Poll #1406] Previous ingestion still running, skipping
2026-02-14 16:32:18.841 - 🔄 📥 [Poll #1407] Starting live arbs fetch...
2026-02-14 16:32:18.841 - ⚠️ 🔄 [Poll #1407] Previous ingestion still running, skipping
2026-02-14 16:32:20.833 - 🔄 📥 [Poll #1408] Starting live arbs fetch...
2026-02-14 16:32:20.833 - ⚠️ 🔄 [Poll #1408] Previous ingestion still running, skipping
2026-02-14 16:32:22.837 - 🔄 📥 [Poll #1409] Starting live arbs fetch...
2026-02-14 16:32:22.837 - ⚠️ 🔄 [Poll #1409] Previous ingestion still running, skipping
2026-02-14 16:32:24.835 - 🔄 📥 [Poll #1410] Starting live arbs fetch...
2026-02-14 16:32:24.835 - ⚠️ 🔄 [Poll #1410] Previous ingestion still running, skipping
2026-02-14 16:32:26.834 - 🔄 📥 [Poll #1411] Starting live arbs fetch...
2026-02-14 16:32:26.834 - ⚠️ 🔄 [Poll #1411] Previous ingestion still running, skipping
2026-02-14 16:32:28.834 - 🔄 📥 [Poll #1412] Starting live arbs fetch...
2026-02-14 16:32:28.834 - ⚠️ 🔄 [Poll #1412] Previous ingestion still running, skipping
2026-02-14 16:32:30.835 - 🔄 📥 [Poll #1413] Starting live arbs fetch...
2026-02-14 16:32:30.835 - ⚠️ 🔄 [Poll #1413] Previous ingestion still running, skipping
2026-02-14 16:32:32.846 - 🔄 📥 [Poll #1414] Starting live arbs fetch...
2026-02-14 16:32:32.846 - ⚠️ 🔄 [Poll #1414] Previous ingestion still running, skipping
2026-02-14 16:32:34.881 - 🔄 📥 [Poll #1415] Starting live arbs fetch...
2026-02-14 16:32:34.881 - ⚠️ 🔄 [Poll #1415] Previous ingestion still running, skipping
2026-02-14 16:32:36.845 - 🔄 📥 [Poll #1416] Starting live arbs fetch...
2026-02-14 16:32:36.848 - ⚠️ 🔄 [Poll #1416] Previous ingestion still running, skipping
2026-02-14 16:32:38.836 - 🔄 📥 [Poll #1417] Starting live arbs fetch...
2026-02-14 16:32:38.836 - ⚠️ 🔄 [Poll #1417] Previous ingestion still running, skipping
2026-02-14 16:32:40.844 - 🔄 📥 [Poll #1418] Starting live arbs fetch...
2026-02-14 16:32:40.844 - ⚠️ 🔄 [Poll #1418] Previous ingestion still running, skipping
2026-02-14 16:32:42.846 - 🔄 📥 [Poll #1419] Starting live arbs fetch...
2026-02-14 16:32:42.846 - ⚠️ 🔄 [Poll #1419] Previous ingestion still running, skipping
2026-02-14 16:32:44.834 - 🔄 📥 [Poll #1420] Starting live arbs fetch...
2026-02-14 16:32:44.834 - ⚠️ 🔄 [Poll #1420] Previous ingestion still running, skipping
2026-02-14 16:32:46.834 - 🔄 📥 [Poll #1421] Starting live arbs fetch...
2026-02-14 16:32:46.834 - ⚠️ 🔄 [Poll #1421] Previous ingestion still running, skipping
2026-02-14 16:32:48.841 - 🔄 📥 [Poll #1422] Starting live arbs fetch...
2026-02-14 16:32:48.841 - ⚠️ 🔄 [Poll #1422] Previous ingestion still running, skipping
2026-02-14 16:32:50.846 - 🔄 📥 [Poll #1423] Starting live arbs fetch...
2026-02-14 16:32:50.847 - ⚠️ 🔄 [Poll #1423] Previous ingestion still running, skipping
2026-02-14 16:32:52.844 - 🔄 📥 [Poll #1424] Starting live arbs fetch...
2026-02-14 16:32:52.844 - ⚠️ 🔄 [Poll #1424] Previous ingestion still running, skipping
2026-02-14 16:32:54.834 - 🔄 📥 [Poll #1425] Starting live arbs fetch...
2026-02-14 16:32:54.834 - ⚠️ 🔄 [Poll #1425] Previous ingestion still running, skipping
2026-02-14 16:32:57.143 - 🔄 📥 [Poll #1426] Starting live arbs fetch...
2026-02-14 16:32:57.143 - ⚠️ 🔄 [Poll #1426] Previous ingestion still running, skipping
2026-02-14 16:32:58.840 - 🔄 📥 [Poll #1427] Starting live arbs fetch...
2026-02-14 16:32:58.840 - ⚠️ 🔄 [Poll #1427] Previous ingestion still running, skipping
2026-02-14 16:33:00.866 - 🔄 📥 [Poll #1428] Starting live arbs fetch...
2026-02-14 16:33:00.867 - ⚠️ 🔄 [Poll #1428] Previous ingestion still running, skipping
2026-02-14 16:33:02.836 - 🔄 📥 [Poll #1429] Starting live arbs fetch...
2026-02-14 16:33:02.836 - ⚠️ 🔄 [Poll #1429] Previous ingestion still running, skipping
2026-02-14 16:33:04.843 - 🔄 📥 [Poll #1430] Starting live arbs fetch...
2026-02-14 16:33:04.843 - ⚠️ 🔄 [Poll #1430] Previous ingestion still running, skipping
2026-02-14 16:33:06.845 - 🔄 📥 [Poll #1431] Starting live arbs fetch...
2026-02-14 16:33:06.845 - ⚠️ 🔄 [Poll #1431] Previous ingestion still running, skipping
2026-02-14 16:33:08.842 - 🔄 📥 [Poll #1432] Starting live arbs fetch...
2026-02-14 16:33:08.842 - ⚠️ 🔄 [Poll #1432] Previous ingestion still running, skipping
2026-02-14 16:33:10.834 - 🔄 📥 [Poll #1433] Starting live arbs fetch...
2026-02-14 16:33:10.834 - ⚠️ 🔄 [Poll #1433] Previous ingestion still running, skipping
2026-02-14 16:33:12.835 - 🔄 📥 [Poll #1434] Starting live arbs fetch...
2026-02-14 16:33:12.835 - ⚠️ 🔄 [Poll #1434] Previous ingestion still running, skipping
2026-02-14 16:33:14.834 - 🔄 📥 [Poll #1435] Starting live arbs fetch...
2026-02-14 16:33:14.834 - ⚠️ 🔄 [Poll #1435] Previous ingestion still running, skipping
2026-02-14 16:33:16.833 - 🔄 📥 [Poll #1436] Starting live arbs fetch...
2026-02-14 16:33:16.833 - ⚠️ 🔄 [Poll #1436] Previous ingestion still running, skipping
2026-02-14 16:33:18.851 - 🔄 📥 [Poll #1437] Starting live arbs fetch...
2026-02-14 16:33:18.851 - ⚠️ 🔄 [Poll #1437] Previous ingestion still running, skipping
2026-02-14 16:33:20.835 - 🔄 📥 [Poll #1438] Starting live arbs fetch...
2026-02-14 16:33:20.835 - ⚠️ 🔄 [Poll #1438] Previous ingestion still running, skipping
2026-02-14 16:33:22.833 - 🔄 📥 [Poll #1439] Starting live arbs fetch...
2026-02-14 16:33:22.833 - ⚠️ 🔄 [Poll #1439] Previous ingestion still running, skipping
2026-02-14 16:33:24.834 - 🔄 📥 [Poll #1440] Starting live arbs fetch...
2026-02-14 16:33:24.834 - ⚠️ 🔄 [Poll #1440] Previous ingestion still running, skipping
2026-02-14 16:33:26.834 - 🔄 📥 [Poll #1441] Starting live arbs fetch...
2026-02-14 16:33:26.834 - ⚠️ 🔄 [Poll #1441] Previous ingestion still running, skipping
2026-02-14 16:33:28.864 - 🔄 📥 [Poll #1442] Starting live arbs fetch...
2026-02-14 16:33:28.865 - ⚠️ 🔄 [Poll #1442] Previous ingestion still running, skipping
2026-02-14 16:33:30.840 - 🔄 📥 [Poll #1443] Starting live arbs fetch...
2026-02-14 16:33:30.840 - ⚠️ 🔄 [Poll #1443] Previous ingestion still running, skipping
2026-02-14 16:33:32.848 - 🔄 📥 [Poll #1444] Starting live arbs fetch...
2026-02-14 16:33:32.848 - ⚠️ 🔄 [Poll #1444] Previous ingestion still running, skipping
2026-02-14 16:33:34.872 - 🔄 📥 [Poll #1445] Starting live arbs fetch...
2026-02-14 16:33:34.872 - ⚠️ 🔄 [Poll #1445] Previous ingestion still running, skipping
2026-02-14 16:33:36.834 - 🔄 📥 [Poll #1446] Starting live arbs fetch...
2026-02-14 16:33:36.834 - ⚠️ 🔄 [Poll #1446] Previous ingestion still running, skipping
2026-02-14 16:33:38.836 - 🔄 📥 [Poll #1447] Starting live arbs fetch...
2026-02-14 16:33:38.836 - ⚠️ 🔄 [Poll #1447] Previous ingestion still running, skipping
2026-02-14 16:33:40.834 - 🔄 📥 [Poll #1448] Starting live arbs fetch...
2026-02-14 16:33:40.836 - ⚠️ 🔄 [Poll #1448] Previous ingestion still running, skipping
2026-02-14 16:33:42.834 - 🔄 📥 [Poll #1449] Starting live arbs fetch...
2026-02-14 16:33:42.834 - ⚠️ 🔄 [Poll #1449] Previous ingestion still running, skipping
2026-02-14 16:33:44.834 - 🔄 📥 [Poll #1450] Starting live arbs fetch...
2026-02-14 16:33:44.834 - ⚠️ 🔄 [Poll #1450] Previous ingestion still running, skipping
2026-02-14 16:33:46.845 - 🔄 📥 [Poll #1451] Starting live arbs fetch...
2026-02-14 16:33:46.845 - ⚠️ 🔄 [Poll #1451] Previous ingestion still running, skipping
2026-02-14 16:33:48.843 - 🔄 📥 [Poll #1452] Starting live arbs fetch...
2026-02-14 16:33:48.843 - ⚠️ 🔄 [Poll #1452] Previous ingestion still running, skipping
2026-02-14 16:33:50.834 - 🔄 📥 [Poll #1453] Starting live arbs fetch...
2026-02-14 16:33:50.834 - ⚠️ 🔄 [Poll #1453] Previous ingestion still running, skipping
2026-02-14 16:33:52.834 - 🔄 📥 [Poll #1454] Starting live arbs fetch...
2026-02-14 16:33:52.834 - ⚠️ 🔄 [Poll #1454] Previous ingestion still running, skipping
2026-02-14 16:33:54.842 - 🔄 📥 [Poll #1455] Starting live arbs fetch...
2026-02-14 16:33:54.842 - ⚠️ 🔄 [Poll #1455] Previous ingestion still running, skipping
2026-02-14 16:33:56.847 - 🔄 📥 [Poll #1456] Starting live arbs fetch...
2026-02-14 16:33:56.848 - ⚠️ 🔄 [Poll #1456] Previous ingestion still running, skipping
2026-02-14 16:33:58.834 - 🔄 📥 [Poll #1457] Starting live arbs fetch...
2026-02-14 16:33:58.834 - ⚠️ 🔄 [Poll #1457] Previous ingestion still running, skipping
2026-02-14 16:34:00.834 - 🔄 📥 [Poll #1458] Starting live arbs fetch...
2026-02-14 16:34:00.834 - ⚠️ 🔄 [Poll #1458] Previous ingestion still running, skipping
2026-02-14 16:34:02.896 - 🔄 📥 [Poll #1459] Starting live arbs fetch...
2026-02-14 16:34:02.896 - ⚠️ 🔄 [Poll #1459] Previous ingestion still running, skipping
2026-02-14 16:34:04.843 - 🔄 📥 [Poll #1460] Starting live arbs fetch...
2026-02-14 16:34:04.843 - ⚠️ 🔄 [Poll #1460] Previous ingestion still running, skipping
2026-02-14 16:34:06.839 - 🔄 📥 [Poll #1461] Starting live arbs fetch...
2026-02-14 16:34:06.839 - ⚠️ 🔄 [Poll #1461] Previous ingestion still running, skipping
2026-02-14 16:34:08.833 - 🔄 📥 [Poll #1462] Starting live arbs fetch...
2026-02-14 16:34:08.833 - ⚠️ 🔄 [Poll #1462] Previous ingestion still running, skipping
2026-02-14 16:34:10.844 - 🔄 📥 [Poll #1463] Starting live arbs fetch...
2026-02-14 16:34:10.844 - ⚠️ 🔄 [Poll #1463] Previous ingestion still running, skipping
2026-02-14 16:34:12.839 - 🔄 📥 [Poll #1464] Starting live arbs fetch...
2026-02-14 16:34:12.840 - ⚠️ 🔄 [Poll #1464] Previous ingestion still running, skipping
2026-02-14 16:34:14.833 - 🔄 📥 [Poll #1465] Starting live arbs fetch...
2026-02-14 16:34:14.833 - ⚠️ 🔄 [Poll #1465] Previous ingestion still running, skipping
2026-02-14 16:34:16.846 - 🔄 📥 [Poll #1466] Starting live arbs fetch...
2026-02-14 16:34:16.847 - ⚠️ 🔄 [Poll #1466] Previous ingestion still running, skipping
2026-02-14 16:34:18.846 - 🔄 📥 [Poll #1467] Starting live arbs fetch...
2026-02-14 16:34:18.847 - ⚠️ 🔄 [Poll #1467] Previous ingestion still running, skipping
2026-02-14 16:34:20.848 - 🔄 📥 [Poll #1468] Starting live arbs fetch...
2026-02-14 16:34:20.849 - ⚠️ 🔄 [Poll #1468] Previous ingestion still running, skipping
2026-02-14 16:34:22.844 - 🔄 📥 [Poll #1469] Starting live arbs fetch...
2026-02-14 16:34:22.846 - ⚠️ 🔄 [Poll #1469] Previous ingestion still running, skipping
2026-02-14 16:34:24.843 - 🔄 📥 [Poll #1470] Starting live arbs fetch...
2026-02-14 16:34:24.843 - ⚠️ 🔄 [Poll #1470] Previous ingestion still running, skipping
2026-02-14 16:34:26.839 - 🔄 📥 [Poll #1471] Starting live arbs fetch...
2026-02-14 16:34:26.839 - ⚠️ 🔄 [Poll #1471] Previous ingestion still running, skipping
2026-02-14 16:34:28.833 - 🔄 📥 [Poll #1472] Starting live arbs fetch...
2026-02-14 16:34:28.834 - ⚠️ 🔄 [Poll #1472] Previous ingestion still running, skipping
2026-02-14 16:34:30.833 - 🔄 📥 [Poll #1473] Starting live arbs fetch...
2026-02-14 16:34:30.833 - ⚠️ 🔄 [Poll #1473] Previous ingestion still running, skipping
2026-02-14 16:34:32.834 - 🔄 📥 [Poll #1474] Starting live arbs fetch...
2026-02-14 16:34:32.834 - ⚠️ 🔄 [Poll #1474] Previous ingestion still running, skipping
2026-02-14 16:34:34.841 - 🔄 📥 [Poll #1475] Starting live arbs fetch...
2026-02-14 16:34:34.841 - ⚠️ 🔄 [Poll #1475] Previous ingestion still running, skipping
2026-02-14 16:34:36.920 - 🔄 📥 [Poll #1476] Starting live arbs fetch...
2026-02-14 16:34:36.930 - ⚠️ 🔄 [Poll #1476] Previous ingestion still running, skipping
2026-02-14 16:34:38.834 - 🔄 📥 [Poll #1477] Starting live arbs fetch...
2026-02-14 16:34:38.834 - ⚠️ 🔄 [Poll #1477] Previous ingestion still running, skipping
2026-02-14 16:34:41.824 - 🔄 📥 [Poll #1478] Starting live arbs fetch...
2026-02-14 16:34:41.825 - ⚠️ 🔄 [Poll #1478] Previous ingestion still running, skipping
2026-02-14 16:34:42.834 - 🔄 📥 [Poll #1479] Starting live arbs fetch...
2026-02-14 16:34:42.834 - ⚠️ 🔄 [Poll #1479] Previous ingestion still running, skipping
2026-02-14 16:34:44.835 - 🔄 📥 [Poll #1480] Starting live arbs fetch...
2026-02-14 16:34:44.835 - ⚠️ 🔄 [Poll #1480] Previous ingestion still running, skipping
2026-02-14 16:34:46.834 - 🔄 📥 [Poll #1481] Starting live arbs fetch...
2026-02-14 16:34:46.834 - ⚠️ 🔄 [Poll #1481] Previous ingestion still running, skipping
2026-02-14 16:34:48.833 - 🔄 📥 [Poll #1482] Starting live arbs fetch...
2026-02-14 16:34:48.833 - ⚠️ 🔄 [Poll #1482] Previous ingestion still running, skipping
2026-02-14 16:34:50.834 - 🔄 📥 [Poll #1483] Starting live arbs fetch...
2026-02-14 16:34:50.834 - ⚠️ 🔄 [Poll #1483] Previous ingestion still running, skipping
2026-02-14 16:34:52.839 - 🔄 📥 [Poll #1484] Starting live arbs fetch...
2026-02-14 16:34:52.839 - ⚠️ 🔄 [Poll #1484] Previous ingestion still running, skipping
2026-02-14 16:34:54.842 - 🔄 📥 [Poll #1485] Starting live arbs fetch...
2026-02-14 16:34:54.842 - ⚠️ 🔄 [Poll #1485] Previous ingestion still running, skipping
2026-02-14 16:34:56.843 - 🔄 📥 [Poll #1486] Starting live arbs fetch...
2026-02-14 16:34:56.843 - ⚠️ 🔄 [Poll #1486] Previous ingestion still running, skipping
2026-02-14 16:34:58.889 - 🔄 📥 [Poll #1487] Starting live arbs fetch...
2026-02-14 16:34:58.889 - ⚠️ 🔄 [Poll #1487] Previous ingestion still running, skipping
2026-02-14 16:35:00.838 - 🔄 📥 [Poll #1488] Starting live arbs fetch...
2026-02-14 16:35:00.839 - ⚠️ 🔄 [Poll #1488] Previous ingestion still running, skipping
2026-02-14 16:35:02.844 - 🔄 📥 [Poll #1489] Starting live arbs fetch...
2026-02-14 16:35:02.844 - ⚠️ 🔄 [Poll #1489] Previous ingestion still running, skipping
2026-02-14 16:35:04.847 - 🔄 📥 [Poll #1490] Starting live arbs fetch...
2026-02-14 16:35:04.847 - ⚠️ 🔄 [Poll #1490] Previous ingestion still running, skipping
2026-02-14 16:35:06.875 - 🔄 📥 [Poll #1491] Starting live arbs fetch...
2026-02-14 16:35:06.876 - ⚠️ 🔄 [Poll #1491] Previous ingestion still running, skipping
2026-02-14 16:35:08.843 - 🔄 📥 [Poll #1492] Starting live arbs fetch...
2026-02-14 16:35:08.843 - ⚠️ 🔄 [Poll #1492] Previous ingestion still running, skipping
2026-02-14 16:35:10.838 - 🔄 📥 [Poll #1493] Starting live arbs fetch...
2026-02-14 16:35:10.838 - ⚠️ 🔄 [Poll #1493] Previous ingestion still running, skipping
2026-02-14 16:35:12.838 - 🔄 📥 [Poll #1494] Starting live arbs fetch...
2026-02-14 16:35:12.839 - ⚠️ 🔄 [Poll #1494] Previous ingestion still running, skipping
2026-02-14 16:35:14.836 - 🔄 📥 [Poll #1495] Starting live arbs fetch...
2026-02-14 16:35:14.836 - ⚠️ 🔄 [Poll #1495] Previous ingestion still running, skipping
2026-02-14 16:35:16.835 - 🔄 📥 [Poll #1496] Starting live arbs fetch...
2026-02-14 16:35:16.835 - ⚠️ 🔄 [Poll #1496] Previous ingestion still running, skipping
2026-02-14 16:35:18.834 - 🔄 📥 [Poll #1497] Starting live arbs fetch...
2026-02-14 16:35:18.834 - ⚠️ 🔄 [Poll #1497] Previous ingestion still running, skipping
2026-02-14 16:35:20.834 - 🔄 📥 [Poll #1498] Starting live arbs fetch...
2026-02-14 16:35:20.834 - ⚠️ 🔄 [Poll #1498] Previous ingestion still running, skipping
2026-02-14 16:35:22.834 - 🔄 📥 [Poll #1499] Starting live arbs fetch...
2026-02-14 16:35:22.834 - ⚠️ 🔄 [Poll #1499] Previous ingestion still running, skipping
2026-02-14 16:35:24.834 - 🔄 📥 [Poll #1500] Starting live arbs fetch...
2026-02-14 16:35:24.834 - ⚠️ 🔄 [Poll #1500] Previous ingestion still running, skipping
2026-02-14 16:35:26.833 - 🔄 📥 [Poll #1501] Starting live arbs fetch...
2026-02-14 16:35:26.833 - ⚠️ 🔄 [Poll #1501] Previous ingestion still running, skipping
2026-02-14 16:35:28.836 - 🔄 📥 [Poll #1502] Starting live arbs fetch...
2026-02-14 16:35:28.837 - ⚠️ 🔄 [Poll #1502] Previous ingestion still running, skipping
2026-02-14 16:35:30.837 - 🔄 📥 [Poll #1503] Starting live arbs fetch...
2026-02-14 16:35:30.837 - ⚠️ 🔄 [Poll #1503] Previous ingestion still running, skipping
2026-02-14 16:35:32.834 - 🔄 📥 [Poll #1504] Starting live arbs fetch...
2026-02-14 16:35:32.834 - ⚠️ 🔄 [Poll #1504] Previous ingestion still running, skipping
2026-02-14 16:35:34.833 - 🔄 📥 [Poll #1505] Starting live arbs fetch...
2026-02-14 16:35:34.833 - ⚠️ 🔄 [Poll #1505] Previous ingestion still running, skipping
2026-02-14 16:35:36.833 - 🔄 📥 [Poll #1506] Starting live arbs fetch...
2026-02-14 16:35:36.833 - ⚠️ 🔄 [Poll #1506] Previous ingestion still running, skipping
2026-02-14 16:35:38.834 - 🔄 📥 [Poll #1507] Starting live arbs fetch...
2026-02-14 16:35:38.834 - ⚠️ 🔄 [Poll #1507] Previous ingestion still running, skipping
2026-02-14 16:35:40.840 - 🔄 📥 [Poll #1508] Starting live arbs fetch...
2026-02-14 16:35:40.841 - ⚠️ 🔄 [Poll #1508] Previous ingestion still running, skipping
2026-02-14 16:35:42.844 - 🔄 📥 [Poll #1509] Starting live arbs fetch...
2026-02-14 16:35:42.844 - ⚠️ 🔄 [Poll #1509] Previous ingestion still running, skipping
2026-02-14 16:35:44.840 - 🔄 📥 [Poll #1510] Starting live arbs fetch...
2026-02-14 16:35:44.841 - ⚠️ 🔄 [Poll #1510] Previous ingestion still running, skipping
2026-02-14 16:35:46.833 - 🔄 📥 [Poll #1511] Starting live arbs fetch...
2026-02-14 16:35:46.834 - ⚠️ 🔄 [Poll #1511] Previous ingestion still running, skipping
2026-02-14 16:35:48.835 - 🔄 📥 [Poll #1512] Starting live arbs fetch...
2026-02-14 16:35:48.835 - ⚠️ 🔄 [Poll #1512] Previous ingestion still running, skipping
2026-02-14 16:35:50.834 - 🔄 📥 [Poll #1513] Starting live arbs fetch...
2026-02-14 16:35:50.834 - ⚠️ 🔄 [Poll #1513] Previous ingestion still running, skipping
2026-02-14 16:35:52.848 - 🔄 📥 [Poll #1514] Starting live arbs fetch...
2026-02-14 16:35:52.848 - ⚠️ 🔄 [Poll #1514] Previous ingestion still running, skipping
2026-02-14 16:35:54.850 - 🔄 📥 [Poll #1515] Starting live arbs fetch...
2026-02-14 16:35:54.851 - ⚠️ 🔄 [Poll #1515] Previous ingestion still running, skipping
2026-02-14 16:35:56.846 - 🔄 📥 [Poll #1516] Starting live arbs fetch...
2026-02-14 16:35:56.846 - ⚠️ 🔄 [Poll #1516] Previous ingestion still running, skipping
2026-02-14 16:35:58.848 - 🔄 📥 [Poll #1517] Starting live arbs fetch...
2026-02-14 16:35:58.848 - ⚠️ 🔄 [Poll #1517] Previous ingestion still running, skipping
2026-02-14 16:36:00.833 - 🔄 📥 [Poll #1518] Starting live arbs fetch...
2026-02-14 16:36:00.833 - ⚠️ 🔄 [Poll #1518] Previous ingestion still running, skipping
2026-02-14 16:36:02.843 - 🔄 📥 [Poll #1519] Starting live arbs fetch...
2026-02-14 16:36:02.843 - ⚠️ 🔄 [Poll #1519] Previous ingestion still running, skipping
2026-02-14 16:36:04.833 - 🔄 📥 [Poll #1520] Starting live arbs fetch...
2026-02-14 16:36:04.834 - ⚠️ 🔄 [Poll #1520] Previous ingestion still running, skipping
2026-02-14 16:36:06.850 - 🔄 📥 [Poll #1521] Starting live arbs fetch...
2026-02-14 16:36:06.850 - ⚠️ 🔄 [Poll #1521] Previous ingestion still running, skipping
2026-02-14 16:36:08.837 - 🔄 📥 [Poll #1522] Starting live arbs fetch...
2026-02-14 16:36:08.837 - ⚠️ 🔄 [Poll #1522] Previous ingestion still running, skipping
2026-02-14 16:36:10.861 - 🔄 📥 [Poll #1523] Starting live arbs fetch...
2026-02-14 16:36:10.862 - ⚠️ 🔄 [Poll #1523] Previous ingestion still running, skipping
2026-02-14 16:36:12.835 - 🔄 📥 [Poll #1524] Starting live arbs fetch...
2026-02-14 16:36:12.835 - ⚠️ 🔄 [Poll #1524] Previous ingestion still running, skipping
2026-02-14 16:36:14.835 - 🔄 📥 [Poll #1525] Starting live arbs fetch...
2026-02-14 16:36:14.835 - ⚠️ 🔄 [Poll #1525] Previous ingestion still running, skipping
2026-02-14 16:36:16.833 - 🔄 📥 [Poll #1526] Starting live arbs fetch...
2026-02-14 16:36:16.833 - ⚠️ 🔄 [Poll #1526] Previous ingestion still running, skipping
2026-02-14 16:36:18.834 - 🔄 📥 [Poll #1527] Starting live arbs fetch...
2026-02-14 16:36:18.834 - ⚠️ 🔄 [Poll #1527] Previous ingestion still running, skipping
2026-02-14 16:36:20.834 - 🔄 📥 [Poll #1528] Starting live arbs fetch...
2026-02-14 16:36:20.834 - ⚠️ 🔄 [Poll #1528] Previous ingestion still running, skipping
2026-02-14 16:36:22.842 - 🔄 📥 [Poll #1529] Starting live arbs fetch...
2026-02-14 16:36:22.842 - ⚠️ 🔄 [Poll #1529] Previous ingestion still running, skipping
2026-02-14 16:36:24.833 - 🔄 📥 [Poll #1530] Starting live arbs fetch...
2026-02-14 16:36:24.833 - ⚠️ 🔄 [Poll #1530] Previous ingestion still running, skipping
2026-02-14 16:36:26.851 - 🔄 📥 [Poll #1531] Starting live arbs fetch...
2026-02-14 16:36:26.851 - ⚠️ 🔄 [Poll #1531] Previous ingestion still running, skipping
2026-02-14 16:36:28.850 - 🔄 📥 [Poll #1532] Starting live arbs fetch...
2026-02-14 16:36:28.851 - ⚠️ 🔄 [Poll #1532] Previous ingestion still running, skipping
2026-02-14 16:36:30.842 - 🔄 📥 [Poll #1533] Starting live arbs fetch...
2026-02-14 16:36:30.842 - ⚠️ 🔄 [Poll #1533] Previous ingestion still running, skipping
2026-02-14 16:36:32.841 - 🔄 📥 [Poll #1534] Starting live arbs fetch...
2026-02-14 16:36:32.841 - ⚠️ 🔄 [Poll #1534] Previous ingestion still running, skipping
2026-02-14 16:36:34.834 - 🔄 📥 [Poll #1535] Starting live arbs fetch...
2026-02-14 16:36:34.834 - ⚠️ 🔄 [Poll #1535] Previous ingestion still running, skipping
2026-02-14 16:36:36.849 - 🔄 📥 [Poll #1536] Starting live arbs fetch...
2026-02-14 16:36:36.849 - ⚠️ 🔄 [Poll #1536] Previous ingestion still running, skipping
2026-02-14 16:36:38.838 - 🔄 📥 [Poll #1537] Starting live arbs fetch...
2026-02-14 16:36:38.838 - ⚠️ 🔄 [Poll #1537] Previous ingestion still running, skipping
2026-02-14 16:36:40.848 - 🔄 📥 [Poll #1538] Starting live arbs fetch...
2026-02-14 16:36:40.848 - ⚠️ 🔄 [Poll #1538] Previous ingestion still running, skipping
2026-02-14 16:36:42.838 - 🔄 📥 [Poll #1539] Starting live arbs fetch...
2026-02-14 16:36:42.838 - ⚠️ 🔄 [Poll #1539] Previous ingestion still running, skipping
2026-02-14 16:36:44.843 - 🔄 📥 [Poll #1540] Starting live arbs fetch...
2026-02-14 16:36:44.843 - ⚠️ 🔄 [Poll #1540] Previous ingestion still running, skipping
2026-02-14 16:36:46.842 - 🔄 📥 [Poll #1541] Starting live arbs fetch...
2026-02-14 16:36:46.842 - ⚠️ 🔄 [Poll #1541] Previous ingestion still running, skipping
2026-02-14 16:36:48.845 - 🔄 📥 [Poll #1542] Starting live arbs fetch...
2026-02-14 16:36:48.846 - ⚠️ 🔄 [Poll #1542] Previous ingestion still running, skipping
2026-02-14 16:36:50.837 - 🔄 📥 [Poll #1543] Starting live arbs fetch...
2026-02-14 16:36:50.837 - ⚠️ 🔄 [Poll #1543] Previous ingestion still running, skipping
2026-02-14 16:36:52.846 - 🔄 📥 [Poll #1544] Starting live arbs fetch...
2026-02-14 16:36:52.846 - ⚠️ 🔄 [Poll #1544] Previous ingestion still running, skipping
2026-02-14 16:36:54.849 - 🔄 📥 [Poll #1545] Starting live arbs fetch...
2026-02-14 16:36:54.849 - ⚠️ 🔄 [Poll #1545] Previous ingestion still running, skipping
2026-02-14 16:36:56.840 - 🔄 📥 [Poll #1546] Starting live arbs fetch...
2026-02-14 16:36:56.840 - ⚠️ 🔄 [Poll #1546] Previous ingestion still running, skipping
2026-02-14 16:36:58.846 - 🔄 📥 [Poll #1547] Starting live arbs fetch...
2026-02-14 16:36:58.846 - ⚠️ 🔄 [Poll #1547] Previous ingestion still running, skipping
2026-02-14 16:37:00.846 - 🔄 📥 [Poll #1548] Starting live arbs fetch...
2026-02-14 16:37:00.846 - ⚠️ 🔄 [Poll #1548] Previous ingestion still running, skipping
2026-02-14 16:37:02.834 - 🔄 📥 [Poll #1549] Starting live arbs fetch...
2026-02-14 16:37:02.834 - ⚠️ 🔄 [Poll #1549] Previous ingestion still running, skipping
2026-02-14 16:37:04.835 - 🔄 📥 [Poll #1550] Starting live arbs fetch...
2026-02-14 16:37:04.835 - ⚠️ 🔄 [Poll #1550] Previous ingestion still running, skipping
2026-02-14 16:37:06.833 - 🔄 📥 [Poll #1551] Starting live arbs fetch...
2026-02-14 16:37:06.833 - ⚠️ 🔄 [Poll #1551] Previous ingestion still running, skipping
2026-02-14 16:37:08.833 - 🔄 📥 [Poll #1552] Starting live arbs fetch...
2026-02-14 16:37:08.833 - ⚠️ 🔄 [Poll #1552] Previous ingestion still running, skipping
2026-02-14 16:37:10.833 - 🔄 📥 [Poll #1553] Starting live arbs fetch...
2026-02-14 16:37:10.833 - ⚠️ 🔄 [Poll #1553] Previous ingestion still running, skipping
2026-02-14 16:37:12.835 - 🔄 📥 [Poll #1554] Starting live arbs fetch...
2026-02-14 16:37:12.835 - ⚠️ 🔄 [Poll #1554] Previous ingestion still running, skipping
2026-02-14 16:37:14.835 - 🔄 📥 [Poll #1555] Starting live arbs fetch...
2026-02-14 16:37:14.840 - ⚠️ 🔄 [Poll #1555] Previous ingestion still running, skipping
2026-02-14 16:37:16.843 - 🔄 📥 [Poll #1556] Starting live arbs fetch...
2026-02-14 16:37:16.843 - ⚠️ 🔄 [Poll #1556] Previous ingestion still running, skipping
2026-02-14 16:37:18.833 - 🔄 📥 [Poll #1557] Starting live arbs fetch...
2026-02-14 16:37:18.834 - ⚠️ 🔄 [Poll #1557] Previous ingestion still running, skipping
2026-02-14 16:37:20.842 - 🔄 📥 [Poll #1558] Starting live arbs fetch...
2026-02-14 16:37:20.843 - ⚠️ 🔄 [Poll #1558] Previous ingestion still running, skipping
2026-02-14 16:37:22.847 - 🔄 📥 [Poll #1559] Starting live arbs fetch...
2026-02-14 16:37:22.847 - ⚠️ 🔄 [Poll #1559] Previous ingestion still running, skipping
2026-02-14 16:37:24.834 - 🔄 📥 [Poll #1560] Starting live arbs fetch...
2026-02-14 16:37:24.834 - ⚠️ 🔄 [Poll #1560] Previous ingestion still running, skipping
2026-02-14 16:37:26.833 - 🔄 📥 [Poll #1561] Starting live arbs fetch...
2026-02-14 16:37:26.833 - ⚠️ 🔄 [Poll #1561] Previous ingestion still running, skipping
2026-02-14 16:37:28.833 - 🔄 📥 [Poll #1562] Starting live arbs fetch...
2026-02-14 16:37:28.834 - ⚠️ 🔄 [Poll #1562] Previous ingestion still running, skipping
2026-02-14 16:37:30.841 - 🔄 📥 [Poll #1563] Starting live arbs fetch...
2026-02-14 16:37:30.841 - ⚠️ 🔄 [Poll #1563] Previous ingestion still running, skipping
2026-02-14 16:37:32.844 - 🔄 📥 [Poll #1564] Starting live arbs fetch...
2026-02-14 16:37:32.844 - ⚠️ 🔄 [Poll #1564] Previous ingestion still running, skipping
2026-02-14 16:37:34.836 - 🔄 📥 [Poll #1565] Starting live arbs fetch...
2026-02-14 16:37:34.837 - ⚠️ 🔄 [Poll #1565] Previous ingestion still running, skipping
2026-02-14 16:37:36.835 - 🔄 📥 [Poll #1566] Starting live arbs fetch...
2026-02-14 16:37:36.835 - ⚠️ 🔄 [Poll #1566] Previous ingestion still running, skipping
2026-02-14 16:37:38.839 - 🔄 📥 [Poll #1567] Starting live arbs fetch...
2026-02-14 16:37:38.840 - ⚠️ 🔄 [Poll #1567] Previous ingestion still running, skipping
2026-02-14 16:37:40.837 - 🔄 📥 [Poll #1568] Starting live arbs fetch...
2026-02-14 16:37:40.837 - ⚠️ 🔄 [Poll #1568] Previous ingestion still running, skipping
2026-02-14 16:37:42.834 - 🔄 📥 [Poll #1569] Starting live arbs fetch...
2026-02-14 16:37:42.834 - ⚠️ 🔄 [Poll #1569] Previous ingestion still running, skipping
2026-02-14 16:37:44.847 - 🔄 📥 [Poll #1570] Starting live arbs fetch...
2026-02-14 16:37:44.847 - ⚠️ 🔄 [Poll #1570] Previous ingestion still running, skipping
2026-02-14 16:37:46.833 - 🔄 📥 [Poll #1571] Starting live arbs fetch...
2026-02-14 16:37:46.833 - ⚠️ 🔄 [Poll #1571] Previous ingestion still running, skipping
2026-02-14 16:37:48.833 - 🔄 📥 [Poll #1572] Starting live arbs fetch...
2026-02-14 16:37:48.833 - ⚠️ 🔄 [Poll #1572] Previous ingestion still running, skipping
2026-02-14 16:37:50.833 - 🔄 📥 [Poll #1573] Starting live arbs fetch...
2026-02-14 16:37:50.833 - ⚠️ 🔄 [Poll #1573] Previous ingestion still running, skipping
2026-02-14 16:37:52.838 - 🔄 📥 [Poll #1574] Starting live arbs fetch...
2026-02-14 16:37:52.838 - ⚠️ 🔄 [Poll #1574] Previous ingestion still running, skipping
2026-02-14 16:37:54.846 - 🔄 📥 [Poll #1575] Starting live arbs fetch...
2026-02-14 16:37:54.846 - ⚠️ 🔄 [Poll #1575] Previous ingestion still running, skipping
2026-02-14 16:37:56.835 - 🔄 📥 [Poll #1576] Starting live arbs fetch...
2026-02-14 16:37:56.835 - ⚠️ 🔄 [Poll #1576] Previous ingestion still running, skipping
2026-02-14 16:37:58.833 - 🔄 📥 [Poll #1577] Starting live arbs fetch...
2026-02-14 16:37:58.833 - ⚠️ 🔄 [Poll #1577] Previous ingestion still running, skipping
2026-02-14 16:38:00.834 - 🔄 📥 [Poll #1578] Starting live arbs fetch...
2026-02-14 16:38:00.834 - ⚠️ 🔄 [Poll #1578] Previous ingestion still running, skipping
2026-02-14 16:38:02.837 - 🔄 📥 [Poll #1579] Starting live arbs fetch...
2026-02-14 16:38:02.837 - ⚠️ 🔄 [Poll #1579] Previous ingestion still running, skipping
2026-02-14 16:38:04.846 - 🔄 📥 [Poll #1580] Starting live arbs fetch...
2026-02-14 16:38:04.846 - ⚠️ 🔄 [Poll #1580] Previous ingestion still running, skipping
2026-02-14 16:38:06.833 - 🔄 📥 [Poll #1581] Starting live arbs fetch...
2026-02-14 16:38:06.833 - ⚠️ 🔄 [Poll #1581] Previous ingestion still running, skipping
2026-02-14 16:38:08.847 - 🔄 📥 [Poll #1582] Starting live arbs fetch...
2026-02-14 16:38:08.848 - ⚠️ 🔄 [Poll #1582] Previous ingestion still running, skipping
2026-02-14 16:38:10.869 - 🔄 📥 [Poll #1583] Starting live arbs fetch...
2026-02-14 16:38:10.869 - ⚠️ 🔄 [Poll #1583] Previous ingestion still running, skipping
2026-02-14 16:38:12.835 - 🔄 📥 [Poll #1584] Starting live arbs fetch...
2026-02-14 16:38:12.835 - ⚠️ 🔄 [Poll #1584] Previous ingestion still running, skipping
2026-02-14 16:38:14.847 - 🔄 📥 [Poll #1585] Starting live arbs fetch...
2026-02-14 16:38:14.847 - ⚠️ 🔄 [Poll #1585] Previous ingestion still running, skipping
2026-02-14 16:38:16.835 - 🔄 📥 [Poll #1586] Starting live arbs fetch...
2026-02-14 16:38:16.835 - ⚠️ 🔄 [Poll #1586] Previous ingestion still running, skipping
2026-02-14 16:38:18.840 - 🔄 📥 [Poll #1587] Starting live arbs fetch...
2026-02-14 16:38:18.841 - ⚠️ 🔄 [Poll #1587] Previous ingestion still running, skipping
2026-02-14 16:38:20.843 - 🔄 📥 [Poll #1588] Starting live arbs fetch...
2026-02-14 16:38:20.843 - ⚠️ 🔄 [Poll #1588] Previous ingestion still running, skipping
2026-02-14 16:38:22.834 - 🔄 📥 [Poll #1589] Starting live arbs fetch...
2026-02-14 16:38:22.834 - ⚠️ 🔄 [Poll #1589] Previous ingestion still running, skipping
2026-02-14 16:38:24.833 - 🔄 📥 [Poll #1590] Starting live arbs fetch...
2026-02-14 16:38:24.833 - ⚠️ 🔄 [Poll #1590] Previous ingestion still running, skipping
2026-02-14 16:38:26.839 - 🔄 📥 [Poll #1591] Starting live arbs fetch...
2026-02-14 16:38:26.840 - ⚠️ 🔄 [Poll #1591] Previous ingestion still running, skipping
2026-02-14 16:38:28.834 - 🔄 📥 [Poll #1592] Starting live arbs fetch...
2026-02-14 16:38:28.834 - ⚠️ 🔄 [Poll #1592] Previous ingestion still running, skipping
2026-02-14 16:38:30.845 - 🔄 📥 [Poll #1593] Starting live arbs fetch...
2026-02-14 16:38:30.845 - ⚠️ 🔄 [Poll #1593] Previous ingestion still running, skipping
2026-02-14 16:38:32.840 - 🔄 📥 [Poll #1594] Starting live arbs fetch...
2026-02-14 16:38:32.841 - ⚠️ 🔄 [Poll #1594] Previous ingestion still running, skipping
2026-02-14 16:38:34.843 - 🔄 📥 [Poll #1595] Starting live arbs fetch...
2026-02-14 16:38:34.843 - ⚠️ 🔄 [Poll #1595] Previous ingestion still running, skipping
2026-02-14 16:38:36.834 - 🔄 📥 [Poll #1596] Starting live arbs fetch...
2026-02-14 16:38:36.835 - ⚠️ 🔄 [Poll #1596] Previous ingestion still running, skipping
2026-02-14 16:38:38.834 - 🔄 📥 [Poll #1597] Starting live arbs fetch...
2026-02-14 16:38:38.834 - ⚠️ 🔄 [Poll #1597] Previous ingestion still running, skipping
2026-02-14 16:38:40.948 - 🔄 📥 [Poll #1598] Starting live arbs fetch...
2026-02-14 16:38:40.948 - ⚠️ 🔄 [Poll #1598] Previous ingestion still running, skipping
2026-02-14 16:38:42.846 - 🔄 📥 [Poll #1599] Starting live arbs fetch...
2026-02-14 16:38:42.846 - ⚠️ 🔄 [Poll #1599] Previous ingestion still running, skipping
2026-02-14 16:38:44.838 - 🔄 📥 [Poll #1600] Starting live arbs fetch...
2026-02-14 16:38:44.838 - ⚠️ 🔄 [Poll #1600] Previous ingestion still running, skipping
2026-02-14 16:38:46.834 - 🔄 📥 [Poll #1601] Starting live arbs fetch...
2026-02-14 16:38:46.834 - ⚠️ 🔄 [Poll #1601] Previous ingestion still running, skipping
2026-02-14 16:38:48.833 - 🔄 📥 [Poll #1602] Starting live arbs fetch...
2026-02-14 16:38:48.833 - ⚠️ 🔄 [Poll #1602] Previous ingestion still running, skipping
2026-02-14 16:38:50.845 - 🔄 📥 [Poll #1603] Starting live arbs fetch...
2026-02-14 16:38:50.951 - ⚠️ 🔄 [Poll #1603] Previous ingestion still running, skipping
2026-02-14 16:38:52.833 - 🔄 📥 [Poll #1604] Starting live arbs fetch...
2026-02-14 16:38:52.833 - ⚠️ 🔄 [Poll #1604] Previous ingestion still running, skipping
2026-02-14 16:38:54.833 - 🔄 📥 [Poll #1605] Starting live arbs fetch...
2026-02-14 16:38:54.833 - ⚠️ 🔄 [Poll #1605] Previous ingestion still running, skipping
2026-02-14 16:38:56.833 - 🔄 📥 [Poll #1606] Starting live arbs fetch...
2026-02-14 16:38:56.834 - ⚠️ 🔄 [Poll #1606] Previous ingestion still running, skipping
2026-02-14 16:38:58.833 - 🔄 📥 [Poll #1607] Starting live arbs fetch...
2026-02-14 16:38:58.833 - ⚠️ 🔄 [Poll #1607] Previous ingestion still running, skipping
2026-02-14 16:39:00.833 - 🔄 📥 [Poll #1608] Starting live arbs fetch...
2026-02-14 16:39:00.833 - ⚠️ 🔄 [Poll #1608] Previous ingestion still running, skipping
2026-02-14 16:39:02.834 - 🔄 📥 [Poll #1609] Starting live arbs fetch...
2026-02-14 16:39:02.834 - ⚠️ 🔄 [Poll #1609] Previous ingestion still running, skipping
2026-02-14 16:39:04.846 - 🔄 📥 [Poll #1610] Starting live arbs fetch...
2026-02-14 16:39:04.846 - ⚠️ 🔄 [Poll #1610] Previous ingestion still running, skipping
2026-02-14 16:39:06.836 - 🔄 📥 [Poll #1611] Starting live arbs fetch...
2026-02-14 16:39:06.837 - ⚠️ 🔄 [Poll #1611] Previous ingestion still running, skipping
2026-02-14 16:39:08.834 - 🔄 📥 [Poll #1612] Starting live arbs fetch...
2026-02-14 16:39:08.835 - ⚠️ 🔄 [Poll #1612] Previous ingestion still running, skipping
2026-02-14 16:39:10.924 - 🔄 📥 [Poll #1613] Starting live arbs fetch...
2026-02-14 16:39:10.924 - ⚠️ 🔄 [Poll #1613] Previous ingestion still running, skipping
2026-02-14 16:39:12.842 - 🔄 📥 [Poll #1614] Starting live arbs fetch...
2026-02-14 16:39:12.842 - ⚠️ 🔄 [Poll #1614] Previous ingestion still running, skipping
2026-02-14 16:39:14.834 - 🔄 📥 [Poll #1615] Starting live arbs fetch...
2026-02-14 16:39:14.834 - ⚠️ 🔄 [Poll #1615] Previous ingestion still running, skipping
2026-02-14 16:39:16.833 - 🔄 📥 [Poll #1616] Starting live arbs fetch...
2026-02-14 16:39:16.833 - ⚠️ 🔄 [Poll #1616] Previous ingestion still running, skipping
2026-02-14 16:39:18.841 - 🔄 📥 [Poll #1617] Starting live arbs fetch...
2026-02-14 16:39:18.841 - ⚠️ 🔄 [Poll #1617] Previous ingestion still running, skipping
2026-02-14 16:39:20.842 - 🔄 📥 [Poll #1618] Starting live arbs fetch...
2026-02-14 16:39:20.842 - ⚠️ 🔄 [Poll #1618] Previous ingestion still running, skipping
2026-02-14 16:39:22.835 - 🔄 📥 [Poll #1619] Starting live arbs fetch...
2026-02-14 16:39:22.835 - ⚠️ 🔄 [Poll #1619] Previous ingestion still running, skipping
2026-02-14 16:39:24.836 - 🔄 📥 [Poll #1620] Starting live arbs fetch...
2026-02-14 16:39:24.836 - ⚠️ 🔄 [Poll #1620] Previous ingestion still running, skipping
2026-02-14 16:39:26.847 - 🔄 📥 [Poll #1621] Starting live arbs fetch...
2026-02-14 16:39:26.847 - ⚠️ 🔄 [Poll #1621] Previous ingestion still running, skipping
2026-02-14 16:39:28.853 - 🔄 📥 [Poll #1622] Starting live arbs fetch...
2026-02-14 16:39:28.854 - ⚠️ 🔄 [Poll #1622] Previous ingestion still running, skipping
2026-02-14 16:39:30.833 - 🔄 📥 [Poll #1623] Starting live arbs fetch...
2026-02-14 16:39:30.853 - ⚠️ 🔄 [Poll #1623] Previous ingestion still running, skipping
2026-02-14 16:39:32.846 - 🔄 📥 [Poll #1624] Starting live arbs fetch...
2026-02-14 16:39:32.846 - ⚠️ 🔄 [Poll #1624] Previous ingestion still running, skipping
2026-02-14 16:39:34.847 - 🔄 📥 [Poll #1625] Starting live arbs fetch...
2026-02-14 16:39:34.847 - ⚠️ 🔄 [Poll #1625] Previous ingestion still running, skipping
2026-02-14 16:39:36.833 - 🔄 📥 [Poll #1626] Starting live arbs fetch...
2026-02-14 16:39:36.833 - ⚠️ 🔄 [Poll #1626] Previous ingestion still running, skipping
2026-02-14 16:39:38.833 - 🔄 📥 [Poll #1627] Starting live arbs fetch...
2026-02-14 16:39:38.834 - ⚠️ 🔄 [Poll #1627] Previous ingestion still running, skipping
2026-02-14 16:39:40.846 - 🔄 📥 [Poll #1628] Starting live arbs fetch...
2026-02-14 16:39:40.846 - ⚠️ 🔄 [Poll #1628] Previous ingestion still running, skipping
2026-02-14 16:39:42.845 - 🔄 📥 [Poll #1629] Starting live arbs fetch...
2026-02-14 16:39:42.845 - ⚠️ 🔄 [Poll #1629] Previous ingestion still running, skipping
2026-02-14 16:39:44.839 - 🔄 📥 [Poll #1630] Starting live arbs fetch...
2026-02-14 16:39:44.839 - ⚠️ 🔄 [Poll #1630] Previous ingestion still running, skipping
2026-02-14 16:39:46.841 - 🔄 📥 [Poll #1631] Starting live arbs fetch...
2026-02-14 16:39:46.841 - ⚠️ 🔄 [Poll #1631] Previous ingestion still running, skipping
2026-02-14 16:39:48.834 - 🔄 📥 [Poll #1632] Starting live arbs fetch...
2026-02-14 16:39:48.834 - ⚠️ 🔄 [Poll #1632] Previous ingestion still running, skipping
2026-02-14 16:39:50.833 - 🔄 📥 [Poll #1633] Starting live arbs fetch...
2026-02-14 16:39:50.833 - ⚠️ 🔄 [Poll #1633] Previous ingestion still running, skipping
2026-02-14 16:39:52.855 - 🔄 📥 [Poll #1634] Starting live arbs fetch...
2026-02-14 16:39:52.856 - ⚠️ 🔄 [Poll #1634] Previous ingestion still running, skipping
2026-02-14 16:39:54.841 - 🔄 📥 [Poll #1635] Starting live arbs fetch...
2026-02-14 16:39:54.841 - ⚠️ 🔄 [Poll #1635] Previous ingestion still running, skipping
2026-02-14 16:39:56.840 - 🔄 📥 [Poll #1636] Starting live arbs fetch...
2026-02-14 16:39:56.840 - ⚠️ 🔄 [Poll #1636] Previous ingestion still running, skipping
2026-02-14 16:39:58.833 - 🔄 📥 [Poll #1637] Starting live arbs fetch...
2026-02-14 16:39:58.833 - ⚠️ 🔄 [Poll #1637] Previous ingestion still running, skipping
2026-02-14 16:40:00.833 - 🔄 📥 [Poll #1638] Starting live arbs fetch...
2026-02-14 16:40:00.833 - ⚠️ 🔄 [Poll #1638] Previous ingestion still running, skipping
2026-02-14 16:40:02.833 - 🔄 📥 [Poll #1639] Starting live arbs fetch...
2026-02-14 16:40:02.833 - ⚠️ 🔄 [Poll #1639] Previous ingestion still running, skipping
2026-02-14 16:40:04.833 - 🔄 📥 [Poll #1640] Starting live arbs fetch...
2026-02-14 16:40:04.833 - ⚠️ 🔄 [Poll #1640] Previous ingestion still running, skipping
2026-02-14 16:40:06.851 - 🔄 📥 [Poll #1641] Starting live arbs fetch...
2026-02-14 16:40:06.883 - ⚠️ 🔄 [Poll #1641] Previous ingestion still running, skipping
2026-02-14 16:40:08.833 - 🔄 📥 [Poll #1642] Starting live arbs fetch...
2026-02-14 16:40:08.833 - ⚠️ 🔄 [Poll #1642] Previous ingestion still running, skipping
2026-02-14 16:40:10.838 - 🔄 📥 [Poll #1643] Starting live arbs fetch...
2026-02-14 16:40:10.838 - ⚠️ 🔄 [Poll #1643] Previous ingestion still running, skipping
2026-02-14 16:40:12.834 - 🔄 📥 [Poll #1644] Starting live arbs fetch...
2026-02-14 16:40:12.834 - ⚠️ 🔄 [Poll #1644] Previous ingestion still running, skipping
2026-02-14 16:40:14.834 - 🔄 📥 [Poll #1645] Starting live arbs fetch...
2026-02-14 16:40:14.834 - ⚠️ 🔄 [Poll #1645] Previous ingestion still running, skipping
2026-02-14 16:40:16.849 - 🔄 📥 [Poll #1646] Starting live arbs fetch...
2026-02-14 16:40:16.849 - ⚠️ 🔄 [Poll #1646] Previous ingestion still running, skipping
2026-02-14 16:40:18.844 - 🔄 📥 [Poll #1647] Starting live arbs fetch...
2026-02-14 16:40:18.844 - ⚠️ 🔄 [Poll #1647] Previous ingestion still running, skipping
2026-02-14 16:40:20.834 - 🔄 📥 [Poll #1648] Starting live arbs fetch...
2026-02-14 16:40:20.834 - ⚠️ 🔄 [Poll #1648] Previous ingestion still running, skipping
2026-02-14 16:40:22.837 - 🔄 📥 [Poll #1649] Starting live arbs fetch...
2026-02-14 16:40:22.837 - ⚠️ 🔄 [Poll #1649] Previous ingestion still running, skipping
2026-02-14 16:40:24.834 - 🔄 📥 [Poll #1650] Starting live arbs fetch...
2026-02-14 16:40:24.834 - ⚠️ 🔄 [Poll #1650] Previous ingestion still running, skipping
2026-02-14 16:40:26.834 - 🔄 📥 [Poll #1651] Starting live arbs fetch...
2026-02-14 16:40:26.834 - ⚠️ 🔄 [Poll #1651] Previous ingestion still running, skipping
2026-02-14 16:40:28.857 - 🔄 📥 [Poll #1652] Starting live arbs fetch...
2026-02-14 16:40:28.865 - ⚠️ 🔄 [Poll #1652] Previous ingestion still running, skipping
2026-02-14 16:40:30.848 - 🔄 📥 [Poll #1653] Starting live arbs fetch...
2026-02-14 16:40:30.848 - ⚠️ 🔄 [Poll #1653] Previous ingestion still running, skipping
2026-02-14 16:40:32.845 - 🔄 📥 [Poll #1654] Starting live arbs fetch...
2026-02-14 16:40:32.845 - ⚠️ 🔄 [Poll #1654] Previous ingestion still running, skipping
2026-02-14 16:40:34.841 - 🔄 📥 [Poll #1655] Starting live arbs fetch...
2026-02-14 16:40:34.842 - ⚠️ 🔄 [Poll #1655] Previous ingestion still running, skipping
2026-02-14 16:40:36.839 - 🔄 📥 [Poll #1656] Starting live arbs fetch...
2026-02-14 16:40:36.839 - ⚠️ 🔄 [Poll #1656] Previous ingestion still running, skipping
2026-02-14 16:40:38.839 - 🔄 📥 [Poll #1657] Starting live arbs fetch...
2026-02-14 16:40:38.839 - ⚠️ 🔄 [Poll #1657] Previous ingestion still running, skipping
2026-02-14 16:40:42.093 - 🔄 📥 [Poll #1658] Starting live arbs fetch...
2026-02-14 16:40:42.094 - ⚠️ 🔄 [Poll #1658] Previous ingestion still running, skipping
2026-02-14 16:40:42.840 - 🔄 📥 [Poll #1659] Starting live arbs fetch...
2026-02-14 16:40:42.841 - ⚠️ 🔄 [Poll #1659] Previous ingestion still running, skipping
2026-02-14 16:40:44.835 - 🔄 📥 [Poll #1660] Starting live arbs fetch...
2026-02-14 16:40:44.836 - ⚠️ 🔄 [Poll #1660] Previous ingestion still running, skipping
2026-02-14 16:40:46.836 - 🔄 📥 [Poll #1661] Starting live arbs fetch...
2026-02-14 16:40:46.836 - ⚠️ 🔄 [Poll #1661] Previous ingestion still running, skipping
2026-02-14 16:40:48.843 - 🔄 📥 [Poll #1662] Starting live arbs fetch...
2026-02-14 16:40:48.843 - ⚠️ 🔄 [Poll #1662] Previous ingestion still running, skipping
2026-02-14 16:40:50.866 - 🔄 📥 [Poll #1663] Starting live arbs fetch...
2026-02-14 16:40:50.866 - ⚠️ 🔄 [Poll #1663] Previous ingestion still running, skipping
2026-02-14 16:40:52.834 - 🔄 📥 [Poll #1664] Starting live arbs fetch...
2026-02-14 16:40:52.834 - ⚠️ 🔄 [Poll #1664] Previous ingestion still running, skipping
2026-02-14 16:40:54.833 - 🔄 📥 [Poll #1665] Starting live arbs fetch...
2026-02-14 16:40:54.833 - ⚠️ 🔄 [Poll #1665] Previous ingestion still running, skipping
2026-02-14 16:40:56.847 - 🔄 📥 [Poll #1666] Starting live arbs fetch...
2026-02-14 16:40:56.847 - ⚠️ 🔄 [Poll #1666] Previous ingestion still running, skipping
2026-02-14 16:40:58.845 - 🔄 📥 [Poll #1667] Starting live arbs fetch...
2026-02-14 16:40:58.845 - ⚠️ 🔄 [Poll #1667] Previous ingestion still running, skipping
2026-02-14 16:41:00.948 - 🔄 📥 [Poll #1668] Starting live arbs fetch...
2026-02-14 16:41:00.948 - ⚠️ 🔄 [Poll #1668] Previous ingestion still running, skipping
2026-02-14 16:41:02.834 - 🔄 📥 [Poll #1669] Starting live arbs fetch...
2026-02-14 16:41:02.834 - ⚠️ 🔄 [Poll #1669] Previous ingestion still running, skipping
2026-02-14 16:41:04.834 - 🔄 📥 [Poll #1670] Starting live arbs fetch...
2026-02-14 16:41:04.834 - ⚠️ 🔄 [Poll #1670] Previous ingestion still running, skipping
2026-02-14 16:41:06.906 - 🔄 📥 [Poll #1671] Starting live arbs fetch...
2026-02-14 16:41:06.907 - ⚠️ 🔄 [Poll #1671] Previous ingestion still running, skipping
2026-02-14 16:41:08.833 - 🔄 📥 [Poll #1672] Starting live arbs fetch...
2026-02-14 16:41:08.833 - ⚠️ 🔄 [Poll #1672] Previous ingestion still running, skipping
2026-02-14 16:41:10.833 - 🔄 📥 [Poll #1673] Starting live arbs fetch...
2026-02-14 16:41:10.833 - ⚠️ 🔄 [Poll #1673] Previous ingestion still running, skipping
2026-02-14 16:41:12.833 - 🔄 📥 [Poll #1674] Starting live arbs fetch...
2026-02-14 16:41:12.833 - ⚠️ 🔄 [Poll #1674] Previous ingestion still running, skipping
2026-02-14 16:41:14.833 - 🔄 📥 [Poll #1675] Starting live arbs fetch...
2026-02-14 16:41:14.833 - ⚠️ 🔄 [Poll #1675] Previous ingestion still running, skipping
2026-02-14 16:41:16.834 - 🔄 📥 [Poll #1676] Starting live arbs fetch...
2026-02-14 16:41:16.834 - ⚠️ 🔄 [Poll #1676] Previous ingestion still running, skipping
2026-02-14 16:41:18.840 - 🔄 📥 [Poll #1677] Starting live arbs fetch...
2026-02-14 16:41:18.840 - ⚠️ 🔄 [Poll #1677] Previous ingestion still running, skipping
2026-02-14 16:41:20.834 - 🔄 📥 [Poll #1678] Starting live arbs fetch...
2026-02-14 16:41:20.834 - ⚠️ 🔄 [Poll #1678] Previous ingestion still running, skipping
2026-02-14 16:41:22.841 - 🔄 📥 [Poll #1679] Starting live arbs fetch...
2026-02-14 16:41:22.841 - ⚠️ 🔄 [Poll #1679] Previous ingestion still running, skipping
2026-02-14 16:41:24.836 - 🔄 📥 [Poll #1680] Starting live arbs fetch...
2026-02-14 16:41:24.836 - ⚠️ 🔄 [Poll #1680] Previous ingestion still running, skipping
2026-02-14 16:41:26.839 - 🔄 📥 [Poll #1681] Starting live arbs fetch...
2026-02-14 16:41:26.839 - ⚠️ 🔄 [Poll #1681] Previous ingestion still running, skipping
2026-02-14 16:41:28.840 - 🔄 📥 [Poll #1682] Starting live arbs fetch...
2026-02-14 16:41:28.840 - ⚠️ 🔄 [Poll #1682] Previous ingestion still running, skipping
2026-02-14 16:41:30.844 - 🔄 📥 [Poll #1683] Starting live arbs fetch...
2026-02-14 16:41:30.844 - ⚠️ 🔄 [Poll #1683] Previous ingestion still running, skipping
2026-02-14 16:41:32.841 - 🔄 📥 [Poll #1684] Starting live arbs fetch...
2026-02-14 16:41:32.841 - ⚠️ 🔄 [Poll #1684] Previous ingestion still running, skipping
2026-02-14 16:41:34.835 - 🔄 📥 [Poll #1685] Starting live arbs fetch...
2026-02-14 16:41:34.835 - ⚠️ 🔄 [Poll #1685] Previous ingestion still running, skipping
2026-02-14 16:41:36.847 - 🔄 📥 [Poll #1686] Starting live arbs fetch...
2026-02-14 16:41:36.847 - ⚠️ 🔄 [Poll #1686] Previous ingestion still running, skipping
2026-02-14 16:41:38.835 - 🔄 📥 [Poll #1687] Starting live arbs fetch...
2026-02-14 16:41:38.835 - ⚠️ 🔄 [Poll #1687] Previous ingestion still running, skipping
2026-02-14 16:41:40.834 - 🔄 📥 [Poll #1688] Starting live arbs fetch...
2026-02-14 16:41:40.834 - ⚠️ 🔄 [Poll #1688] Previous ingestion still running, skipping
2026-02-14 16:41:42.834 - 🔄 📥 [Poll #1689] Starting live arbs fetch...
2026-02-14 16:41:42.834 - ⚠️ 🔄 [Poll #1689] Previous ingestion still running, skipping
2026-02-14 16:41:44.834 - 🔄 📥 [Poll #1690] Starting live arbs fetch...
2026-02-14 16:41:44.834 - ⚠️ 🔄 [Poll #1690] Previous ingestion still running, skipping
2026-02-14 16:41:46.834 - 🔄 📥 [Poll #1691] Starting live arbs fetch...
2026-02-14 16:41:46.834 - ⚠️ 🔄 [Poll #1691] Previous ingestion still running, skipping
2026-02-14 16:41:48.835 - 🔄 📥 [Poll #1692] Starting live arbs fetch...
2026-02-14 16:41:48.836 - ⚠️ 🔄 [Poll #1692] Previous ingestion still running, skipping
2026-02-14 16:41:50.834 - 🔄 📥 [Poll #1693] Starting live arbs fetch...
2026-02-14 16:41:50.834 - ⚠️ 🔄 [Poll #1693] Previous ingestion still running, skipping
2026-02-14 16:41:52.835 - 🔄 📥 [Poll #1694] Starting live arbs fetch...
2026-02-14 16:41:52.835 - ⚠️ 🔄 [Poll #1694] Previous ingestion still running, skipping
2026-02-14 16:41:54.839 - 🔄 📥 [Poll #1695] Starting live arbs fetch...
2026-02-14 16:41:54.839 - ⚠️ 🔄 [Poll #1695] Previous ingestion still running, skipping
2026-02-14 16:41:56.834 - 🔄 📥 [Poll #1696] Starting live arbs fetch...
2026-02-14 16:41:56.834 - ⚠️ 🔄 [Poll #1696] Previous ingestion still running, skipping
2026-02-14 16:41:58.834 - 🔄 📥 [Poll #1697] Starting live arbs fetch...
2026-02-14 16:41:58.834 - ⚠️ 🔄 [Poll #1697] Previous ingestion still running, skipping
2026-02-14 16:42:00.835 - 🔄 📥 [Poll #1698] Starting live arbs fetch...
2026-02-14 16:42:00.835 - ⚠️ 🔄 [Poll #1698] Previous ingestion still running, skipping
2026-02-14 16:42:02.834 - 🔄 📥 [Poll #1699] Starting live arbs fetch...
2026-02-14 16:42:02.834 - ⚠️ 🔄 [Poll #1699] Previous ingestion still running, skipping
2026-02-14 16:42:04.833 - 🔄 📥 [Poll #1700] Starting live arbs fetch...
2026-02-14 16:42:04.833 - ⚠️ 🔄 [Poll #1700] Previous ingestion still running, skipping
2026-02-14 16:42:06.834 - 🔄 📥 [Poll #1701] Starting live arbs fetch...
2026-02-14 16:42:06.834 - ⚠️ 🔄 [Poll #1701] Previous ingestion still running, skipping
2026-02-14 16:42:08.844 - 🔄 📥 [Poll #1702] Starting live arbs fetch...
2026-02-14 16:42:08.844 - ⚠️ 🔄 [Poll #1702] Previous ingestion still running, skipping
2026-02-14 16:42:10.837 - 🔄 📥 [Poll #1703] Starting live arbs fetch...
2026-02-14 16:42:10.838 - ⚠️ 🔄 [Poll #1703] Previous ingestion still running, skipping
2026-02-14 16:42:12.833 - 🔄 📥 [Poll #1704] Starting live arbs fetch...
2026-02-14 16:42:12.833 - ⚠️ 🔄 [Poll #1704] Previous ingestion still running, skipping
2026-02-14 16:42:14.849 - 🔄 📥 [Poll #1705] Starting live arbs fetch...
2026-02-14 16:42:14.849 - ⚠️ 🔄 [Poll #1705] Previous ingestion still running, skipping
2026-02-14 16:42:16.841 - 🔄 📥 [Poll #1706] Starting live arbs fetch...
2026-02-14 16:42:16.841 - ⚠️ 🔄 [Poll #1706] Previous ingestion still running, skipping
2026-02-14 16:42:18.834 - 🔄 📥 [Poll #1707] Starting live arbs fetch...
2026-02-14 16:42:18.834 - ⚠️ 🔄 [Poll #1707] Previous ingestion still running, skipping
2026-02-14 16:42:20.846 - 🔄 📥 [Poll #1708] Starting live arbs fetch...
2026-02-14 16:42:20.846 - ⚠️ 🔄 [Poll #1708] Previous ingestion still running, skipping
2026-02-14 16:42:22.834 - 🔄 📥 [Poll #1709] Starting live arbs fetch...
2026-02-14 16:42:22.834 - ⚠️ 🔄 [Poll #1709] Previous ingestion still running, skipping
2026-02-14 16:42:24.841 - 🔄 📥 [Poll #1710] Starting live arbs fetch...
2026-02-14 16:42:24.841 - ⚠️ 🔄 [Poll #1710] Previous ingestion still running, skipping
2026-02-14 16:42:26.839 - 🔄 📥 [Poll #1711] Starting live arbs fetch...
2026-02-14 16:43:04.347 - ⚠️ 🔄 [Poll #1711] Previous ingestion still running, skipping
2026-02-14 16:43:04.347 - 🔄 📥 [Poll #1712] Starting live arbs fetch...
2026-02-14 16:43:04.347 - ⚠️ 🔄 [Poll #1712] Previous ingestion still running, skipping
2026-02-14 16:43:04.347 - 🔄 📥 [Poll #1713] Starting live arbs fetch...
2026-02-14 16:43:04.347 - ⚠️ 🔄 [Poll #1713] Previous ingestion still running, skipping
2026-02-14 16:43:04.347 - 🔄 📥 [Poll #1714] Starting live arbs fetch...
2026-02-14 16:43:04.347 - ⚠️ 🔄 [Poll #1714] Previous ingestion still running, skipping
2026-02-14 16:43:04.348 - 🔄 📥 [Poll #1715] Starting live arbs fetch...
2026-02-14 16:43:04.348 - ⚠️ 🔄 [Poll #1715] Previous ingestion still running, skipping
2026-02-14 16:43:04.348 - 🔄 📥 [Poll #1716] Starting live arbs fetch...
2026-02-14 16:43:04.348 - ⚠️ 🔄 [Poll #1716] Previous ingestion still running, skipping
2026-02-14 16:43:04.348 - 🔄 📥 [Poll #1717] Starting live arbs fetch...
2026-02-14 16:43:04.348 - ⚠️ 🔄 [Poll #1717] Previous ingestion still running, skipping
2026-02-14 16:43:04.348 - 🔄 📥 [Poll #1718] Starting live arbs fetch...
2026-02-14 16:43:04.348 - ⚠️ 🔄 [Poll #1718] Previous ingestion still running, skipping
2026-02-14 16:43:04.348 - 🔄 📥 [Poll #1719] Starting live arbs fetch...
2026-02-14 16:43:04.348 - ⚠️ 🔄 [Poll #1719] Previous ingestion still running, skipping
2026-02-14 16:43:04.349 - 🔄 📥 [Poll #1720] Starting live arbs fetch...
2026-02-14 16:43:04.349 - ⚠️ 🔄 [Poll #1720] Previous ingestion still running, skipping
2026-02-14 16:43:04.349 - 🔄 📥 [Poll #1721] Starting live arbs fetch...
2026-02-14 16:43:04.349 - ⚠️ 🔄 [Poll #1721] Previous ingestion still running, skipping
2026-02-14 16:43:04.349 - 🔄 📥 [Poll #1722] Starting live arbs fetch...
2026-02-14 16:43:04.349 - ⚠️ 🔄 [Poll #1722] Previous ingestion still running, skipping
2026-02-14 16:43:04.349 - 🔄 📥 [Poll #1723] Starting live arbs fetch...
2026-02-14 16:43:04.349 - ⚠️ 🔄 [Poll #1723] Previous ingestion still running, skipping
2026-02-14 16:43:04.349 - 🔄 📥 [Poll #1724] Starting live arbs fetch...
2026-02-14 16:43:04.349 - ⚠️ 🔄 [Poll #1724] Previous ingestion still running, skipping
2026-02-14 16:43:04.349 - 🔄 📥 [Poll #1725] Starting live arbs fetch...
2026-02-14 16:43:04.350 - ⚠️ 🔄 [Poll #1725] Previous ingestion still running, skipping
2026-02-14 16:43:04.350 - 🔄 📥 [Poll #1726] Starting live arbs fetch...
2026-02-14 16:43:04.350 - ⚠️ 🔄 [Poll #1726] Previous ingestion still running, skipping
2026-02-14 16:43:04.350 - 🔄 📥 [Poll #1727] Starting live arbs fetch...
2026-02-14 16:43:04.350 - ⚠️ 🔄 [Poll #1727] Previous ingestion still running, skipping
2026-02-14 16:43:04.350 - 🔄 📥 [Poll #1728] Starting live arbs fetch...
2026-02-14 16:43:04.350 - ⚠️ 🔄 [Poll #1728] Previous ingestion still running, skipping
2026-02-14 16:43:04.350 - 🔄 📥 [Poll #1729] Starting live arbs fetch...
2026-02-14 16:43:04.350 - ⚠️ 🔄 [Poll #1729] Previous ingestion still running, skipping
2026-02-14 16:43:04.839 - 🔄 📥 [Poll #1730] Starting live arbs fetch...
2026-02-14 16:43:04.839 - ⚠️ 🔄 [Poll #1730] Previous ingestion still running, skipping
2026-02-14 16:43:06.841 - 🔄 📥 [Poll #1731] Starting live arbs fetch...
2026-02-14 16:43:06.841 - ⚠️ 🔄 [Poll #1731] Previous ingestion still running, skipping
2026-02-14 16:43:08.833 - 🔄 📥 [Poll #1732] Starting live arbs fetch...
2026-02-14 16:43:08.833 - ⚠️ 🔄 [Poll #1732] Previous ingestion still running, skipping
2026-02-14 16:43:10.834 - 🔄 📥 [Poll #1733] Starting live arbs fetch...
2026-02-14 16:43:10.834 - ⚠️ 🔄 [Poll #1733] Previous ingestion still running, skipping
2026-02-14 16:43:12.833 - 🔄 📥 [Poll #1734] Starting live arbs fetch...
2026-02-14 16:43:12.833 - ⚠️ 🔄 [Poll #1734] Previous ingestion still running, skipping
2026-02-14 16:43:14.834 - 🔄 📥 [Poll #1735] Starting live arbs fetch...
2026-02-14 16:43:14.834 - ⚠️ 🔄 [Poll #1735] Previous ingestion still running, skipping
2026-02-14 16:43:16.834 - 🔄 📥 [Poll #1736] Starting live arbs fetch...
2026-02-14 16:43:16.834 - ⚠️ 🔄 [Poll #1736] Previous ingestion still running, skipping
2026-02-14 16:43:18.841 - 🔄 📥 [Poll #1737] Starting live arbs fetch...
2026-02-14 16:43:18.841 - ⚠️ 🔄 [Poll #1737] Previous ingestion still running, skipping
2026-02-14 16:43:20.835 - 🔄 📥 [Poll #1738] Starting live arbs fetch...
2026-02-14 16:43:20.835 - ⚠️ 🔄 [Poll #1738] Previous ingestion still running, skipping
2026-02-14 16:43:22.835 - 🔄 📥 [Poll #1739] Starting live arbs fetch...
2026-02-14 16:43:22.835 - ⚠️ 🔄 [Poll #1739] Previous ingestion still running, skipping
2026-02-14 16:43:24.835 - 🔄 📥 [Poll #1740] Starting live arbs fetch...
2026-02-14 16:43:24.835 - ⚠️ 🔄 [Poll #1740] Previous ingestion still running, skipping
2026-02-14 16:43:26.844 - 🔄 📥 [Poll #1741] Starting live arbs fetch...
2026-02-14 16:43:26.844 - ⚠️ 🔄 [Poll #1741] Previous ingestion still running, skipping
2026-02-14 16:43:28.840 - 🔄 📥 [Poll #1742] Starting live arbs fetch...
2026-02-14 16:43:28.840 - ⚠️ 🔄 [Poll #1742] Previous ingestion still running, skipping
2026-02-14 16:43:35.000 - 🔄 📥 [Poll #1743] Starting live arbs fetch...
2026-02-14 16:43:35.000 - ⚠️ 🔄 [Poll #1743] Previous ingestion still running, skipping
2026-02-14 16:43:35.000 - 🔄 📥 [Poll #1744] Starting live arbs fetch...
2026-02-14 16:43:35.000 - ⚠️ 🔄 [Poll #1744] Previous ingestion still running, skipping
2026-02-14 16:43:35.000 - 🔄 📥 [Poll #1745] Starting live arbs fetch...
2026-02-14 16:43:35.000 - ⚠️ 🔄 [Poll #1745] Previous ingestion still running, skipping
2026-02-14 16:43:36.835 - 🔄 📥 [Poll #1746] Starting live arbs fetch...
2026-02-14 16:43:36.835 - ⚠️ 🔄 [Poll #1746] Previous ingestion still running, skipping
2026-02-14 16:43:38.841 - 🔄 📥 [Poll #1747] Starting live arbs fetch...
2026-02-14 16:43:38.841 - ⚠️ 🔄 [Poll #1747] Previous ingestion still running, skipping
2026-02-14 16:43:40.833 - 🔄 📥 [Poll #1748] Starting live arbs fetch...
2026-02-14 16:43:40.833 - ⚠️ 🔄 [Poll #1748] Previous ingestion still running, skipping
2026-02-14 16:43:42.833 - 🔄 📥 [Poll #1749] Starting live arbs fetch...
2026-02-14 16:43:42.833 - ⚠️ 🔄 [Poll #1749] Previous ingestion still running, skipping
2026-02-14 16:43:44.839 - 🔄 📥 [Poll #1750] Starting live arbs fetch...
2026-02-14 16:43:44.839 - ⚠️ 🔄 [Poll #1750] Previous ingestion still running, skipping
2026-02-14 16:43:46.833 - 🔄 📥 [Poll #1751] Starting live arbs fetch...
2026-02-14 16:43:46.833 - ⚠️ 🔄 [Poll #1751] Previous ingestion still running, skipping
2026-02-14 16:43:48.835 - 🔄 📥 [Poll #1752] Starting live arbs fetch...
2026-02-14 16:43:48.835 - ⚠️ 🔄 [Poll #1752] Previous ingestion still running, skipping
2026-02-14 16:43:50.834 - 🔄 📥 [Poll #1753] Starting live arbs fetch...
2026-02-14 16:43:50.834 - ⚠️ 🔄 [Poll #1753] Previous ingestion still running, skipping
2026-02-14 16:43:52.848 - 🔄 📥 [Poll #1754] Starting live arbs fetch...
2026-02-14 16:43:52.848 - ⚠️ 🔄 [Poll #1754] Previous ingestion still running, skipping
2026-02-14 16:43:54.834 - 🔄 📥 [Poll #1755] Starting live arbs fetch...
2026-02-14 16:43:54.834 - ⚠️ 🔄 [Poll #1755] Previous ingestion still running, skipping
2026-02-14 16:43:56.848 - 🔄 📥 [Poll #1756] Starting live arbs fetch...
2026-02-14 16:43:56.848 - ⚠️ 🔄 [Poll #1756] Previous ingestion still running, skipping
2026-02-14 16:43:58.846 - 🔄 📥 [Poll #1757] Starting live arbs fetch...
2026-02-14 16:43:58.846 - ⚠️ 🔄 [Poll #1757] Previous ingestion still running, skipping
2026-02-14 16:44:00.834 - 🔄 📥 [Poll #1758] Starting live arbs fetch...
2026-02-14 16:44:00.834 - ⚠️ 🔄 [Poll #1758] Previous ingestion still running, skipping
2026-02-14 16:44:02.834 - 🔄 📥 [Poll #1759] Starting live arbs fetch...
2026-02-14 16:44:02.834 - ⚠️ 🔄 [Poll #1759] Previous ingestion still running, skipping
2026-02-14 16:44:04.838 - 🔄 📥 [Poll #1760] Starting live arbs fetch...
2026-02-14 16:44:04.838 - ⚠️ 🔄 [Poll #1760] Previous ingestion still running, skipping
2026-02-14 16:44:06.836 - 🔄 📥 [Poll #1761] Starting live arbs fetch...
2026-02-14 16:44:06.836 - ⚠️ 🔄 [Poll #1761] Previous ingestion still running, skipping
2026-02-14 16:44:08.833 - 🔄 📥 [Poll #1762] Starting live arbs fetch...
2026-02-14 16:44:08.880 - ⚠️ 🔄 [Poll #1762] Previous ingestion still running, skipping
2026-02-14 16:44:10.835 - 🔄 📥 [Poll #1763] Starting live arbs fetch...
2026-02-14 16:44:10.836 - ⚠️ 🔄 [Poll #1763] Previous ingestion still running, skipping
2026-02-14 16:44:12.833 - 🔄 📥 [Poll #1764] Starting live arbs fetch...
2026-02-14 16:44:12.833 - ⚠️ 🔄 [Poll #1764] Previous ingestion still running, skipping
2026-02-14 16:44:14.835 - 🔄 📥 [Poll #1765] Starting live arbs fetch...
2026-02-14 16:44:14.835 - ⚠️ 🔄 [Poll #1765] Previous ingestion still running, skipping
2026-02-14 16:44:16.833 - 🔄 📥 [Poll #1766] Starting live arbs fetch...
2026-02-14 16:44:16.833 - ⚠️ 🔄 [Poll #1766] Previous ingestion still running, skipping
2026-02-14 16:44:18.834 - 🔄 📥 [Poll #1767] Starting live arbs fetch...
2026-02-14 16:44:18.834 - ⚠️ 🔄 [Poll #1767] Previous ingestion still running, skipping
2026-02-14 16:44:20.835 - 🔄 📥 [Poll #1768] Starting live arbs fetch...
2026-02-14 16:44:20.835 - ⚠️ 🔄 [Poll #1768] Previous ingestion still running, skipping
2026-02-14 16:44:22.840 - 🔄 📥 [Poll #1769] Starting live arbs fetch...
2026-02-14 16:44:22.840 - ⚠️ 🔄 [Poll #1769] Previous ingestion still running, skipping
2026-02-14 16:44:24.839 - 🔄 📥 [Poll #1770] Starting live arbs fetch...
2026-02-14 16:44:24.839 - ⚠️ 🔄 [Poll #1770] Previous ingestion still running, skipping
2026-02-14 16:44:36.560 - 🔄 📥 [Poll #1771] Starting live arbs fetch...
2026-02-14 16:44:36.560 - ⚠️ 🔄 [Poll #1771] Previous ingestion still running, skipping
2026-02-14 16:44:36.560 - 🔄 📥 [Poll #1772] Starting live arbs fetch...
2026-02-14 16:44:36.560 - ⚠️ 🔄 [Poll #1772] Previous ingestion still running, skipping
2026-02-14 16:44:36.560 - 🔄 📥 [Poll #1773] Starting live arbs fetch...
2026-02-14 16:44:36.560 - ⚠️ 🔄 [Poll #1773] Previous ingestion still running, skipping
2026-02-14 16:44:36.560 - 🔄 📥 [Poll #1774] Starting live arbs fetch...
2026-02-14 16:44:36.560 - ⚠️ 🔄 [Poll #1774] Previous ingestion still running, skipping
2026-02-14 16:44:36.560 - 🔄 📥 [Poll #1775] Starting live arbs fetch...
2026-02-14 16:44:36.560 - ⚠️ 🔄 [Poll #1775] Previous ingestion still running, skipping
2026-02-14 16:44:36.834 - 🔄 📥 [Poll #1776] Starting live arbs fetch...
2026-02-14 16:44:36.834 - ⚠️ 🔄 [Poll #1776] Previous ingestion still running, skipping
2026-02-14 16:44:38.833 - 🔄 📥 [Poll #1777] Starting live arbs fetch...
2026-02-14 16:44:38.833 - ⚠️ 🔄 [Poll #1777] Previous ingestion still running, skipping
2026-02-14 16:44:40.847 - 🔄 📥 [Poll #1778] Starting live arbs fetch...
2026-02-14 16:44:40.847 - ⚠️ 🔄 [Poll #1778] Previous ingestion still running, skipping
2026-02-14 16:44:42.840 - 🔄 📥 [Poll #1779] Starting live arbs fetch...
2026-02-14 16:44:42.840 - ⚠️ 🔄 [Poll #1779] Previous ingestion still running, skipping
2026-02-14 16:44:44.843 - 🔄 📥 [Poll #1780] Starting live arbs fetch...
2026-02-14 16:44:44.843 - ⚠️ 🔄 [Poll #1780] Previous ingestion still running, skipping
2026-02-14 16:44:46.840 - 🔄 📥 [Poll #1781] Starting live arbs fetch...
2026-02-14 16:44:46.840 - ⚠️ 🔄 [Poll #1781] Previous ingestion still running, skipping
2026-02-14 16:44:50.366 - 🔄 📥 [Poll #1782] Starting live arbs fetch...
2026-02-14 16:44:50.366 - ⚠️ 🔄 [Poll #1782] Previous ingestion still running, skipping
2026-02-14 16:44:50.834 - 🔄 📥 [Poll #1783] Starting live arbs fetch...
2026-02-14 16:44:50.834 - ⚠️ 🔄 [Poll #1783] Previous ingestion still running, skipping
2026-02-14 16:44:52.834 - 🔄 📥 [Poll #1784] Starting live arbs fetch...
2026-02-14 16:44:52.834 - ⚠️ 🔄 [Poll #1784] Previous ingestion still running, skipping
2026-02-14 16:44:54.834 - 🔄 📥 [Poll #1785] Starting live arbs fetch...
2026-02-14 16:44:54.834 - ⚠️ 🔄 [Poll #1785] Previous ingestion still running, skipping
2026-02-14 16:44:56.834 - 🔄 📥 [Poll #1786] Starting live arbs fetch...
2026-02-14 16:44:56.834 - ⚠️ 🔄 [Poll #1786] Previous ingestion still running, skipping
2026-02-14 16:44:58.834 - 🔄 📥 [Poll #1787] Starting live arbs fetch...
2026-02-14 16:44:58.834 - ⚠️ 🔄 [Poll #1787] Previous ingestion still running, skipping
2026-02-14 16:45:00.835 - 🔄 📥 [Poll #1788] Starting live arbs fetch...
2026-02-14 16:45:00.835 - ⚠️ 🔄 [Poll #1788] Previous ingestion still running, skipping
2026-02-14 16:45:02.833 - 🔄 📥 [Poll #1789] Starting live arbs fetch...
2026-02-14 16:45:02.833 - ⚠️ 🔄 [Poll #1789] Previous ingestion still running, skipping
2026-02-14 16:45:04.835 - 🔄 📥 [Poll #1790] Starting live arbs fetch...
2026-02-14 16:45:04.835 - ⚠️ 🔄 [Poll #1790] Previous ingestion still running, skipping
2026-02-14 16:45:06.844 - 🔄 📥 [Poll #1791] Starting live arbs fetch...
2026-02-14 16:45:06.844 - ⚠️ 🔄 [Poll #1791] Previous ingestion still running, skipping
2026-02-14 16:45:08.835 - 🔄 📥 [Poll #1792] Starting live arbs fetch...
2026-02-14 16:45:08.835 - ⚠️ 🔄 [Poll #1792] Previous ingestion still running, skipping
2026-02-14 16:45:10.842 - 🔄 📥 [Poll #1793] Starting live arbs fetch...
2026-02-14 16:45:10.842 - ⚠️ 🔄 [Poll #1793] Previous ingestion still running, skipping
2026-02-14 16:45:12.845 - 🔄 📥 [Poll #1794] Starting live arbs fetch...
2026-02-14 16:45:12.845 - ⚠️ 🔄 [Poll #1794] Previous ingestion still running, skipping
2026-02-14 16:45:14.847 - 🔄 📥 [Poll #1795] Starting live arbs fetch...
2026-02-14 16:45:14.847 - ⚠️ 🔄 [Poll #1795] Previous ingestion still running, skipping
2026-02-14 16:45:16.839 - 🔄 📥 [Poll #1796] Starting live arbs fetch...
2026-02-14 16:45:16.839 - ⚠️ 🔄 [Poll #1796] Previous ingestion still running, skipping
2026-02-14 16:45:18.841 - 🔄 📥 [Poll #1797] Starting live arbs fetch...
2026-02-14 16:45:18.841 - ⚠️ 🔄 [Poll #1797] Previous ingestion still running, skipping
2026-02-14 16:45:20.838 - 🔄 📥 [Poll #1798] Starting live arbs fetch...
2026-02-14 16:45:20.838 - ⚠️ 🔄 [Poll #1798] Previous ingestion still running, skipping
2026-02-14 16:45:22.845 - 🔄 📥 [Poll #1799] Starting live arbs fetch...
2026-02-14 16:45:22.845 - ⚠️ 🔄 [Poll #1799] Previous ingestion still running, skipping
2026-02-14 16:45:24.840 - 🔄 📥 [Poll #1800] Starting live arbs fetch...
2026-02-14 16:45:24.840 - ⚠️ 🔄 [Poll #1800] Previous ingestion still running, skipping
2026-02-14 16:45:26.848 - 🔄 📥 [Poll #1801] Starting live arbs fetch...
2026-02-14 16:45:26.848 - ⚠️ 🔄 [Poll #1801] Previous ingestion still running, skipping
2026-02-14 16:45:28.836 - 🔄 📥 [Poll #1802] Starting live arbs fetch...
2026-02-14 16:45:28.836 - ⚠️ 🔄 [Poll #1802] Previous ingestion still running, skipping
2026-02-14 16:45:30.838 - 🔄 📥 [Poll #1803] Starting live arbs fetch...
2026-02-14 16:45:30.838 - ⚠️ 🔄 [Poll #1803] Previous ingestion still running, skipping
2026-02-14 16:45:32.842 - 🔄 📥 [Poll #1804] Starting live arbs fetch...
2026-02-14 16:45:32.842 - ⚠️ 🔄 [Poll #1804] Previous ingestion still running, skipping
2026-02-14 16:45:34.846 - 🔄 📥 [Poll #1805] Starting live arbs fetch...
2026-02-14 16:45:34.846 - ⚠️ 🔄 [Poll #1805] Previous ingestion still running, skipping
2026-02-14 16:45:36.845 - 🔄 📥 [Poll #1806] Starting live arbs fetch...
2026-02-14 16:45:36.845 - ⚠️ 🔄 [Poll #1806] Previous ingestion still running, skipping
2026-02-14 16:45:38.843 - 🔄 📥 [Poll #1807] Starting live arbs fetch...
2026-02-14 16:45:38.843 - ⚠️ 🔄 [Poll #1807] Previous ingestion still running, skipping
2026-02-14 16:45:40.834 - 🔄 📥 [Poll #1808] Starting live arbs fetch...
2026-02-14 16:45:40.834 - ⚠️ 🔄 [Poll #1808] Previous ingestion still running, skipping
2026-02-14 16:45:42.845 - 🔄 📥 [Poll #1809] Starting live arbs fetch...
2026-02-14 16:45:42.845 - ⚠️ 🔄 [Poll #1809] Previous ingestion still running, skipping
2026-02-14 16:45:44.841 - 🔄 📥 [Poll #1810] Starting live arbs fetch...
2026-02-14 16:45:44.841 - ⚠️ 🔄 [Poll #1810] Previous ingestion still running, skipping
2026-02-14 16:45:46.840 - 🔄 📥 [Poll #1811] Starting live arbs fetch...
2026-02-14 16:45:46.840 - ⚠️ 🔄 [Poll #1811] Previous ingestion still running, skipping
2026-02-14 16:45:48.836 - 🔄 📥 [Poll #1812] Starting live arbs fetch...
2026-02-14 16:45:48.836 - ⚠️ 🔄 [Poll #1812] Previous ingestion still running, skipping
2026-02-14 16:45:50.835 - 🔄 📥 [Poll #1813] Starting live arbs fetch...
2026-02-14 16:45:50.835 - ⚠️ 🔄 [Poll #1813] Previous ingestion still running, skipping
2026-02-14 16:45:52.843 - 🔄 📥 [Poll #1814] Starting live arbs fetch...
2026-02-14 16:45:52.843 - ⚠️ 🔄 [Poll #1814] Previous ingestion still running, skipping
2026-02-14 16:45:54.834 - 🔄 📥 [Poll #1815] Starting live arbs fetch...
2026-02-14 16:45:54.834 - ⚠️ 🔄 [Poll #1815] Previous ingestion still running, skipping
2026-02-14 16:45:56.833 - 🔄 📥 [Poll #1816] Starting live arbs fetch...
2026-02-14 16:45:56.833 - ⚠️ 🔄 [Poll #1816] Previous ingestion still running, skipping
2026-02-14 16:45:58.835 - 🔄 📥 [Poll #1817] Starting live arbs fetch...
2026-02-14 16:45:58.835 - ⚠️ 🔄 [Poll #1817] Previous ingestion still running, skipping
2026-02-14 16:46:00.833 - 🔄 📥 [Poll #1818] Starting live arbs fetch...
2026-02-14 16:46:00.833 - ⚠️ 🔄 [Poll #1818] Previous ingestion still running, skipping
2026-02-14 16:46:02.833 - 🔄 📥 [Poll #1819] Starting live arbs fetch...
2026-02-14 16:46:02.833 - ⚠️ 🔄 [Poll #1819] Previous ingestion still running, skipping
2026-02-14 16:46:04.841 - 🔄 📥 [Poll #1820] Starting live arbs fetch...
2026-02-14 16:46:04.841 - ⚠️ 🔄 [Poll #1820] Previous ingestion still running, skipping
2026-02-14 16:46:06.839 - 🔄 📥 [Poll #1821] Starting live arbs fetch...
2026-02-14 16:46:06.839 - ⚠️ 🔄 [Poll #1821] Previous ingestion still running, skipping
2026-02-14 16:46:08.834 - 🔄 📥 [Poll #1822] Starting live arbs fetch...
2026-02-14 16:46:08.834 - ⚠️ 🔄 [Poll #1822] Previous ingestion still running, skipping
2026-02-14 16:46:10.833 - 🔄 📥 [Poll #1823] Starting live arbs fetch...
2026-02-14 16:46:10.833 - ⚠️ 🔄 [Poll #1823] Previous ingestion still running, skipping
2026-02-14 16:46:12.848 - 🔄 📥 [Poll #1824] Starting live arbs fetch...
2026-02-14 16:46:12.848 - ⚠️ 🔄 [Poll #1824] Previous ingestion still running, skipping
2026-02-14 16:46:14.833 - 🔄 📥 [Poll #1825] Starting live arbs fetch...
2026-02-14 16:46:14.833 - ⚠️ 🔄 [Poll #1825] Previous ingestion still running, skipping
2026-02-14 16:46:16.839 - 🔄 📥 [Poll #1826] Starting live arbs fetch...
2026-02-14 16:46:16.839 - ⚠️ 🔄 [Poll #1826] Previous ingestion still running, skipping
2026-02-14 16:46:18.836 - 🔄 📥 [Poll #1827] Starting live arbs fetch...
2026-02-14 16:46:18.836 - ⚠️ 🔄 [Poll #1827] Previous ingestion still running, skipping
2026-02-14 16:46:20.833 - 🔄 📥 [Poll #1828] Starting live arbs fetch...
2026-02-14 16:46:20.833 - ⚠️ 🔄 [Poll #1828] Previous ingestion still running, skipping
2026-02-14 16:46:22.833 - 🔄 📥 [Poll #1829] Starting live arbs fetch...
2026-02-14 16:46:22.833 - ⚠️ 🔄 [Poll #1829] Previous ingestion still running, skipping
2026-02-14 16:46:24.843 - 🔄 📥 [Poll #1830] Starting live arbs fetch...
2026-02-14 16:46:24.843 - ⚠️ 🔄 [Poll #1830] Previous ingestion still running, skipping
2026-02-14 16:46:26.839 - 🔄 📥 [Poll #1831] Starting live arbs fetch...
2026-02-14 16:46:26.839 - ⚠️ 🔄 [Poll #1831] Previous ingestion still running, skipping
2026-02-14 16:46:28.835 - 🔄 📥 [Poll #1832] Starting live arbs fetch...
2026-02-14 16:46:28.835 - ⚠️ 🔄 [Poll #1832] Previous ingestion still running, skipping
2026-02-14 16:46:30.834 - 🔄 📥 [Poll #1833] Starting live arbs fetch...
2026-02-14 16:46:30.834 - ⚠️ 🔄 [Poll #1833] Previous ingestion still running, skipping
2026-02-14 16:46:32.833 - 🔄 📥 [Poll #1834] Starting live arbs fetch...
2026-02-14 16:46:32.833 - ⚠️ 🔄 [Poll #1834] Previous ingestion still running, skipping
2026-02-14 16:46:34.833 - 🔄 📥 [Poll #1835] Starting live arbs fetch...
2026-02-14 16:46:34.833 - ⚠️ 🔄 [Poll #1835] Previous ingestion still running, skipping
2026-02-14 16:46:36.835 - 🔄 📥 [Poll #1836] Starting live arbs fetch...
2026-02-14 16:46:36.835 - ⚠️ 🔄 [Poll #1836] Previous ingestion still running, skipping
2026-02-14 16:46:38.834 - 🔄 📥 [Poll #1837] Starting live arbs fetch...
2026-02-14 16:46:38.834 - ⚠️ 🔄 [Poll #1837] Previous ingestion still running, skipping
2026-02-14 16:46:40.841 - 🔄 📥 [Poll #1838] Starting live arbs fetch...
2026-02-14 16:46:40.841 - ⚠️ 🔄 [Poll #1838] Previous ingestion still running, skipping
2026-02-14 16:46:42.846 - 🔄 📥 [Poll #1839] Starting live arbs fetch...
2026-02-14 16:46:42.846 - ⚠️ 🔄 [Poll #1839] Previous ingestion still running, skipping
2026-02-14 16:46:44.833 - 🔄 📥 [Poll #1840] Starting live arbs fetch...
2026-02-14 16:46:44.833 - ⚠️ 🔄 [Poll #1840] Previous ingestion still running, skipping
2026-02-14 16:46:46.834 - 🔄 📥 [Poll #1841] Starting live arbs fetch...
2026-02-14 16:46:46.834 - ⚠️ 🔄 [Poll #1841] Previous ingestion still running, skipping
2026-02-14 16:46:48.833 - 🔄 📥 [Poll #1842] Starting live arbs fetch...
2026-02-14 16:46:48.833 - ⚠️ 🔄 [Poll #1842] Previous ingestion still running, skipping
2026-02-14 16:46:50.840 - 🔄 📥 [Poll #1843] Starting live arbs fetch...
2026-02-14 16:46:50.840 - ⚠️ 🔄 [Poll #1843] Previous ingestion still running, skipping
2026-02-14 16:46:52.844 - 🔄 📥 [Poll #1844] Starting live arbs fetch...
2026-02-14 16:46:52.844 - ⚠️ 🔄 [Poll #1844] Previous ingestion still running, skipping
2026-02-14 16:46:54.845 - 🔄 📥 [Poll #1845] Starting live arbs fetch...
2026-02-14 16:46:54.845 - ⚠️ 🔄 [Poll #1845] Previous ingestion still running, skipping
2026-02-14 16:46:56.834 - 🔄 📥 [Poll #1846] Starting live arbs fetch...
2026-02-14 16:46:56.834 - ⚠️ 🔄 [Poll #1846] Previous ingestion still running, skipping
2026-02-14 16:46:58.835 - 🔄 📥 [Poll #1847] Starting live arbs fetch...
2026-02-14 16:46:58.835 - ⚠️ 🔄 [Poll #1847] Previous ingestion still running, skipping
2026-02-14 16:47:00.834 - 🔄 📥 [Poll #1848] Starting live arbs fetch...
2026-02-14 16:47:00.834 - ⚠️ 🔄 [Poll #1848] Previous ingestion still running, skipping
2026-02-14 16:47:02.834 - 🔄 📥 [Poll #1849] Starting live arbs fetch...
2026-02-14 16:47:02.834 - ⚠️ 🔄 [Poll #1849] Previous ingestion still running, skipping
2026-02-14 16:47:04.835 - 🔄 📥 [Poll #1850] Starting live arbs fetch...
2026-02-14 16:47:04.835 - ⚠️ 🔄 [Poll #1850] Previous ingestion still running, skipping
2026-02-14 16:47:06.834 - 🔄 📥 [Poll #1851] Starting live arbs fetch...
2026-02-14 16:47:06.834 - ⚠️ 🔄 [Poll #1851] Previous ingestion still running, skipping
2026-02-14 16:47:08.841 - 🔄 📥 [Poll #1852] Starting live arbs fetch...
2026-02-14 16:47:08.841 - ⚠️ 🔄 [Poll #1852] Previous ingestion still running, skipping
2026-02-14 16:47:10.844 - 🔄 📥 [Poll #1853] Starting live arbs fetch...
2026-02-14 16:47:10.844 - ⚠️ 🔄 [Poll #1853] Previous ingestion still running, skipping
2026-02-14 16:47:12.833 - 🔄 📥 [Poll #1854] Starting live arbs fetch...
2026-02-14 16:47:12.833 - ⚠️ 🔄 [Poll #1854] Previous ingestion still running, skipping
2026-02-14 16:47:14.833 - 🔄 📥 [Poll #1855] Starting live arbs fetch...
2026-02-14 16:47:14.833 - ⚠️ 🔄 [Poll #1855] Previous ingestion still running, skipping
2026-02-14 16:47:16.836 - 🔄 📥 [Poll #1856] Starting live arbs fetch...
2026-02-14 16:47:16.836 - ⚠️ 🔄 [Poll #1856] Previous ingestion still running, skipping
2026-02-14 16:47:18.846 - 🔄 📥 [Poll #1857] Starting live arbs fetch...
2026-02-14 16:47:18.846 - ⚠️ 🔄 [Poll #1857] Previous ingestion still running, skipping
2026-02-14 16:47:20.845 - 🔄 📥 [Poll #1858] Starting live arbs fetch...
2026-02-14 16:47:20.845 - ⚠️ 🔄 [Poll #1858] Previous ingestion still running, skipping
2026-02-14 16:47:22.837 - 🔄 📥 [Poll #1859] Starting live arbs fetch...
2026-02-14 16:47:22.837 - ⚠️ 🔄 [Poll #1859] Previous ingestion still running, skipping
2026-02-14 16:47:24.840 - 🔄 📥 [Poll #1860] Starting live arbs fetch...
2026-02-14 16:47:24.840 - ⚠️ 🔄 [Poll #1860] Previous ingestion still running, skipping
2026-02-14 16:47:26.833 - 🔄 📥 [Poll #1861] Starting live arbs fetch...
2026-02-14 16:47:26.833 - ⚠️ 🔄 [Poll #1861] Previous ingestion still running, skipping
2026-02-14 16:47:28.846 - 🔄 📥 [Poll #1862] Starting live arbs fetch...
2026-02-14 16:47:28.846 - ⚠️ 🔄 [Poll #1862] Previous ingestion still running, skipping
2026-02-14 16:47:30.846 - 🔄 📥 [Poll #1863] Starting live arbs fetch...
2026-02-14 16:47:30.846 - ⚠️ 🔄 [Poll #1863] Previous ingestion still running, skipping
2026-02-14 16:47:32.835 - 🔄 📥 [Poll #1864] Starting live arbs fetch...
2026-02-14 16:47:32.835 - ⚠️ 🔄 [Poll #1864] Previous ingestion still running, skipping
2026-02-14 16:47:34.833 - 🔄 📥 [Poll #1865] Starting live arbs fetch...
2026-02-14 16:47:34.833 - ⚠️ 🔄 [Poll #1865] Previous ingestion still running, skipping
2026-02-14 16:47:36.835 - 🔄 📥 [Poll #1866] Starting live arbs fetch...
2026-02-14 16:47:36.835 - ⚠️ 🔄 [Poll #1866] Previous ingestion still running, skipping
2026-02-14 16:47:38.833 - 🔄 📥 [Poll #1867] Starting live arbs fetch...
2026-02-14 16:47:38.833 - ⚠️ 🔄 [Poll #1867] Previous ingestion still running, skipping
2026-02-14 16:47:40.842 - 🔄 📥 [Poll #1868] Starting live arbs fetch...
2026-02-14 16:47:40.842 - ⚠️ 🔄 [Poll #1868] Previous ingestion still running, skipping
2026-02-14 16:47:42.855 - 🔄 📥 [Poll #1869] Starting live arbs fetch...
2026-02-14 16:47:42.855 - ⚠️ 🔄 [Poll #1869] Previous ingestion still running, skipping
2026-02-14 16:47:44.834 - 🔄 📥 [Poll #1870] Starting live arbs fetch...
2026-02-14 16:47:44.834 - ⚠️ 🔄 [Poll #1870] Previous ingestion still running, skipping
2026-02-14 16:47:46.839 - 🔄 📥 [Poll #1871] Starting live arbs fetch...
2026-02-14 16:47:46.839 - ⚠️ 🔄 [Poll #1871] Previous ingestion still running, skipping
2026-02-14 16:47:48.837 - 🔄 📥 [Poll #1872] Starting live arbs fetch...
2026-02-14 16:47:48.837 - ⚠️ 🔄 [Poll #1872] Previous ingestion still running, skipping
2026-02-14 16:47:50.841 - 🔄 📥 [Poll #1873] Starting live arbs fetch...
2026-02-14 16:47:50.841 - ⚠️ 🔄 [Poll #1873] Previous ingestion still running, skipping
2026-02-14 16:47:52.835 - 🔄 📥 [Poll #1874] Starting live arbs fetch...
2026-02-14 16:47:52.835 - ⚠️ 🔄 [Poll #1874] Previous ingestion still running, skipping
2026-02-14 16:47:54.833 - 🔄 📥 [Poll #1875] Starting live arbs fetch...
2026-02-14 16:47:54.833 - ⚠️ 🔄 [Poll #1875] Previous ingestion still running, skipping
2026-02-14 16:47:56.833 - 🔄 📥 [Poll #1876] Starting live arbs fetch...
2026-02-14 16:47:56.833 - ⚠️ 🔄 [Poll #1876] Previous ingestion still running, skipping
2026-02-14 16:47:58.834 - 🔄 📥 [Poll #1877] Starting live arbs fetch...
2026-02-14 16:47:58.834 - ⚠️ 🔄 [Poll #1877] Previous ingestion still running, skipping
2026-02-14 16:48:00.833 - 🔄 📥 [Poll #1878] Starting live arbs fetch...
2026-02-14 16:48:00.833 - ⚠️ 🔄 [Poll #1878] Previous ingestion still running, skipping
2026-02-14 16:48:02.838 - 🔄 📥 [Poll #1879] Starting live arbs fetch...
2026-02-14 16:48:02.838 - ⚠️ 🔄 [Poll #1879] Previous ingestion still running, skipping
2026-02-14 16:48:04.840 - 🔄 📥 [Poll #1880] Starting live arbs fetch...
2026-02-14 16:48:04.840 - ⚠️ 🔄 [Poll #1880] Previous ingestion still running, skipping
2026-02-14 16:48:06.837 - 🔄 📥 [Poll #1881] Starting live arbs fetch...
2026-02-14 16:48:06.837 - ⚠️ 🔄 [Poll #1881] Previous ingestion still running, skipping
2026-02-14 16:48:08.837 - 🔄 📥 [Poll #1882] Starting live arbs fetch...
2026-02-14 16:48:08.837 - ⚠️ 🔄 [Poll #1882] Previous ingestion still running, skipping
2026-02-14 16:48:10.833 - 🔄 📥 [Poll #1883] Starting live arbs fetch...
2026-02-14 16:48:10.833 - ⚠️ 🔄 [Poll #1883] Previous ingestion still running, skipping
2026-02-14 16:48:12.833 - 🔄 📥 [Poll #1884] Starting live arbs fetch...
2026-02-14 16:48:12.833 - ⚠️ 🔄 [Poll #1884] Previous ingestion still running, skipping
2026-02-14 16:48:14.845 - 🔄 📥 [Poll #1885] Starting live arbs fetch...
2026-02-14 16:48:14.845 - ⚠️ 🔄 [Poll #1885] Previous ingestion still running, skipping
2026-02-14 16:48:16.845 - 🔄 📥 [Poll #1886] Starting live arbs fetch...
2026-02-14 16:48:16.845 - ⚠️ 🔄 [Poll #1886] Previous ingestion still running, skipping
2026-02-14 16:48:18.834 - 🔄 📥 [Poll #1887] Starting live arbs fetch...
2026-02-14 16:48:18.834 - ⚠️ 🔄 [Poll #1887] Previous ingestion still running, skipping
2026-02-14 16:48:20.837 - 🔄 📥 [Poll #1888] Starting live arbs fetch...
2026-02-14 16:48:20.837 - ⚠️ 🔄 [Poll #1888] Previous ingestion still running, skipping
2026-02-14 16:48:22.833 - 🔄 📥 [Poll #1889] Starting live arbs fetch...
2026-02-14 16:48:22.833 - ⚠️ 🔄 [Poll #1889] Previous ingestion still running, skipping
2026-02-14 16:48:24.835 - 🔄 📥 [Poll #1890] Starting live arbs fetch...
2026-02-14 16:48:24.835 - ⚠️ 🔄 [Poll #1890] Previous ingestion still running, skipping
2026-02-14 16:48:26.842 - 🔄 📥 [Poll #1891] Starting live arbs fetch...
2026-02-14 16:48:26.842 - ⚠️ 🔄 [Poll #1891] Previous ingestion still running, skipping
2026-02-14 16:48:28.874 - 🔄 📥 [Poll #1892] Starting live arbs fetch...
2026-02-14 16:48:28.874 - ⚠️ 🔄 [Poll #1892] Previous ingestion still running, skipping
2026-02-14 16:48:30.833 - 🔄 📥 [Poll #1893] Starting live arbs fetch...
2026-02-14 16:48:30.833 - ⚠️ 🔄 [Poll #1893] Previous ingestion still running, skipping
2026-02-14 16:48:32.835 - 🔄 📥 [Poll #1894] Starting live arbs fetch...
2026-02-14 16:48:32.835 - ⚠️ 🔄 [Poll #1894] Previous ingestion still running, skipping
2026-02-14 16:48:34.841 - 🔄 📥 [Poll #1895] Starting live arbs fetch...
2026-02-14 16:48:34.841 - ⚠️ 🔄 [Poll #1895] Previous ingestion still running, skipping
2026-02-14 16:48:36.839 - 🔄 📥 [Poll #1896] Starting live arbs fetch...
2026-02-14 16:48:36.839 - ⚠️ 🔄 [Poll #1896] Previous ingestion still running, skipping
2026-02-14 16:48:38.845 - 🔄 📥 [Poll #1897] Starting live arbs fetch...
2026-02-14 16:48:38.845 - ⚠️ 🔄 [Poll #1897] Previous ingestion still running, skipping
2026-02-14 16:48:40.847 - 🔄 📥 [Poll #1898] Starting live arbs fetch...
2026-02-14 16:48:40.847 - ⚠️ 🔄 [Poll #1898] Previous ingestion still running, skipping
2026-02-14 16:48:42.833 - 🔄 📥 [Poll #1899] Starting live arbs fetch...
2026-02-14 16:48:42.833 - ⚠️ 🔄 [Poll #1899] Previous ingestion still running, skipping
2026-02-14 16:52:35.186 - 🔄 📥 [Poll #1900] Starting live arbs fetch...
2026-02-14 16:52:35.186 - ⚠️ 🔄 [Poll #1900] Previous ingestion still running, skipping
2026-02-14 16:52:35.186 - 🔄 📥 [Poll #1901] Starting live arbs fetch...
2026-02-14 16:52:35.186 - ⚠️ 🔄 [Poll #1901] Previous ingestion still running, skipping
2026-02-14 16:52:35.186 - 🔄 📥 [Poll #1902] Starting live arbs fetch...
2026-02-14 16:52:35.186 - ⚠️ 🔄 [Poll #1902] Previous ingestion still running, skipping
2026-02-14 16:52:35.186 - 🔄 📥 [Poll #1903] Starting live arbs fetch...
2026-02-14 16:52:35.186 - ⚠️ 🔄 [Poll #1903] Previous ingestion still running, skipping
2026-02-14 16:52:35.186 - 🔄 📥 [Poll #1904] Starting live arbs fetch...
2026-02-14 16:52:35.186 - ⚠️ 🔄 [Poll #1904] Previous ingestion still running, skipping
2026-02-14 16:52:35.186 - 🔄 📥 [Poll #1905] Starting live arbs fetch...
2026-02-14 16:52:35.186 - ⚠️ 🔄 [Poll #1905] Previous ingestion still running, skipping
2026-02-14 16:52:35.186 - 🔄 📥 [Poll #1906] Starting live arbs fetch...
2026-02-14 16:52:35.186 - ⚠️ 🔄 [Poll #1906] Previous ingestion still running, skipping
2026-02-14 16:52:35.186 - 🔄 📥 [Poll #1907] Starting live arbs fetch...
2026-02-14 16:52:35.186 - ⚠️ 🔄 [Poll #1907] Previous ingestion still running, skipping
2026-02-14 16:52:35.186 - 🔄 📥 [Poll #1908] Starting live arbs fetch...
2026-02-14 16:52:35.186 - ⚠️ 🔄 [Poll #1908] Previous ingestion still running, skipping
2026-02-14 16:52:35.186 - 🔄 📥 [Poll #1909] Starting live arbs fetch...
2026-02-14 16:52:35.186 - ⚠️ 🔄 [Poll #1909] Previous ingestion still running, skipping
2026-02-14 16:52:35.186 - 🔄 📥 [Poll #1910] Starting live arbs fetch...
2026-02-14 16:52:35.187 - ⚠️ 🔄 [Poll #1910] Previous ingestion still running, skipping
2026-02-14 16:52:35.187 - 🔄 📥 [Poll #1911] Starting live arbs fetch...
2026-02-14 16:52:35.187 - ⚠️ 🔄 [Poll #1911] Previous ingestion still running, skipping
2026-02-14 16:52:35.187 - 🔄 📥 [Poll #1912] Starting live arbs fetch...
2026-02-14 16:52:35.187 - ⚠️ 🔄 [Poll #1912] Previous ingestion still running, skipping
2026-02-14 16:52:35.187 - 🔄 📥 [Poll #1913] Starting live arbs fetch...
2026-02-14 16:52:35.187 - ⚠️ 🔄 [Poll #1913] Previous ingestion still running, skipping
2026-02-14 16:52:35.187 - 🔄 📥 [Poll #1914] Starting live arbs fetch...
2026-02-14 16:52:35.187 - ⚠️ 🔄 [Poll #1914] Previous ingestion still running, skipping
2026-02-14 16:52:35.187 - 🔄 📥 [Poll #1915] Starting live arbs fetch...
2026-02-14 16:52:35.187 - ⚠️ 🔄 [Poll #1915] Previous ingestion still running, skipping
2026-02-14 16:52:35.187 - 🔄 📥 [Poll #1916] Starting live arbs fetch...
2026-02-14 16:52:35.187 - ⚠️ 🔄 [Poll #1916] Previous ingestion still running, skipping
2026-02-14 16:52:35.187 - 🔄 📥 [Poll #1917] Starting live arbs fetch...
2026-02-14 16:52:35.187 - ⚠️ 🔄 [Poll #1917] Previous ingestion still running, skipping
2026-02-14 16:52:35.187 - 🔄 📥 [Poll #1918] Starting live arbs fetch...
2026-02-14 16:52:35.187 - ⚠️ 🔄 [Poll #1918] Previous ingestion still running, skipping
2026-02-14 16:52:35.187 - 🔄 📥 [Poll #1919] Starting live arbs fetch...
2026-02-14 16:52:35.187 - ⚠️ 🔄 [Poll #1919] Previous ingestion still running, skipping
2026-02-14 16:52:35.187 - 🔄 📥 [Poll #1920] Starting live arbs fetch...
2026-02-14 16:52:35.187 - ⚠️ 🔄 [Poll #1920] Previous ingestion still running, skipping
2026-02-14 16:52:35.187 - 🔄 📥 [Poll #1921] Starting live arbs fetch...
2026-02-14 16:52:35.187 - ⚠️ 🔄 [Poll #1921] Previous ingestion still running, skipping
2026-02-14 16:52:35.187 - 🔄 📥 [Poll #1922] Starting live arbs fetch...
2026-02-14 16:52:35.187 - ⚠️ 🔄 [Poll #1922] Previous ingestion still running, skipping
2026-02-14 16:52:35.187 - 🔄 📥 [Poll #1923] Starting live arbs fetch...
2026-02-14 16:52:35.187 - ⚠️ 🔄 [Poll #1923] Previous ingestion still running, skipping
2026-02-14 16:52:35.187 - 🔄 📥 [Poll #1924] Starting live arbs fetch...
2026-02-14 16:52:35.187 - ⚠️ 🔄 [Poll #1924] Previous ingestion still running, skipping
2026-02-14 16:52:35.187 - 🔄 📥 [Poll #1925] Starting live arbs fetch...
2026-02-14 16:52:35.188 - ⚠️ 🔄 [Poll #1925] Previous ingestion still running, skipping
2026-02-14 16:52:35.188 - 🔄 📥 [Poll #1926] Starting live arbs fetch...
2026-02-14 16:52:35.188 - ⚠️ 🔄 [Poll #1926] Previous ingestion still running, skipping
2026-02-14 16:52:35.188 - 🔄 📥 [Poll #1927] Starting live arbs fetch...
2026-02-14 16:52:35.188 - ⚠️ 🔄 [Poll #1927] Previous ingestion still running, skipping
2026-02-14 16:52:35.188 - 🔄 📥 [Poll #1928] Starting live arbs fetch...
2026-02-14 16:52:35.188 - ⚠️ 🔄 [Poll #1928] Previous ingestion still running, skipping
2026-02-14 16:52:35.188 - 🔄 📥 [Poll #1929] Starting live arbs fetch...
2026-02-14 16:52:35.188 - ⚠️ 🔄 [Poll #1929] Previous ingestion still running, skipping
2026-02-14 16:52:35.188 - 🔄 📥 [Poll #1930] Starting live arbs fetch...
2026-02-14 16:52:35.188 - ⚠️ 🔄 [Poll #1930] Previous ingestion still running, skipping
2026-02-14 16:52:35.188 - 🔄 📥 [Poll #1931] Starting live arbs fetch...
2026-02-14 16:52:35.188 - ⚠️ 🔄 [Poll #1931] Previous ingestion still running, skipping
2026-02-14 16:52:35.188 - 🔄 📥 [Poll #1932] Starting live arbs fetch...
2026-02-14 16:52:35.188 - ⚠️ 🔄 [Poll #1932] Previous ingestion still running, skipping
2026-02-14 16:52:35.188 - 🔄 📥 [Poll #1933] Starting live arbs fetch...
2026-02-14 16:52:35.188 - ⚠️ 🔄 [Poll #1933] Previous ingestion still running, skipping
2026-02-14 16:52:35.188 - 🔄 📥 [Poll #1934] Starting live arbs fetch...
2026-02-14 16:52:35.188 - ⚠️ 🔄 [Poll #1934] Previous ingestion still running, skipping
2026-02-14 16:52:35.188 - 🔄 📥 [Poll #1935] Starting live arbs fetch...
2026-02-14 16:52:35.188 - ⚠️ 🔄 [Poll #1935] Previous ingestion still running, skipping
2026-02-14 16:52:35.188 - 🔄 📥 [Poll #1936] Starting live arbs fetch...
2026-02-14 16:52:35.188 - ⚠️ 🔄 [Poll #1936] Previous ingestion still running, skipping
2026-02-14 16:52:35.188 - 🔄 📥 [Poll #1937] Starting live arbs fetch...
2026-02-14 16:52:35.188 - ⚠️ 🔄 [Poll #1937] Previous ingestion still running, skipping
2026-02-14 16:52:35.188 - 🔄 📥 [Poll #1938] Starting live arbs fetch...
2026-02-14 16:52:35.188 - ⚠️ 🔄 [Poll #1938] Previous ingestion still running, skipping
2026-02-14 16:52:35.188 - 🔄 📥 [Poll #1939] Starting live arbs fetch...
2026-02-14 16:52:35.188 - ⚠️ 🔄 [Poll #1939] Previous ingestion still running, skipping
2026-02-14 16:52:35.188 - 🔄 📥 [Poll #1940] Starting live arbs fetch...
2026-02-14 16:52:35.188 - ⚠️ 🔄 [Poll #1940] Previous ingestion still running, skipping
2026-02-14 16:52:35.189 - 🔄 📥 [Poll #1941] Starting live arbs fetch...
2026-02-14 16:52:35.189 - ⚠️ 🔄 [Poll #1941] Previous ingestion still running, skipping
2026-02-14 16:52:35.189 - 🔄 📥 [Poll #1942] Starting live arbs fetch...
2026-02-14 16:52:35.189 - ⚠️ 🔄 [Poll #1942] Previous ingestion still running, skipping
2026-02-14 16:52:35.189 - 🔄 📥 [Poll #1943] Starting live arbs fetch...
2026-02-14 16:52:35.189 - ⚠️ 🔄 [Poll #1943] Previous ingestion still running, skipping
2026-02-14 16:52:35.189 - 🔄 📥 [Poll #1944] Starting live arbs fetch...
2026-02-14 16:52:35.189 - ⚠️ 🔄 [Poll #1944] Previous ingestion still running, skipping
2026-02-14 16:52:35.189 - 🔄 📥 [Poll #1945] Starting live arbs fetch...
2026-02-14 16:52:35.189 - ⚠️ 🔄 [Poll #1945] Previous ingestion still running, skipping
2026-02-14 16:52:35.189 - 🔄 📥 [Poll #1946] Starting live arbs fetch...
2026-02-14 16:52:35.189 - ⚠️ 🔄 [Poll #1946] Previous ingestion still running, skipping
2026-02-14 16:52:35.189 - 🔄 📥 [Poll #1947] Starting live arbs fetch...
2026-02-14 16:52:35.189 - ⚠️ 🔄 [Poll #1947] Previous ingestion still running, skipping
2026-02-14 16:52:35.189 - 🔄 📥 [Poll #1948] Starting live arbs fetch...
2026-02-14 16:52:35.189 - ⚠️ 🔄 [Poll #1948] Previous ingestion still running, skipping
2026-02-14 16:52:35.189 - 🔄 📥 [Poll #1949] Starting live arbs fetch...
2026-02-14 16:52:35.189 - ⚠️ 🔄 [Poll #1949] Previous ingestion still running, skipping
2026-02-14 16:52:35.189 - 🔄 📥 [Poll #1950] Starting live arbs fetch...
2026-02-14 16:52:35.189 - ⚠️ 🔄 [Poll #1950] Previous ingestion still running, skipping
2026-02-14 16:52:35.189 - 🔄 📥 [Poll #1951] Starting live arbs fetch...
2026-02-14 16:52:35.189 - ⚠️ 🔄 [Poll #1951] Previous ingestion still running, skipping
2026-02-14 16:52:35.189 - 🔄 📥 [Poll #1952] Starting live arbs fetch...
2026-02-14 16:52:35.189 - ⚠️ 🔄 [Poll #1952] Previous ingestion still running, skipping
2026-02-14 16:52:35.189 - 🔄 📥 [Poll #1953] Starting live arbs fetch...
2026-02-14 16:52:35.189 - ⚠️ 🔄 [Poll #1953] Previous ingestion still running, skipping
2026-02-14 16:52:35.189 - 🔄 📥 [Poll #1954] Starting live arbs fetch...
2026-02-14 16:52:35.189 - ⚠️ 🔄 [Poll #1954] Previous ingestion still running, skipping
2026-02-14 16:52:35.189 - 🔄 📥 [Poll #1955] Starting live arbs fetch...
2026-02-14 16:52:35.189 - ⚠️ 🔄 [Poll #1955] Previous ingestion still running, skipping
2026-02-14 16:52:35.189 - 🔄 📥 [Poll #1956] Starting live arbs fetch...
2026-02-14 16:52:35.189 - ⚠️ 🔄 [Poll #1956] Previous ingestion still running, skipping
2026-02-14 16:52:35.189 - 🔄 📥 [Poll #1957] Starting live arbs fetch...
2026-02-14 16:52:35.189 - ⚠️ 🔄 [Poll #1957] Previous ingestion still running, skipping
2026-02-14 16:52:35.190 - 🔄 📥 [Poll #1958] Starting live arbs fetch...
2026-02-14 16:52:35.190 - ⚠️ 🔄 [Poll #1958] Previous ingestion still running, skipping
2026-02-14 16:52:35.190 - 🔄 📥 [Poll #1959] Starting live arbs fetch...
2026-02-14 16:52:35.190 - ⚠️ 🔄 [Poll #1959] Previous ingestion still running, skipping
2026-02-14 16:52:35.190 - 🔄 📥 [Poll #1960] Starting live arbs fetch...
2026-02-14 16:52:35.190 - ⚠️ 🔄 [Poll #1960] Previous ingestion still running, skipping
2026-02-14 16:52:35.190 - 🔄 📥 [Poll #1961] Starting live arbs fetch...
2026-02-14 16:52:35.190 - ⚠️ 🔄 [Poll #1961] Previous ingestion still running, skipping
2026-02-14 16:52:35.190 - 🔄 📥 [Poll #1962] Starting live arbs fetch...
2026-02-14 16:52:35.190 - ⚠️ 🔄 [Poll #1962] Previous ingestion still running, skipping
2026-02-14 16:52:35.190 - 🔄 📥 [Poll #1963] Starting live arbs fetch...
2026-02-14 16:52:35.190 - ⚠️ 🔄 [Poll #1963] Previous ingestion still running, skipping
2026-02-14 16:52:35.190 - 🔄 📥 [Poll #1964] Starting live arbs fetch...
2026-02-14 16:52:35.190 - ⚠️ 🔄 [Poll #1964] Previous ingestion still running, skipping
2026-02-14 16:52:35.190 - 🔄 📥 [Poll #1965] Starting live arbs fetch...
2026-02-14 16:52:35.190 - ⚠️ 🔄 [Poll #1965] Previous ingestion still running, skipping
2026-02-14 16:52:35.190 - 🔄 📥 [Poll #1966] Starting live arbs fetch...
2026-02-14 16:52:35.190 - ⚠️ 🔄 [Poll #1966] Previous ingestion still running, skipping
2026-02-14 16:52:35.190 - 🔄 📥 [Poll #1967] Starting live arbs fetch...
2026-02-14 16:52:35.190 - ⚠️ 🔄 [Poll #1967] Previous ingestion still running, skipping
2026-02-14 16:52:35.190 - 🔄 📥 [Poll #1968] Starting live arbs fetch...
2026-02-14 16:52:35.190 - ⚠️ 🔄 [Poll #1968] Previous ingestion still running, skipping
2026-02-14 16:52:35.190 - 🔄 📥 [Poll #1969] Starting live arbs fetch...
2026-02-14 16:52:35.190 - ⚠️ 🔄 [Poll #1969] Previous ingestion still running, skipping
2026-02-14 16:52:35.190 - 🔄 📥 [Poll #1970] Starting live arbs fetch...
2026-02-14 16:52:35.190 - ⚠️ 🔄 [Poll #1970] Previous ingestion still running, skipping
2026-02-14 16:52:35.190 - 🔄 📥 [Poll #1971] Starting live arbs fetch...
2026-02-14 16:52:35.190 - ⚠️ 🔄 [Poll #1971] Previous ingestion still running, skipping
2026-02-14 16:52:35.190 - 🔄 📥 [Poll #1972] Starting live arbs fetch...
2026-02-14 16:52:35.190 - ⚠️ 🔄 [Poll #1972] Previous ingestion still running, skipping
2026-02-14 16:52:35.190 - 🔄 📥 [Poll #1973] Starting live arbs fetch...
2026-02-14 16:52:35.190 - ⚠️ 🔄 [Poll #1973] Previous ingestion still running, skipping
2026-02-14 16:52:35.190 - 🔄 📥 [Poll #1974] Starting live arbs fetch...
2026-02-14 16:52:35.190 - ⚠️ 🔄 [Poll #1974] Previous ingestion still running, skipping
2026-02-14 16:52:35.191 - 🔄 📥 [Poll #1975] Starting live arbs fetch...
2026-02-14 16:52:35.191 - ⚠️ 🔄 [Poll #1975] Previous ingestion still running, skipping
2026-02-14 16:52:35.191 - 🔄 📥 [Poll #1976] Starting live arbs fetch...
2026-02-14 16:52:35.191 - ⚠️ 🔄 [Poll #1976] Previous ingestion still running, skipping
2026-02-14 16:52:35.191 - 🔄 📥 [Poll #1977] Starting live arbs fetch...
2026-02-14 16:52:35.191 - ⚠️ 🔄 [Poll #1977] Previous ingestion still running, skipping
2026-02-14 16:52:35.191 - 🔄 📥 [Poll #1978] Starting live arbs fetch...
2026-02-14 16:52:35.191 - ⚠️ 🔄 [Poll #1978] Previous ingestion still running, skipping
2026-02-14 16:52:35.191 - 🔄 📥 [Poll #1979] Starting live arbs fetch...
2026-02-14 16:52:35.191 - ⚠️ 🔄 [Poll #1979] Previous ingestion still running, skipping
2026-02-14 16:52:35.191 - 🔄 📥 [Poll #1980] Starting live arbs fetch...
2026-02-14 16:52:35.191 - ⚠️ 🔄 [Poll #1980] Previous ingestion still running, skipping
2026-02-14 16:52:35.191 - 🔄 📥 [Poll #1981] Starting live arbs fetch...
2026-02-14 16:52:35.191 - ⚠️ 🔄 [Poll #1981] Previous ingestion still running, skipping
2026-02-14 16:52:35.191 - 🔄 📥 [Poll #1982] Starting live arbs fetch...
2026-02-14 16:52:35.191 - ⚠️ 🔄 [Poll #1982] Previous ingestion still running, skipping
2026-02-14 16:52:35.191 - 🔄 📥 [Poll #1983] Starting live arbs fetch...
2026-02-14 16:52:35.191 - ⚠️ 🔄 [Poll #1983] Previous ingestion still running, skipping
2026-02-14 16:52:35.191 - 🔄 📥 [Poll #1984] Starting live arbs fetch...
2026-02-14 16:52:35.191 - ⚠️ 🔄 [Poll #1984] Previous ingestion still running, skipping
2026-02-14 16:52:35.191 - 🔄 📥 [Poll #1985] Starting live arbs fetch...
2026-02-14 16:52:35.191 - ⚠️ 🔄 [Poll #1985] Previous ingestion still running, skipping
2026-02-14 16:52:35.191 - 🔄 📥 [Poll #1986] Starting live arbs fetch...
2026-02-14 16:52:35.191 - ⚠️ 🔄 [Poll #1986] Previous ingestion still running, skipping
2026-02-14 16:52:35.191 - 🔄 📥 [Poll #1987] Starting live arbs fetch...
2026-02-14 16:52:35.191 - ⚠️ 🔄 [Poll #1987] Previous ingestion still running, skipping
2026-02-14 16:52:35.191 - 🔄 📥 [Poll #1988] Starting live arbs fetch...
2026-02-14 16:52:35.191 - ⚠️ 🔄 [Poll #1988] Previous ingestion still running, skipping
2026-02-14 16:52:35.191 - 🔄 📥 [Poll #1989] Starting live arbs fetch...
2026-02-14 16:52:35.191 - ⚠️ 🔄 [Poll #1989] Previous ingestion still running, skipping
2026-02-14 16:52:35.191 - 🔄 📥 [Poll #1990] Starting live arbs fetch...
2026-02-14 16:52:35.191 - ⚠️ 🔄 [Poll #1990] Previous ingestion still running, skipping
2026-02-14 16:52:35.191 - 🔄 📥 [Poll #1991] Starting live arbs fetch...
2026-02-14 16:52:35.191 - ⚠️ 🔄 [Poll #1991] Previous ingestion still running, skipping
2026-02-14 16:52:35.192 - 🔄 📥 [Poll #1992] Starting live arbs fetch...
2026-02-14 16:52:35.192 - ⚠️ 🔄 [Poll #1992] Previous ingestion still running, skipping
2026-02-14 16:52:35.192 - 🔄 📥 [Poll #1993] Starting live arbs fetch...
2026-02-14 16:52:35.192 - ⚠️ 🔄 [Poll #1993] Previous ingestion still running, skipping
2026-02-14 16:52:35.192 - 🔄 📥 [Poll #1994] Starting live arbs fetch...
2026-02-14 16:52:35.192 - ⚠️ 🔄 [Poll #1994] Previous ingestion still running, skipping
2026-02-14 16:52:35.192 - 🔄 📥 [Poll #1995] Starting live arbs fetch...
2026-02-14 16:52:35.192 - ⚠️ 🔄 [Poll #1995] Previous ingestion still running, skipping
2026-02-14 16:52:35.192 - 🔄 📥 [Poll #1996] Starting live arbs fetch...
2026-02-14 16:52:35.192 - ⚠️ 🔄 [Poll #1996] Previous ingestion still running, skipping
2026-02-14 16:52:35.192 - 🔄 📥 [Poll #1997] Starting live arbs fetch...
2026-02-14 16:52:35.192 - ⚠️ 🔄 [Poll #1997] Previous ingestion still running, skipping
2026-02-14 16:52:35.192 - 🔄 📥 [Poll #1998] Starting live arbs fetch...
2026-02-14 16:52:35.192 - ⚠️ 🔄 [Poll #1998] Previous ingestion still running, skipping
2026-02-14 16:52:35.192 - 🔄 📥 [Poll #1999] Starting live arbs fetch...
2026-02-14 16:52:35.192 - ⚠️ 🔄 [Poll #1999] Previous ingestion still running, skipping
2026-02-14 16:52:35.192 - 🔄 📥 [Poll #2000] Starting live arbs fetch...
2026-02-14 16:52:35.192 - ⚠️ 🔄 [Poll #2000] Previous ingestion still running, skipping
2026-02-14 16:52:35.192 - 🔄 📥 [Poll #2001] Starting live arbs fetch...
2026-02-14 16:52:35.192 - ⚠️ 🔄 [Poll #2001] Previous ingestion still running, skipping
2026-02-14 16:52:35.192 - 🔄 📥 [Poll #2002] Starting live arbs fetch...
2026-02-14 16:52:35.192 - ⚠️ 🔄 [Poll #2002] Previous ingestion still running, skipping
2026-02-14 16:52:35.192 - 🔄 📥 [Poll #2003] Starting live arbs fetch...
2026-02-14 16:52:35.192 - ⚠️ 🔄 [Poll #2003] Previous ingestion still running, skipping
2026-02-14 16:52:35.192 - 🔄 📥 [Poll #2004] Starting live arbs fetch...
2026-02-14 16:52:35.192 - ⚠️ 🔄 [Poll #2004] Previous ingestion still running, skipping
2026-02-14 16:52:35.192 - 🔄 📥 [Poll #2005] Starting live arbs fetch...
2026-02-14 16:52:35.192 - ⚠️ 🔄 [Poll #2005] Previous ingestion still running, skipping
2026-02-14 16:52:35.192 - 🔄 📥 [Poll #2006] Starting live arbs fetch...
2026-02-14 16:52:35.192 - ⚠️ 🔄 [Poll #2006] Previous ingestion still running, skipping
2026-02-14 16:52:35.192 - 🔄 📥 [Poll #2007] Starting live arbs fetch...
2026-02-14 16:52:35.192 - ⚠️ 🔄 [Poll #2007] Previous ingestion still running, skipping
2026-02-14 16:52:35.192 - 🔄 📥 [Poll #2008] Starting live arbs fetch...
2026-02-14 16:52:35.193 - ⚠️ 🔄 [Poll #2008] Previous ingestion still running, skipping
2026-02-14 16:52:35.193 - 🔄 📥 [Poll #2009] Starting live arbs fetch...
2026-02-14 16:52:35.193 - ⚠️ 🔄 [Poll #2009] Previous ingestion still running, skipping
2026-02-14 16:52:35.193 - 🔄 📥 [Poll #2010] Starting live arbs fetch...
2026-02-14 16:52:35.193 - ⚠️ 🔄 [Poll #2010] Previous ingestion still running, skipping
2026-02-14 16:52:35.193 - 🔄 📥 [Poll #2011] Starting live arbs fetch...
2026-02-14 16:52:35.193 - ⚠️ 🔄 [Poll #2011] Previous ingestion still running, skipping
2026-02-14 16:52:35.193 - 🔄 📥 [Poll #2012] Starting live arbs fetch...
2026-02-14 16:52:35.193 - ⚠️ 🔄 [Poll #2012] Previous ingestion still running, skipping
2026-02-14 16:52:35.193 - 🔄 📥 [Poll #2013] Starting live arbs fetch...
2026-02-14 16:52:35.193 - ⚠️ 🔄 [Poll #2013] Previous ingestion still running, skipping
2026-02-14 16:52:35.193 - 🔄 📥 [Poll #2014] Starting live arbs fetch...
2026-02-14 16:52:35.194 - ⚠️ 🔄 [Poll #2014] Previous ingestion still running, skipping
2026-02-14 16:52:35.194 - 🔄 📥 [Poll #2015] Starting live arbs fetch...
2026-02-14 16:52:35.194 - ⚠️ 🔄 [Poll #2015] Previous ingestion still running, skipping
2026-02-14 16:52:36.829 - 🔄 📥 [Poll #2016] Starting live arbs fetch...
2026-02-14 16:52:36.829 - ⚠️ 🔄 [Poll #2016] Previous ingestion still running, skipping
2026-02-14 16:52:38.824 - 🔄 📥 [Poll #2017] Starting live arbs fetch...
2026-02-14 16:52:38.824 - ⚠️ 🔄 [Poll #2017] Previous ingestion still running, skipping
2026-02-14 16:52:40.824 - 🔄 📥 [Poll #2018] Starting live arbs fetch...
2026-02-14 16:52:40.824 - ⚠️ 🔄 [Poll #2018] Previous ingestion still running, skipping
2026-02-14 16:52:42.824 - 🔄 📥 [Poll #2019] Starting live arbs fetch...
2026-02-14 16:52:42.824 - ⚠️ 🔄 [Poll #2019] Previous ingestion still running, skipping
2026-02-14 16:52:44.826 - 🔄 📥 [Poll #2020] Starting live arbs fetch...
2026-02-14 16:52:44.826 - ⚠️ 🔄 [Poll #2020] Previous ingestion still running, skipping
2026-02-14 16:52:46.824 - 🔄 📥 [Poll #2021] Starting live arbs fetch...
2026-02-14 16:52:46.824 - ⚠️ 🔄 [Poll #2021] Previous ingestion still running, skipping
2026-02-14 16:52:48.832 - 🔄 📥 [Poll #2022] Starting live arbs fetch...
2026-02-14 16:52:48.959 - ⚠️ 🔄 [Poll #2022] Previous ingestion still running, skipping
2026-02-14 16:52:50.823 - 🔄 📥 [Poll #2023] Starting live arbs fetch...
2026-02-14 16:52:50.823 - ⚠️ 🔄 [Poll #2023] Previous ingestion still running, skipping
2026-02-14 16:52:52.838 - 🔄 📥 [Poll #2024] Starting live arbs fetch...
2026-02-14 16:52:52.838 - ⚠️ 🔄 [Poll #2024] Previous ingestion still running, skipping
2026-02-14 16:52:54.835 - 🔄 📥 [Poll #2025] Starting live arbs fetch...
2026-02-14 16:52:56.041 - ⚠️ 🔄 [Poll #2025] Previous ingestion still running, skipping
2026-02-14 16:52:56.825 - 🔄 📥 [Poll #2026] Starting live arbs fetch...
2026-02-14 16:52:56.825 - ⚠️ 🔄 [Poll #2026] Previous ingestion still running, skipping
2026-02-14 16:52:58.833 - 🔄 📥 [Poll #2027] Starting live arbs fetch...
2026-02-14 16:52:58.833 - ⚠️ 🔄 [Poll #2027] Previous ingestion still running, skipping
2026-02-14 16:53:00.827 - 🔄 📥 [Poll #2028] Starting live arbs fetch...
2026-02-14 16:53:00.827 - ⚠️ 🔄 [Poll #2028] Previous ingestion still running, skipping
2026-02-14 16:53:02.823 - 🔄 📥 [Poll #2029] Starting live arbs fetch...
2026-02-14 16:53:02.823 - ⚠️ 🔄 [Poll #2029] Previous ingestion still running, skipping
2026-02-14 16:53:04.833 - 🔄 📥 [Poll #2030] Starting live arbs fetch...
2026-02-14 16:53:04.833 - ⚠️ 🔄 [Poll #2030] Previous ingestion still running, skipping
2026-02-14 16:53:06.834 - 🔄 📥 [Poll #2031] Starting live arbs fetch...
2026-02-14 16:53:06.834 - ⚠️ 🔄 [Poll #2031] Previous ingestion still running, skipping
2026-02-14 16:53:08.832 - 🔄 📥 [Poll #2032] Starting live arbs fetch...
2026-02-14 16:53:08.832 - ⚠️ 🔄 [Poll #2032] Previous ingestion still running, skipping
2026-02-14 16:53:10.825 - 🔄 📥 [Poll #2033] Starting live arbs fetch...
2026-02-14 16:53:10.825 - ⚠️ 🔄 [Poll #2033] Previous ingestion still running, skipping
2026-02-14 16:53:12.825 - 🔄 📥 [Poll #2034] Starting live arbs fetch...
2026-02-14 16:53:12.825 - ⚠️ 🔄 [Poll #2034] Previous ingestion still running, skipping
2026-02-14 16:53:14.827 - 🔄 📥 [Poll #2035] Starting live arbs fetch...
2026-02-14 16:53:14.827 - ⚠️ 🔄 [Poll #2035] Previous ingestion still running, skipping
2026-02-14 16:53:16.835 - 🔄 📥 [Poll #2036] Starting live arbs fetch...
2026-02-14 16:53:16.835 - ⚠️ 🔄 [Poll #2036] Previous ingestion still running, skipping
2026-02-14 16:53:18.837 - 🔄 📥 [Poll #2037] Starting live arbs fetch...
2026-02-14 16:53:18.837 - ⚠️ 🔄 [Poll #2037] Previous ingestion still running, skipping
2026-02-14 16:53:20.835 - 🔄 📥 [Poll #2038] Starting live arbs fetch...
2026-02-14 16:53:20.835 - ⚠️ 🔄 [Poll #2038] Previous ingestion still running, skipping
2026-02-14 16:53:22.829 - 🔄 📥 [Poll #2039] Starting live arbs fetch...
2026-02-14 16:53:22.829 - ⚠️ 🔄 [Poll #2039] Previous ingestion still running, skipping
2026-02-14 16:53:24.835 - 🔄 📥 [Poll #2040] Starting live arbs fetch...
2026-02-14 16:53:24.835 - ⚠️ 🔄 [Poll #2040] Previous ingestion still running, skipping
2026-02-14 16:53:26.823 - 🔄 📥 [Poll #2041] Starting live arbs fetch...
2026-02-14 16:53:26.823 - ⚠️ 🔄 [Poll #2041] Previous ingestion still running, skipping
2026-02-14 16:53:28.834 - 🔄 📥 [Poll #2042] Starting live arbs fetch...
2026-02-14 16:53:28.834 - ⚠️ 🔄 [Poll #2042] Previous ingestion still running, skipping
2026-02-14 16:53:30.823 - 🔄 📥 [Poll #2043] Starting live arbs fetch...
2026-02-14 16:53:30.823 - ⚠️ 🔄 [Poll #2043] Previous ingestion still running, skipping
2026-02-14 16:53:32.826 - 🔄 📥 [Poll #2044] Starting live arbs fetch...
2026-02-14 16:53:32.826 - ⚠️ 🔄 [Poll #2044] Previous ingestion still running, skipping
2026-02-14 16:53:34.824 - 🔄 📥 [Poll #2045] Starting live arbs fetch...
2026-02-14 16:53:34.824 - ⚠️ 🔄 [Poll #2045] Previous ingestion still running, skipping
2026-02-14 16:53:36.831 - 🔄 📥 [Poll #2046] Starting live arbs fetch...
2026-02-14 16:53:36.831 - ⚠️ 🔄 [Poll #2046] Previous ingestion still running, skipping
2026-02-14 16:53:38.837 - 🔄 📥 [Poll #2047] Starting live arbs fetch...
2026-02-14 16:53:38.837 - ⚠️ 🔄 [Poll #2047] Previous ingestion still running, skipping
2026-02-14 16:53:40.832 - 🔄 📥 [Poll #2048] Starting live arbs fetch...
2026-02-14 16:53:40.832 - ⚠️ 🔄 [Poll #2048] Previous ingestion still running, skipping
2026-02-14 16:53:42.836 - 🔄 📥 [Poll #2049] Starting live arbs fetch...
2026-02-14 16:53:42.836 - ⚠️ 🔄 [Poll #2049] Previous ingestion still running, skipping
2026-02-14 16:53:44.823 - 🔄 📥 [Poll #2050] Starting live arbs fetch...
2026-02-14 16:53:44.823 - ⚠️ 🔄 [Poll #2050] Previous ingestion still running, skipping
2026-02-14 16:53:46.834 - 🔄 📥 [Poll #2051] Starting live arbs fetch...
2026-02-14 16:53:46.834 - ⚠️ 🔄 [Poll #2051] Previous ingestion still running, skipping
2026-02-14 16:53:48.829 - 🔄 📥 [Poll #2052] Starting live arbs fetch...
2026-02-14 16:53:48.829 - ⚠️ 🔄 [Poll #2052] Previous ingestion still running, skipping
2026-02-14 16:53:50.837 - 🔄 📥 [Poll #2053] Starting live arbs fetch...
2026-02-14 16:53:50.837 - ⚠️ 🔄 [Poll #2053] Previous ingestion still running, skipping
2026-02-14 16:53:52.939 - 🔄 📥 [Poll #2054] Starting live arbs fetch...
2026-02-14 16:53:52.940 - ⚠️ 🔄 [Poll #2054] Previous ingestion still running, skipping
2026-02-14 16:53:54.826 - 🔄 📥 [Poll #2055] Starting live arbs fetch...
2026-02-14 16:53:54.826 - ⚠️ 🔄 [Poll #2055] Previous ingestion still running, skipping
2026-02-14 16:53:56.825 - 🔄 📥 [Poll #2056] Starting live arbs fetch...
2026-02-14 16:53:56.825 - ⚠️ 🔄 [Poll #2056] Previous ingestion still running, skipping
2026-02-14 16:53:58.824 - 🔄 📥 [Poll #2057] Starting live arbs fetch...
2026-02-14 16:53:58.824 - ⚠️ 🔄 [Poll #2057] Previous ingestion still running, skipping
2026-02-14 16:54:00.824 - 🔄 📥 [Poll #2058] Starting live arbs fetch...
2026-02-14 16:54:00.824 - ⚠️ 🔄 [Poll #2058] Previous ingestion still running, skipping
2026-02-14 16:54:02.838 - 🔄 📥 [Poll #2059] Starting live arbs fetch...
2026-02-14 16:54:02.838 - ⚠️ 🔄 [Poll #2059] Previous ingestion still running, skipping
2026-02-14 16:54:04.824 - 🔄 📥 [Poll #2060] Starting live arbs fetch...
2026-02-14 16:54:04.824 - ⚠️ 🔄 [Poll #2060] Previous ingestion still running, skipping
2026-02-14 16:54:06.824 - 🔄 📥 [Poll #2061] Starting live arbs fetch...
2026-02-14 16:54:06.824 - ⚠️ 🔄 [Poll #2061] Previous ingestion still running, skipping
2026-02-14 16:54:08.831 - 🔄 📥 [Poll #2062] Starting live arbs fetch...
2026-02-14 16:54:08.831 - ⚠️ 🔄 [Poll #2062] Previous ingestion still running, skipping
2026-02-14 16:54:10.823 - 🔄 📥 [Poll #2063] Starting live arbs fetch...
2026-02-14 16:54:10.823 - ⚠️ 🔄 [Poll #2063] Previous ingestion still running, skipping
2026-02-14 16:54:12.823 - 🔄 📥 [Poll #2064] Starting live arbs fetch...
2026-02-14 16:54:12.823 - ⚠️ 🔄 [Poll #2064] Previous ingestion still running, skipping
2026-02-14 16:54:14.824 - 🔄 📥 [Poll #2065] Starting live arbs fetch...
2026-02-14 16:54:14.824 - ⚠️ 🔄 [Poll #2065] Previous ingestion still running, skipping
2026-02-14 16:54:16.825 - 🔄 📥 [Poll #2066] Starting live arbs fetch...
2026-02-14 16:54:16.825 - ⚠️ 🔄 [Poll #2066] Previous ingestion still running, skipping
2026-02-14 16:54:18.824 - 🔄 📥 [Poll #2067] Starting live arbs fetch...
2026-02-14 16:54:18.824 - ⚠️ 🔄 [Poll #2067] Previous ingestion still running, skipping
2026-02-14 16:54:20.825 - 🔄 📥 [Poll #2068] Starting live arbs fetch...
2026-02-14 16:54:20.825 - ⚠️ 🔄 [Poll #2068] Previous ingestion still running, skipping
2026-02-14 16:54:22.824 - 🔄 📥 [Poll #2069] Starting live arbs fetch...
2026-02-14 16:54:22.824 - ⚠️ 🔄 [Poll #2069] Previous ingestion still running, skipping
2026-02-14 16:54:24.829 - 🔄 📥 [Poll #2070] Starting live arbs fetch...
2026-02-14 16:54:24.829 - ⚠️ 🔄 [Poll #2070] Previous ingestion still running, skipping
2026-02-14 16:54:26.837 - 🔄 📥 [Poll #2071] Starting live arbs fetch...
2026-02-14 16:54:26.837 - ⚠️ 🔄 [Poll #2071] Previous ingestion still running, skipping
2026-02-14 16:54:28.831 - 🔄 📥 [Poll #2072] Starting live arbs fetch...
2026-02-14 16:54:28.831 - ⚠️ 🔄 [Poll #2072] Previous ingestion still running, skipping
2026-02-14 16:54:30.824 - 🔄 📥 [Poll #2073] Starting live arbs fetch...
2026-02-14 16:54:30.824 - ⚠️ 🔄 [Poll #2073] Previous ingestion still running, skipping
2026-02-14 16:54:32.837 - 🔄 📥 [Poll #2074] Starting live arbs fetch...
2026-02-14 16:54:32.837 - ⚠️ 🔄 [Poll #2074] Previous ingestion still running, skipping
2026-02-14 16:54:34.825 - 🔄 📥 [Poll #2075] Starting live arbs fetch...
2026-02-14 16:54:34.826 - ⚠️ 🔄 [Poll #2075] Previous ingestion still running, skipping
2026-02-14 16:54:36.825 - 🔄 📥 [Poll #2076] Starting live arbs fetch...
2026-02-14 16:54:36.825 - ⚠️ 🔄 [Poll #2076] Previous ingestion still running, skipping
2026-02-14 16:54:38.876 - 🔄 📥 [Poll #2077] Starting live arbs fetch...
2026-02-14 16:54:38.877 - ⚠️ 🔄 [Poll #2077] Previous ingestion still running, skipping
2026-02-14 16:54:40.824 - 🔄 📥 [Poll #2078] Starting live arbs fetch...
2026-02-14 16:54:40.824 - ⚠️ 🔄 [Poll #2078] Previous ingestion still running, skipping
2026-02-14 16:54:42.829 - 🔄 📥 [Poll #2079] Starting live arbs fetch...
2026-02-14 16:54:42.829 - ⚠️ 🔄 [Poll #2079] Previous ingestion still running, skipping
2026-02-14 16:54:44.829 - 🔄 📥 [Poll #2080] Starting live arbs fetch...
2026-02-14 16:54:44.829 - ⚠️ 🔄 [Poll #2080] Previous ingestion still running, skipping
2026-02-14 16:54:46.825 - 🔄 📥 [Poll #2081] Starting live arbs fetch...
2026-02-14 16:54:46.825 - ⚠️ 🔄 [Poll #2081] Previous ingestion still running, skipping
2026-02-14 16:54:48.824 - 🔄 📥 [Poll #2082] Starting live arbs fetch...
2026-02-14 16:54:48.824 - ⚠️ 🔄 [Poll #2082] Previous ingestion still running, skipping
2026-02-14 16:54:50.833 - 🔄 📥 [Poll #2083] Starting live arbs fetch...
2026-02-14 16:54:50.833 - ⚠️ 🔄 [Poll #2083] Previous ingestion still running, skipping
2026-02-14 16:54:52.835 - 🔄 📥 [Poll #2084] Starting live arbs fetch...
2026-02-14 16:54:52.835 - ⚠️ 🔄 [Poll #2084] Previous ingestion still running, skipping
2026-02-14 16:54:54.831 - 🔄 📥 [Poll #2085] Starting live arbs fetch...
2026-02-14 16:54:54.831 - ⚠️ 🔄 [Poll #2085] Previous ingestion still running, skipping
2026-02-14 16:54:56.823 - 🔄 📥 [Poll #2086] Starting live arbs fetch...
2026-02-14 16:54:56.823 - ⚠️ 🔄 [Poll #2086] Previous ingestion still running, skipping
2026-02-14 16:54:58.824 - 🔄 📥 [Poll #2087] Starting live arbs fetch...
2026-02-14 16:54:58.824 - ⚠️ 🔄 [Poll #2087] Previous ingestion still running, skipping
2026-02-14 16:55:00.824 - 🔄 📥 [Poll #2088] Starting live arbs fetch...
2026-02-14 16:55:00.824 - ⚠️ 🔄 [Poll #2088] Previous ingestion still running, skipping
2026-02-14 16:55:02.832 - 🔄 📥 [Poll #2089] Starting live arbs fetch...
2026-02-14 16:55:02.832 - ⚠️ 🔄 [Poll #2089] Previous ingestion still running, skipping
2026-02-14 16:55:04.824 - 🔄 📥 [Poll #2090] Starting live arbs fetch...
2026-02-14 16:55:04.824 - ⚠️ 🔄 [Poll #2090] Previous ingestion still running, skipping
2026-02-14 16:55:06.823 - 🔄 📥 [Poll #2091] Starting live arbs fetch...
2026-02-14 16:55:06.823 - ⚠️ 🔄 [Poll #2091] Previous ingestion still running, skipping
2026-02-14 16:55:08.823 - 🔄 📥 [Poll #2092] Starting live arbs fetch...
2026-02-14 16:55:08.823 - ⚠️ 🔄 [Poll #2092] Previous ingestion still running, skipping
2026-02-14 16:55:10.834 - 🔄 📥 [Poll #2093] Starting live arbs fetch...
2026-02-14 16:55:10.834 - ⚠️ 🔄 [Poll #2093] Previous ingestion still running, skipping
2026-02-14 16:55:12.823 - 🔄 📥 [Poll #2094] Starting live arbs fetch...
2026-02-14 16:55:12.823 - ⚠️ 🔄 [Poll #2094] Previous ingestion still running, skipping
2026-02-14 16:55:14.827 - 🔄 📥 [Poll #2095] Starting live arbs fetch...
2026-02-14 16:55:14.827 - ⚠️ 🔄 [Poll #2095] Previous ingestion still running, skipping
2026-02-14 16:55:16.829 - 🔄 📥 [Poll #2096] Starting live arbs fetch...
2026-02-14 16:55:16.829 - ⚠️ 🔄 [Poll #2096] Previous ingestion still running, skipping
2026-02-14 16:55:18.823 - 🔄 📥 [Poll #2097] Starting live arbs fetch...
2026-02-14 16:55:18.823 - ⚠️ 🔄 [Poll #2097] Previous ingestion still running, skipping
2026-02-14 16:55:20.825 - 🔄 📥 [Poll #2098] Starting live arbs fetch...
2026-02-14 16:55:20.825 - ⚠️ 🔄 [Poll #2098] Previous ingestion still running, skipping
2026-02-14 16:55:22.824 - 🔄 📥 [Poll #2099] Starting live arbs fetch...
2026-02-14 16:55:22.824 - ⚠️ 🔄 [Poll #2099] Previous ingestion still running, skipping
2026-02-14 16:55:24.824 - 🔄 📥 [Poll #2100] Starting live arbs fetch...
2026-02-14 16:55:24.824 - ⚠️ 🔄 [Poll #2100] Previous ingestion still running, skipping
2026-02-14 16:55:26.835 - 🔄 📥 [Poll #2101] Starting live arbs fetch...
2026-02-14 16:55:26.835 - ⚠️ 🔄 [Poll #2101] Previous ingestion still running, skipping
2026-02-14 16:55:28.830 - 🔄 📥 [Poll #2102] Starting live arbs fetch...
2026-02-14 16:55:28.830 - ⚠️ 🔄 [Poll #2102] Previous ingestion still running, skipping
2026-02-14 16:55:30.830 - 🔄 📥 [Poll #2103] Starting live arbs fetch...
2026-02-14 16:55:30.830 - ⚠️ 🔄 [Poll #2103] Previous ingestion still running, skipping
2026-02-14 16:55:32.823 - 🔄 📥 [Poll #2104] Starting live arbs fetch...
2026-02-14 16:55:32.823 - ⚠️ 🔄 [Poll #2104] Previous ingestion still running, skipping
2026-02-14 16:55:34.829 - 🔄 📥 [Poll #2105] Starting live arbs fetch...
2026-02-14 16:55:34.829 - ⚠️ 🔄 [Poll #2105] Previous ingestion still running, skipping
2026-02-14 16:55:36.830 - 🔄 📥 [Poll #2106] Starting live arbs fetch...
2026-02-14 16:55:36.830 - ⚠️ 🔄 [Poll #2106] Previous ingestion still running, skipping
2026-02-14 16:55:38.830 - 🔄 📥 [Poll #2107] Starting live arbs fetch...
2026-02-14 16:55:38.830 - ⚠️ 🔄 [Poll #2107] Previous ingestion still running, skipping
2026-02-14 16:55:40.828 - 🔄 📥 [Poll #2108] Starting live arbs fetch...
2026-02-14 16:55:40.828 - ⚠️ 🔄 [Poll #2108] Previous ingestion still running, skipping
2026-02-14 16:55:42.831 - 🔄 📥 [Poll #2109] Starting live arbs fetch...
2026-02-14 16:55:42.831 - ⚠️ 🔄 [Poll #2109] Previous ingestion still running, skipping
2026-02-14 16:55:44.827 - 🔄 📥 [Poll #2110] Starting live arbs fetch...
2026-02-14 16:55:44.827 - ⚠️ 🔄 [Poll #2110] Previous ingestion still running, skipping
2026-02-14 16:55:46.824 - 🔄 📥 [Poll #2111] Starting live arbs fetch...
2026-02-14 16:55:46.824 - ⚠️ 🔄 [Poll #2111] Previous ingestion still running, skipping
2026-02-14 16:55:48.827 - 🔄 📥 [Poll #2112] Starting live arbs fetch...
2026-02-14 16:55:48.827 - ⚠️ 🔄 [Poll #2112] Previous ingestion still running, skipping
2026-02-14 16:55:50.827 - 🔄 📥 [Poll #2113] Starting live arbs fetch...
2026-02-14 16:55:50.827 - ⚠️ 🔄 [Poll #2113] Previous ingestion still running, skipping
2026-02-14 16:55:52.836 - 🔄 📥 [Poll #2114] Starting live arbs fetch...
2026-02-14 16:55:52.837 - ⚠️ 🔄 [Poll #2114] Previous ingestion still running, skipping
2026-02-14 16:55:54.830 - 🔄 📥 [Poll #2115] Starting live arbs fetch...
2026-02-14 16:55:54.830 - ⚠️ 🔄 [Poll #2115] Previous ingestion still running, skipping
2026-02-14 16:55:56.825 - 🔄 📥 [Poll #2116] Starting live arbs fetch...
2026-02-14 16:55:56.825 - ⚠️ 🔄 [Poll #2116] Previous ingestion still running, skipping
2026-02-14 16:55:58.824 - 🔄 📥 [Poll #2117] Starting live arbs fetch...
2026-02-14 16:55:58.824 - ⚠️ 🔄 [Poll #2117] Previous ingestion still running, skipping
2026-02-14 16:56:00.825 - 🔄 📥 [Poll #2118] Starting live arbs fetch...
2026-02-14 16:56:00.825 - ⚠️ 🔄 [Poll #2118] Previous ingestion still running, skipping
2026-02-14 16:56:02.824 - 🔄 📥 [Poll #2119] Starting live arbs fetch...
2026-02-14 16:56:02.824 - ⚠️ 🔄 [Poll #2119] Previous ingestion still running, skipping
2026-02-14 16:56:04.824 - 🔄 📥 [Poll #2120] Starting live arbs fetch...
2026-02-14 16:56:04.824 - ⚠️ 🔄 [Poll #2120] Previous ingestion still running, skipping
2026-02-14 16:56:06.823 - 🔄 📥 [Poll #2121] Starting live arbs fetch...
2026-02-14 16:56:06.823 - ⚠️ 🔄 [Poll #2121] Previous ingestion still running, skipping
2026-02-14 16:56:08.823 - 🔄 📥 [Poll #2122] Starting live arbs fetch...
2026-02-14 16:56:08.823 - ⚠️ 🔄 [Poll #2122] Previous ingestion still running, skipping
2026-02-14 16:56:10.823 - 🔄 📥 [Poll #2123] Starting live arbs fetch...
2026-02-14 16:56:10.823 - ⚠️ 🔄 [Poll #2123] Previous ingestion still running, skipping
2026-02-14 16:56:12.826 - 🔄 📥 [Poll #2124] Starting live arbs fetch...
2026-02-14 16:56:12.826 - ⚠️ 🔄 [Poll #2124] Previous ingestion still running, skipping
2026-02-14 16:56:14.825 - 🔄 📥 [Poll #2125] Starting live arbs fetch...
2026-02-14 16:56:14.825 - ⚠️ 🔄 [Poll #2125] Previous ingestion still running, skipping
2026-02-14 16:56:16.830 - 🔄 📥 [Poll #2126] Starting live arbs fetch...
2026-02-14 16:56:16.830 - ⚠️ 🔄 [Poll #2126] Previous ingestion still running, skipping
2026-02-14 16:56:18.824 - 🔄 📥 [Poll #2127] Starting live arbs fetch...
2026-02-14 16:56:18.824 - ⚠️ 🔄 [Poll #2127] Previous ingestion still running, skipping
2026-02-14 16:56:20.836 - 🔄 📥 [Poll #2128] Starting live arbs fetch...
2026-02-14 16:56:20.836 - ⚠️ 🔄 [Poll #2128] Previous ingestion still running, skipping
2026-02-14 16:56:22.826 - 🔄 📥 [Poll #2129] Starting live arbs fetch...
2026-02-14 16:56:22.826 - ⚠️ 🔄 [Poll #2129] Previous ingestion still running, skipping
2026-02-14 16:56:24.836 - 🔄 📥 [Poll #2130] Starting live arbs fetch...
2026-02-14 16:56:24.836 - ⚠️ 🔄 [Poll #2130] Previous ingestion still running, skipping
2026-02-14 16:56:26.828 - 🔄 📥 [Poll #2131] Starting live arbs fetch...
2026-02-14 16:56:26.828 - ⚠️ 🔄 [Poll #2131] Previous ingestion still running, skipping
2026-02-14 16:56:28.836 - 🔄 📥 [Poll #2132] Starting live arbs fetch...
2026-02-14 16:56:28.836 - ⚠️ 🔄 [Poll #2132] Previous ingestion still running, skipping
2026-02-14 16:56:30.835 - 🔄 📥 [Poll #2133] Starting live arbs fetch...
2026-02-14 16:56:30.835 - ⚠️ 🔄 [Poll #2133] Previous ingestion still running, skipping
2026-02-14 16:56:32.827 - 🔄 📥 [Poll #2134] Starting live arbs fetch...
2026-02-14 16:56:32.827 - ⚠️ 🔄 [Poll #2134] Previous ingestion still running, skipping
2026-02-14 16:56:34.837 - 🔄 📥 [Poll #2135] Starting live arbs fetch...
2026-02-14 16:56:34.837 - ⚠️ 🔄 [Poll #2135] Previous ingestion still running, skipping
2026-02-14 16:56:36.824 - 🔄 📥 [Poll #2136] Starting live arbs fetch...
2026-02-14 16:56:36.824 - ⚠️ 🔄 [Poll #2136] Previous ingestion still running, skipping
2026-02-14 16:56:38.824 - 🔄 📥 [Poll #2137] Starting live arbs fetch...
2026-02-14 16:56:38.824 - ⚠️ 🔄 [Poll #2137] Previous ingestion still running, skipping
2026-02-14 16:56:40.824 - 🔄 📥 [Poll #2138] Starting live arbs fetch...
2026-02-14 16:56:40.824 - ⚠️ 🔄 [Poll #2138] Previous ingestion still running, skipping
2026-02-14 16:56:42.824 - 🔄 📥 [Poll #2139] Starting live arbs fetch...
2026-02-14 16:56:42.824 - ⚠️ 🔄 [Poll #2139] Previous ingestion still running, skipping
2026-02-14 16:56:44.823 - 🔄 📥 [Poll #2140] Starting live arbs fetch...
2026-02-14 16:56:44.823 - ⚠️ 🔄 [Poll #2140] Previous ingestion still running, skipping
2026-02-14 16:56:46.824 - 🔄 📥 [Poll #2141] Starting live arbs fetch...
2026-02-14 16:56:46.824 - ⚠️ 🔄 [Poll #2141] Previous ingestion still running, skipping
2026-02-14 16:56:48.824 - 🔄 📥 [Poll #2142] Starting live arbs fetch...
2026-02-14 16:56:48.824 - ⚠️ 🔄 [Poll #2142] Previous ingestion still running, skipping
2026-02-14 16:56:50.825 - 🔄 📥 [Poll #2143] Starting live arbs fetch...
2026-02-14 16:56:50.825 - ⚠️ 🔄 [Poll #2143] Previous ingestion still running, skipping
2026-02-14 16:56:52.824 - 🔄 📥 [Poll #2144] Starting live arbs fetch...
2026-02-14 16:56:52.824 - ⚠️ 🔄 [Poll #2144] Previous ingestion still running, skipping
2026-02-14 16:56:54.838 - 🔄 📥 [Poll #2145] Starting live arbs fetch...
2026-02-14 16:56:54.838 - ⚠️ 🔄 [Poll #2145] Previous ingestion still running, skipping
2026-02-14 16:56:56.834 - 🔄 📥 [Poll #2146] Starting live arbs fetch...
2026-02-14 16:56:56.834 - ⚠️ 🔄 [Poll #2146] Previous ingestion still running, skipping
2026-02-14 16:56:58.823 - 🔄 📥 [Poll #2147] Starting live arbs fetch...
2026-02-14 16:56:58.823 - ⚠️ 🔄 [Poll #2147] Previous ingestion still running, skipping
2026-02-14 16:57:00.835 - 🔄 📥 [Poll #2148] Starting live arbs fetch...
2026-02-14 16:57:00.835 - ⚠️ 🔄 [Poll #2148] Previous ingestion still running, skipping
2026-02-14 16:57:02.830 - 🔄 📥 [Poll #2149] Starting live arbs fetch...
2026-02-14 16:57:02.830 - ⚠️ 🔄 [Poll #2149] Previous ingestion still running, skipping
2026-02-14 16:57:04.823 - 🔄 📥 [Poll #2150] Starting live arbs fetch...
2026-02-14 16:57:04.824 - ⚠️ 🔄 [Poll #2150] Previous ingestion still running, skipping
2026-02-14 16:57:06.824 - 🔄 📥 [Poll #2151] Starting live arbs fetch...
2026-02-14 16:57:06.824 - ⚠️ 🔄 [Poll #2151] Previous ingestion still running, skipping
2026-02-14 16:57:08.829 - 🔄 📥 [Poll #2152] Starting live arbs fetch...
2026-02-14 16:57:08.829 - ⚠️ 🔄 [Poll #2152] Previous ingestion still running, skipping
2026-02-14 16:57:10.829 - 🔄 📥 [Poll #2153] Starting live arbs fetch...
2026-02-14 16:57:10.829 - ⚠️ 🔄 [Poll #2153] Previous ingestion still running, skipping
2026-02-14 16:57:12.834 - 🔄 📥 [Poll #2154] Starting live arbs fetch...
2026-02-14 16:57:12.834 - ⚠️ 🔄 [Poll #2154] Previous ingestion still running, skipping
2026-02-14 16:57:14.824 - 🔄 📥 [Poll #2155] Starting live arbs fetch...
2026-02-14 16:57:14.824 - ⚠️ 🔄 [Poll #2155] Previous ingestion still running, skipping
2026-02-14 16:57:16.823 - 🔄 📥 [Poll #2156] Starting live arbs fetch...
2026-02-14 16:57:16.825 - ⚠️ 🔄 [Poll #2156] Previous ingestion still running, skipping
2026-02-14 16:57:18.828 - 🔄 📥 [Poll #2157] Starting live arbs fetch...
2026-02-14 16:57:18.828 - ⚠️ 🔄 [Poll #2157] Previous ingestion still running, skipping
2026-02-14 16:57:20.835 - 🔄 📥 [Poll #2158] Starting live arbs fetch...
2026-02-14 16:57:20.837 - ⚠️ 🔄 [Poll #2158] Previous ingestion still running, skipping
2026-02-14 16:57:22.825 - 🔄 📥 [Poll #2159] Starting live arbs fetch...
2026-02-14 16:57:22.825 - ⚠️ 🔄 [Poll #2159] Previous ingestion still running, skipping
2026-02-14 16:57:24.825 - 🔄 📥 [Poll #2160] Starting live arbs fetch...
2026-02-14 16:57:24.825 - ⚠️ 🔄 [Poll #2160] Previous ingestion still running, skipping
2026-02-14 16:57:26.831 - 🔄 📥 [Poll #2161] Starting live arbs fetch...
2026-02-14 16:57:26.831 - ⚠️ 🔄 [Poll #2161] Previous ingestion still running, skipping
2026-02-14 16:57:28.845 - 🔄 📥 [Poll #2162] Starting live arbs fetch...
2026-02-14 16:57:28.846 - ⚠️ 🔄 [Poll #2162] Previous ingestion still running, skipping
2026-02-14 16:57:30.825 - 🔄 📥 [Poll #2163] Starting live arbs fetch...
2026-02-14 16:57:30.825 - ⚠️ 🔄 [Poll #2163] Previous ingestion still running, skipping
2026-02-14 16:57:32.824 - 🔄 📥 [Poll #2164] Starting live arbs fetch...
2026-02-14 16:57:32.824 - ⚠️ 🔄 [Poll #2164] Previous ingestion still running, skipping
2026-02-14 16:57:34.824 - 🔄 📥 [Poll #2165] Starting live arbs fetch...
2026-02-14 16:57:34.827 - ⚠️ 🔄 [Poll #2165] Previous ingestion still running, skipping
2026-02-14 16:57:36.839 - 🔄 📥 [Poll #2166] Starting live arbs fetch...
2026-02-14 16:57:36.840 - ⚠️ 🔄 [Poll #2166] Previous ingestion still running, skipping
2026-02-14 16:57:38.826 - 🔄 📥 [Poll #2167] Starting live arbs fetch...
2026-02-14 16:57:38.826 - ⚠️ 🔄 [Poll #2167] Previous ingestion still running, skipping
2026-02-14 16:57:40.824 - 🔄 📥 [Poll #2168] Starting live arbs fetch...
2026-02-14 16:57:40.824 - ⚠️ 🔄 [Poll #2168] Previous ingestion still running, skipping
2026-02-14 16:57:42.824 - 🔄 📥 [Poll #2169] Starting live arbs fetch...
2026-02-14 16:57:42.824 - ⚠️ 🔄 [Poll #2169] Previous ingestion still running, skipping
2026-02-14 16:57:44.824 - 🔄 📥 [Poll #2170] Starting live arbs fetch...
2026-02-14 16:57:44.824 - ⚠️ 🔄 [Poll #2170] Previous ingestion still running, skipping
2026-02-14 16:57:46.823 - 🔄 📥 [Poll #2171] Starting live arbs fetch...
2026-02-14 16:57:46.823 - ⚠️ 🔄 [Poll #2171] Previous ingestion still running, skipping
2026-02-14 16:57:48.824 - 🔄 📥 [Poll #2172] Starting live arbs fetch...
2026-02-14 16:57:48.824 - ⚠️ 🔄 [Poll #2172] Previous ingestion still running, skipping
2026-02-14 16:57:50.826 - 🔄 📥 [Poll #2173] Starting live arbs fetch...
2026-02-14 16:57:50.826 - ⚠️ 🔄 [Poll #2173] Previous ingestion still running, skipping
2026-02-14 16:57:52.824 - 🔄 📥 [Poll #2174] Starting live arbs fetch...
2026-02-14 16:57:52.824 - ⚠️ 🔄 [Poll #2174] Previous ingestion still running, skipping
2026-02-14 16:57:54.830 - 🔄 📥 [Poll #2175] Starting live arbs fetch...
2026-02-14 16:57:54.830 - ⚠️ 🔄 [Poll #2175] Previous ingestion still running, skipping
2026-02-14 16:57:56.829 - 🔄 📥 [Poll #2176] Starting live arbs fetch...
2026-02-14 16:57:56.830 - ⚠️ 🔄 [Poll #2176] Previous ingestion still running, skipping
2026-02-14 16:57:58.828 - 🔄 📥 [Poll #2177] Starting live arbs fetch...
2026-02-14 16:57:58.828 - ⚠️ 🔄 [Poll #2177] Previous ingestion still running, skipping
2026-02-14 16:58:00.823 - 🔄 📥 [Poll #2178] Starting live arbs fetch...
2026-02-14 16:58:00.823 - ⚠️ 🔄 [Poll #2178] Previous ingestion still running, skipping
2026-02-14 16:58:02.823 - 🔄 📥 [Poll #2179] Starting live arbs fetch...
2026-02-14 16:58:02.823 - ⚠️ 🔄 [Poll #2179] Previous ingestion still running, skipping
2026-02-14 16:58:04.825 - 🔄 📥 [Poll #2180] Starting live arbs fetch...
2026-02-14 16:58:04.825 - ⚠️ 🔄 [Poll #2180] Previous ingestion still running, skipping
2026-02-14 16:58:06.832 - 🔄 📥 [Poll #2181] Starting live arbs fetch...
2026-02-14 16:58:06.833 - ⚠️ 🔄 [Poll #2181] Previous ingestion still running, skipping
2026-02-14 16:58:08.830 - 🔄 📥 [Poll #2182] Starting live arbs fetch...
2026-02-14 16:58:08.831 - ⚠️ 🔄 [Poll #2182] Previous ingestion still running, skipping
2026-02-14 16:58:10.833 - 🔄 📥 [Poll #2183] Starting live arbs fetch...
2026-02-14 16:58:10.834 - ⚠️ 🔄 [Poll #2183] Previous ingestion still running, skipping
2026-02-14 16:58:12.829 - 🔄 📥 [Poll #2184] Starting live arbs fetch...
2026-02-14 16:58:12.829 - ⚠️ 🔄 [Poll #2184] Previous ingestion still running, skipping
2026-02-14 16:58:14.832 - 🔄 📥 [Poll #2185] Starting live arbs fetch...
2026-02-14 16:58:14.833 - ⚠️ 🔄 [Poll #2185] Previous ingestion still running, skipping
2026-02-14 16:58:16.828 - 🔄 📥 [Poll #2186] Starting live arbs fetch...
2026-02-14 16:58:16.828 - ⚠️ 🔄 [Poll #2186] Previous ingestion still running, skipping
2026-02-14 16:58:18.824 - 🔄 📥 [Poll #2187] Starting live arbs fetch...
2026-02-14 16:58:18.824 - ⚠️ 🔄 [Poll #2187] Previous ingestion still running, skipping
2026-02-14 16:58:20.823 - 🔄 📥 [Poll #2188] Starting live arbs fetch...
2026-02-14 16:58:20.823 - ⚠️ 🔄 [Poll #2188] Previous ingestion still running, skipping
2026-02-14 16:58:22.833 - 🔄 📥 [Poll #2189] Starting live arbs fetch...
2026-02-14 16:58:22.833 - ⚠️ 🔄 [Poll #2189] Previous ingestion still running, skipping
2026-02-14 16:58:24.830 - 🔄 📥 [Poll #2190] Starting live arbs fetch...
2026-02-14 16:58:24.830 - ⚠️ 🔄 [Poll #2190] Previous ingestion still running, skipping
2026-02-14 16:58:26.824 - 🔄 📥 [Poll #2191] Starting live arbs fetch...
2026-02-14 16:58:26.824 - ⚠️ 🔄 [Poll #2191] Previous ingestion still running, skipping
2026-02-14 16:58:28.824 - 🔄 📥 [Poll #2192] Starting live arbs fetch...
2026-02-14 16:58:28.824 - ⚠️ 🔄 [Poll #2192] Previous ingestion still running, skipping
2026-02-14 16:58:30.824 - 🔄 📥 [Poll #2193] Starting live arbs fetch...
2026-02-14 16:58:30.824 - ⚠️ 🔄 [Poll #2193] Previous ingestion still running, skipping
2026-02-14 16:58:32.823 - 🔄 📥 [Poll #2194] Starting live arbs fetch...
2026-02-14 16:58:32.824 - ⚠️ 🔄 [Poll #2194] Previous ingestion still running, skipping
2026-02-14 16:58:34.828 - 🔄 📥 [Poll #2195] Starting live arbs fetch...
2026-02-14 16:58:34.828 - ⚠️ 🔄 [Poll #2195] Previous ingestion still running, skipping
2026-02-14 16:58:36.824 - 🔄 📥 [Poll #2196] Starting live arbs fetch...
2026-02-14 16:58:36.824 - ⚠️ 🔄 [Poll #2196] Previous ingestion still running, skipping
2026-02-14 16:58:38.824 - 🔄 📥 [Poll #2197] Starting live arbs fetch...
2026-02-14 16:58:38.824 - ⚠️ 🔄 [Poll #2197] Previous ingestion still running, skipping
2026-02-14 16:58:40.824 - 🔄 📥 [Poll #2198] Starting live arbs fetch...
2026-02-14 16:58:40.840 - ⚠️ 🔄 [Poll #2198] Previous ingestion still running, skipping
2026-02-14 16:58:42.823 - 🔄 📥 [Poll #2199] Starting live arbs fetch...
2026-02-14 16:58:42.824 - ⚠️ 🔄 [Poll #2199] Previous ingestion still running, skipping
2026-02-14 16:58:44.823 - 🔄 📥 [Poll #2200] Starting live arbs fetch...
2026-02-14 16:58:44.823 - ⚠️ 🔄 [Poll #2200] Previous ingestion still running, skipping
2026-02-14 16:58:46.823 - 🔄 📥 [Poll #2201] Starting live arbs fetch...
2026-02-14 16:58:46.823 - ⚠️ 🔄 [Poll #2201] Previous ingestion still running, skipping
2026-02-14 16:58:48.823 - 🔄 📥 [Poll #2202] Starting live arbs fetch...
2026-02-14 16:58:48.823 - ⚠️ 🔄 [Poll #2202] Previous ingestion still running, skipping
2026-02-14 16:58:50.826 - 🔄 📥 [Poll #2203] Starting live arbs fetch...
2026-02-14 16:58:50.826 - ⚠️ 🔄 [Poll #2203] Previous ingestion still running, skipping
2026-02-14 16:58:52.829 - 🔄 📥 [Poll #2204] Starting live arbs fetch...
2026-02-14 16:58:52.829 - ⚠️ 🔄 [Poll #2204] Previous ingestion still running, skipping
2026-02-14 16:58:54.823 - 🔄 📥 [Poll #2205] Starting live arbs fetch...
2026-02-14 16:58:54.823 - ⚠️ 🔄 [Poll #2205] Previous ingestion still running, skipping
2026-02-14 16:58:56.823 - 🔄 📥 [Poll #2206] Starting live arbs fetch...
2026-02-14 16:58:56.823 - ⚠️ 🔄 [Poll #2206] Previous ingestion still running, skipping
2026-02-14 16:58:58.824 - 🔄 📥 [Poll #2207] Starting live arbs fetch...
2026-02-14 16:58:58.824 - ⚠️ 🔄 [Poll #2207] Previous ingestion still running, skipping
2026-02-14 16:59:00.837 - 🔄 📥 [Poll #2208] Starting live arbs fetch...
2026-02-14 16:59:00.837 - ⚠️ 🔄 [Poll #2208] Previous ingestion still running, skipping
2026-02-14 16:59:02.832 - 🔄 📥 [Poll #2209] Starting live arbs fetch...
2026-02-14 16:59:02.832 - ⚠️ 🔄 [Poll #2209] Previous ingestion still running, skipping
2026-02-14 16:59:04.824 - 🔄 📥 [Poll #2210] Starting live arbs fetch...
2026-02-14 16:59:04.824 - ⚠️ 🔄 [Poll #2210] Previous ingestion still running, skipping
2026-02-14 16:59:06.824 - 🔄 📥 [Poll #2211] Starting live arbs fetch...
2026-02-14 16:59:06.824 - ⚠️ 🔄 [Poll #2211] Previous ingestion still running, skipping
2026-02-14 16:59:08.823 - 🔄 📥 [Poll #2212] Starting live arbs fetch...
2026-02-14 16:59:08.823 - ⚠️ 🔄 [Poll #2212] Previous ingestion still running, skipping
2026-02-14 16:59:10.824 - 🔄 📥 [Poll #2213] Starting live arbs fetch...
2026-02-14 16:59:10.824 - ⚠️ 🔄 [Poll #2213] Previous ingestion still running, skipping
2026-02-14 16:59:12.823 - 🔄 📥 [Poll #2214] Starting live arbs fetch...
2026-02-14 16:59:12.823 - ⚠️ 🔄 [Poll #2214] Previous ingestion still running, skipping
2026-02-14 16:59:14.823 - 🔄 📥 [Poll #2215] Starting live arbs fetch...
2026-02-14 16:59:14.823 - ⚠️ 🔄 [Poll #2215] Previous ingestion still running, skipping
2026-02-14 16:59:16.834 - 🔄 📥 [Poll #2216] Starting live arbs fetch...
2026-02-14 16:59:16.834 - ⚠️ 🔄 [Poll #2216] Previous ingestion still running, skipping
2026-02-14 16:59:18.825 - 🔄 📥 [Poll #2217] Starting live arbs fetch...
2026-02-14 16:59:18.825 - ⚠️ 🔄 [Poll #2217] Previous ingestion still running, skipping
2026-02-14 16:59:20.824 - 🔄 📥 [Poll #2218] Starting live arbs fetch...
2026-02-14 16:59:20.824 - ⚠️ 🔄 [Poll #2218] Previous ingestion still running, skipping
2026-02-14 16:59:22.825 - 🔄 📥 [Poll #2219] Starting live arbs fetch...
2026-02-14 16:59:22.825 - ⚠️ 🔄 [Poll #2219] Previous ingestion still running, skipping
2026-02-14 16:59:24.833 - 🔄 📥 [Poll #2220] Starting live arbs fetch...
2026-02-14 16:59:24.833 - ⚠️ 🔄 [Poll #2220] Previous ingestion still running, skipping
2026-02-14 16:59:26.824 - 🔄 📥 [Poll #2221] Starting live arbs fetch...
2026-02-14 16:59:26.824 - ⚠️ 🔄 [Poll #2221] Previous ingestion still running, skipping
2026-02-14 16:59:28.825 - 🔄 📥 [Poll #2222] Starting live arbs fetch...
2026-02-14 16:59:28.825 - ⚠️ 🔄 [Poll #2222] Previous ingestion still running, skipping
2026-02-14 16:59:30.825 - 🔄 📥 [Poll #2223] Starting live arbs fetch...
2026-02-14 16:59:30.825 - ⚠️ 🔄 [Poll #2223] Previous ingestion still running, skipping
2026-02-14 16:59:32.824 - 🔄 📥 [Poll #2224] Starting live arbs fetch...
2026-02-14 16:59:32.824 - ⚠️ 🔄 [Poll #2224] Previous ingestion still running, skipping
2026-02-14 16:59:34.829 - 🔄 📥 [Poll #2225] Starting live arbs fetch...
2026-02-14 16:59:34.829 - ⚠️ 🔄 [Poll #2225] Previous ingestion still running, skipping
2026-02-14 16:59:36.833 - 🔄 📥 [Poll #2226] Starting live arbs fetch...
2026-02-14 16:59:36.833 - ⚠️ 🔄 [Poll #2226] Previous ingestion still running, skipping
2026-02-14 16:59:38.834 - 🔄 📥 [Poll #2227] Starting live arbs fetch...
2026-02-14 16:59:38.834 - ⚠️ 🔄 [Poll #2227] Previous ingestion still running, skipping
2026-02-14 16:59:40.836 - 🔄 📥 [Poll #2228] Starting live arbs fetch...
2026-02-14 16:59:40.836 - ⚠️ 🔄 [Poll #2228] Previous ingestion still running, skipping
2026-02-14 16:59:42.838 - 🔄 📥 [Poll #2229] Starting live arbs fetch...
2026-02-14 16:59:42.838 - ⚠️ 🔄 [Poll #2229] Previous ingestion still running, skipping
2026-02-14 16:59:44.828 - 🔄 📥 [Poll #2230] Starting live arbs fetch...
2026-02-14 16:59:44.828 - ⚠️ 🔄 [Poll #2230] Previous ingestion still running, skipping
2026-02-14 16:59:46.823 - 🔄 📥 [Poll #2231] Starting live arbs fetch...
2026-02-14 16:59:46.823 - ⚠️ 🔄 [Poll #2231] Previous ingestion still running, skipping
2026-02-14 16:59:48.824 - 🔄 📥 [Poll #2232] Starting live arbs fetch...
2026-02-14 16:59:48.824 - ⚠️ 🔄 [Poll #2232] Previous ingestion still running, skipping
2026-02-14 16:59:50.823 - 🔄 📥 [Poll #2233] Starting live arbs fetch...
2026-02-14 16:59:50.823 - ⚠️ 🔄 [Poll #2233] Previous ingestion still running, skipping
2026-02-14 16:59:52.824 - 🔄 📥 [Poll #2234] Starting live arbs fetch...
2026-02-14 16:59:52.824 - ⚠️ 🔄 [Poll #2234] Previous ingestion still running, skipping
2026-02-14 16:59:54.823 - 🔄 📥 [Poll #2235] Starting live arbs fetch...
2026-02-14 16:59:54.824 - ⚠️ 🔄 [Poll #2235] Previous ingestion still running, skipping
2026-02-14 16:59:56.824 - 🔄 📥 [Poll #2236] Starting live arbs fetch...
2026-02-14 16:59:56.824 - ⚠️ 🔄 [Poll #2236] Previous ingestion still running, skipping
2026-02-14 16:59:58.826 - 🔄 📥 [Poll #2237] Starting live arbs fetch...
2026-02-14 16:59:58.826 - ⚠️ 🔄 [Poll #2237] Previous ingestion still running, skipping
2026-02-14 17:00:00.824 - 🔄 📥 [Poll #2238] Starting live arbs fetch...
2026-02-14 17:00:00.824 - ⚠️ 🔄 [Poll #2238] Previous ingestion still running, skipping
2026-02-14 17:00:02.831 - 🔄 📥 [Poll #2239] Starting live arbs fetch...
2026-02-14 17:00:02.831 - ⚠️ 🔄 [Poll #2239] Previous ingestion still running, skipping
2026-02-14 17:00:04.825 - 🔄 📥 [Poll #2240] Starting live arbs fetch...
2026-02-14 17:00:04.825 - ⚠️ 🔄 [Poll #2240] Previous ingestion still running, skipping
2026-02-14 17:00:06.826 - 🔄 📥 [Poll #2241] Starting live arbs fetch...
2026-02-14 17:00:06.826 - ⚠️ 🔄 [Poll #2241] Previous ingestion still running, skipping
2026-02-14 17:00:08.834 - 🔄 📥 [Poll #2242] Starting live arbs fetch...
2026-02-14 17:00:08.834 - ⚠️ 🔄 [Poll #2242] Previous ingestion still running, skipping
2026-02-14 17:00:10.836 - 🔄 📥 [Poll #2243] Starting live arbs fetch...
2026-02-14 17:00:10.836 - ⚠️ 🔄 [Poll #2243] Previous ingestion still running, skipping
2026-02-14 17:00:12.826 - 🔄 📥 [Poll #2244] Starting live arbs fetch...
2026-02-14 17:00:12.826 - ⚠️ 🔄 [Poll #2244] Previous ingestion still running, skipping
2026-02-14 17:00:14.827 - 🔄 📥 [Poll #2245] Starting live arbs fetch...
2026-02-14 17:00:14.827 - ⚠️ 🔄 [Poll #2245] Previous ingestion still running, skipping
2026-02-14 17:00:16.838 - 🔄 📥 [Poll #2246] Starting live arbs fetch...
2026-02-14 17:00:16.838 - ⚠️ 🔄 [Poll #2246] Previous ingestion still running, skipping
2026-02-14 17:00:18.825 - 🔄 📥 [Poll #2247] Starting live arbs fetch...
2026-02-14 17:00:18.825 - ⚠️ 🔄 [Poll #2247] Previous ingestion still running, skipping
2026-02-14 17:00:20.833 - 🔄 📥 [Poll #2248] Starting live arbs fetch...
2026-02-14 17:00:20.833 - ⚠️ 🔄 [Poll #2248] Previous ingestion still running, skipping
2026-02-14 17:00:22.829 - 🔄 📥 [Poll #2249] Starting live arbs fetch...
2026-02-14 17:00:22.831 - ⚠️ 🔄 [Poll #2249] Previous ingestion still running, skipping
2026-02-14 17:00:24.836 - 🔄 📥 [Poll #2250] Starting live arbs fetch...
2026-02-14 17:00:24.838 - ⚠️ 🔄 [Poll #2250] Previous ingestion still running, skipping
2026-02-14 17:00:26.827 - 🔄 📥 [Poll #2251] Starting live arbs fetch...
2026-02-14 17:00:26.827 - ⚠️ 🔄 [Poll #2251] Previous ingestion still running, skipping
2026-02-14 17:00:28.825 - 🔄 📥 [Poll #2252] Starting live arbs fetch...
2026-02-14 17:00:28.825 - ⚠️ 🔄 [Poll #2252] Previous ingestion still running, skipping
2026-02-14 17:00:30.824 - 🔄 📥 [Poll #2253] Starting live arbs fetch...
2026-02-14 17:00:30.824 - ⚠️ 🔄 [Poll #2253] Previous ingestion still running, skipping
2026-02-14 17:00:32.825 - 🔄 📥 [Poll #2254] Starting live arbs fetch...
2026-02-14 17:00:32.825 - ⚠️ 🔄 [Poll #2254] Previous ingestion still running, skipping
2026-02-14 17:00:34.828 - 🔄 📥 [Poll #2255] Starting live arbs fetch...
2026-02-14 17:00:34.828 - ⚠️ 🔄 [Poll #2255] Previous ingestion still running, skipping
2026-02-14 17:00:36.825 - 🔄 📥 [Poll #2256] Starting live arbs fetch...
2026-02-14 17:00:36.825 - ⚠️ 🔄 [Poll #2256] Previous ingestion still running, skipping
2026-02-14 17:00:38.824 - 🔄 📥 [Poll #2257] Starting live arbs fetch...
2026-02-14 17:00:38.824 - ⚠️ 🔄 [Poll #2257] Previous ingestion still running, skipping
2026-02-14 17:00:40.830 - 🔄 📥 [Poll #2258] Starting live arbs fetch...
2026-02-14 17:00:40.830 - ⚠️ 🔄 [Poll #2258] Previous ingestion still running, skipping
2026-02-14 17:00:42.829 - 🔄 📥 [Poll #2259] Starting live arbs fetch...
2026-02-14 17:00:42.829 - ⚠️ 🔄 [Poll #2259] Previous ingestion still running, skipping
2026-02-14 17:00:44.835 - 🔄 📥 [Poll #2260] Starting live arbs fetch...
2026-02-14 17:00:44.835 - ⚠️ 🔄 [Poll #2260] Previous ingestion still running, skipping
2026-02-14 17:00:46.877 - 🔄 📥 [Poll #2261] Starting live arbs fetch...
2026-02-14 17:00:46.878 - ⚠️ 🔄 [Poll #2261] Previous ingestion still running, skipping
2026-02-14 17:00:48.837 - 🔄 📥 [Poll #2262] Starting live arbs fetch...
2026-02-14 17:00:48.837 - ⚠️ 🔄 [Poll #2262] Previous ingestion still running, skipping
2026-02-14 17:00:50.865 - 🔄 📥 [Poll #2263] Starting live arbs fetch...
2026-02-14 17:00:50.866 - ⚠️ 🔄 [Poll #2263] Previous ingestion still running, skipping
2026-02-14 17:00:52.824 - 🔄 📥 [Poll #2264] Starting live arbs fetch...
2026-02-14 17:00:52.824 - ⚠️ 🔄 [Poll #2264] Previous ingestion still running, skipping
2026-02-14 17:00:54.828 - 🔄 📥 [Poll #2265] Starting live arbs fetch...
2026-02-14 17:00:54.828 - ⚠️ 🔄 [Poll #2265] Previous ingestion still running, skipping
2026-02-14 17:00:56.835 - 🔄 📥 [Poll #2266] Starting live arbs fetch...
2026-02-14 17:00:56.835 - ⚠️ 🔄 [Poll #2266] Previous ingestion still running, skipping
2026-02-14 17:00:58.894 - 🔄 📥 [Poll #2267] Starting live arbs fetch...
2026-02-14 17:00:58.894 - ⚠️ 🔄 [Poll #2267] Previous ingestion still running, skipping
2026-02-14 17:01:00.831 - 🔄 📥 [Poll #2268] Starting live arbs fetch...
2026-02-14 17:01:00.831 - ⚠️ 🔄 [Poll #2268] Previous ingestion still running, skipping
2026-02-14 17:01:02.837 - 🔄 📥 [Poll #2269] Starting live arbs fetch...
2026-02-14 17:01:02.837 - ⚠️ 🔄 [Poll #2269] Previous ingestion still running, skipping
2026-02-14 17:01:04.829 - 🔄 📥 [Poll #2270] Starting live arbs fetch...
2026-02-14 17:01:04.829 - ⚠️ 🔄 [Poll #2270] Previous ingestion still running, skipping
2026-02-14 17:01:06.825 - 🔄 📥 [Poll #2271] Starting live arbs fetch...
2026-02-14 17:01:06.825 - ⚠️ 🔄 [Poll #2271] Previous ingestion still running, skipping
2026-02-14 17:01:08.823 - 🔄 📥 [Poll #2272] Starting live arbs fetch...
2026-02-14 17:01:08.823 - ⚠️ 🔄 [Poll #2272] Previous ingestion still running, skipping
2026-02-14 17:01:10.825 - 🔄 📥 [Poll #2273] Starting live arbs fetch...
2026-02-14 17:01:10.825 - ⚠️ 🔄 [Poll #2273] Previous ingestion still running, skipping
2026-02-14 17:01:12.824 - 🔄 📥 [Poll #2274] Starting live arbs fetch...
2026-02-14 17:01:12.824 - ⚠️ 🔄 [Poll #2274] Previous ingestion still running, skipping
2026-02-14 17:01:14.824 - 🔄 📥 [Poll #2275] Starting live arbs fetch...
2026-02-14 17:01:14.824 - ⚠️ 🔄 [Poll #2275] Previous ingestion still running, skipping
2026-02-14 17:01:16.823 - 🔄 📥 [Poll #2276] Starting live arbs fetch...
2026-02-14 17:01:16.823 - ⚠️ 🔄 [Poll #2276] Previous ingestion still running, skipping
2026-02-14 17:01:18.823 - 🔄 📥 [Poll #2277] Starting live arbs fetch...
2026-02-14 17:01:18.823 - ⚠️ 🔄 [Poll #2277] Previous ingestion still running, skipping
2026-02-14 17:01:20.825 - 🔄 📥 [Poll #2278] Starting live arbs fetch...
2026-02-14 17:01:20.825 - ⚠️ 🔄 [Poll #2278] Previous ingestion still running, skipping
2026-02-14 17:01:22.833 - 🔄 📥 [Poll #2279] Starting live arbs fetch...
2026-02-14 17:01:22.833 - ⚠️ 🔄 [Poll #2279] Previous ingestion still running, skipping
2026-02-14 17:01:24.906 - 🔄 📥 [Poll #2280] Starting live arbs fetch...
2026-02-14 17:01:24.906 - ⚠️ 🔄 [Poll #2280] Previous ingestion still running, skipping
2026-02-14 17:01:26.824 - 🔄 📥 [Poll #2281] Starting live arbs fetch...
2026-02-14 17:01:26.824 - ⚠️ 🔄 [Poll #2281] Previous ingestion still running, skipping
2026-02-14 17:01:28.822 - 🔄 📥 [Poll #2282] Starting live arbs fetch...
2026-02-14 17:01:28.823 - ⚠️ 🔄 [Poll #2282] Previous ingestion still running, skipping
2026-02-14 17:01:30.823 - 🔄 📥 [Poll #2283] Starting live arbs fetch...
2026-02-14 17:01:30.823 - ⚠️ 🔄 [Poll #2283] Previous ingestion still running, skipping
2026-02-14 17:01:32.828 - 🔄 📥 [Poll #2284] Starting live arbs fetch...
2026-02-14 17:01:32.828 - ⚠️ 🔄 [Poll #2284] Previous ingestion still running, skipping
2026-02-14 17:01:34.831 - 🔄 📥 [Poll #2285] Starting live arbs fetch...
2026-02-14 17:01:34.831 - ⚠️ 🔄 [Poll #2285] Previous ingestion still running, skipping
2026-02-14 17:01:36.865 - 🔄 📥 [Poll #2286] Starting live arbs fetch...
2026-02-14 17:01:36.865 - ⚠️ 🔄 [Poll #2286] Previous ingestion still running, skipping
2026-02-14 17:01:38.893 - 🔄 📥 [Poll #2287] Starting live arbs fetch...
2026-02-14 17:01:38.904 - ⚠️ 🔄 [Poll #2287] Previous ingestion still running, skipping
2026-02-14 17:01:40.835 - 🔄 📥 [Poll #2288] Starting live arbs fetch...
2026-02-14 17:01:40.835 - ⚠️ 🔄 [Poll #2288] Previous ingestion still running, skipping
2026-02-14 17:01:42.871 - 🔄 📥 [Poll #2289] Starting live arbs fetch...
2026-02-14 17:01:42.871 - ⚠️ 🔄 [Poll #2289] Previous ingestion still running, skipping
2026-02-14 17:01:44.837 - 🔄 📥 [Poll #2290] Starting live arbs fetch...
2026-02-14 17:01:44.837 - ⚠️ 🔄 [Poll #2290] Previous ingestion still running, skipping
2026-02-14 17:01:46.823 - 🔄 📥 [Poll #2291] Starting live arbs fetch...
2026-02-14 17:01:46.823 - ⚠️ 🔄 [Poll #2291] Previous ingestion still running, skipping
2026-02-14 17:01:48.938 - 🔄 📥 [Poll #2292] Starting live arbs fetch...
2026-02-14 17:01:48.941 - ⚠️ 🔄 [Poll #2292] Previous ingestion still running, skipping
2026-02-14 17:01:50.937 - 🔄 📥 [Poll #2293] Starting live arbs fetch...
2026-02-14 17:01:50.937 - ⚠️ 🔄 [Poll #2293] Previous ingestion still running, skipping
2026-02-14 17:01:52.900 - 🔄 📥 [Poll #2294] Starting live arbs fetch...
2026-02-14 17:01:52.905 - ⚠️ 🔄 [Poll #2294] Previous ingestion still running, skipping
2026-02-14 17:01:54.825 - 🔄 📥 [Poll #2295] Starting live arbs fetch...
2026-02-14 17:01:54.825 - ⚠️ 🔄 [Poll #2295] Previous ingestion still running, skipping
2026-02-14 17:01:56.824 - 🔄 📥 [Poll #2296] Starting live arbs fetch...
2026-02-14 17:01:56.824 - ⚠️ 🔄 [Poll #2296] Previous ingestion still running, skipping
2026-02-14 17:01:58.824 - 🔄 📥 [Poll #2297] Starting live arbs fetch...
2026-02-14 17:01:58.824 - ⚠️ 🔄 [Poll #2297] Previous ingestion still running, skipping
2026-02-14 17:02:00.824 - 🔄 📥 [Poll #2298] Starting live arbs fetch...
2026-02-14 17:02:00.824 - ⚠️ 🔄 [Poll #2298] Previous ingestion still running, skipping
2026-02-14 17:02:02.823 - 🔄 📥 [Poll #2299] Starting live arbs fetch...
2026-02-14 17:02:02.823 - ⚠️ 🔄 [Poll #2299] Previous ingestion still running, skipping
2026-02-14 17:02:04.824 - 🔄 📥 [Poll #2300] Starting live arbs fetch...
2026-02-14 17:02:04.824 - ⚠️ 🔄 [Poll #2300] Previous ingestion still running, skipping
2026-02-14 17:02:06.825 - 🔄 📥 [Poll #2301] Starting live arbs fetch...
2026-02-14 17:02:06.825 - ⚠️ 🔄 [Poll #2301] Previous ingestion still running, skipping
2026-02-14 17:02:08.824 - 🔄 📥 [Poll #2302] Starting live arbs fetch...
2026-02-14 17:02:08.824 - ⚠️ 🔄 [Poll #2302] Previous ingestion still running, skipping
2026-02-14 17:02:10.824 - 🔄 📥 [Poll #2303] Starting live arbs fetch...
2026-02-14 17:02:10.824 - ⚠️ 🔄 [Poll #2303] Previous ingestion still running, skipping
2026-02-14 17:02:12.832 - 🔄 📥 [Poll #2304] Starting live arbs fetch...
2026-02-14 17:02:12.832 - ⚠️ 🔄 [Poll #2304] Previous ingestion still running, skipping
2026-02-14 17:02:14.825 - 🔄 📥 [Poll #2305] Starting live arbs fetch...
2026-02-14 17:02:14.825 - ⚠️ 🔄 [Poll #2305] Previous ingestion still running, skipping
2026-02-14 17:02:16.830 - 🔄 📥 [Poll #2306] Starting live arbs fetch...
2026-02-14 17:02:16.831 - ⚠️ 🔄 [Poll #2306] Previous ingestion still running, skipping
2026-02-14 17:02:18.835 - 🔄 📥 [Poll #2307] Starting live arbs fetch...
2026-02-14 17:02:18.836 - ⚠️ 🔄 [Poll #2307] Previous ingestion still running, skipping
2026-02-14 17:02:20.825 - 🔄 📥 [Poll #2308] Starting live arbs fetch...
2026-02-14 17:02:20.825 - ⚠️ 🔄 [Poll #2308] Previous ingestion still running, skipping
2026-02-14 17:02:22.824 - 🔄 📥 [Poll #2309] Starting live arbs fetch...
2026-02-14 17:02:22.824 - ⚠️ 🔄 [Poll #2309] Previous ingestion still running, skipping
2026-02-14 17:02:24.824 - 🔄 📥 [Poll #2310] Starting live arbs fetch...
2026-02-14 17:02:24.824 - ⚠️ 🔄 [Poll #2310] Previous ingestion still running, skipping
2026-02-14 17:02:26.823 - 🔄 📥 [Poll #2311] Starting live arbs fetch...
2026-02-14 17:02:26.823 - ⚠️ 🔄 [Poll #2311] Previous ingestion still running, skipping
2026-02-14 17:02:28.832 - 🔄 📥 [Poll #2312] Starting live arbs fetch...
2026-02-14 17:02:28.832 - ⚠️ 🔄 [Poll #2312] Previous ingestion still running, skipping
2026-02-14 17:02:30.837 - 🔄 📥 [Poll #2313] Starting live arbs fetch...
2026-02-14 17:02:30.837 - ⚠️ 🔄 [Poll #2313] Previous ingestion still running, skipping
2026-02-14 17:02:32.823 - 🔄 📥 [Poll #2314] Starting live arbs fetch...
2026-02-14 17:02:32.823 - ⚠️ 🔄 [Poll #2314] Previous ingestion still running, skipping
2026-02-14 17:02:34.824 - 🔄 📥 [Poll #2315] Starting live arbs fetch...
2026-02-14 17:02:34.824 - ⚠️ 🔄 [Poll #2315] Previous ingestion still running, skipping
2026-02-14 17:02:40.539 - 🔄 📥 [Poll #2316] Starting live arbs fetch...
2026-02-14 17:02:40.539 - ⚠️ 🔄 [Poll #2316] Previous ingestion still running, skipping
2026-02-14 17:02:40.539 - 🔄 📥 [Poll #2317] Starting live arbs fetch...
2026-02-14 17:02:40.539 - ⚠️ 🔄 [Poll #2317] Previous ingestion still running, skipping
2026-02-14 17:02:40.828 - 🔄 📥 [Poll #2318] Starting live arbs fetch...
2026-02-14 17:02:40.828 - ⚠️ 🔄 [Poll #2318] Previous ingestion still running, skipping
2026-02-14 17:02:42.835 - 🔄 📥 [Poll #2319] Starting live arbs fetch...
2026-02-14 17:02:42.835 - ⚠️ 🔄 [Poll #2319] Previous ingestion still running, skipping
2026-02-14 17:02:44.825 - 🔄 📥 [Poll #2320] Starting live arbs fetch...
2026-02-14 17:02:44.825 - ⚠️ 🔄 [Poll #2320] Previous ingestion still running, skipping
2026-02-14 17:02:46.827 - 🔄 📥 [Poll #2321] Starting live arbs fetch...
2026-02-14 17:02:46.827 - ⚠️ 🔄 [Poll #2321] Previous ingestion still running, skipping
2026-02-14 17:02:48.825 - 🔄 📥 [Poll #2322] Starting live arbs fetch...
2026-02-14 17:02:48.825 - ⚠️ 🔄 [Poll #2322] Previous ingestion still running, skipping
2026-02-14 17:02:50.823 - 🔄 📥 [Poll #2323] Starting live arbs fetch...
2026-02-14 17:02:50.823 - ⚠️ 🔄 [Poll #2323] Previous ingestion still running, skipping
2026-02-14 17:02:52.826 - 🔄 📥 [Poll #2324] Starting live arbs fetch...
2026-02-14 17:02:52.826 - ⚠️ 🔄 [Poll #2324] Previous ingestion still running, skipping
2026-02-14 17:02:54.834 - 🔄 📥 [Poll #2325] Starting live arbs fetch...
2026-02-14 17:02:54.834 - ⚠️ 🔄 [Poll #2325] Previous ingestion still running, skipping
2026-02-14 17:02:56.839 - 🔄 📥 [Poll #2326] Starting live arbs fetch...
2026-02-14 17:02:56.839 - ⚠️ 🔄 [Poll #2326] Previous ingestion still running, skipping
2026-02-14 17:02:58.830 - 🔄 📥 [Poll #2327] Starting live arbs fetch...
2026-02-14 17:02:58.830 - ⚠️ 🔄 [Poll #2327] Previous ingestion still running, skipping
2026-02-14 17:03:00.830 - 🔄 📥 [Poll #2328] Starting live arbs fetch...
2026-02-14 17:03:00.831 - ⚠️ 🔄 [Poll #2328] Previous ingestion still running, skipping
2026-02-14 17:03:02.825 - 🔄 📥 [Poll #2329] Starting live arbs fetch...
2026-02-14 17:03:02.825 - ⚠️ 🔄 [Poll #2329] Previous ingestion still running, skipping
2026-02-14 17:03:04.825 - 🔄 📥 [Poll #2330] Starting live arbs fetch...
2026-02-14 17:03:04.825 - ⚠️ 🔄 [Poll #2330] Previous ingestion still running, skipping
2026-02-14 17:03:06.918 - 🔄 📥 [Poll #2331] Starting live arbs fetch...
2026-02-14 17:03:06.918 - ⚠️ 🔄 [Poll #2331] Previous ingestion still running, skipping
2026-02-14 17:03:08.824 - 🔄 📥 [Poll #2332] Starting live arbs fetch...
2026-02-14 17:03:08.824 - ⚠️ 🔄 [Poll #2332] Previous ingestion still running, skipping
2026-02-14 17:03:10.841 - 🔄 📥 [Poll #2333] Starting live arbs fetch...
2026-02-14 17:03:10.842 - ⚠️ 🔄 [Poll #2333] Previous ingestion still running, skipping
2026-02-14 17:03:12.836 - 🔄 📥 [Poll #2334] Starting live arbs fetch...
2026-02-14 17:03:12.836 - ⚠️ 🔄 [Poll #2334] Previous ingestion still running, skipping
2026-02-14 17:03:14.828 - 🔄 📥 [Poll #2335] Starting live arbs fetch...
2026-02-14 17:03:14.828 - ⚠️ 🔄 [Poll #2335] Previous ingestion still running, skipping
2026-02-14 17:03:16.831 - 🔄 📥 [Poll #2336] Starting live arbs fetch...
2026-02-14 17:03:16.831 - ⚠️ 🔄 [Poll #2336] Previous ingestion still running, skipping
2026-02-14 17:03:18.836 - 🔄 📥 [Poll #2337] Starting live arbs fetch...
2026-02-14 17:03:18.836 - ⚠️ 🔄 [Poll #2337] Previous ingestion still running, skipping
2026-02-14 17:03:20.826 - 🔄 📥 [Poll #2338] Starting live arbs fetch...
2026-02-14 17:03:20.826 - ⚠️ 🔄 [Poll #2338] Previous ingestion still running, skipping
2026-02-14 17:03:22.824 - 🔄 📥 [Poll #2339] Starting live arbs fetch...
2026-02-14 17:03:22.824 - ⚠️ 🔄 [Poll #2339] Previous ingestion still running, skipping
2026-02-14 17:03:24.833 - 🔄 📥 [Poll #2340] Starting live arbs fetch...
2026-02-14 17:03:24.833 - ⚠️ 🔄 [Poll #2340] Previous ingestion still running, skipping
2026-02-14 17:03:26.824 - 🔄 📥 [Poll #2341] Starting live arbs fetch...
2026-02-14 17:03:26.824 - ⚠️ 🔄 [Poll #2341] Previous ingestion still running, skipping
2026-02-14 17:03:28.824 - 🔄 📥 [Poll #2342] Starting live arbs fetch...
2026-02-14 17:03:28.824 - ⚠️ 🔄 [Poll #2342] Previous ingestion still running, skipping
2026-02-14 17:03:30.823 - 🔄 📥 [Poll #2343] Starting live arbs fetch...
2026-02-14 17:03:30.823 - ⚠️ 🔄 [Poll #2343] Previous ingestion still running, skipping
2026-02-14 17:03:32.823 - 🔄 📥 [Poll #2344] Starting live arbs fetch...
2026-02-14 17:03:32.823 - ⚠️ 🔄 [Poll #2344] Previous ingestion still running, skipping
2026-02-14 17:03:34.824 - 🔄 📥 [Poll #2345] Starting live arbs fetch...
2026-02-14 17:03:34.824 - ⚠️ 🔄 [Poll #2345] Previous ingestion still running, skipping
2026-02-14 17:03:36.829 - 🔄 📥 [Poll #2346] Starting live arbs fetch...
2026-02-14 17:03:36.829 - ⚠️ 🔄 [Poll #2346] Previous ingestion still running, skipping
2026-02-14 17:03:38.845 - 🔄 📥 [Poll #2347] Starting live arbs fetch...
2026-02-14 17:03:38.845 - ⚠️ 🔄 [Poll #2347] Previous ingestion still running, skipping
2026-02-14 17:03:40.834 - 🔄 📥 [Poll #2348] Starting live arbs fetch...
2026-02-14 17:03:40.834 - ⚠️ 🔄 [Poll #2348] Previous ingestion still running, skipping
2026-02-14 17:03:42.837 - 🔄 📥 [Poll #2349] Starting live arbs fetch...
2026-02-14 17:03:42.837 - ⚠️ 🔄 [Poll #2349] Previous ingestion still running, skipping
2026-02-14 17:03:44.824 - 🔄 📥 [Poll #2350] Starting live arbs fetch...
2026-02-14 17:03:44.824 - ⚠️ 🔄 [Poll #2350] Previous ingestion still running, skipping
2026-02-14 17:03:46.825 - 🔄 📥 [Poll #2351] Starting live arbs fetch...
2026-02-14 17:03:46.825 - ⚠️ 🔄 [Poll #2351] Previous ingestion still running, skipping
2026-02-14 17:03:48.832 - 🔄 📥 [Poll #2352] Starting live arbs fetch...
2026-02-14 17:03:48.832 - ⚠️ 🔄 [Poll #2352] Previous ingestion still running, skipping
2026-02-14 17:03:50.837 - 🔄 📥 [Poll #2353] Starting live arbs fetch...
2026-02-14 17:03:50.838 - ⚠️ 🔄 [Poll #2353] Previous ingestion still running, skipping
2026-02-14 17:03:52.831 - 🔄 📥 [Poll #2354] Starting live arbs fetch...
2026-02-14 17:03:52.831 - ⚠️ 🔄 [Poll #2354] Previous ingestion still running, skipping
2026-02-14 17:03:54.837 - 🔄 📥 [Poll #2355] Starting live arbs fetch...
2026-02-14 17:03:54.837 - ⚠️ 🔄 [Poll #2355] Previous ingestion still running, skipping
2026-02-14 17:03:56.839 - 🔄 📥 [Poll #2356] Starting live arbs fetch...
2026-02-14 17:03:56.839 - ⚠️ 🔄 [Poll #2356] Previous ingestion still running, skipping
2026-02-14 17:03:58.858 - 🔄 📥 [Poll #2357] Starting live arbs fetch...
2026-02-14 17:03:58.858 - ⚠️ 🔄 [Poll #2357] Previous ingestion still running, skipping
2026-02-14 17:04:00.835 - 🔄 📥 [Poll #2358] Starting live arbs fetch...
2026-02-14 17:04:00.835 - ⚠️ 🔄 [Poll #2358] Previous ingestion still running, skipping
2026-02-14 17:04:02.831 - 🔄 📥 [Poll #2359] Starting live arbs fetch...
2026-02-14 17:04:02.831 - ⚠️ 🔄 [Poll #2359] Previous ingestion still running, skipping
2026-02-14 17:04:04.833 - 🔄 📥 [Poll #2360] Starting live arbs fetch...
2026-02-14 17:04:04.834 - ⚠️ 🔄 [Poll #2360] Previous ingestion still running, skipping
2026-02-14 17:04:06.825 - 🔄 📥 [Poll #2361] Starting live arbs fetch...
2026-02-14 17:04:06.825 - ⚠️ 🔄 [Poll #2361] Previous ingestion still running, skipping
2026-02-14 17:04:08.826 - 🔄 📥 [Poll #2362] Starting live arbs fetch...
2026-02-14 17:04:08.826 - ⚠️ 🔄 [Poll #2362] Previous ingestion still running, skipping
2026-02-14 17:04:10.835 - 🔄 📥 [Poll #2363] Starting live arbs fetch...
2026-02-14 17:04:10.835 - ⚠️ 🔄 [Poll #2363] Previous ingestion still running, skipping
2026-02-14 17:04:12.836 - 🔄 📥 [Poll #2364] Starting live arbs fetch...
2026-02-14 17:04:12.836 - ⚠️ 🔄 [Poll #2364] Previous ingestion still running, skipping
2026-02-14 17:04:14.827 - 🔄 📥 [Poll #2365] Starting live arbs fetch...
2026-02-14 17:04:14.827 - ⚠️ 🔄 [Poll #2365] Previous ingestion still running, skipping
2026-02-14 17:04:16.834 - 🔄 📥 [Poll #2366] Starting live arbs fetch...
2026-02-14 17:04:16.834 - ⚠️ 🔄 [Poll #2366] Previous ingestion still running, skipping
2026-02-14 17:04:18.833 - 🔄 📥 [Poll #2367] Starting live arbs fetch...
2026-02-14 17:04:18.833 - ⚠️ 🔄 [Poll #2367] Previous ingestion still running, skipping
2026-02-14 17:04:20.829 - 🔄 📥 [Poll #2368] Starting live arbs fetch...
2026-02-14 17:04:20.830 - ⚠️ 🔄 [Poll #2368] Previous ingestion still running, skipping
2026-02-14 17:04:22.824 - 🔄 📥 [Poll #2369] Starting live arbs fetch...
2026-02-14 17:04:22.824 - ⚠️ 🔄 [Poll #2369] Previous ingestion still running, skipping
2026-02-14 17:04:24.824 - 🔄 📥 [Poll #2370] Starting live arbs fetch...
2026-02-14 17:04:24.824 - ⚠️ 🔄 [Poll #2370] Previous ingestion still running, skipping
2026-02-14 17:04:26.824 - 🔄 📥 [Poll #2371] Starting live arbs fetch...
2026-02-14 17:04:26.824 - ⚠️ 🔄 [Poll #2371] Previous ingestion still running, skipping
2026-02-14 17:04:28.824 - 🔄 📥 [Poll #2372] Starting live arbs fetch...
2026-02-14 17:04:28.824 - ⚠️ 🔄 [Poll #2372] Previous ingestion still running, skipping
2026-02-14 17:04:30.830 - 🔄 📥 [Poll #2373] Starting live arbs fetch...
2026-02-14 17:04:30.830 - ⚠️ 🔄 [Poll #2373] Previous ingestion still running, skipping
2026-02-14 17:04:32.828 - 🔄 📥 [Poll #2374] Starting live arbs fetch...
2026-02-14 17:04:32.828 - ⚠️ 🔄 [Poll #2374] Previous ingestion still running, skipping
2026-02-14 17:04:34.824 - 🔄 📥 [Poll #2375] Starting live arbs fetch...
2026-02-14 17:04:34.824 - ⚠️ 🔄 [Poll #2375] Previous ingestion still running, skipping
2026-02-14 17:04:36.824 - 🔄 📥 [Poll #2376] Starting live arbs fetch...
2026-02-14 17:04:36.824 - ⚠️ 🔄 [Poll #2376] Previous ingestion still running, skipping
2026-02-14 17:04:38.824 - 🔄 📥 [Poll #2377] Starting live arbs fetch...
2026-02-14 17:04:38.824 - ⚠️ 🔄 [Poll #2377] Previous ingestion still running, skipping
2026-02-14 17:04:40.824 - 🔄 📥 [Poll #2378] Starting live arbs fetch...
2026-02-14 17:04:40.824 - ⚠️ 🔄 [Poll #2378] Previous ingestion still running, skipping
2026-02-14 17:04:42.824 - 🔄 📥 [Poll #2379] Starting live arbs fetch...
2026-02-14 17:04:42.824 - ⚠️ 🔄 [Poll #2379] Previous ingestion still running, skipping
2026-02-14 17:04:44.823 - 🔄 📥 [Poll #2380] Starting live arbs fetch...
2026-02-14 17:04:44.823 - ⚠️ 🔄 [Poll #2380] Previous ingestion still running, skipping
2026-02-14 17:04:46.823 - 🔄 📥 [Poll #2381] Starting live arbs fetch...
2026-02-14 17:04:46.823 - ⚠️ 🔄 [Poll #2381] Previous ingestion still running, skipping
2026-02-14 17:04:48.823 - 🔄 📥 [Poll #2382] Starting live arbs fetch...
2026-02-14 17:04:48.823 - ⚠️ 🔄 [Poll #2382] Previous ingestion still running, skipping
2026-02-14 17:04:50.824 - 🔄 📥 [Poll #2383] Starting live arbs fetch...
2026-02-14 17:04:50.824 - ⚠️ 🔄 [Poll #2383] Previous ingestion still running, skipping
2026-02-14 17:04:52.837 - 🔄 📥 [Poll #2384] Starting live arbs fetch...
2026-02-14 17:04:52.837 - ⚠️ 🔄 [Poll #2384] Previous ingestion still running, skipping
2026-02-14 17:04:54.833 - 🔄 📥 [Poll #2385] Starting live arbs fetch...
2026-02-14 17:04:54.833 - ⚠️ 🔄 [Poll #2385] Previous ingestion still running, skipping
2026-02-14 17:04:56.825 - 🔄 📥 [Poll #2386] Starting live arbs fetch...
2026-02-14 17:04:56.826 - ⚠️ 🔄 [Poll #2386] Previous ingestion still running, skipping
2026-02-14 17:04:58.827 - 🔄 📥 [Poll #2387] Starting live arbs fetch...
2026-02-14 17:04:58.827 - ⚠️ 🔄 [Poll #2387] Previous ingestion still running, skipping
2026-02-14 17:05:00.827 - 🔄 📥 [Poll #2388] Starting live arbs fetch...
2026-02-14 17:05:00.827 - ⚠️ 🔄 [Poll #2388] Previous ingestion still running, skipping
2026-02-14 17:05:02.827 - 🔄 📥 [Poll #2389] Starting live arbs fetch...
2026-02-14 17:05:02.828 - ⚠️ 🔄 [Poll #2389] Previous ingestion still running, skipping
2026-02-14 17:05:04.839 - 🔄 📥 [Poll #2390] Starting live arbs fetch...
2026-02-14 17:05:04.840 - ⚠️ 🔄 [Poll #2390] Previous ingestion still running, skipping
2026-02-14 17:05:06.825 - 🔄 📥 [Poll #2391] Starting live arbs fetch...
2026-02-14 17:05:06.825 - ⚠️ 🔄 [Poll #2391] Previous ingestion still running, skipping
2026-02-14 17:05:08.828 - 🔄 📥 [Poll #2392] Starting live arbs fetch...
2026-02-14 17:05:08.828 - ⚠️ 🔄 [Poll #2392] Previous ingestion still running, skipping
2026-02-14 17:05:10.826 - 🔄 📥 [Poll #2393] Starting live arbs fetch...
2026-02-14 17:05:10.826 - ⚠️ 🔄 [Poll #2393] Previous ingestion still running, skipping
2026-02-14 17:05:12.828 - 🔄 📥 [Poll #2394] Starting live arbs fetch...
2026-02-14 17:05:12.828 - ⚠️ 🔄 [Poll #2394] Previous ingestion still running, skipping
2026-02-14 17:05:14.828 - 🔄 📥 [Poll #2395] Starting live arbs fetch...
2026-02-14 17:05:14.828 - ⚠️ 🔄 [Poll #2395] Previous ingestion still running, skipping
2026-02-14 17:05:16.825 - 🔄 📥 [Poll #2396] Starting live arbs fetch...
2026-02-14 17:05:16.825 - ⚠️ 🔄 [Poll #2396] Previous ingestion still running, skipping
2026-02-14 17:05:18.834 - 🔄 📥 [Poll #2397] Starting live arbs fetch...
2026-02-14 17:05:18.834 - ⚠️ 🔄 [Poll #2397] Previous ingestion still running, skipping
2026-02-14 17:05:20.825 - 🔄 📥 [Poll #2398] Starting live arbs fetch...
2026-02-14 17:05:20.825 - ⚠️ 🔄 [Poll #2398] Previous ingestion still running, skipping
2026-02-14 17:05:22.823 - 🔄 📥 [Poll #2399] Starting live arbs fetch...
2026-02-14 17:05:22.823 - ⚠️ 🔄 [Poll #2399] Previous ingestion still running, skipping
2026-02-14 17:05:24.824 - 🔄 📥 [Poll #2400] Starting live arbs fetch...
2026-02-14 17:05:24.824 - ⚠️ 🔄 [Poll #2400] Previous ingestion still running, skipping
2026-02-14 17:05:26.824 - 🔄 📥 [Poll #2401] Starting live arbs fetch...
2026-02-14 17:05:26.824 - ⚠️ 🔄 [Poll #2401] Previous ingestion still running, skipping
2026-02-14 17:05:28.823 - 🔄 📥 [Poll #2402] Starting live arbs fetch...
2026-02-14 17:05:28.823 - ⚠️ 🔄 [Poll #2402] Previous ingestion still running, skipping
2026-02-14 17:05:30.834 - 🔄 📥 [Poll #2403] Starting live arbs fetch...
2026-02-14 17:05:30.834 - ⚠️ 🔄 [Poll #2403] Previous ingestion still running, skipping
2026-02-14 17:05:32.835 - 🔄 📥 [Poll #2404] Starting live arbs fetch...
2026-02-14 17:05:32.835 - ⚠️ 🔄 [Poll #2404] Previous ingestion still running, skipping
2026-02-14 17:05:34.827 - 🔄 📥 [Poll #2405] Starting live arbs fetch...
2026-02-14 17:05:34.827 - ⚠️ 🔄 [Poll #2405] Previous ingestion still running, skipping
2026-02-14 17:05:36.825 - 🔄 📥 [Poll #2406] Starting live arbs fetch...
2026-02-14 17:05:36.826 - ⚠️ 🔄 [Poll #2406] Previous ingestion still running, skipping
2026-02-14 17:05:38.824 - 🔄 📥 [Poll #2407] Starting live arbs fetch...
2026-02-14 17:05:38.824 - ⚠️ 🔄 [Poll #2407] Previous ingestion still running, skipping
2026-02-14 17:05:40.825 - 🔄 📥 [Poll #2408] Starting live arbs fetch...
2026-02-14 17:05:40.825 - ⚠️ 🔄 [Poll #2408] Previous ingestion still running, skipping
2026-02-14 17:05:42.825 - 🔄 📥 [Poll #2409] Starting live arbs fetch...
2026-02-14 17:05:42.825 - ⚠️ 🔄 [Poll #2409] Previous ingestion still running, skipping
2026-02-14 17:05:44.823 - 🔄 📥 [Poll #2410] Starting live arbs fetch...
2026-02-14 17:05:44.823 - ⚠️ 🔄 [Poll #2410] Previous ingestion still running, skipping
2026-02-14 17:05:46.827 - 🔄 📥 [Poll #2411] Starting live arbs fetch...
2026-02-14 17:05:46.827 - ⚠️ 🔄 [Poll #2411] Previous ingestion still running, skipping
2026-02-14 17:05:48.824 - 🔄 📥 [Poll #2412] Starting live arbs fetch...
2026-02-14 17:05:48.824 - ⚠️ 🔄 [Poll #2412] Previous ingestion still running, skipping
2026-02-14 17:05:50.825 - 🔄 📥 [Poll #2413] Starting live arbs fetch...
2026-02-14 17:05:50.825 - ⚠️ 🔄 [Poll #2413] Previous ingestion still running, skipping
2026-02-14 17:05:52.823 - 🔄 📥 [Poll #2414] Starting live arbs fetch...
2026-02-14 17:05:52.823 - ⚠️ 🔄 [Poll #2414] Previous ingestion still running, skipping
2026-02-14 17:05:54.837 - 🔄 📥 [Poll #2415] Starting live arbs fetch...
2026-02-14 17:05:54.837 - ⚠️ 🔄 [Poll #2415] Previous ingestion still running, skipping
2026-02-14 17:05:56.826 - 🔄 📥 [Poll #2416] Starting live arbs fetch...
2026-02-14 17:05:56.826 - ⚠️ 🔄 [Poll #2416] Previous ingestion still running, skipping
2026-02-14 17:05:58.826 - 🔄 📥 [Poll #2417] Starting live arbs fetch...
2026-02-14 17:05:58.826 - ⚠️ 🔄 [Poll #2417] Previous ingestion still running, skipping
2026-02-14 17:06:00.823 - 🔄 📥 [Poll #2418] Starting live arbs fetch...
2026-02-14 17:06:00.823 - ⚠️ 🔄 [Poll #2418] Previous ingestion still running, skipping
2026-02-14 17:06:02.833 - 🔄 📥 [Poll #2419] Starting live arbs fetch...
2026-02-14 17:06:02.833 - ⚠️ 🔄 [Poll #2419] Previous ingestion still running, skipping
2026-02-14 17:06:04.836 - 🔄 📥 [Poll #2420] Starting live arbs fetch...
2026-02-14 17:06:04.836 - ⚠️ 🔄 [Poll #2420] Previous ingestion still running, skipping
2026-02-14 17:06:06.835 - 🔄 📥 [Poll #2421] Starting live arbs fetch...
2026-02-14 17:06:06.835 - ⚠️ 🔄 [Poll #2421] Previous ingestion still running, skipping
2026-02-14 17:06:08.828 - 🔄 📥 [Poll #2422] Starting live arbs fetch...
2026-02-14 17:06:08.828 - ⚠️ 🔄 [Poll #2422] Previous ingestion still running, skipping
2026-02-14 17:06:10.826 - 🔄 📥 [Poll #2423] Starting live arbs fetch...
2026-02-14 17:06:10.826 - ⚠️ 🔄 [Poll #2423] Previous ingestion still running, skipping
2026-02-14 17:06:12.823 - 🔄 📥 [Poll #2424] Starting live arbs fetch...
2026-02-14 17:06:12.823 - ⚠️ 🔄 [Poll #2424] Previous ingestion still running, skipping
2026-02-14 17:06:14.827 - 🔄 📥 [Poll #2425] Starting live arbs fetch...
2026-02-14 17:06:14.827 - ⚠️ 🔄 [Poll #2425] Previous ingestion still running, skipping
2026-02-14 17:06:16.829 - 🔄 📥 [Poll #2426] Starting live arbs fetch...
2026-02-14 17:06:16.829 - ⚠️ 🔄 [Poll #2426] Previous ingestion still running, skipping
2026-02-14 17:06:18.826 - 🔄 📥 [Poll #2427] Starting live arbs fetch...
2026-02-14 17:06:18.826 - ⚠️ 🔄 [Poll #2427] Previous ingestion still running, skipping
2026-02-14 17:06:20.838 - 🔄 📥 [Poll #2428] Starting live arbs fetch...
2026-02-14 17:06:20.838 - ⚠️ 🔄 [Poll #2428] Previous ingestion still running, skipping
2026-02-14 17:06:22.830 - 🔄 📥 [Poll #2429] Starting live arbs fetch...
2026-02-14 17:06:22.830 - ⚠️ 🔄 [Poll #2429] Previous ingestion still running, skipping
2026-02-14 17:06:24.827 - 🔄 📥 [Poll #2430] Starting live arbs fetch...
2026-02-14 17:06:24.828 - ⚠️ 🔄 [Poll #2430] Previous ingestion still running, skipping
2026-02-14 17:06:26.829 - 🔄 📥 [Poll #2431] Starting live arbs fetch...
2026-02-14 17:06:26.829 - ⚠️ 🔄 [Poll #2431] Previous ingestion still running, skipping
2026-02-14 17:06:28.834 - 🔄 📥 [Poll #2432] Starting live arbs fetch...
2026-02-14 17:06:28.834 - ⚠️ 🔄 [Poll #2432] Previous ingestion still running, skipping
2026-02-14 17:06:30.833 - 🔄 📥 [Poll #2433] Starting live arbs fetch...
2026-02-14 17:06:30.833 - ⚠️ 🔄 [Poll #2433] Previous ingestion still running, skipping
2026-02-14 17:06:32.826 - 🔄 📥 [Poll #2434] Starting live arbs fetch...
2026-02-14 17:06:32.826 - ⚠️ 🔄 [Poll #2434] Previous ingestion still running, skipping
2026-02-14 17:06:34.823 - 🔄 📥 [Poll #2435] Starting live arbs fetch...
2026-02-14 17:06:34.823 - ⚠️ 🔄 [Poll #2435] Previous ingestion still running, skipping
2026-02-14 17:06:36.825 - 🔄 📥 [Poll #2436] Starting live arbs fetch...
2026-02-14 17:06:40.465 - ⚠️ 🔄 [Poll #2436] Previous ingestion still running, skipping
2026-02-14 17:06:40.465 - 🔄 📥 [Poll #2437] Starting live arbs fetch...
2026-02-14 17:06:40.465 - ⚠️ 🔄 [Poll #2437] Previous ingestion still running, skipping
2026-02-14 17:06:40.824 - 🔄 📥 [Poll #2438] Starting live arbs fetch...
2026-02-14 17:06:40.824 - ⚠️ 🔄 [Poll #2438] Previous ingestion still running, skipping
2026-02-14 17:06:42.823 - 🔄 📥 [Poll #2439] Starting live arbs fetch...
2026-02-14 17:06:42.823 - ⚠️ 🔄 [Poll #2439] Previous ingestion still running, skipping
2026-02-14 17:06:44.825 - 🔄 📥 [Poll #2440] Starting live arbs fetch...
2026-02-14 17:06:44.826 - ⚠️ 🔄 [Poll #2440] Previous ingestion still running, skipping
2026-02-14 17:06:46.823 - 🔄 📥 [Poll #2441] Starting live arbs fetch...
2026-02-14 17:06:46.823 - ⚠️ 🔄 [Poll #2441] Previous ingestion still running, skipping
2026-02-14 17:06:48.823 - 🔄 📥 [Poll #2442] Starting live arbs fetch...
2026-02-14 17:06:48.823 - ⚠️ 🔄 [Poll #2442] Previous ingestion still running, skipping
2026-02-14 17:06:50.825 - 🔄 📥 [Poll #2443] Starting live arbs fetch...
2026-02-14 17:06:50.825 - ⚠️ 🔄 [Poll #2443] Previous ingestion still running, skipping
2026-02-14 17:06:52.824 - 🔄 📥 [Poll #2444] Starting live arbs fetch...
2026-02-14 17:06:52.824 - ⚠️ 🔄 [Poll #2444] Previous ingestion still running, skipping
2026-02-14 17:06:54.838 - 🔄 📥 [Poll #2445] Starting live arbs fetch...
2026-02-14 17:06:54.838 - ⚠️ 🔄 [Poll #2445] Previous ingestion still running, skipping
2026-02-14 17:06:56.825 - 🔄 📥 [Poll #2446] Starting live arbs fetch...
2026-02-14 17:06:56.825 - ⚠️ 🔄 [Poll #2446] Previous ingestion still running, skipping
2026-02-14 17:06:58.823 - 🔄 📥 [Poll #2447] Starting live arbs fetch...
2026-02-14 17:06:58.823 - ⚠️ 🔄 [Poll #2447] Previous ingestion still running, skipping
2026-02-14 17:07:00.835 - 🔄 📥 [Poll #2448] Starting live arbs fetch...
2026-02-14 17:07:00.835 - ⚠️ 🔄 [Poll #2448] Previous ingestion still running, skipping
2026-02-14 17:07:02.825 - 🔄 📥 [Poll #2449] Starting live arbs fetch...
2026-02-14 17:07:02.825 - ⚠️ 🔄 [Poll #2449] Previous ingestion still running, skipping
2026-02-14 17:07:04.824 - 🔄 📥 [Poll #2450] Starting live arbs fetch...
2026-02-14 17:07:04.824 - ⚠️ 🔄 [Poll #2450] Previous ingestion still running, skipping
2026-02-14 17:07:06.838 - 🔄 📥 [Poll #2451] Starting live arbs fetch...
2026-02-14 17:07:06.838 - ⚠️ 🔄 [Poll #2451] Previous ingestion still running, skipping
2026-02-14 17:07:08.833 - 🔄 📥 [Poll #2452] Starting live arbs fetch...
2026-02-14 17:07:08.833 - ⚠️ 🔄 [Poll #2452] Previous ingestion still running, skipping
2026-02-14 17:07:10.824 - 🔄 📥 [Poll #2453] Starting live arbs fetch...
2026-02-14 17:07:10.824 - ⚠️ 🔄 [Poll #2453] Previous ingestion still running, skipping
2026-02-14 17:07:12.827 - 🔄 📥 [Poll #2454] Starting live arbs fetch...
2026-02-14 17:07:12.827 - ⚠️ 🔄 [Poll #2454] Previous ingestion still running, skipping
2026-02-14 17:07:14.831 - 🔄 📥 [Poll #2455] Starting live arbs fetch...
2026-02-14 17:07:14.831 - ⚠️ 🔄 [Poll #2455] Previous ingestion still running, skipping
2026-02-14 17:07:16.827 - 🔄 📥 [Poll #2456] Starting live arbs fetch...
2026-02-14 17:07:16.827 - ⚠️ 🔄 [Poll #2456] Previous ingestion still running, skipping
2026-02-14 17:07:18.830 - 🔄 📥 [Poll #2457] Starting live arbs fetch...
2026-02-14 17:07:18.830 - ⚠️ 🔄 [Poll #2457] Previous ingestion still running, skipping
2026-02-14 17:07:20.833 - 🔄 📥 [Poll #2458] Starting live arbs fetch...
2026-02-14 17:07:20.833 - ⚠️ 🔄 [Poll #2458] Previous ingestion still running, skipping
2026-02-14 17:07:22.825 - 🔄 📥 [Poll #2459] Starting live arbs fetch...
2026-02-14 17:07:22.825 - ⚠️ 🔄 [Poll #2459] Previous ingestion still running, skipping
2026-02-14 17:07:24.824 - 🔄 📥 [Poll #2460] Starting live arbs fetch...
2026-02-14 17:07:24.824 - ⚠️ 🔄 [Poll #2460] Previous ingestion still running, skipping
2026-02-14 17:07:26.823 - 🔄 📥 [Poll #2461] Starting live arbs fetch...
2026-02-14 17:07:26.823 - ⚠️ 🔄 [Poll #2461] Previous ingestion still running, skipping
2026-02-14 17:07:28.823 - 🔄 📥 [Poll #2462] Starting live arbs fetch...
2026-02-14 17:07:28.823 - ⚠️ 🔄 [Poll #2462] Previous ingestion still running, skipping
2026-02-14 17:07:30.823 - 🔄 📥 [Poll #2463] Starting live arbs fetch...
2026-02-14 17:07:30.823 - ⚠️ 🔄 [Poll #2463] Previous ingestion still running, skipping
2026-02-14 17:07:32.828 - 🔄 📥 [Poll #2464] Starting live arbs fetch...
2026-02-14 17:07:32.828 - ⚠️ 🔄 [Poll #2464] Previous ingestion still running, skipping
2026-02-14 17:07:34.824 - 🔄 📥 [Poll #2465] Starting live arbs fetch...
2026-02-14 17:07:34.824 - ⚠️ 🔄 [Poll #2465] Previous ingestion still running, skipping
2026-02-14 17:07:36.829 - 🔄 📥 [Poll #2466] Starting live arbs fetch...
2026-02-14 17:07:36.829 - ⚠️ 🔄 [Poll #2466] Previous ingestion still running, skipping
2026-02-14 17:07:38.831 - 🔄 📥 [Poll #2467] Starting live arbs fetch...
2026-02-14 17:07:38.832 - ⚠️ 🔄 [Poll #2467] Previous ingestion still running, skipping
2026-02-14 17:07:40.825 - 🔄 📥 [Poll #2468] Starting live arbs fetch...
2026-02-14 17:07:40.825 - ⚠️ 🔄 [Poll #2468] Previous ingestion still running, skipping
2026-02-14 17:07:42.825 - 🔄 📥 [Poll #2469] Starting live arbs fetch...
2026-02-14 17:07:42.825 - ⚠️ 🔄 [Poll #2469] Previous ingestion still running, skipping
2026-02-14 17:07:44.823 - 🔄 📥 [Poll #2470] Starting live arbs fetch...
2026-02-14 17:07:44.823 - ⚠️ 🔄 [Poll #2470] Previous ingestion still running, skipping
2026-02-14 17:07:46.823 - 🔄 📥 [Poll #2471] Starting live arbs fetch...
2026-02-14 17:07:46.823 - ⚠️ 🔄 [Poll #2471] Previous ingestion still running, skipping
2026-02-14 17:07:48.823 - 🔄 📥 [Poll #2472] Starting live arbs fetch...
2026-02-14 17:07:48.823 - ⚠️ 🔄 [Poll #2472] Previous ingestion still running, skipping
2026-02-14 17:07:50.823 - 🔄 📥 [Poll #2473] Starting live arbs fetch...
2026-02-14 17:07:50.823 - ⚠️ 🔄 [Poll #2473] Previous ingestion still running, skipping
2026-02-14 17:07:52.835 - 🔄 📥 [Poll #2474] Starting live arbs fetch...
2026-02-14 17:07:52.835 - ⚠️ 🔄 [Poll #2474] Previous ingestion still running, skipping
2026-02-14 17:07:54.824 - 🔄 📥 [Poll #2475] Starting live arbs fetch...
2026-02-14 17:07:54.824 - ⚠️ 🔄 [Poll #2475] Previous ingestion still running, skipping
2026-02-14 17:07:56.823 - 🔄 📥 [Poll #2476] Starting live arbs fetch...
2026-02-14 17:07:56.823 - ⚠️ 🔄 [Poll #2476] Previous ingestion still running, skipping
2026-02-14 17:07:58.823 - 🔄 📥 [Poll #2477] Starting live arbs fetch...
2026-02-14 17:07:58.823 - ⚠️ 🔄 [Poll #2477] Previous ingestion still running, skipping
2026-02-14 17:08:00.842 - 🔄 📥 [Poll #2478] Starting live arbs fetch...
2026-02-14 17:08:00.843 - ⚠️ 🔄 [Poll #2478] Previous ingestion still running, skipping
2026-02-14 17:08:02.834 - 🔄 📥 [Poll #2479] Starting live arbs fetch...
2026-02-14 17:08:02.834 - ⚠️ 🔄 [Poll #2479] Previous ingestion still running, skipping
2026-02-14 17:08:04.825 - 🔄 📥 [Poll #2480] Starting live arbs fetch...
2026-02-14 17:08:04.825 - ⚠️ 🔄 [Poll #2480] Previous ingestion still running, skipping
2026-02-14 17:08:06.825 - 🔄 📥 [Poll #2481] Starting live arbs fetch...
2026-02-14 17:08:06.825 - ⚠️ 🔄 [Poll #2481] Previous ingestion still running, skipping
2026-02-14 17:08:10.323 - 🔄 📥 [Poll #2482] Starting live arbs fetch...
2026-02-14 17:08:10.323 - ⚠️ 🔄 [Poll #2482] Previous ingestion still running, skipping
2026-02-14 17:08:10.824 - 🔄 📥 [Poll #2483] Starting live arbs fetch...
2026-02-14 17:08:10.824 - ⚠️ 🔄 [Poll #2483] Previous ingestion still running, skipping
2026-02-14 17:08:12.824 - 🔄 📥 [Poll #2484] Starting live arbs fetch...
2026-02-14 17:08:12.824 - ⚠️ 🔄 [Poll #2484] Previous ingestion still running, skipping
2026-02-14 17:08:14.843 - 🔄 📥 [Poll #2485] Starting live arbs fetch...
2026-02-14 17:08:14.843 - ⚠️ 🔄 [Poll #2485] Previous ingestion still running, skipping
2026-02-14 17:08:16.825 - 🔄 📥 [Poll #2486] Starting live arbs fetch...
2026-02-14 17:08:16.825 - ⚠️ 🔄 [Poll #2486] Previous ingestion still running, skipping
2026-02-14 17:08:18.823 - 🔄 📥 [Poll #2487] Starting live arbs fetch...
2026-02-14 17:08:18.823 - ⚠️ 🔄 [Poll #2487] Previous ingestion still running, skipping
2026-02-14 17:08:20.835 - 🔄 📥 [Poll #2488] Starting live arbs fetch...
2026-02-14 17:08:20.835 - ⚠️ 🔄 [Poll #2488] Previous ingestion still running, skipping
2026-02-14 17:08:22.832 - 🔄 📥 [Poll #2489] Starting live arbs fetch...
2026-02-14 17:08:22.832 - ⚠️ 🔄 [Poll #2489] Previous ingestion still running, skipping
2026-02-14 17:08:24.830 - 🔄 📥 [Poll #2490] Starting live arbs fetch...
2026-02-14 17:08:24.830 - ⚠️ 🔄 [Poll #2490] Previous ingestion still running, skipping
2026-02-14 17:08:26.823 - 🔄 📥 [Poll #2491] Starting live arbs fetch...
2026-02-14 17:08:26.823 - ⚠️ 🔄 [Poll #2491] Previous ingestion still running, skipping
2026-02-14 17:08:28.826 - 🔄 📥 [Poll #2492] Starting live arbs fetch...
2026-02-14 17:08:28.826 - ⚠️ 🔄 [Poll #2492] Previous ingestion still running, skipping
2026-02-14 17:08:30.827 - 🔄 📥 [Poll #2493] Starting live arbs fetch...
2026-02-14 17:08:30.827 - ⚠️ 🔄 [Poll #2493] Previous ingestion still running, skipping
2026-02-14 17:08:32.824 - 🔄 📥 [Poll #2494] Starting live arbs fetch...
2026-02-14 17:08:32.824 - ⚠️ 🔄 [Poll #2494] Previous ingestion still running, skipping
2026-02-14 17:08:34.824 - 🔄 📥 [Poll #2495] Starting live arbs fetch...
2026-02-14 17:08:34.824 - ⚠️ 🔄 [Poll #2495] Previous ingestion still running, skipping
2026-02-14 17:08:36.824 - 🔄 📥 [Poll #2496] Starting live arbs fetch...
2026-02-14 17:08:36.824 - ⚠️ 🔄 [Poll #2496] Previous ingestion still running, skipping
2026-02-14 17:08:38.824 - 🔄 📥 [Poll #2497] Starting live arbs fetch...
2026-02-14 17:08:38.824 - ⚠️ 🔄 [Poll #2497] Previous ingestion still running, skipping
2026-02-14 17:08:40.825 - 🔄 📥 [Poll #2498] Starting live arbs fetch...
2026-02-14 17:08:40.825 - ⚠️ 🔄 [Poll #2498] Previous ingestion still running, skipping
2026-02-14 17:08:42.823 - 🔄 📥 [Poll #2499] Starting live arbs fetch...
2026-02-14 17:08:42.823 - ⚠️ 🔄 [Poll #2499] Previous ingestion still running, skipping
2026-02-14 17:08:44.831 - 🔄 📥 [Poll #2500] Starting live arbs fetch...
2026-02-14 17:08:44.831 - ⚠️ 🔄 [Poll #2500] Previous ingestion still running, skipping
2026-02-14 17:08:46.831 - 🔄 📥 [Poll #2501] Starting live arbs fetch...
2026-02-14 17:08:46.831 - ⚠️ 🔄 [Poll #2501] Previous ingestion still running, skipping
2026-02-14 17:08:48.829 - 🔄 📥 [Poll #2502] Starting live arbs fetch...
2026-02-14 17:08:48.830 - ⚠️ 🔄 [Poll #2502] Previous ingestion still running, skipping
2026-02-14 17:08:50.829 - 🔄 📥 [Poll #2503] Starting live arbs fetch...
2026-02-14 17:08:50.829 - ⚠️ 🔄 [Poll #2503] Previous ingestion still running, skipping
2026-02-14 17:08:52.904 - 🔄 📥 [Poll #2504] Starting live arbs fetch...
2026-02-14 17:08:52.906 - ⚠️ 🔄 [Poll #2504] Previous ingestion still running, skipping
2026-02-14 17:08:54.823 - 🔄 📥 [Poll #2505] Starting live arbs fetch...
2026-02-14 17:08:54.823 - ⚠️ 🔄 [Poll #2505] Previous ingestion still running, skipping
2026-02-14 17:08:56.824 - 🔄 📥 [Poll #2506] Starting live arbs fetch...
2026-02-14 17:08:56.824 - ⚠️ 🔄 [Poll #2506] Previous ingestion still running, skipping
2026-02-14 17:08:59.778 - 🔄 📥 [Poll #2507] Starting live arbs fetch...
2026-02-14 17:08:59.779 - ⚠️ 🔄 [Poll #2507] Previous ingestion still running, skipping
2026-02-14 17:09:00.823 - 🔄 📥 [Poll #2508] Starting live arbs fetch...
2026-02-14 17:09:00.823 - ⚠️ 🔄 [Poll #2508] Previous ingestion still running, skipping
2026-02-14 17:09:02.825 - 🔄 📥 [Poll #2509] Starting live arbs fetch...
2026-02-14 17:09:02.825 - ⚠️ 🔄 [Poll #2509] Previous ingestion still running, skipping
2026-02-14 17:09:04.825 - 🔄 📥 [Poll #2510] Starting live arbs fetch...
2026-02-14 17:09:04.825 - ⚠️ 🔄 [Poll #2510] Previous ingestion still running, skipping
2026-02-14 17:09:06.823 - 🔄 📥 [Poll #2511] Starting live arbs fetch...
2026-02-14 17:09:06.823 - ⚠️ 🔄 [Poll #2511] Previous ingestion still running, skipping
2026-02-14 17:09:08.824 - 🔄 📥 [Poll #2512] Starting live arbs fetch...
2026-02-14 17:09:08.825 - ⚠️ 🔄 [Poll #2512] Previous ingestion still running, skipping
2026-02-14 17:09:10.826 - 🔄 📥 [Poll #2513] Starting live arbs fetch...
2026-02-14 17:09:10.826 - ⚠️ 🔄 [Poll #2513] Previous ingestion still running, skipping
2026-02-14 17:09:12.829 - 🔄 📥 [Poll #2514] Starting live arbs fetch...
2026-02-14 17:09:12.829 - ⚠️ 🔄 [Poll #2514] Previous ingestion still running, skipping
2026-02-14 17:09:14.838 - 🔄 📥 [Poll #2515] Starting live arbs fetch...
2026-02-14 17:09:14.838 - ⚠️ 🔄 [Poll #2515] Previous ingestion still running, skipping
2026-02-14 17:09:16.833 - 🔄 📥 [Poll #2516] Starting live arbs fetch...
2026-02-14 17:09:16.833 - ⚠️ 🔄 [Poll #2516] Previous ingestion still running, skipping
2026-02-14 17:09:18.823 - 🔄 📥 [Poll #2517] Starting live arbs fetch...
2026-02-14 17:09:18.823 - ⚠️ 🔄 [Poll #2517] Previous ingestion still running, skipping
2026-02-14 17:09:20.825 - 🔄 📥 [Poll #2518] Starting live arbs fetch...
2026-02-14 17:09:20.825 - ⚠️ 🔄 [Poll #2518] Previous ingestion still running, skipping
2026-02-14 17:09:22.824 - 🔄 📥 [Poll #2519] Starting live arbs fetch...
2026-02-14 17:09:22.824 - ⚠️ 🔄 [Poll #2519] Previous ingestion still running, skipping
2026-02-14 17:09:24.857 - 🔄 📥 [Poll #2520] Starting live arbs fetch...
2026-02-14 17:09:24.857 - ⚠️ 🔄 [Poll #2520] Previous ingestion still running, skipping
2026-02-14 17:09:26.823 - 🔄 📥 [Poll #2521] Starting live arbs fetch...
2026-02-14 17:09:26.823 - ⚠️ 🔄 [Poll #2521] Previous ingestion still running, skipping
2026-02-14 17:09:28.823 - 🔄 📥 [Poll #2522] Starting live arbs fetch...
2026-02-14 17:09:28.823 - ⚠️ 🔄 [Poll #2522] Previous ingestion still running, skipping
2026-02-14 17:09:30.824 - 🔄 📥 [Poll #2523] Starting live arbs fetch...
2026-02-14 17:09:30.824 - ⚠️ 🔄 [Poll #2523] Previous ingestion still running, skipping
2026-02-14 17:09:32.824 - 🔄 📥 [Poll #2524] Starting live arbs fetch...
2026-02-14 17:09:32.824 - ⚠️ 🔄 [Poll #2524] Previous ingestion still running, skipping
2026-02-14 17:09:34.823 - 🔄 📥 [Poll #2525] Starting live arbs fetch...
2026-02-14 17:09:34.824 - ⚠️ 🔄 [Poll #2525] Previous ingestion still running, skipping
2026-02-14 17:09:38.760 - 🔄 📥 [Poll #2526] Starting live arbs fetch...
2026-02-14 17:09:38.760 - ⚠️ 🔄 [Poll #2526] Previous ingestion still running, skipping
2026-02-14 17:09:38.834 - 🔄 📥 [Poll #2527] Starting live arbs fetch...
2026-02-14 17:09:38.834 - ⚠️ 🔄 [Poll #2527] Previous ingestion still running, skipping
2026-02-14 17:09:40.830 - 🔄 📥 [Poll #2528] Starting live arbs fetch...
2026-02-14 17:09:40.830 - ⚠️ 🔄 [Poll #2528] Previous ingestion still running, skipping
2026-02-14 17:09:42.829 - 🔄 📥 [Poll #2529] Starting live arbs fetch...
2026-02-14 17:09:42.829 - ⚠️ 🔄 [Poll #2529] Previous ingestion still running, skipping
2026-02-14 17:09:44.826 - 🔄 📥 [Poll #2530] Starting live arbs fetch...
2026-02-14 17:09:44.826 - ⚠️ 🔄 [Poll #2530] Previous ingestion still running, skipping
2026-02-14 17:09:46.829 - 🔄 📥 [Poll #2531] Starting live arbs fetch...
2026-02-14 17:09:46.829 - ⚠️ 🔄 [Poll #2531] Previous ingestion still running, skipping
2026-02-14 17:09:48.825 - 🔄 📥 [Poll #2532] Starting live arbs fetch...
2026-02-14 17:09:48.825 - ⚠️ 🔄 [Poll #2532] Previous ingestion still running, skipping
2026-02-14 17:09:50.825 - 🔄 📥 [Poll #2533] Starting live arbs fetch...
2026-02-14 17:09:50.825 - ⚠️ 🔄 [Poll #2533] Previous ingestion still running, skipping
2026-02-14 17:09:52.835 - 🔄 📥 [Poll #2534] Starting live arbs fetch...
2026-02-14 17:09:52.835 - ⚠️ 🔄 [Poll #2534] Previous ingestion still running, skipping
2026-02-14 17:09:54.824 - 🔄 📥 [Poll #2535] Starting live arbs fetch...
2026-02-14 17:09:54.824 - ⚠️ 🔄 [Poll #2535] Previous ingestion still running, skipping
2026-02-14 17:09:56.822 - 🔄 📥 [Poll #2536] Starting live arbs fetch...
2026-02-14 17:09:56.823 - ⚠️ 🔄 [Poll #2536] Previous ingestion still running, skipping
2026-02-14 17:09:58.835 - 🔄 📥 [Poll #2537] Starting live arbs fetch...
2026-02-14 17:09:58.835 - ⚠️ 🔄 [Poll #2537] Previous ingestion still running, skipping
2026-02-14 17:10:00.823 - 🔄 📥 [Poll #2538] Starting live arbs fetch...
2026-02-14 17:10:00.823 - ⚠️ 🔄 [Poll #2538] Previous ingestion still running, skipping
2026-02-14 17:10:02.823 - 🔄 📥 [Poll #2539] Starting live arbs fetch...
2026-02-14 17:10:02.823 - ⚠️ 🔄 [Poll #2539] Previous ingestion still running, skipping
2026-02-14 17:10:04.825 - 🔄 📥 [Poll #2540] Starting live arbs fetch...
2026-02-14 17:10:04.825 - ⚠️ 🔄 [Poll #2540] Previous ingestion still running, skipping
2026-02-14 17:10:06.825 - 🔄 📥 [Poll #2541] Starting live arbs fetch...
2026-02-14 17:10:06.825 - ⚠️ 🔄 [Poll #2541] Previous ingestion still running, skipping
2026-02-14 17:10:08.823 - 🔄 📥 [Poll #2542] Starting live arbs fetch...
2026-02-14 17:10:08.823 - ⚠️ 🔄 [Poll #2542] Previous ingestion still running, skipping
2026-02-14 17:10:10.834 - 🔄 📥 [Poll #2543] Starting live arbs fetch...
2026-02-14 17:10:10.834 - ⚠️ 🔄 [Poll #2543] Previous ingestion still running, skipping
2026-02-14 17:10:12.837 - 🔄 📥 [Poll #2544] Starting live arbs fetch...
2026-02-14 17:10:12.837 - ⚠️ 🔄 [Poll #2544] Previous ingestion still running, skipping
2026-02-14 17:10:14.837 - 🔄 📥 [Poll #2545] Starting live arbs fetch...
2026-02-14 17:10:14.838 - ⚠️ 🔄 [Poll #2545] Previous ingestion still running, skipping
2026-02-14 17:10:16.832 - 🔄 📥 [Poll #2546] Starting live arbs fetch...
2026-02-14 17:10:16.832 - ⚠️ 🔄 [Poll #2546] Previous ingestion still running, skipping
2026-02-14 17:10:18.833 - 🔄 📥 [Poll #2547] Starting live arbs fetch...
2026-02-14 17:10:18.833 - ⚠️ 🔄 [Poll #2547] Previous ingestion still running, skipping
2026-02-14 17:10:20.833 - 🔄 📥 [Poll #2548] Starting live arbs fetch...
2026-02-14 17:10:20.833 - ⚠️ 🔄 [Poll #2548] Previous ingestion still running, skipping
2026-02-14 17:10:22.825 - 🔄 📥 [Poll #2549] Starting live arbs fetch...
2026-02-14 17:10:22.825 - ⚠️ 🔄 [Poll #2549] Previous ingestion still running, skipping
2026-02-14 17:10:24.824 - 🔄 📥 [Poll #2550] Starting live arbs fetch...
2026-02-14 17:10:24.824 - ⚠️ 🔄 [Poll #2550] Previous ingestion still running, skipping
2026-02-14 17:10:26.825 - 🔄 📥 [Poll #2551] Starting live arbs fetch...
2026-02-14 17:10:26.826 - ⚠️ 🔄 [Poll #2551] Previous ingestion still running, skipping
2026-02-14 17:10:28.823 - 🔄 📥 [Poll #2552] Starting live arbs fetch...
2026-02-14 17:10:28.823 - ⚠️ 🔄 [Poll #2552] Previous ingestion still running, skipping
2026-02-14 17:10:42.295 - 🔄 📥 [Poll #2553] Starting live arbs fetch...
2026-02-14 17:10:42.296 - ⚠️ 🔄 [Poll #2553] Previous ingestion still running, skipping
2026-02-14 17:10:42.296 - 🔄 📥 [Poll #2554] Starting live arbs fetch...
2026-02-14 17:10:42.297 - ⚠️ 🔄 [Poll #2554] Previous ingestion still running, skipping
2026-02-14 17:10:42.297 - 🔄 📥 [Poll #2555] Starting live arbs fetch...
2026-02-14 17:10:42.297 - ⚠️ 🔄 [Poll #2555] Previous ingestion still running, skipping
2026-02-14 17:10:42.297 - 🔄 📥 [Poll #2556] Starting live arbs fetch...
2026-02-14 17:10:42.297 - ⚠️ 🔄 [Poll #2556] Previous ingestion still running, skipping
2026-02-14 17:10:42.297 - 🔄 📥 [Poll #2557] Starting live arbs fetch...
2026-02-14 17:10:42.297 - ⚠️ 🔄 [Poll #2557] Previous ingestion still running, skipping
2026-02-14 17:10:42.297 - 🔄 📥 [Poll #2558] Starting live arbs fetch...
2026-02-14 17:10:42.298 - ⚠️ 🔄 [Poll #2558] Previous ingestion still running, skipping
2026-02-14 17:10:42.824 - 🔄 📥 [Poll #2559] Starting live arbs fetch...
2026-02-14 17:10:42.824 - ⚠️ 🔄 [Poll #2559] Previous ingestion still running, skipping
2026-02-14 17:10:44.823 - 🔄 📥 [Poll #2560] Starting live arbs fetch...
2026-02-14 17:10:44.823 - ⚠️ 🔄 [Poll #2560] Previous ingestion still running, skipping
2026-02-14 17:10:46.836 - 🔄 📥 [Poll #2561] Starting live arbs fetch...
2026-02-14 17:10:46.837 - ⚠️ 🔄 [Poll #2561] Previous ingestion still running, skipping
2026-02-14 17:10:48.827 - 🔄 📥 [Poll #2562] Starting live arbs fetch...
2026-02-14 17:10:48.827 - ⚠️ 🔄 [Poll #2562] Previous ingestion still running, skipping
2026-02-14 17:10:50.826 - 🔄 📥 [Poll #2563] Starting live arbs fetch...
2026-02-14 17:10:50.826 - ⚠️ 🔄 [Poll #2563] Previous ingestion still running, skipping
2026-02-14 17:10:52.831 - 🔄 📥 [Poll #2564] Starting live arbs fetch...
2026-02-14 17:10:52.831 - ⚠️ 🔄 [Poll #2564] Previous ingestion still running, skipping
2026-02-14 17:10:54.827 - 🔄 📥 [Poll #2565] Starting live arbs fetch...
2026-02-14 17:10:54.827 - ⚠️ 🔄 [Poll #2565] Previous ingestion still running, skipping
2026-02-14 17:10:56.823 - 🔄 📥 [Poll #2566] Starting live arbs fetch...
2026-02-14 17:10:56.823 - ⚠️ 🔄 [Poll #2566] Previous ingestion still running, skipping
2026-02-14 17:10:58.826 - 🔄 📥 [Poll #2567] Starting live arbs fetch...
2026-02-14 17:10:58.826 - ⚠️ 🔄 [Poll #2567] Previous ingestion still running, skipping
2026-02-14 17:11:00.834 - 🔄 📥 [Poll #2568] Starting live arbs fetch...
2026-02-14 17:11:00.834 - ⚠️ 🔄 [Poll #2568] Previous ingestion still running, skipping
2026-02-14 17:11:02.824 - 🔄 📥 [Poll #2569] Starting live arbs fetch...
2026-02-14 17:11:02.824 - ⚠️ 🔄 [Poll #2569] Previous ingestion still running, skipping
2026-02-14 17:11:04.825 - 🔄 📥 [Poll #2570] Starting live arbs fetch...
2026-02-14 17:11:04.825 - ⚠️ 🔄 [Poll #2570] Previous ingestion still running, skipping
2026-02-14 17:11:06.825 - 🔄 📥 [Poll #2571] Starting live arbs fetch...
2026-02-14 17:11:06.825 - ⚠️ 🔄 [Poll #2571] Previous ingestion still running, skipping
2026-02-14 17:11:08.825 - 🔄 📥 [Poll #2572] Starting live arbs fetch...
2026-02-14 17:11:08.825 - ⚠️ 🔄 [Poll #2572] Previous ingestion still running, skipping
2026-02-14 17:11:10.834 - 🔄 📥 [Poll #2573] Starting live arbs fetch...
2026-02-14 17:11:10.834 - ⚠️ 🔄 [Poll #2573] Previous ingestion still running, skipping
2026-02-14 17:11:12.833 - 🔄 📥 [Poll #2574] Starting live arbs fetch...
2026-02-14 17:11:12.833 - ⚠️ 🔄 [Poll #2574] Previous ingestion still running, skipping
2026-02-14 17:11:14.824 - 🔄 📥 [Poll #2575] Starting live arbs fetch...
2026-02-14 17:11:14.824 - ⚠️ 🔄 [Poll #2575] Previous ingestion still running, skipping
2026-02-14 17:11:16.825 - 🔄 📥 [Poll #2576] Starting live arbs fetch...
2026-02-14 17:11:16.825 - ⚠️ 🔄 [Poll #2576] Previous ingestion still running, skipping
2026-02-14 17:11:27.004 - 🔄 📥 [Poll #2577] Starting live arbs fetch...
2026-02-14 17:11:27.004 - ⚠️ 🔄 [Poll #2577] Previous ingestion still running, skipping
2026-02-14 17:11:27.005 - 🔄 📥 [Poll #2578] Starting live arbs fetch...
2026-02-14 17:11:27.005 - ⚠️ 🔄 [Poll #2578] Previous ingestion still running, skipping
2026-02-14 17:11:27.005 - 🔄 📥 [Poll #2579] Starting live arbs fetch...
2026-02-14 17:11:27.005 - ⚠️ 🔄 [Poll #2579] Previous ingestion still running, skipping
2026-02-14 17:11:27.005 - 🔄 📥 [Poll #2580] Starting live arbs fetch...
2026-02-14 17:11:27.005 - ⚠️ 🔄 [Poll #2580] Previous ingestion still running, skipping
2026-02-14 17:11:27.005 - 🔄 📥 [Poll #2581] Starting live arbs fetch...
2026-02-14 17:11:27.005 - ⚠️ 🔄 [Poll #2581] Previous ingestion still running, skipping
2026-02-14 17:11:28.835 - 🔄 📥 [Poll #2582] Starting live arbs fetch...
2026-02-14 17:11:28.835 - ⚠️ 🔄 [Poll #2582] Previous ingestion still running, skipping
2026-02-14 17:11:30.823 - 🔄 📥 [Poll #2583] Starting live arbs fetch...
2026-02-14 17:11:30.823 - ⚠️ 🔄 [Poll #2583] Previous ingestion still running, skipping
2026-02-14 17:11:32.824 - 🔄 📥 [Poll #2584] Starting live arbs fetch...
2026-02-14 17:11:32.824 - ⚠️ 🔄 [Poll #2584] Previous ingestion still running, skipping
2026-02-14 17:11:34.823 - 🔄 📥 [Poll #2585] Starting live arbs fetch...
2026-02-14 17:11:34.823 - ⚠️ 🔄 [Poll #2585] Previous ingestion still running, skipping
2026-02-14 17:11:36.828 - 🔄 📥 [Poll #2586] Starting live arbs fetch...
2026-02-14 17:11:36.828 - ⚠️ 🔄 [Poll #2586] Previous ingestion still running, skipping
2026-02-14 17:11:38.829 - 🔄 📥 [Poll #2587] Starting live arbs fetch...
2026-02-14 17:11:38.829 - ⚠️ 🔄 [Poll #2587] Previous ingestion still running, skipping
2026-02-14 17:11:40.831 - 🔄 📥 [Poll #2588] Starting live arbs fetch...
2026-02-14 17:11:40.832 - ⚠️ 🔄 [Poll #2588] Previous ingestion still running, skipping
2026-02-14 17:11:42.832 - 🔄 📥 [Poll #2589] Starting live arbs fetch...
2026-02-14 17:11:42.832 - ⚠️ 🔄 [Poll #2589] Previous ingestion still running, skipping
2026-02-14 17:11:44.838 - 🔄 📥 [Poll #2590] Starting live arbs fetch...
2026-02-14 17:11:44.838 - ⚠️ 🔄 [Poll #2590] Previous ingestion still running, skipping
2026-02-14 17:11:46.823 - 🔄 📥 [Poll #2591] Starting live arbs fetch...
2026-02-14 17:11:46.823 - ⚠️ 🔄 [Poll #2591] Previous ingestion still running, skipping
2026-02-14 17:11:48.823 - 🔄 📥 [Poll #2592] Starting live arbs fetch...
2026-02-14 17:11:48.823 - ⚠️ 🔄 [Poll #2592] Previous ingestion still running, skipping
2026-02-14 17:11:50.824 - 🔄 📥 [Poll #2593] Starting live arbs fetch...
2026-02-14 17:11:50.824 - ⚠️ 🔄 [Poll #2593] Previous ingestion still running, skipping
2026-02-14 17:11:52.824 - 🔄 📥 [Poll #2594] Starting live arbs fetch...
2026-02-14 17:11:52.824 - ⚠️ 🔄 [Poll #2594] Previous ingestion still running, skipping
2026-02-14 17:11:54.835 - 🔄 📥 [Poll #2595] Starting live arbs fetch...
2026-02-14 17:11:54.835 - ⚠️ 🔄 [Poll #2595] Previous ingestion still running, skipping
2026-02-14 17:11:56.827 - 🔄 📥 [Poll #2596] Starting live arbs fetch...
2026-02-14 17:11:56.827 - ⚠️ 🔄 [Poll #2596] Previous ingestion still running, skipping
2026-02-14 17:12:02.386 - 🔄 📥 [Poll #2597] Starting live arbs fetch...
2026-02-14 17:12:02.386 - ⚠️ 🔄 [Poll #2597] Previous ingestion still running, skipping
2026-02-14 17:12:02.386 - 🔄 📥 [Poll #2598] Starting live arbs fetch...
2026-02-14 17:12:02.386 - ⚠️ 🔄 [Poll #2598] Previous ingestion still running, skipping
2026-02-14 17:12:02.834 - 🔄 📥 [Poll #2599] Starting live arbs fetch...
2026-02-14 17:12:02.834 - ⚠️ 🔄 [Poll #2599] Previous ingestion still running, skipping
2026-02-14 17:12:05.952 - 🔄 📥 [Poll #2600] Starting live arbs fetch...
2026-02-14 17:12:05.952 - ⚠️ 🔄 [Poll #2600] Previous ingestion still running, skipping
2026-02-14 17:12:06.838 - 🔄 📥 [Poll #2601] Starting live arbs fetch...
2026-02-14 17:12:06.838 - ⚠️ 🔄 [Poll #2601] Previous ingestion still running, skipping
2026-02-14 17:12:08.835 - 🔄 📥 [Poll #2602] Starting live arbs fetch...
2026-02-14 17:12:08.836 - ⚠️ 🔄 [Poll #2602] Previous ingestion still running, skipping
2026-02-14 17:12:10.830 - 🔄 📥 [Poll #2603] Starting live arbs fetch...
2026-02-14 17:12:10.830 - ⚠️ 🔄 [Poll #2603] Previous ingestion still running, skipping
2026-02-14 17:12:12.832 - 🔄 📥 [Poll #2604] Starting live arbs fetch...
2026-02-14 17:12:12.833 - ⚠️ 🔄 [Poll #2604] Previous ingestion still running, skipping
2026-02-14 17:12:14.830 - 🔄 📥 [Poll #2605] Starting live arbs fetch...
2026-02-14 17:12:14.830 - ⚠️ 🔄 [Poll #2605] Previous ingestion still running, skipping
2026-02-14 17:12:16.834 - 🔄 📥 [Poll #2606] Starting live arbs fetch...
2026-02-14 17:12:16.834 - ⚠️ 🔄 [Poll #2606] Previous ingestion still running, skipping
2026-02-14 17:12:18.830 - 🔄 📥 [Poll #2607] Starting live arbs fetch...
2026-02-14 17:12:18.830 - ⚠️ 🔄 [Poll #2607] Previous ingestion still running, skipping
2026-02-14 17:12:20.837 - 🔄 📥 [Poll #2608] Starting live arbs fetch...
2026-02-14 17:12:20.838 - ⚠️ 🔄 [Poll #2608] Previous ingestion still running, skipping
2026-02-14 17:12:22.831 - 🔄 📥 [Poll #2609] Starting live arbs fetch...
2026-02-14 17:12:22.831 - ⚠️ 🔄 [Poll #2609] Previous ingestion still running, skipping
2026-02-14 17:12:24.828 - 🔄 📥 [Poll #2610] Starting live arbs fetch...
2026-02-14 17:12:24.828 - ⚠️ 🔄 [Poll #2610] Previous ingestion still running, skipping
2026-02-14 17:12:26.824 - 🔄 📥 [Poll #2611] Starting live arbs fetch...
2026-02-14 17:12:26.826 - ⚠️ 🔄 [Poll #2611] Previous ingestion still running, skipping
2026-02-14 17:12:28.823 - 🔄 📥 [Poll #2612] Starting live arbs fetch...
2026-02-14 17:12:28.823 - ⚠️ 🔄 [Poll #2612] Previous ingestion still running, skipping
2026-02-14 17:12:30.825 - 🔄 📥 [Poll #2613] Starting live arbs fetch...
2026-02-14 17:12:30.825 - ⚠️ 🔄 [Poll #2613] Previous ingestion still running, skipping
2026-02-14 17:12:32.825 - 🔄 📥 [Poll #2614] Starting live arbs fetch...
2026-02-14 17:12:32.825 - ⚠️ 🔄 [Poll #2614] Previous ingestion still running, skipping
2026-02-14 17:12:34.824 - 🔄 📥 [Poll #2615] Starting live arbs fetch...
2026-02-14 17:12:34.824 - ⚠️ 🔄 [Poll #2615] Previous ingestion still running, skipping
2026-02-14 17:12:43.490 - 🔄 📥 [Poll #2616] Starting live arbs fetch...
2026-02-14 17:12:43.493 - ⚠️ 🔄 [Poll #2616] Previous ingestion still running, skipping
2026-02-14 17:12:43.493 - 🔄 📥 [Poll #2617] Starting live arbs fetch...
2026-02-14 17:12:43.493 - ⚠️ 🔄 [Poll #2617] Previous ingestion still running, skipping
2026-02-14 17:12:43.494 - 🔄 📥 [Poll #2618] Starting live arbs fetch...
2026-02-14 17:12:43.494 - ⚠️ 🔄 [Poll #2618] Previous ingestion still running, skipping
2026-02-14 17:12:43.494 - 🔄 📥 [Poll #2619] Starting live arbs fetch...
2026-02-14 17:12:43.494 - ⚠️ 🔄 [Poll #2619] Previous ingestion still running, skipping
2026-02-14 17:13:01.187 - 🔄 📥 [Poll #2620] Starting live arbs fetch...
2026-02-14 17:13:01.187 - ⚠️ 🔄 [Poll #2620] Previous ingestion still running, skipping
2026-02-14 17:13:01.187 - 🔄 📥 [Poll #2621] Starting live arbs fetch...
2026-02-14 17:13:01.187 - ⚠️ 🔄 [Poll #2621] Previous ingestion still running, skipping
2026-02-14 17:13:01.187 - 🔄 📥 [Poll #2622] Starting live arbs fetch...
2026-02-14 17:13:01.187 - ⚠️ 🔄 [Poll #2622] Previous ingestion still running, skipping
2026-02-14 17:13:01.187 - 🔄 📥 [Poll #2623] Starting live arbs fetch...
2026-02-14 17:13:01.187 - ⚠️ 🔄 [Poll #2623] Previous ingestion still running, skipping
2026-02-14 17:13:01.187 - 🔄 📥 [Poll #2624] Starting live arbs fetch...
2026-02-14 17:13:01.187 - ⚠️ 🔄 [Poll #2624] Previous ingestion still running, skipping
2026-02-14 17:13:01.187 - 🔄 📥 [Poll #2625] Starting live arbs fetch...
2026-02-14 17:13:01.187 - ⚠️ 🔄 [Poll #2625] Previous ingestion still running, skipping
2026-02-14 17:13:01.187 - 🔄 📥 [Poll #2626] Starting live arbs fetch...
2026-02-14 17:13:01.187 - ⚠️ 🔄 [Poll #2626] Previous ingestion still running, skipping
2026-02-14 17:13:01.187 - 🔄 📥 [Poll #2627] Starting live arbs fetch...
2026-02-14 17:13:01.188 - ⚠️ 🔄 [Poll #2627] Previous ingestion still running, skipping
2026-02-14 17:13:01.188 - 🔄 📥 [Poll #2628] Starting live arbs fetch...
2026-02-14 17:13:01.188 - ⚠️ 🔄 [Poll #2628] Previous ingestion still running, skipping
2026-02-14 17:13:03.793 - 🔄 📥 [Poll #2629] Starting live arbs fetch...
2026-02-14 17:13:03.793 - ⚠️ 🔄 [Poll #2629] Previous ingestion still running, skipping
2026-02-14 17:13:09.012 - 🔄 📥 [Poll #2630] Starting live arbs fetch...
2026-02-14 17:13:09.012 - ⚠️ 🔄 [Poll #2630] Previous ingestion still running, skipping
2026-02-14 17:13:09.012 - 🔄 📥 [Poll #2631] Starting live arbs fetch...
2026-02-14 17:13:09.013 - ⚠️ 🔄 [Poll #2631] Previous ingestion still running, skipping
2026-02-14 17:13:09.013 - 🔄 📥 [Poll #2632] Starting live arbs fetch...
2026-02-14 17:13:09.013 - ⚠️ 🔄 [Poll #2632] Previous ingestion still running, skipping
2026-02-14 17:13:10.834 - 🔄 📥 [Poll #2633] Starting live arbs fetch...
2026-02-14 17:13:10.837 - ⚠️ 🔄 [Poll #2633] Previous ingestion still running, skipping
2026-02-14 17:13:12.835 - 🔄 📥 [Poll #2634] Starting live arbs fetch...
2026-02-14 17:13:12.837 - ⚠️ 🔄 [Poll #2634] Previous ingestion still running, skipping
2026-02-14 17:13:14.823 - 🔄 📥 [Poll #2635] Starting live arbs fetch...
2026-02-14 17:13:14.823 - ⚠️ 🔄 [Poll #2635] Previous ingestion still running, skipping
2026-02-14 17:13:16.830 - 🔄 📥 [Poll #2636] Starting live arbs fetch...
2026-02-14 17:13:16.831 - ⚠️ 🔄 [Poll #2636] Previous ingestion still running, skipping
2026-02-14 17:13:18.824 - 🔄 📥 [Poll #2637] Starting live arbs fetch...
2026-02-14 17:13:18.824 - ⚠️ 🔄 [Poll #2637] Previous ingestion still running, skipping
2026-02-14 17:13:20.823 - 🔄 📥 [Poll #2638] Starting live arbs fetch...
2026-02-14 17:13:20.823 - ⚠️ 🔄 [Poll #2638] Previous ingestion still running, skipping
2026-02-14 17:13:22.836 - 🔄 📥 [Poll #2639] Starting live arbs fetch...
2026-02-14 17:13:22.836 - ⚠️ 🔄 [Poll #2639] Previous ingestion still running, skipping
2026-02-14 17:13:24.832 - 🔄 📥 [Poll #2640] Starting live arbs fetch...
2026-02-14 17:13:24.832 - ⚠️ 🔄 [Poll #2640] Previous ingestion still running, skipping
2026-02-14 17:13:26.823 - 🔄 📥 [Poll #2641] Starting live arbs fetch...
2026-02-14 17:13:26.823 - ⚠️ 🔄 [Poll #2641] Previous ingestion still running, skipping
2026-02-14 17:13:28.831 - 🔄 📥 [Poll #2642] Starting live arbs fetch...
2026-02-14 17:13:28.831 - ⚠️ 🔄 [Poll #2642] Previous ingestion still running, skipping
2026-02-14 17:13:30.826 - 🔄 📥 [Poll #2643] Starting live arbs fetch...
2026-02-14 17:13:30.826 - ⚠️ 🔄 [Poll #2643] Previous ingestion still running, skipping
2026-02-14 17:13:32.824 - 🔄 📥 [Poll #2644] Starting live arbs fetch...
2026-02-14 17:13:32.824 - ⚠️ 🔄 [Poll #2644] Previous ingestion still running, skipping
2026-02-14 17:13:34.827 - 🔄 📥 [Poll #2645] Starting live arbs fetch...
2026-02-14 17:13:34.827 - ⚠️ 🔄 [Poll #2645] Previous ingestion still running, skipping
2026-02-14 17:13:36.824 - 🔄 📥 [Poll #2646] Starting live arbs fetch...
2026-02-14 17:13:36.824 - ⚠️ 🔄 [Poll #2646] Previous ingestion still running, skipping
2026-02-14 17:13:38.823 - 🔄 📥 [Poll #2647] Starting live arbs fetch...
2026-02-14 17:13:38.823 - ⚠️ 🔄 [Poll #2647] Previous ingestion still running, skipping
2026-02-14 17:13:40.823 - 🔄 📥 [Poll #2648] Starting live arbs fetch...
2026-02-14 17:13:40.823 - ⚠️ 🔄 [Poll #2648] Previous ingestion still running, skipping
2026-02-14 17:13:42.825 - 🔄 📥 [Poll #2649] Starting live arbs fetch...
2026-02-14 17:13:42.825 - ⚠️ 🔄 [Poll #2649] Previous ingestion still running, skipping
2026-02-14 17:13:44.824 - 🔄 📥 [Poll #2650] Starting live arbs fetch...
2026-02-14 17:13:44.824 - ⚠️ 🔄 [Poll #2650] Previous ingestion still running, skipping
2026-02-14 17:13:46.825 - 🔄 📥 [Poll #2651] Starting live arbs fetch...
2026-02-14 17:13:46.825 - ⚠️ 🔄 [Poll #2651] Previous ingestion still running, skipping
2026-02-14 17:13:48.824 - 🔄 📥 [Poll #2652] Starting live arbs fetch...
2026-02-14 17:13:48.824 - ⚠️ 🔄 [Poll #2652] Previous ingestion still running, skipping
2026-02-14 17:13:50.838 - 🔄 📥 [Poll #2653] Starting live arbs fetch...
2026-02-14 17:13:50.848 - ⚠️ 🔄 [Poll #2653] Previous ingestion still running, skipping
2026-02-14 17:13:52.829 - 🔄 📥 [Poll #2654] Starting live arbs fetch...
2026-02-14 17:13:52.829 - ⚠️ 🔄 [Poll #2654] Previous ingestion still running, skipping
2026-02-14 17:13:54.826 - 🔄 📥 [Poll #2655] Starting live arbs fetch...
2026-02-14 17:13:54.826 - ⚠️ 🔄 [Poll #2655] Previous ingestion still running, skipping
2026-02-14 17:13:56.834 - 🔄 📥 [Poll #2656] Starting live arbs fetch...
2026-02-14 17:13:56.834 - ⚠️ 🔄 [Poll #2656] Previous ingestion still running, skipping
2026-02-14 17:13:58.824 - 🔄 📥 [Poll #2657] Starting live arbs fetch...
2026-02-14 17:13:58.824 - ⚠️ 🔄 [Poll #2657] Previous ingestion still running, skipping
2026-02-14 17:14:00.897 - 🔄 📥 [Poll #2658] Starting live arbs fetch...
2026-02-14 17:14:00.898 - ⚠️ 🔄 [Poll #2658] Previous ingestion still running, skipping
2026-02-14 17:14:02.873 - 🔄 📥 [Poll #2659] Starting live arbs fetch...
2026-02-14 17:14:02.873 - ⚠️ 🔄 [Poll #2659] Previous ingestion still running, skipping
2026-02-14 17:14:04.835 - 🔄 📥 [Poll #2660] Starting live arbs fetch...
2026-02-14 17:14:04.836 - ⚠️ 🔄 [Poll #2660] Previous ingestion still running, skipping
2026-02-14 17:14:06.837 - 🔄 📥 [Poll #2661] Starting live arbs fetch...
2026-02-14 17:14:06.840 - ⚠️ 🔄 [Poll #2661] Previous ingestion still running, skipping
2026-02-14 17:14:08.827 - 🔄 📥 [Poll #2662] Starting live arbs fetch...
2026-02-14 17:14:08.827 - ⚠️ 🔄 [Poll #2662] Previous ingestion still running, skipping
2026-02-14 17:14:10.825 - 🔄 📥 [Poll #2663] Starting live arbs fetch...
2026-02-14 17:14:10.825 - ⚠️ 🔄 [Poll #2663] Previous ingestion still running, skipping
2026-02-14 17:14:12.836 - 🔄 📥 [Poll #2664] Starting live arbs fetch...
2026-02-14 17:14:12.836 - ⚠️ 🔄 [Poll #2664] Previous ingestion still running, skipping
2026-02-14 17:14:14.824 - 🔄 📥 [Poll #2665] Starting live arbs fetch...
2026-02-14 17:14:14.824 - ⚠️ 🔄 [Poll #2665] Previous ingestion still running, skipping
2026-02-14 17:14:16.823 - 🔄 📥 [Poll #2666] Starting live arbs fetch...
2026-02-14 17:14:16.823 - ⚠️ 🔄 [Poll #2666] Previous ingestion still running, skipping
2026-02-14 17:14:18.823 - 🔄 📥 [Poll #2667] Starting live arbs fetch...
2026-02-14 17:14:18.823 - ⚠️ 🔄 [Poll #2667] Previous ingestion still running, skipping
2026-02-14 17:14:20.836 - 🔄 📥 [Poll #2668] Starting live arbs fetch...
2026-02-14 17:14:20.837 - ⚠️ 🔄 [Poll #2668] Previous ingestion still running, skipping
2026-02-14 17:14:22.826 - 🔄 📥 [Poll #2669] Starting live arbs fetch...
2026-02-14 17:14:22.826 - ⚠️ 🔄 [Poll #2669] Previous ingestion still running, skipping
2026-02-14 17:14:24.823 - 🔄 📥 [Poll #2670] Starting live arbs fetch...
2026-02-14 17:14:24.823 - ⚠️ 🔄 [Poll #2670] Previous ingestion still running, skipping
2026-02-14 17:14:26.827 - 🔄 📥 [Poll #2671] Starting live arbs fetch...
2026-02-14 17:14:26.827 - ⚠️ 🔄 [Poll #2671] Previous ingestion still running, skipping
2026-02-14 17:14:28.836 - 🔄 📥 [Poll #2672] Starting live arbs fetch...
2026-02-14 17:14:28.836 - ⚠️ 🔄 [Poll #2672] Previous ingestion still running, skipping
2026-02-14 17:14:30.825 - 🔄 📥 [Poll #2673] Starting live arbs fetch...
2026-02-14 17:14:30.826 - ⚠️ 🔄 [Poll #2673] Previous ingestion still running, skipping
2026-02-14 17:14:32.829 - 🔄 📥 [Poll #2674] Starting live arbs fetch...
2026-02-14 17:14:32.829 - ⚠️ 🔄 [Poll #2674] Previous ingestion still running, skipping
2026-02-14 17:14:34.831 - 🔄 📥 [Poll #2675] Starting live arbs fetch...
2026-02-14 17:14:34.831 - ⚠️ 🔄 [Poll #2675] Previous ingestion still running, skipping
2026-02-14 17:14:38.759 - 🔄 📥 [Poll #2676] Starting live arbs fetch...
2026-02-14 17:14:38.759 - ⚠️ 🔄 [Poll #2676] Previous ingestion still running, skipping
2026-02-14 17:14:38.825 - 🔄 📥 [Poll #2677] Starting live arbs fetch...
2026-02-14 17:14:38.825 - ⚠️ 🔄 [Poll #2677] Previous ingestion still running, skipping
2026-02-14 17:14:40.823 - 🔄 📥 [Poll #2678] Starting live arbs fetch...
2026-02-14 17:14:40.823 - ⚠️ 🔄 [Poll #2678] Previous ingestion still running, skipping
2026-02-14 17:14:42.824 - 🔄 📥 [Poll #2679] Starting live arbs fetch...
2026-02-14 17:14:42.824 - ⚠️ 🔄 [Poll #2679] Previous ingestion still running, skipping
2026-02-14 17:14:44.824 - 🔄 📥 [Poll #2680] Starting live arbs fetch...
2026-02-14 17:14:44.824 - ⚠️ 🔄 [Poll #2680] Previous ingestion still running, skipping
2026-02-14 17:14:46.843 - 🔄 📥 [Poll #2681] Starting live arbs fetch...
2026-02-14 17:14:46.844 - ⚠️ 🔄 [Poll #2681] Previous ingestion still running, skipping
2026-02-14 17:14:48.823 - 🔄 📥 [Poll #2682] Starting live arbs fetch...
2026-02-14 17:14:48.823 - ⚠️ 🔄 [Poll #2682] Previous ingestion still running, skipping
2026-02-14 17:14:50.823 - 🔄 📥 [Poll #2683] Starting live arbs fetch...
2026-02-14 17:14:50.823 - ⚠️ 🔄 [Poll #2683] Previous ingestion still running, skipping
2026-02-14 17:14:52.824 - 🔄 📥 [Poll #2684] Starting live arbs fetch...
2026-02-14 17:14:52.824 - ⚠️ 🔄 [Poll #2684] Previous ingestion still running, skipping
2026-02-14 17:14:54.823 - 🔄 📥 [Poll #2685] Starting live arbs fetch...
2026-02-14 17:14:54.823 - ⚠️ 🔄 [Poll #2685] Previous ingestion still running, skipping
2026-02-14 17:14:56.826 - 🔄 📥 [Poll #2686] Starting live arbs fetch...
2026-02-14 17:14:56.826 - ⚠️ 🔄 [Poll #2686] Previous ingestion still running, skipping
2026-02-14 17:14:58.829 - 🔄 📥 [Poll #2687] Starting live arbs fetch...
2026-02-14 17:14:58.829 - ⚠️ 🔄 [Poll #2687] Previous ingestion still running, skipping
2026-02-14 17:15:00.823 - 🔄 📥 [Poll #2688] Starting live arbs fetch...
2026-02-14 17:15:00.823 - ⚠️ 🔄 [Poll #2688] Previous ingestion still running, skipping
2026-02-14 17:15:02.824 - 🔄 📥 [Poll #2689] Starting live arbs fetch...
2026-02-14 17:15:02.824 - ⚠️ 🔄 [Poll #2689] Previous ingestion still running, skipping
2026-02-14 17:15:04.826 - 🔄 📥 [Poll #2690] Starting live arbs fetch...
2026-02-14 17:15:04.826 - ⚠️ 🔄 [Poll #2690] Previous ingestion still running, skipping
2026-02-14 17:15:06.832 - 🔄 📥 [Poll #2691] Starting live arbs fetch...
2026-02-14 17:15:06.832 - ⚠️ 🔄 [Poll #2691] Previous ingestion still running, skipping
2026-02-14 17:15:08.827 - 🔄 📥 [Poll #2692] Starting live arbs fetch...
2026-02-14 17:15:08.827 - ⚠️ 🔄 [Poll #2692] Previous ingestion still running, skipping
2026-02-14 17:15:10.824 - 🔄 📥 [Poll #2693] Starting live arbs fetch...
2026-02-14 17:15:10.824 - ⚠️ 🔄 [Poll #2693] Previous ingestion still running, skipping
2026-02-14 17:15:13.996 - 🔄 📥 [Poll #2694] Starting live arbs fetch...
2026-02-14 17:15:13.996 - ⚠️ 🔄 [Poll #2694] Previous ingestion still running, skipping
2026-02-14 17:15:14.837 - 🔄 📥 [Poll #2695] Starting live arbs fetch...
2026-02-14 17:15:14.838 - ⚠️ 🔄 [Poll #2695] Previous ingestion still running, skipping
2026-02-14 17:15:16.824 - 🔄 📥 [Poll #2696] Starting live arbs fetch...
2026-02-14 17:15:16.824 - ⚠️ 🔄 [Poll #2696] Previous ingestion still running, skipping
2026-02-14 17:15:18.825 - 🔄 📥 [Poll #2697] Starting live arbs fetch...
2026-02-14 17:15:18.825 - ⚠️ 🔄 [Poll #2697] Previous ingestion still running, skipping
2026-02-14 17:15:20.823 - 🔄 📥 [Poll #2698] Starting live arbs fetch...
2026-02-14 17:15:20.823 - ⚠️ 🔄 [Poll #2698] Previous ingestion still running, skipping
2026-02-14 17:15:22.826 - 🔄 📥 [Poll #2699] Starting live arbs fetch...
2026-02-14 17:15:22.826 - ⚠️ 🔄 [Poll #2699] Previous ingestion still running, skipping
2026-02-14 17:15:24.826 - 🔄 📥 [Poll #2700] Starting live arbs fetch...
2026-02-14 17:15:24.826 - ⚠️ 🔄 [Poll #2700] Previous ingestion still running, skipping
2026-02-14 17:15:26.823 - 🔄 📥 [Poll #2701] Starting live arbs fetch...
2026-02-14 17:15:26.823 - ⚠️ 🔄 [Poll #2701] Previous ingestion still running, skipping
2026-02-14 17:15:28.823 - 🔄 📥 [Poll #2702] Starting live arbs fetch...
2026-02-14 17:15:28.823 - ⚠️ 🔄 [Poll #2702] Previous ingestion still running, skipping
2026-02-14 17:15:30.839 - 🔄 📥 [Poll #2703] Starting live arbs fetch...
2026-02-14 17:15:30.839 - ⚠️ 🔄 [Poll #2703] Previous ingestion still running, skipping
2026-02-14 17:15:32.831 - 🔄 📥 [Poll #2704] Starting live arbs fetch...
2026-02-14 17:15:32.831 - ⚠️ 🔄 [Poll #2704] Previous ingestion still running, skipping
2026-02-14 17:15:34.824 - 🔄 📥 [Poll #2705] Starting live arbs fetch...
2026-02-14 17:15:34.824 - ⚠️ 🔄 [Poll #2705] Previous ingestion still running, skipping
2026-02-14 17:15:36.828 - 🔄 📥 [Poll #2706] Starting live arbs fetch...
2026-02-14 17:15:36.828 - ⚠️ 🔄 [Poll #2706] Previous ingestion still running, skipping
2026-02-14 17:15:38.823 - 🔄 📥 [Poll #2707] Starting live arbs fetch...
2026-02-14 17:15:38.823 - ⚠️ 🔄 [Poll #2707] Previous ingestion still running, skipping
2026-02-14 17:15:40.823 - 🔄 📥 [Poll #2708] Starting live arbs fetch...
2026-02-14 17:15:40.823 - ⚠️ 🔄 [Poll #2708] Previous ingestion still running, skipping
2026-02-14 17:15:42.824 - 🔄 📥 [Poll #2709] Starting live arbs fetch...
2026-02-14 17:15:42.824 - ⚠️ 🔄 [Poll #2709] Previous ingestion still running, skipping
2026-02-14 17:15:44.825 - 🔄 📥 [Poll #2710] Starting live arbs fetch...
2026-02-14 17:15:44.825 - ⚠️ 🔄 [Poll #2710] Previous ingestion still running, skipping
2026-02-14 17:15:46.826 - 🔄 📥 [Poll #2711] Starting live arbs fetch...
2026-02-14 17:15:46.826 - ⚠️ 🔄 [Poll #2711] Previous ingestion still running, skipping
2026-02-14 17:15:48.827 - 🔄 📥 [Poll #2712] Starting live arbs fetch...
2026-02-14 17:15:48.827 - ⚠️ 🔄 [Poll #2712] Previous ingestion still running, skipping
2026-02-14 17:15:50.832 - 🔄 📥 [Poll #2713] Starting live arbs fetch...
2026-02-14 17:15:50.832 - ⚠️ 🔄 [Poll #2713] Previous ingestion still running, skipping
2026-02-14 17:15:52.837 - 🔄 📥 [Poll #2714] Starting live arbs fetch...
2026-02-14 17:15:52.837 - ⚠️ 🔄 [Poll #2714] Previous ingestion still running, skipping
2026-02-14 17:15:54.825 - 🔄 📥 [Poll #2715] Starting live arbs fetch...
2026-02-14 17:15:54.825 - ⚠️ 🔄 [Poll #2715] Previous ingestion still running, skipping
2026-02-14 17:15:56.832 - 🔄 📥 [Poll #2716] Starting live arbs fetch...
2026-02-14 17:15:56.836 - ⚠️ 🔄 [Poll #2716] Previous ingestion still running, skipping
2026-02-14 17:15:58.824 - 🔄 📥 [Poll #2717] Starting live arbs fetch...
2026-02-14 17:15:58.825 - ⚠️ 🔄 [Poll #2717] Previous ingestion still running, skipping
2026-02-14 17:16:00.823 - 🔄 📥 [Poll #2718] Starting live arbs fetch...
2026-02-14 17:16:00.823 - ⚠️ 🔄 [Poll #2718] Previous ingestion still running, skipping
2026-02-14 17:16:02.830 - 🔄 📥 [Poll #2719] Starting live arbs fetch...
2026-02-14 17:16:02.830 - ⚠️ 🔄 [Poll #2719] Previous ingestion still running, skipping
2026-02-14 17:16:04.825 - 🔄 📥 [Poll #2720] Starting live arbs fetch...
2026-02-14 17:16:04.825 - ⚠️ 🔄 [Poll #2720] Previous ingestion still running, skipping
2026-02-14 17:16:06.828 - 🔄 📥 [Poll #2721] Starting live arbs fetch...
2026-02-14 17:16:06.828 - ⚠️ 🔄 [Poll #2721] Previous ingestion still running, skipping
2026-02-14 17:16:08.823 - 🔄 📥 [Poll #2722] Starting live arbs fetch...
2026-02-14 17:16:08.823 - ⚠️ 🔄 [Poll #2722] Previous ingestion still running, skipping
2026-02-14 17:16:10.825 - 🔄 📥 [Poll #2723] Starting live arbs fetch...
2026-02-14 17:16:10.825 - ⚠️ 🔄 [Poll #2723] Previous ingestion still running, skipping
2026-02-14 17:16:12.824 - 🔄 📥 [Poll #2724] Starting live arbs fetch...
2026-02-14 17:16:12.824 - ⚠️ 🔄 [Poll #2724] Previous ingestion still running, skipping
2026-02-14 17:16:14.834 - 🔄 📥 [Poll #2725] Starting live arbs fetch...
2026-02-14 17:16:14.835 - ⚠️ 🔄 [Poll #2725] Previous ingestion still running, skipping
2026-02-14 17:16:16.833 - 🔄 📥 [Poll #2726] Starting live arbs fetch...
2026-02-14 17:16:16.833 - ⚠️ 🔄 [Poll #2726] Previous ingestion still running, skipping
2026-02-14 17:16:18.828 - 🔄 📥 [Poll #2727] Starting live arbs fetch...
2026-02-14 17:16:18.829 - ⚠️ 🔄 [Poll #2727] Previous ingestion still running, skipping
2026-02-14 17:16:20.836 - 🔄 📥 [Poll #2728] Starting live arbs fetch...
2026-02-14 17:16:20.837 - ⚠️ 🔄 [Poll #2728] Previous ingestion still running, skipping
2026-02-14 17:16:22.836 - 🔄 📥 [Poll #2729] Starting live arbs fetch...
2026-02-14 17:16:22.837 - ⚠️ 🔄 [Poll #2729] Previous ingestion still running, skipping
2026-02-14 17:16:24.830 - 🔄 📥 [Poll #2730] Starting live arbs fetch...
2026-02-14 17:16:24.830 - ⚠️ 🔄 [Poll #2730] Previous ingestion still running, skipping
2026-02-14 17:16:26.834 - 🔄 📥 [Poll #2731] Starting live arbs fetch...
2026-02-14 17:16:26.834 - ⚠️ 🔄 [Poll #2731] Previous ingestion still running, skipping
2026-02-14 17:16:28.838 - 🔄 📥 [Poll #2732] Starting live arbs fetch...
2026-02-14 17:16:28.838 - ⚠️ 🔄 [Poll #2732] Previous ingestion still running, skipping
2026-02-14 17:16:30.826 - 🔄 📥 [Poll #2733] Starting live arbs fetch...
2026-02-14 17:16:30.826 - ⚠️ 🔄 [Poll #2733] Previous ingestion still running, skipping
2026-02-14 17:16:32.823 - 🔄 📥 [Poll #2734] Starting live arbs fetch...
2026-02-14 17:16:32.823 - ⚠️ 🔄 [Poll #2734] Previous ingestion still running, skipping
2026-02-14 17:16:34.824 - 🔄 📥 [Poll #2735] Starting live arbs fetch...
2026-02-14 17:16:34.824 - ⚠️ 🔄 [Poll #2735] Previous ingestion still running, skipping
2026-02-14 17:16:36.833 - 🔄 📥 [Poll #2736] Starting live arbs fetch...
2026-02-14 17:16:36.833 - ⚠️ 🔄 [Poll #2736] Previous ingestion still running, skipping
2026-02-14 17:16:38.838 - 🔄 📥 [Poll #2737] Starting live arbs fetch...
2026-02-14 17:16:38.838 - ⚠️ 🔄 [Poll #2737] Previous ingestion still running, skipping
2026-02-14 17:16:40.826 - 🔄 📥 [Poll #2738] Starting live arbs fetch...
2026-02-14 17:16:40.826 - ⚠️ 🔄 [Poll #2738] Previous ingestion still running, skipping
2026-02-14 17:16:42.828 - 🔄 📥 [Poll #2739] Starting live arbs fetch...
2026-02-14 17:16:42.828 - ⚠️ 🔄 [Poll #2739] Previous ingestion still running, skipping
2026-02-14 17:16:44.862 - 🔄 📥 [Poll #2740] Starting live arbs fetch...
2026-02-14 17:16:44.863 - ⚠️ 🔄 [Poll #2740] Previous ingestion still running, skipping
2026-02-14 17:16:46.828 - 🔄 📥 [Poll #2741] Starting live arbs fetch...
2026-02-14 17:16:46.828 - ⚠️ 🔄 [Poll #2741] Previous ingestion still running, skipping
2026-02-14 17:16:48.832 - 🔄 📥 [Poll #2742] Starting live arbs fetch...
2026-02-14 17:16:48.834 - ⚠️ 🔄 [Poll #2742] Previous ingestion still running, skipping
2026-02-14 17:16:50.827 - 🔄 📥 [Poll #2743] Starting live arbs fetch...
2026-02-14 17:16:50.827 - ⚠️ 🔄 [Poll #2743] Previous ingestion still running, skipping
2026-02-14 17:16:52.825 - 🔄 📥 [Poll #2744] Starting live arbs fetch...
2026-02-14 17:16:52.825 - ⚠️ 🔄 [Poll #2744] Previous ingestion still running, skipping
2026-02-14 17:16:54.824 - 🔄 📥 [Poll #2745] Starting live arbs fetch...
2026-02-14 17:16:54.824 - ⚠️ 🔄 [Poll #2745] Previous ingestion still running, skipping
2026-02-14 17:16:56.824 - 🔄 📥 [Poll #2746] Starting live arbs fetch...
2026-02-14 17:16:56.824 - ⚠️ 🔄 [Poll #2746] Previous ingestion still running, skipping
2026-02-14 17:16:58.830 - 🔄 📥 [Poll #2747] Starting live arbs fetch...
2026-02-14 17:16:58.830 - ⚠️ 🔄 [Poll #2747] Previous ingestion still running, skipping
2026-02-14 17:17:00.823 - 🔄 📥 [Poll #2748] Starting live arbs fetch...
2026-02-14 17:17:00.823 - ⚠️ 🔄 [Poll #2748] Previous ingestion still running, skipping
2026-02-14 17:17:02.825 - 🔄 📥 [Poll #2749] Starting live arbs fetch...
2026-02-14 17:17:02.825 - ⚠️ 🔄 [Poll #2749] Previous ingestion still running, skipping
2026-02-14 17:17:04.825 - 🔄 📥 [Poll #2750] Starting live arbs fetch...
2026-02-14 17:17:04.825 - ⚠️ 🔄 [Poll #2750] Previous ingestion still running, skipping
2026-02-14 17:17:06.824 - 🔄 📥 [Poll #2751] Starting live arbs fetch...
2026-02-14 17:17:06.824 - ⚠️ 🔄 [Poll #2751] Previous ingestion still running, skipping
2026-02-14 17:17:08.823 - 🔄 📥 [Poll #2752] Starting live arbs fetch...
2026-02-14 17:17:08.823 - ⚠️ 🔄 [Poll #2752] Previous ingestion still running, skipping
2026-02-14 17:17:10.834 - 🔄 📥 [Poll #2753] Starting live arbs fetch...
2026-02-14 17:17:10.834 - ⚠️ 🔄 [Poll #2753] Previous ingestion still running, skipping
2026-02-14 17:17:12.829 - 🔄 📥 [Poll #2754] Starting live arbs fetch...
2026-02-14 17:17:12.829 - ⚠️ 🔄 [Poll #2754] Previous ingestion still running, skipping
2026-02-14 17:17:14.824 - 🔄 📥 [Poll #2755] Starting live arbs fetch...
2026-02-14 17:17:14.824 - ⚠️ 🔄 [Poll #2755] Previous ingestion still running, skipping
2026-02-14 17:17:16.823 - 🔄 📥 [Poll #2756] Starting live arbs fetch...
2026-02-14 17:17:16.823 - ⚠️ 🔄 [Poll #2756] Previous ingestion still running, skipping
2026-02-14 17:17:18.823 - 🔄 📥 [Poll #2757] Starting live arbs fetch...
2026-02-14 17:17:18.823 - ⚠️ 🔄 [Poll #2757] Previous ingestion still running, skipping
2026-02-14 17:17:20.828 - 🔄 📥 [Poll #2758] Starting live arbs fetch...
2026-02-14 17:17:20.828 - ⚠️ 🔄 [Poll #2758] Previous ingestion still running, skipping
2026-02-14 17:17:22.823 - 🔄 📥 [Poll #2759] Starting live arbs fetch...
2026-02-14 17:17:22.823 - ⚠️ 🔄 [Poll #2759] Previous ingestion still running, skipping
2026-02-14 17:17:24.826 - 🔄 📥 [Poll #2760] Starting live arbs fetch...
2026-02-14 17:17:24.826 - ⚠️ 🔄 [Poll #2760] Previous ingestion still running, skipping
2026-02-14 17:17:26.831 - 🔄 📥 [Poll #2761] Starting live arbs fetch...
2026-02-14 17:17:26.831 - ⚠️ 🔄 [Poll #2761] Previous ingestion still running, skipping
2026-02-14 17:17:28.824 - 🔄 📥 [Poll #2762] Starting live arbs fetch...
2026-02-14 17:17:28.824 - ⚠️ 🔄 [Poll #2762] Previous ingestion still running, skipping
2026-02-14 17:17:30.839 - 🔄 📥 [Poll #2763] Starting live arbs fetch...
2026-02-14 17:17:30.839 - ⚠️ 🔄 [Poll #2763] Previous ingestion still running, skipping
2026-02-14 17:17:32.833 - 🔄 📥 [Poll #2764] Starting live arbs fetch...
2026-02-14 17:17:32.833 - ⚠️ 🔄 [Poll #2764] Previous ingestion still running, skipping
2026-02-14 17:17:34.823 - 🔄 📥 [Poll #2765] Starting live arbs fetch...
2026-02-14 17:17:34.823 - ⚠️ 🔄 [Poll #2765] Previous ingestion still running, skipping
2026-02-14 17:17:36.823 - 🔄 📥 [Poll #2766] Starting live arbs fetch...
2026-02-14 17:17:36.823 - ⚠️ 🔄 [Poll #2766] Previous ingestion still running, skipping
2026-02-14 17:17:38.825 - 🔄 📥 [Poll #2767] Starting live arbs fetch...
2026-02-14 17:17:38.825 - ⚠️ 🔄 [Poll #2767] Previous ingestion still running, skipping
2026-02-14 17:17:40.823 - 🔄 📥 [Poll #2768] Starting live arbs fetch...
2026-02-14 17:17:40.823 - ⚠️ 🔄 [Poll #2768] Previous ingestion still running, skipping
2026-02-14 17:17:42.823 - 🔄 📥 [Poll #2769] Starting live arbs fetch...
2026-02-14 17:17:42.823 - ⚠️ 🔄 [Poll #2769] Previous ingestion still running, skipping
2026-02-14 17:17:44.824 - 🔄 📥 [Poll #2770] Starting live arbs fetch...
2026-02-14 17:17:44.824 - ⚠️ 🔄 [Poll #2770] Previous ingestion still running, skipping
2026-02-14 17:17:46.824 - 🔄 📥 [Poll #2771] Starting live arbs fetch...
2026-02-14 17:17:46.824 - ⚠️ 🔄 [Poll #2771] Previous ingestion still running, skipping
2026-02-14 17:17:48.832 - 🔄 📥 [Poll #2772] Starting live arbs fetch...
2026-02-14 17:17:48.832 - ⚠️ 🔄 [Poll #2772] Previous ingestion still running, skipping
2026-02-14 17:17:50.831 - 🔄 📥 [Poll #2773] Starting live arbs fetch...
2026-02-14 17:17:50.831 - ⚠️ 🔄 [Poll #2773] Previous ingestion still running, skipping
2026-02-14 17:17:52.829 - 🔄 📥 [Poll #2774] Starting live arbs fetch...
2026-02-14 17:17:52.829 - ⚠️ 🔄 [Poll #2774] Previous ingestion still running, skipping
2026-02-14 17:17:54.838 - 🔄 📥 [Poll #2775] Starting live arbs fetch...
2026-02-14 17:17:54.838 - ⚠️ 🔄 [Poll #2775] Previous ingestion still running, skipping
2026-02-14 17:17:56.835 - 🔄 📥 [Poll #2776] Starting live arbs fetch...
2026-02-14 17:17:56.835 - ⚠️ 🔄 [Poll #2776] Previous ingestion still running, skipping
2026-02-14 17:17:58.824 - 🔄 📥 [Poll #2777] Starting live arbs fetch...
2026-02-14 17:17:58.824 - ⚠️ 🔄 [Poll #2777] Previous ingestion still running, skipping
2026-02-14 17:18:00.825 - 🔄 📥 [Poll #2778] Starting live arbs fetch...
2026-02-14 17:18:00.942 - ⚠️ 🔄 [Poll #2778] Previous ingestion still running, skipping
2026-02-14 17:18:02.824 - 🔄 📥 [Poll #2779] Starting live arbs fetch...
2026-02-14 17:18:02.824 - ⚠️ 🔄 [Poll #2779] Previous ingestion still running, skipping
2026-02-14 17:18:04.823 - 🔄 📥 [Poll #2780] Starting live arbs fetch...
2026-02-14 17:18:04.823 - ⚠️ 🔄 [Poll #2780] Previous ingestion still running, skipping
2026-02-14 17:18:06.824 - 🔄 📥 [Poll #2781] Starting live arbs fetch...
2026-02-14 17:18:06.824 - ⚠️ 🔄 [Poll #2781] Previous ingestion still running, skipping
2026-02-14 17:18:08.823 - 🔄 📥 [Poll #2782] Starting live arbs fetch...
2026-02-14 17:18:08.823 - ⚠️ 🔄 [Poll #2782] Previous ingestion still running, skipping
2026-02-14 17:18:10.828 - 🔄 📥 [Poll #2783] Starting live arbs fetch...
2026-02-14 17:18:10.828 - ⚠️ 🔄 [Poll #2783] Previous ingestion still running, skipping
2026-02-14 17:18:12.824 - 🔄 📥 [Poll #2784] Starting live arbs fetch...
2026-02-14 17:18:12.824 - ⚠️ 🔄 [Poll #2784] Previous ingestion still running, skipping
2026-02-14 17:18:14.823 - 🔄 📥 [Poll #2785] Starting live arbs fetch...
2026-02-14 17:18:14.824 - ⚠️ 🔄 [Poll #2785] Previous ingestion still running, skipping
2026-02-14 17:18:16.825 - 🔄 📥 [Poll #2786] Starting live arbs fetch...
2026-02-14 17:18:16.825 - ⚠️ 🔄 [Poll #2786] Previous ingestion still running, skipping
2026-02-14 17:18:18.824 - 🔄 📥 [Poll #2787] Starting live arbs fetch...
2026-02-14 17:18:18.824 - ⚠️ 🔄 [Poll #2787] Previous ingestion still running, skipping
2026-02-14 17:18:20.823 - 🔄 📥 [Poll #2788] Starting live arbs fetch...
2026-02-14 17:18:20.823 - ⚠️ 🔄 [Poll #2788] Previous ingestion still running, skipping
2026-02-14 17:18:22.823 - 🔄 📥 [Poll #2789] Starting live arbs fetch...
2026-02-14 17:18:22.823 - ⚠️ 🔄 [Poll #2789] Previous ingestion still running, skipping
2026-02-14 17:18:24.824 - 🔄 📥 [Poll #2790] Starting live arbs fetch...
2026-02-14 17:18:24.824 - ⚠️ 🔄 [Poll #2790] Previous ingestion still running, skipping
2026-02-14 17:18:26.824 - 🔄 📥 [Poll #2791] Starting live arbs fetch...
2026-02-14 17:18:26.824 - ⚠️ 🔄 [Poll #2791] Previous ingestion still running, skipping
2026-02-14 17:18:28.823 - 🔄 📥 [Poll #2792] Starting live arbs fetch...
2026-02-14 17:18:28.823 - ⚠️ 🔄 [Poll #2792] Previous ingestion still running, skipping
2026-02-14 17:18:30.839 - 🔄 📥 [Poll #2793] Starting live arbs fetch...
2026-02-14 17:18:30.839 - ⚠️ 🔄 [Poll #2793] Previous ingestion still running, skipping
2026-02-14 17:18:32.834 - 🔄 📥 [Poll #2794] Starting live arbs fetch...
2026-02-14 17:18:32.834 - ⚠️ 🔄 [Poll #2794] Previous ingestion still running, skipping
2026-02-14 17:18:34.830 - 🔄 📥 [Poll #2795] Starting live arbs fetch...
2026-02-14 17:18:34.830 - ⚠️ 🔄 [Poll #2795] Previous ingestion still running, skipping
2026-02-14 17:18:36.837 - 🔄 📥 [Poll #2796] Starting live arbs fetch...
2026-02-14 17:18:36.837 - ⚠️ 🔄 [Poll #2796] Previous ingestion still running, skipping
2026-02-14 17:18:38.837 - 🔄 📥 [Poll #2797] Starting live arbs fetch...
2026-02-14 17:18:38.837 - ⚠️ 🔄 [Poll #2797] Previous ingestion still running, skipping
2026-02-14 17:18:40.830 - 🔄 📥 [Poll #2798] Starting live arbs fetch...
2026-02-14 17:18:40.830 - ⚠️ 🔄 [Poll #2798] Previous ingestion still running, skipping
2026-02-14 17:18:42.825 - 🔄 📥 [Poll #2799] Starting live arbs fetch...
2026-02-14 17:18:42.825 - ⚠️ 🔄 [Poll #2799] Previous ingestion still running, skipping
2026-02-14 17:18:44.828 - 🔄 📥 [Poll #2800] Starting live arbs fetch...
2026-02-14 17:18:44.828 - ⚠️ 🔄 [Poll #2800] Previous ingestion still running, skipping
2026-02-14 17:18:46.825 - 🔄 📥 [Poll #2801] Starting live arbs fetch...
2026-02-14 17:18:46.825 - ⚠️ 🔄 [Poll #2801] Previous ingestion still running, skipping
2026-02-14 17:18:48.824 - 🔄 📥 [Poll #2802] Starting live arbs fetch...
2026-02-14 17:18:48.824 - ⚠️ 🔄 [Poll #2802] Previous ingestion still running, skipping
2026-02-14 17:18:50.826 - 🔄 📥 [Poll #2803] Starting live arbs fetch...
2026-02-14 17:18:50.826 - ⚠️ 🔄 [Poll #2803] Previous ingestion still running, skipping
2026-02-14 17:18:52.828 - 🔄 📥 [Poll #2804] Starting live arbs fetch...
2026-02-14 17:18:52.828 - ⚠️ 🔄 [Poll #2804] Previous ingestion still running, skipping
2026-02-14 17:18:54.825 - 🔄 📥 [Poll #2805] Starting live arbs fetch...
2026-02-14 17:18:54.825 - ⚠️ 🔄 [Poll #2805] Previous ingestion still running, skipping
2026-02-14 17:18:56.824 - 🔄 📥 [Poll #2806] Starting live arbs fetch...
2026-02-14 17:18:56.824 - ⚠️ 🔄 [Poll #2806] Previous ingestion still running, skipping
2026-02-14 17:18:58.824 - 🔄 📥 [Poll #2807] Starting live arbs fetch...
2026-02-14 17:18:58.824 - ⚠️ 🔄 [Poll #2807] Previous ingestion still running, skipping
2026-02-14 17:19:00.823 - 🔄 📥 [Poll #2808] Starting live arbs fetch...
2026-02-14 17:19:00.823 - ⚠️ 🔄 [Poll #2808] Previous ingestion still running, skipping
2026-02-14 17:19:02.822 - 🔄 📥 [Poll #2809] Starting live arbs fetch...
2026-02-14 17:19:02.823 - ⚠️ 🔄 [Poll #2809] Previous ingestion still running, skipping
2026-02-14 17:19:04.824 - 🔄 📥 [Poll #2810] Starting live arbs fetch...
2026-02-14 17:19:04.824 - ⚠️ 🔄 [Poll #2810] Previous ingestion still running, skipping
2026-02-14 17:19:06.825 - 🔄 📥 [Poll #2811] Starting live arbs fetch...
2026-02-14 17:19:06.825 - ⚠️ 🔄 [Poll #2811] Previous ingestion still running, skipping
2026-02-14 17:19:08.831 - 🔄 📥 [Poll #2812] Starting live arbs fetch...
2026-02-14 17:19:08.831 - ⚠️ 🔄 [Poll #2812] Previous ingestion still running, skipping
2026-02-14 17:19:10.832 - 🔄 📥 [Poll #2813] Starting live arbs fetch...
2026-02-14 17:19:10.832 - ⚠️ 🔄 [Poll #2813] Previous ingestion still running, skipping
2026-02-14 17:19:12.829 - 🔄 📥 [Poll #2814] Starting live arbs fetch...
2026-02-14 17:19:12.829 - ⚠️ 🔄 [Poll #2814] Previous ingestion still running, skipping
2026-02-14 17:19:14.834 - 🔄 📥 [Poll #2815] Starting live arbs fetch...
2026-02-14 17:19:14.834 - ⚠️ 🔄 [Poll #2815] Previous ingestion still running, skipping
2026-02-14 17:19:16.830 - 🔄 📥 [Poll #2816] Starting live arbs fetch...
2026-02-14 17:19:16.830 - ⚠️ 🔄 [Poll #2816] Previous ingestion still running, skipping
2026-02-14 17:19:18.824 - 🔄 📥 [Poll #2817] Starting live arbs fetch...
2026-02-14 17:19:18.824 - ⚠️ 🔄 [Poll #2817] Previous ingestion still running, skipping
2026-02-14 17:19:20.824 - 🔄 📥 [Poll #2818] Starting live arbs fetch...
2026-02-14 17:19:20.824 - ⚠️ 🔄 [Poll #2818] Previous ingestion still running, skipping
2026-02-14 17:19:22.824 - 🔄 📥 [Poll #2819] Starting live arbs fetch...
2026-02-14 17:19:22.824 - ⚠️ 🔄 [Poll #2819] Previous ingestion still running, skipping
2026-02-14 17:19:24.823 - 🔄 📥 [Poll #2820] Starting live arbs fetch...
2026-02-14 17:19:24.823 - ⚠️ 🔄 [Poll #2820] Previous ingestion still running, skipping
2026-02-14 17:19:26.834 - 🔄 📥 [Poll #2821] Starting live arbs fetch...
2026-02-14 17:19:26.834 - ⚠️ 🔄 [Poll #2821] Previous ingestion still running, skipping
2026-02-14 17:19:28.823 - 🔄 📥 [Poll #2822] Starting live arbs fetch...
2026-02-14 17:19:28.823 - ⚠️ 🔄 [Poll #2822] Previous ingestion still running, skipping
2026-02-14 17:19:30.825 - 🔄 📥 [Poll #2823] Starting live arbs fetch...
2026-02-14 17:19:30.825 - ⚠️ 🔄 [Poll #2823] Previous ingestion still running, skipping
2026-02-14 17:19:36.020 - 🔄 📥 [Poll #2824] Starting live arbs fetch...
2026-02-14 17:19:36.021 - ⚠️ 🔄 [Poll #2824] Previous ingestion still running, skipping
2026-02-14 17:19:36.021 - 🔄 📥 [Poll #2825] Starting live arbs fetch...
2026-02-14 17:19:36.021 - ⚠️ 🔄 [Poll #2825] Previous ingestion still running, skipping
2026-02-14 17:19:36.823 - 🔄 📥 [Poll #2826] Starting live arbs fetch...
2026-02-14 17:19:36.823 - ⚠️ 🔄 [Poll #2826] Previous ingestion still running, skipping
2026-02-14 17:19:38.830 - 🔄 📥 [Poll #2827] Starting live arbs fetch...
2026-02-14 17:19:38.830 - ⚠️ 🔄 [Poll #2827] Previous ingestion still running, skipping
2026-02-14 17:19:40.823 - 🔄 📥 [Poll #2828] Starting live arbs fetch...
2026-02-14 17:19:40.823 - ⚠️ 🔄 [Poll #2828] Previous ingestion still running, skipping
2026-02-14 17:19:42.824 - 🔄 📥 [Poll #2829] Starting live arbs fetch...
2026-02-14 17:19:42.824 - ⚠️ 🔄 [Poll #2829] Previous ingestion still running, skipping
2026-02-14 17:19:44.836 - 🔄 📥 [Poll #2830] Starting live arbs fetch...
2026-02-14 17:19:44.836 - ⚠️ 🔄 [Poll #2830] Previous ingestion still running, skipping
2026-02-14 17:19:46.828 - 🔄 📥 [Poll #2831] Starting live arbs fetch...
2026-02-14 17:19:46.829 - ⚠️ 🔄 [Poll #2831] Previous ingestion still running, skipping
2026-02-14 17:19:48.828 - 🔄 📥 [Poll #2832] Starting live arbs fetch...
2026-02-14 17:19:48.828 - ⚠️ 🔄 [Poll #2832] Previous ingestion still running, skipping
2026-02-14 17:19:50.824 - 🔄 📥 [Poll #2833] Starting live arbs fetch...
2026-02-14 17:19:50.824 - ⚠️ 🔄 [Poll #2833] Previous ingestion still running, skipping
2026-02-14 17:19:52.835 - 🔄 📥 [Poll #2834] Starting live arbs fetch...
2026-02-14 17:19:52.836 - ⚠️ 🔄 [Poll #2834] Previous ingestion still running, skipping
2026-02-14 17:19:54.829 - 🔄 📥 [Poll #2835] Starting live arbs fetch...
2026-02-14 17:19:54.829 - ⚠️ 🔄 [Poll #2835] Previous ingestion still running, skipping
2026-02-14 17:19:56.830 - 🔄 📥 [Poll #2836] Starting live arbs fetch...
2026-02-14 17:19:56.830 - ⚠️ 🔄 [Poll #2836] Previous ingestion still running, skipping
2026-02-14 17:19:58.837 - 🔄 📥 [Poll #2837] Starting live arbs fetch...
2026-02-14 17:19:58.837 - ⚠️ 🔄 [Poll #2837] Previous ingestion still running, skipping
2026-02-14 17:20:00.828 - 🔄 📥 [Poll #2838] Starting live arbs fetch...
2026-02-14 17:20:00.828 - ⚠️ 🔄 [Poll #2838] Previous ingestion still running, skipping
2026-02-14 17:20:02.823 - 🔄 📥 [Poll #2839] Starting live arbs fetch...
2026-02-14 17:20:02.823 - ⚠️ 🔄 [Poll #2839] Previous ingestion still running, skipping
2026-02-14 17:20:04.825 - 🔄 📥 [Poll #2840] Starting live arbs fetch...
2026-02-14 17:20:04.826 - ⚠️ 🔄 [Poll #2840] Previous ingestion still running, skipping
2026-02-14 17:20:06.836 - 🔄 📥 [Poll #2841] Starting live arbs fetch...
2026-02-14 17:20:06.836 - ⚠️ 🔄 [Poll #2841] Previous ingestion still running, skipping
2026-02-14 17:20:08.828 - 🔄 📥 [Poll #2842] Starting live arbs fetch...
2026-02-14 17:20:08.828 - ⚠️ 🔄 [Poll #2842] Previous ingestion still running, skipping
2026-02-14 17:20:10.837 - 🔄 📥 [Poll #2843] Starting live arbs fetch...
2026-02-14 17:20:10.837 - ⚠️ 🔄 [Poll #2843] Previous ingestion still running, skipping
2026-02-14 17:20:12.833 - 🔄 📥 [Poll #2844] Starting live arbs fetch...
2026-02-14 17:20:12.833 - ⚠️ 🔄 [Poll #2844] Previous ingestion still running, skipping
2026-02-14 17:20:14.830 - 🔄 📥 [Poll #2845] Starting live arbs fetch...
2026-02-14 17:20:14.830 - ⚠️ 🔄 [Poll #2845] Previous ingestion still running, skipping
2026-02-14 17:20:16.828 - 🔄 📥 [Poll #2846] Starting live arbs fetch...
2026-02-14 17:20:16.828 - ⚠️ 🔄 [Poll #2846] Previous ingestion still running, skipping
2026-02-14 17:20:18.823 - 🔄 📥 [Poll #2847] Starting live arbs fetch...
2026-02-14 17:20:18.823 - ⚠️ 🔄 [Poll #2847] Previous ingestion still running, skipping
2026-02-14 17:20:20.838 - 🔄 📥 [Poll #2848] Starting live arbs fetch...
2026-02-14 17:20:20.838 - ⚠️ 🔄 [Poll #2848] Previous ingestion still running, skipping
2026-02-14 17:20:22.825 - 🔄 📥 [Poll #2849] Starting live arbs fetch...
2026-02-14 17:20:22.825 - ⚠️ 🔄 [Poll #2849] Previous ingestion still running, skipping
2026-02-14 17:20:24.830 - 🔄 📥 [Poll #2850] Starting live arbs fetch...
2026-02-14 17:20:24.830 - ⚠️ 🔄 [Poll #2850] Previous ingestion still running, skipping
2026-02-14 17:20:26.823 - 🔄 📥 [Poll #2851] Starting live arbs fetch...
2026-02-14 17:20:26.823 - ⚠️ 🔄 [Poll #2851] Previous ingestion still running, skipping
2026-02-14 17:20:28.826 - 🔄 📥 [Poll #2852] Starting live arbs fetch...
2026-02-14 17:20:28.826 - ⚠️ 🔄 [Poll #2852] Previous ingestion still running, skipping
2026-02-14 17:20:30.823 - 🔄 📥 [Poll #2853] Starting live arbs fetch...
2026-02-14 17:20:30.823 - ⚠️ 🔄 [Poll #2853] Previous ingestion still running, skipping
2026-02-14 17:20:32.824 - 🔄 📥 [Poll #2854] Starting live arbs fetch...
2026-02-14 17:20:32.824 - ⚠️ 🔄 [Poll #2854] Previous ingestion still running, skipping
2026-02-14 17:20:34.825 - 🔄 📥 [Poll #2855] Starting live arbs fetch...
2026-02-14 17:20:34.825 - ⚠️ 🔄 [Poll #2855] Previous ingestion still running, skipping
2026-02-14 17:20:36.825 - 🔄 📥 [Poll #2856] Starting live arbs fetch...
2026-02-14 17:20:36.828 - ⚠️ 🔄 [Poll #2856] Previous ingestion still running, skipping
2026-02-14 17:20:38.823 - 🔄 📥 [Poll #2857] Starting live arbs fetch...
2026-02-14 17:20:38.823 - ⚠️ 🔄 [Poll #2857] Previous ingestion still running, skipping
2026-02-14 17:20:40.835 - 🔄 📥 [Poll #2858] Starting live arbs fetch...
2026-02-14 17:20:40.835 - ⚠️ 🔄 [Poll #2858] Previous ingestion still running, skipping
2026-02-14 17:20:42.826 - 🔄 📥 [Poll #2859] Starting live arbs fetch...
2026-02-14 17:20:42.826 - ⚠️ 🔄 [Poll #2859] Previous ingestion still running, skipping
2026-02-14 17:20:44.826 - 🔄 📥 [Poll #2860] Starting live arbs fetch...
2026-02-14 17:20:44.826 - ⚠️ 🔄 [Poll #2860] Previous ingestion still running, skipping
2026-02-14 17:20:46.824 - 🔄 📥 [Poll #2861] Starting live arbs fetch...
2026-02-14 17:20:46.824 - ⚠️ 🔄 [Poll #2861] Previous ingestion still running, skipping
2026-02-14 17:20:48.824 - 🔄 📥 [Poll #2862] Starting live arbs fetch...
2026-02-14 17:20:48.824 - ⚠️ 🔄 [Poll #2862] Previous ingestion still running, skipping
2026-02-14 17:20:50.828 - 🔄 📥 [Poll #2863] Starting live arbs fetch...
2026-02-14 17:20:50.828 - ⚠️ 🔄 [Poll #2863] Previous ingestion still running, skipping
2026-02-14 17:20:52.830 - 🔄 📥 [Poll #2864] Starting live arbs fetch...
2026-02-14 17:20:52.830 - ⚠️ 🔄 [Poll #2864] Previous ingestion still running, skipping
2026-02-14 17:20:54.832 - 🔄 📥 [Poll #2865] Starting live arbs fetch...
2026-02-14 17:20:54.832 - ⚠️ 🔄 [Poll #2865] Previous ingestion still running, skipping
2026-02-14 17:20:56.840 - 🔄 📥 [Poll #2866] Starting live arbs fetch...
2026-02-14 17:20:56.840 - ⚠️ 🔄 [Poll #2866] Previous ingestion still running, skipping
2026-02-14 17:20:58.827 - 🔄 📥 [Poll #2867] Starting live arbs fetch...
2026-02-14 17:20:58.827 - ⚠️ 🔄 [Poll #2867] Previous ingestion still running, skipping
2026-02-14 17:21:00.823 - 🔄 📥 [Poll #2868] Starting live arbs fetch...
2026-02-14 17:21:00.824 - ⚠️ 🔄 [Poll #2868] Previous ingestion still running, skipping
2026-02-14 17:21:02.825 - 🔄 📥 [Poll #2869] Starting live arbs fetch...
2026-02-14 17:21:02.826 - ⚠️ 🔄 [Poll #2869] Previous ingestion still running, skipping
2026-02-14 17:21:04.835 - 🔄 📥 [Poll #2870] Starting live arbs fetch...
2026-02-14 17:21:04.835 - ⚠️ 🔄 [Poll #2870] Previous ingestion still running, skipping
2026-02-14 17:21:06.829 - 🔄 📥 [Poll #2871] Starting live arbs fetch...
2026-02-14 17:21:06.829 - ⚠️ 🔄 [Poll #2871] Previous ingestion still running, skipping
2026-02-14 17:21:08.824 - 🔄 📥 [Poll #2872] Starting live arbs fetch...
2026-02-14 17:21:08.824 - ⚠️ 🔄 [Poll #2872] Previous ingestion still running, skipping
2026-02-14 17:21:10.823 - 🔄 📥 [Poll #2873] Starting live arbs fetch...
2026-02-14 17:21:10.823 - ⚠️ 🔄 [Poll #2873] Previous ingestion still running, skipping
2026-02-14 17:21:12.824 - 🔄 📥 [Poll #2874] Starting live arbs fetch...
2026-02-14 17:21:12.824 - ⚠️ 🔄 [Poll #2874] Previous ingestion still running, skipping
2026-02-14 17:21:14.835 - 🔄 📥 [Poll #2875] Starting live arbs fetch...
2026-02-14 17:21:14.835 - ⚠️ 🔄 [Poll #2875] Previous ingestion still running, skipping
2026-02-14 17:21:16.829 - 🔄 📥 [Poll #2876] Starting live arbs fetch...
2026-02-14 17:21:16.831 - ⚠️ 🔄 [Poll #2876] Previous ingestion still running, skipping
2026-02-14 17:21:18.832 - 🔄 📥 [Poll #2877] Starting live arbs fetch...
2026-02-14 17:21:18.832 - ⚠️ 🔄 [Poll #2877] Previous ingestion still running, skipping
2026-02-14 17:21:20.823 - 🔄 📥 [Poll #2878] Starting live arbs fetch...
2026-02-14 17:21:20.823 - ⚠️ 🔄 [Poll #2878] Previous ingestion still running, skipping
2026-02-14 17:21:22.837 - 🔄 📥 [Poll #2879] Starting live arbs fetch...
2026-02-14 17:21:22.837 - ⚠️ 🔄 [Poll #2879] Previous ingestion still running, skipping
2026-02-14 17:21:24.834 - 🔄 📥 [Poll #2880] Starting live arbs fetch...
2026-02-14 17:21:24.834 - ⚠️ 🔄 [Poll #2880] Previous ingestion still running, skipping
2026-02-14 17:21:26.824 - 🔄 📥 [Poll #2881] Starting live arbs fetch...
2026-02-14 17:21:26.824 - ⚠️ 🔄 [Poll #2881] Previous ingestion still running, skipping
2026-02-14 17:21:28.832 - 🔄 📥 [Poll #2882] Starting live arbs fetch...
2026-02-14 17:21:28.832 - ⚠️ 🔄 [Poll #2882] Previous ingestion still running, skipping
2026-02-14 17:21:30.860 - 🔄 📥 [Poll #2883] Starting live arbs fetch...
2026-02-14 17:21:30.860 - ⚠️ 🔄 [Poll #2883] Previous ingestion still running, skipping
2026-02-14 17:21:32.830 - 🔄 📥 [Poll #2884] Starting live arbs fetch...
2026-02-14 17:21:32.830 - ⚠️ 🔄 [Poll #2884] Previous ingestion still running, skipping
2026-02-14 17:21:34.824 - 🔄 📥 [Poll #2885] Starting live arbs fetch...
2026-02-14 17:21:34.824 - ⚠️ 🔄 [Poll #2885] Previous ingestion still running, skipping
2026-02-14 17:21:36.837 - 🔄 📥 [Poll #2886] Starting live arbs fetch...
2026-02-14 17:21:36.837 - ⚠️ 🔄 [Poll #2886] Previous ingestion still running, skipping
2026-02-14 17:21:38.829 - 🔄 📥 [Poll #2887] Starting live arbs fetch...
2026-02-14 17:21:38.829 - ⚠️ 🔄 [Poll #2887] Previous ingestion still running, skipping
2026-02-14 17:21:40.829 - 🔄 📥 [Poll #2888] Starting live arbs fetch...
2026-02-14 17:21:40.829 - ⚠️ 🔄 [Poll #2888] Previous ingestion still running, skipping
2026-02-14 17:21:42.829 - 🔄 📥 [Poll #2889] Starting live arbs fetch...
2026-02-14 17:21:42.829 - ⚠️ 🔄 [Poll #2889] Previous ingestion still running, skipping
2026-02-14 17:21:44.838 - 🔄 📥 [Poll #2890] Starting live arbs fetch...
2026-02-14 17:21:44.838 - ⚠️ 🔄 [Poll #2890] Previous ingestion still running, skipping
2026-02-14 17:21:46.837 - 🔄 📥 [Poll #2891] Starting live arbs fetch...
2026-02-14 17:21:46.842 - ⚠️ 🔄 [Poll #2891] Previous ingestion still running, skipping
2026-02-14 17:21:48.830 - 🔄 📥 [Poll #2892] Starting live arbs fetch...
2026-02-14 17:21:48.830 - ⚠️ 🔄 [Poll #2892] Previous ingestion still running, skipping
2026-02-14 17:21:50.828 - 🔄 📥 [Poll #2893] Starting live arbs fetch...
2026-02-14 17:21:50.828 - ⚠️ 🔄 [Poll #2893] Previous ingestion still running, skipping
2026-02-14 17:21:52.825 - 🔄 📥 [Poll #2894] Starting live arbs fetch...
2026-02-14 17:21:52.825 - ⚠️ 🔄 [Poll #2894] Previous ingestion still running, skipping
2026-02-14 17:21:54.823 - 🔄 📥 [Poll #2895] Starting live arbs fetch...
2026-02-14 17:21:54.823 - ⚠️ 🔄 [Poll #2895] Previous ingestion still running, skipping
2026-02-14 17:21:56.823 - 🔄 📥 [Poll #2896] Starting live arbs fetch...
2026-02-14 17:21:56.823 - ⚠️ 🔄 [Poll #2896] Previous ingestion still running, skipping
2026-02-14 17:21:58.826 - 🔄 📥 [Poll #2897] Starting live arbs fetch...
2026-02-14 17:21:58.826 - ⚠️ 🔄 [Poll #2897] Previous ingestion still running, skipping
2026-02-14 17:22:00.836 - 🔄 📥 [Poll #2898] Starting live arbs fetch...
2026-02-14 17:22:00.836 - ⚠️ 🔄 [Poll #2898] Previous ingestion still running, skipping
2026-02-14 17:22:02.834 - 🔄 📥 [Poll #2899] Starting live arbs fetch...
2026-02-14 17:22:02.834 - ⚠️ 🔄 [Poll #2899] Previous ingestion still running, skipping
2026-02-14 17:22:04.825 - 🔄 📥 [Poll #2900] Starting live arbs fetch...
2026-02-14 17:22:04.825 - ⚠️ 🔄 [Poll #2900] Previous ingestion still running, skipping
2026-02-14 17:22:06.824 - 🔄 📥 [Poll #2901] Starting live arbs fetch...
2026-02-14 17:22:06.824 - ⚠️ 🔄 [Poll #2901] Previous ingestion still running, skipping
2026-02-14 17:22:08.838 - 🔄 📥 [Poll #2902] Starting live arbs fetch...
2026-02-14 17:22:08.838 - ⚠️ 🔄 [Poll #2902] Previous ingestion still running, skipping
2026-02-14 17:22:10.829 - 🔄 📥 [Poll #2903] Starting live arbs fetch...
2026-02-14 17:22:10.829 - ⚠️ 🔄 [Poll #2903] Previous ingestion still running, skipping
2026-02-14 17:22:12.824 - 🔄 📥 [Poll #2904] Starting live arbs fetch...
2026-02-14 17:22:12.824 - ⚠️ 🔄 [Poll #2904] Previous ingestion still running, skipping
2026-02-14 17:22:14.823 - 🔄 📥 [Poll #2905] Starting live arbs fetch...
2026-02-14 17:22:14.823 - ⚠️ 🔄 [Poll #2905] Previous ingestion still running, skipping
2026-02-14 17:22:16.825 - 🔄 📥 [Poll #2906] Starting live arbs fetch...
2026-02-14 17:22:16.825 - ⚠️ 🔄 [Poll #2906] Previous ingestion still running, skipping
2026-02-14 17:22:18.823 - 🔄 📥 [Poll #2907] Starting live arbs fetch...
2026-02-14 17:22:18.823 - ⚠️ 🔄 [Poll #2907] Previous ingestion still running, skipping
2026-02-14 17:22:20.835 - 🔄 📥 [Poll #2908] Starting live arbs fetch...
2026-02-14 17:22:20.835 - ⚠️ 🔄 [Poll #2908] Previous ingestion still running, skipping
2026-02-14 17:22:22.832 - 🔄 📥 [Poll #2909] Starting live arbs fetch...
2026-02-14 17:22:22.832 - ⚠️ 🔄 [Poll #2909] Previous ingestion still running, skipping
2026-02-14 17:22:24.824 - 🔄 📥 [Poll #2910] Starting live arbs fetch...
2026-02-14 17:22:24.824 - ⚠️ 🔄 [Poll #2910] Previous ingestion still running, skipping
2026-02-14 17:22:26.824 - 🔄 📥 [Poll #2911] Starting live arbs fetch...
2026-02-14 17:22:26.824 - ⚠️ 🔄 [Poll #2911] Previous ingestion still running, skipping
2026-02-14 17:22:28.828 - 🔄 📥 [Poll #2912] Starting live arbs fetch...
2026-02-14 17:22:28.828 - ⚠️ 🔄 [Poll #2912] Previous ingestion still running, skipping
2026-02-14 17:22:30.824 - 🔄 📥 [Poll #2913] Starting live arbs fetch...
2026-02-14 17:22:30.824 - ⚠️ 🔄 [Poll #2913] Previous ingestion still running, skipping
2026-02-14 17:22:32.833 - 🔄 📥 [Poll #2914] Starting live arbs fetch...
2026-02-14 17:22:32.833 - ⚠️ 🔄 [Poll #2914] Previous ingestion still running, skipping
2026-02-14 17:22:34.825 - 🔄 📥 [Poll #2915] Starting live arbs fetch...
2026-02-14 17:22:34.825 - ⚠️ 🔄 [Poll #2915] Previous ingestion still running, skipping
2026-02-14 17:22:36.836 - 🔄 📥 [Poll #2916] Starting live arbs fetch...
2026-02-14 17:22:36.838 - ⚠️ 🔄 [Poll #2916] Previous ingestion still running, skipping
2026-02-14 17:22:38.832 - 🔄 📥 [Poll #2917] Starting live arbs fetch...
2026-02-14 17:22:38.832 - ⚠️ 🔄 [Poll #2917] Previous ingestion still running, skipping
2026-02-14 17:22:40.828 - 🔄 📥 [Poll #2918] Starting live arbs fetch...
2026-02-14 17:22:40.828 - ⚠️ 🔄 [Poll #2918] Previous ingestion still running, skipping
2026-02-14 17:22:42.825 - 🔄 📥 [Poll #2919] Starting live arbs fetch...
2026-02-14 17:22:42.825 - ⚠️ 🔄 [Poll #2919] Previous ingestion still running, skipping
2026-02-14 17:22:44.836 - 🔄 📥 [Poll #2920] Starting live arbs fetch...
2026-02-14 17:22:44.836 - ⚠️ 🔄 [Poll #2920] Previous ingestion still running, skipping
2026-02-14 17:22:46.825 - 🔄 📥 [Poll #2921] Starting live arbs fetch...
2026-02-14 17:22:46.825 - ⚠️ 🔄 [Poll #2921] Previous ingestion still running, skipping
2026-02-14 17:22:48.825 - 🔄 📥 [Poll #2922] Starting live arbs fetch...
2026-02-14 17:22:48.825 - ⚠️ 🔄 [Poll #2922] Previous ingestion still running, skipping
2026-02-14 17:22:50.835 - 🔄 📥 [Poll #2923] Starting live arbs fetch...
2026-02-14 17:22:50.837 - ⚠️ 🔄 [Poll #2923] Previous ingestion still running, skipping
2026-02-14 17:22:52.835 - 🔄 📥 [Poll #2924] Starting live arbs fetch...
2026-02-14 17:22:52.835 - ⚠️ 🔄 [Poll #2924] Previous ingestion still running, skipping
2026-02-14 17:22:54.835 - 🔄 📥 [Poll #2925] Starting live arbs fetch...
2026-02-14 17:22:54.836 - ⚠️ 🔄 [Poll #2925] Previous ingestion still running, skipping
2026-02-14 17:22:56.837 - 🔄 📥 [Poll #2926] Starting live arbs fetch...
2026-02-14 17:22:56.837 - ⚠️ 🔄 [Poll #2926] Previous ingestion still running, skipping
2026-02-14 17:22:58.829 - 🔄 📥 [Poll #2927] Starting live arbs fetch...
2026-02-14 17:22:58.829 - ⚠️ 🔄 [Poll #2927] Previous ingestion still running, skipping
2026-02-14 17:23:00.825 - 🔄 📥 [Poll #2928] Starting live arbs fetch...
2026-02-14 17:23:00.825 - ⚠️ 🔄 [Poll #2928] Previous ingestion still running, skipping
2026-02-14 17:23:02.825 - 🔄 📥 [Poll #2929] Starting live arbs fetch...
2026-02-14 17:23:02.825 - ⚠️ 🔄 [Poll #2929] Previous ingestion still running, skipping
2026-02-14 17:23:04.823 - 🔄 📥 [Poll #2930] Starting live arbs fetch...
2026-02-14 17:23:04.823 - ⚠️ 🔄 [Poll #2930] Previous ingestion still running, skipping
2026-02-14 17:23:06.834 - 🔄 📥 [Poll #2931] Starting live arbs fetch...
2026-02-14 17:23:06.834 - ⚠️ 🔄 [Poll #2931] Previous ingestion still running, skipping
2026-02-14 17:23:09.485 - 🔄 📥 [Poll #2932] Starting live arbs fetch...
2026-02-14 17:23:09.485 - ⚠️ 🔄 [Poll #2932] Previous ingestion still running, skipping
2026-02-14 17:23:10.823 - 🔄 📥 [Poll #2933] Starting live arbs fetch...
2026-02-14 17:23:10.823 - ⚠️ 🔄 [Poll #2933] Previous ingestion still running, skipping
2026-02-14 17:23:12.833 - 🔄 📥 [Poll #2934] Starting live arbs fetch...
2026-02-14 17:23:12.833 - ⚠️ 🔄 [Poll #2934] Previous ingestion still running, skipping
2026-02-14 17:23:14.837 - 🔄 📥 [Poll #2935] Starting live arbs fetch...
2026-02-14 17:23:14.837 - ⚠️ 🔄 [Poll #2935] Previous ingestion still running, skipping
2026-02-14 17:23:16.830 - 🔄 📥 [Poll #2936] Starting live arbs fetch...
2026-02-14 17:23:16.830 - ⚠️ 🔄 [Poll #2936] Previous ingestion still running, skipping
2026-02-14 17:23:18.825 - 🔄 📥 [Poll #2937] Starting live arbs fetch...
2026-02-14 17:23:18.825 - ⚠️ 🔄 [Poll #2937] Previous ingestion still running, skipping
2026-02-14 17:23:20.826 - 🔄 📥 [Poll #2938] Starting live arbs fetch...
2026-02-14 17:23:20.826 - ⚠️ 🔄 [Poll #2938] Previous ingestion still running, skipping
2026-02-14 17:23:22.825 - 🔄 📥 [Poll #2939] Starting live arbs fetch...
2026-02-14 17:23:22.825 - ⚠️ 🔄 [Poll #2939] Previous ingestion still running, skipping
2026-02-14 17:23:24.837 - 🔄 📥 [Poll #2940] Starting live arbs fetch...
2026-02-14 17:23:24.837 - ⚠️ 🔄 [Poll #2940] Previous ingestion still running, skipping
2026-02-14 17:23:26.824 - 🔄 📥 [Poll #2941] Starting live arbs fetch...
2026-02-14 17:23:26.824 - ⚠️ 🔄 [Poll #2941] Previous ingestion still running, skipping
2026-02-14 17:23:28.828 - 🔄 📥 [Poll #2942] Starting live arbs fetch...
2026-02-14 17:23:28.828 - ⚠️ 🔄 [Poll #2942] Previous ingestion still running, skipping
2026-02-14 17:23:30.827 - 🔄 📥 [Poll #2943] Starting live arbs fetch...
2026-02-14 17:23:30.827 - ⚠️ 🔄 [Poll #2943] Previous ingestion still running, skipping
2026-02-14 17:23:32.932 - 🔄 📥 [Poll #2944] Starting live arbs fetch...
2026-02-14 17:23:32.932 - ⚠️ 🔄 [Poll #2944] Previous ingestion still running, skipping
2026-02-14 17:23:34.833 - 🔄 📥 [Poll #2945] Starting live arbs fetch...
2026-02-14 17:23:34.833 - ⚠️ 🔄 [Poll #2945] Previous ingestion still running, skipping
2026-02-14 17:23:36.825 - 🔄 📥 [Poll #2946] Starting live arbs fetch...
2026-02-14 17:23:36.825 - ⚠️ 🔄 [Poll #2946] Previous ingestion still running, skipping
2026-02-14 17:23:38.837 - 🔄 📥 [Poll #2947] Starting live arbs fetch...
2026-02-14 17:23:38.837 - ⚠️ 🔄 [Poll #2947] Previous ingestion still running, skipping
2026-02-14 17:23:40.834 - 🔄 📥 [Poll #2948] Starting live arbs fetch...
2026-02-14 17:23:40.834 - ⚠️ 🔄 [Poll #2948] Previous ingestion still running, skipping
2026-02-14 17:23:42.826 - 🔄 📥 [Poll #2949] Starting live arbs fetch...
2026-02-14 17:23:42.826 - ⚠️ 🔄 [Poll #2949] Previous ingestion still running, skipping
2026-02-14 17:23:44.832 - 🔄 📥 [Poll #2950] Starting live arbs fetch...
2026-02-14 17:23:44.832 - ⚠️ 🔄 [Poll #2950] Previous ingestion still running, skipping
2026-02-14 17:23:46.828 - 🔄 📥 [Poll #2951] Starting live arbs fetch...
2026-02-14 17:23:46.828 - ⚠️ 🔄 [Poll #2951] Previous ingestion still running, skipping
2026-02-14 17:23:48.838 - 🔄 📥 [Poll #2952] Starting live arbs fetch...
2026-02-14 17:23:48.838 - ⚠️ 🔄 [Poll #2952] Previous ingestion still running, skipping
2026-02-14 17:23:50.836 - 🔄 📥 [Poll #2953] Starting live arbs fetch...
2026-02-14 17:23:50.836 - ⚠️ 🔄 [Poll #2953] Previous ingestion still running, skipping
2026-02-14 17:23:52.834 - 🔄 📥 [Poll #2954] Starting live arbs fetch...
2026-02-14 17:23:52.834 - ⚠️ 🔄 [Poll #2954] Previous ingestion still running, skipping
2026-02-14 17:23:54.827 - 🔄 📥 [Poll #2955] Starting live arbs fetch...
2026-02-14 17:23:54.828 - ⚠️ 🔄 [Poll #2955] Previous ingestion still running, skipping
2026-02-14 17:23:56.825 - 🔄 📥 [Poll #2956] Starting live arbs fetch...
2026-02-14 17:23:56.825 - ⚠️ 🔄 [Poll #2956] Previous ingestion still running, skipping
2026-02-14 17:23:58.823 - 🔄 📥 [Poll #2957] Starting live arbs fetch...
2026-02-14 17:23:58.823 - ⚠️ 🔄 [Poll #2957] Previous ingestion still running, skipping
2026-02-14 17:24:00.834 - 🔄 📥 [Poll #2958] Starting live arbs fetch...
2026-02-14 17:24:01.020 - ⚠️ 🔄 [Poll #2958] Previous ingestion still running, skipping
2026-02-14 17:24:02.825 - 🔄 📥 [Poll #2959] Starting live arbs fetch...
2026-02-14 17:24:02.923 - ⚠️ 🔄 [Poll #2959] Previous ingestion still running, skipping
2026-02-14 17:24:04.825 - 🔄 📥 [Poll #2960] Starting live arbs fetch...
2026-02-14 17:24:04.825 - ⚠️ 🔄 [Poll #2960] Previous ingestion still running, skipping
2026-02-14 17:24:06.823 - 🔄 📥 [Poll #2961] Starting live arbs fetch...
2026-02-14 17:24:06.823 - ⚠️ 🔄 [Poll #2961] Previous ingestion still running, skipping
2026-02-14 17:24:08.824 - 🔄 📥 [Poll #2962] Starting live arbs fetch...
2026-02-14 17:24:08.824 - ⚠️ 🔄 [Poll #2962] Previous ingestion still running, skipping
2026-02-14 17:24:10.827 - 🔄 📥 [Poll #2963] Starting live arbs fetch...
2026-02-14 17:24:10.828 - ⚠️ 🔄 [Poll #2963] Previous ingestion still running, skipping
2026-02-14 17:24:12.830 - 🔄 📥 [Poll #2964] Starting live arbs fetch...
2026-02-14 17:24:12.830 - ⚠️ 🔄 [Poll #2964] Previous ingestion still running, skipping
2026-02-14 17:24:14.833 - 🔄 📥 [Poll #2965] Starting live arbs fetch...
2026-02-14 17:24:14.833 - ⚠️ 🔄 [Poll #2965] Previous ingestion still running, skipping
2026-02-14 17:24:16.833 - 🔄 📥 [Poll #2966] Starting live arbs fetch...
2026-02-14 17:24:16.833 - ⚠️ 🔄 [Poll #2966] Previous ingestion still running, skipping
